,method,k_set,accuracy,mean_unfairness,max_unfairness,A_unfairness,B_unfairness,C_unfairness,runtime
0,ExpGrad.1,2,0.705058,-0.0573447373841576,-0.0946194115667445,-0.0946194115667445,-0.0395255700362294,-0.0359092207777189,0 days 00:02:34.273763
1,ExpGrad.01,2,0.618314,-0.0016343811138678,-0.0046819682968515,-0.0046819682968515,0.0,0.0,0 days 00:04:47.732502
2,RedGrid25,2,0.725952,-0.0898894584283585,-0.1241845266402008,-0.1241845266402008,-0.0803523020280581,-0.0656006464349499,0 days 00:11:01.384246
3,RedGrid5,2,0.688116,-0.0461738901773168,-0.0816100475405897,-0.0816100475405897,0.0,-0.0452635677010291,0 days 00:11:03.910086
4,RedGrid75,2,0.688116,-0.0461738901773168,-0.0816100475405897,-0.0816100475405897,0.0,-0.0452635677010291,0 days 00:11:06.867517
5,ExpGrad.1,2,0.707353,-0.0529954744990253,-0.0900361560829046,-0.0900361560829046,-0.0310018828650371,-0.0342805155940535,0 days 00:02:20.774472
6,ExpGrad.01,2,0.623113,-0.0116321168120726,-0.0186686430899487,-0.0111983585277921,-0.0186686430899487,-0.0072946672968512,0 days 00:03:32.348888
7,RedGrid25,2,0.711404,-0.0755648035478209,-0.1138047698402457,-0.1138047698402457,-0.0298842732210149,-0.0716868477421532,0 days 00:12:13.092216
8,RedGrid5,2,0.674075,-0.033574237046279,-0.0496483282477194,-0.0496483282477194,0.0,-0.0416048903971145,0 days 00:12:09.425044
9,RedGrid75,2,0.674075,-0.033574237046279,-0.0496483282477194,-0.0496483282477194,0.0,-0.0416048903971145,0 days 00:12:13.403798
10,ExpGrad.1,0,0.707409,-0.0803654407803501,-0.0982664410666075,-0.0982664410666075,-0.0712876353354251,-0.0696884985127934,0 days 00:03:20.417693
11,ExpGrad.01,0,0.68672,-0.0126939803642397,-0.0181032050513227,-0.0181032050513227,-0.0100512344741591,-0.0094121294041995,0 days 00:06:23.081115
12,RedGrid25,0,0.686953,-0.120792608041005,-0.151533246198781,-0.151533246198781,-0.0989616214667646,-0.105913549977922,0 days 00:12:18.214986
13,RedGrid5,0,0.686953,-0.120792608041005,-0.151533246198781,-0.151533246198781,-0.0989616214667646,-0.105913549977922,0 days 00:12:20.166803
14,RedGrid75,0,0.686953,-0.120792608041005,-0.151533246198781,-0.151533246198781,-0.0989616214667646,-0.105913549977922,0 days 00:12:15.368870
15,ExpGrad.1,1,0.707297,-0.0086134786932397,-0.0901194351696591,-0.0901194351696591,0.0,-0.010875752115233,0 days 00:02:54.688524
16,ExpGrad.01,1,0.568182,0.0,0.0,0.0,0.0,0.0,0 days 00:02:54.378108
17,RedGrid25,1,0.699866,-0.0022900257112575,-0.1011956208600456,-0.1011956208600456,0.0,-0.0005128494340359,0 days 00:13:24.557147
18,RedGrid5,1,0.699866,-0.0022900257112575,-0.1011956208600456,-0.1011956208600456,0.0,-0.0005128494340359,0 days 00:13:21.469347
19,RedGrid75,1,0.699866,-0.0022900257112575,-0.1011956208600456,-0.1011956208600456,0.0,-0.0005128494340359,0 days 00:13:12.188574
20,ExpGrad.1,2,0.714066,-0.0602220892344247,-0.0933247659225901,-0.0933247659225901,-0.0331984922330798,-0.0491061492182545,0 days 00:02:19.072303
21,ExpGrad.01,2,0.617784,-0.004457390493266,-0.0092340072714887,-0.0092340072714887,0.0,-0.0032278151132682,0 days 00:04:09.265212
22,RedGrid25,2,0.717122,-0.0755597352900009,-0.0997293776835971,-0.0997293776835971,-0.0599787491586548,-0.064658638210607,0 days 00:11:37.530615
23,RedGrid5,2,0.708938,-0.0678522636717811,-0.1136738157403026,-0.1136738157403026,-0.0144393803084308,-0.0632061637349149,0 days 00:11:37.434158
24,RedGrid75,2,0.655895,-0.0134026500336234,-0.0387490367989722,-0.0387490367989722,0.0,0.0,0 days 00:11:40.378363
25,ExpGrad.1,1,0.710121,-0.028322603145892,-0.1082467729011515,-0.1082467729011515,-0.03556702289085,-0.0218272099102492,0 days 00:02:42.050045
26,ExpGrad.01,1,0.582237,0.0,0.0,0.0,0.0,0.0,0 days 00:02:40.171890
27,RedGrid25,1,0.694508,-0.0014657357995888,-0.0745430251877208,-0.0745430251877208,0.0,0.0,0 days 00:12:28.788798
28,RedGrid5,1,0.694508,-0.0014657357995888,-0.0745430251877208,-0.0745430251877208,0.0,0.0,0 days 00:12:26.029896
29,RedGrid75,1,0.694508,-0.0014657357995888,-0.0745430251877208,-0.0745430251877208,0.0,0.0,0 days 00:12:24.063356
30,ExpGrad.1,2,0.706402,-0.0592376074449976,-0.0914400977168916,-0.0914400977168916,-0.0639075178056611,-0.0270438152017952,0 days 00:02:13.017409
31,ExpGrad.01,2,0.62115,-0.0077575776053434,-0.0121313195343032,-0.0083035601106913,-0.0005136231445207,-0.0121313195343032,0 days 00:03:36.797819
32,RedGrid25,2,0.718497,-0.0702461958548586,-0.1059955971823201,-0.1059955971823201,-0.0959803049515193,-0.0207013585961067,0 days 00:12:47.226439
33,RedGrid5,2,0.718497,-0.0702461958548586,-0.1059955971823201,-0.1059955971823201,-0.0959803049515193,-0.0207013585961067,0 days 00:12:45.677708
34,RedGrid75,2,0.600375,-0.0023219484214466,-0.0066240210171592,-0.0066240210171592,0.0,0.0,0 days 00:12:45.175193
35,ExpGrad.1,0,0.706486,-0.082932780588052,-0.0996717077317077,-0.0996717077317077,-0.0754176958056684,-0.0724509661730093,0 days 00:02:58.981116
36,ExpGrad.01,0,0.690069,-0.0142521964038786,-0.0193098985614399,-0.0193098985614399,-0.011245934894141,-0.0114910125056361,0 days 00:06:45.463917
37,RedGrid25,0,0.686118,-0.0811384926121532,-0.1131328669583451,-0.1131328669583451,-0.005159107939451,-0.0951060206709496,0 days 00:11:25.825092
38,RedGrid5,0,0.664411,-0.0551814590483799,-0.11158585084348,-0.11158585084348,0.0,-0.036338556502994,0 days 00:11:52.167368
39,RedGrid75,0,0.664411,-0.0551814590483799,-0.11158585084348,-0.11158585084348,0.0,-0.036338556502994,0 days 00:11:45.756841
40,ExpGrad.1,0,0.707334,-0.081104508760278,-0.098908527165124,-0.098908527165124,-0.0733469054914687,-0.0697704569722865,0 days 00:03:21.062529
41,ExpGrad.01,0,0.690394,-0.0150955582478074,-0.0203856206636383,-0.0203856206636383,-0.0152910164191343,-0.010344406472494,0 days 00:07:30.842030
42,RedGrid25,0,0.686515,-0.0778864764034917,-0.1121769461364574,-0.1121769461364574,-0.0009159109669872,-0.0903778403407011,0 days 00:11:31.542357
43,RedGrid5,0,0.686515,-0.0778864764034917,-0.1121769461364574,-0.1121769461364574,-0.0009159109669872,-0.0903778403407011,0 days 00:11:31.679013
44,RedGrid75,0,0.665536,0.0,0.0,0.0,0.0,0.0,0 days 00:11:39.620096
45,ExpGrad.1,1,0.711384,-0.0344422251845958,-0.1077954053276853,-0.1077954053276853,-0.0360004697642926,-0.0312921112829831,0 days 00:02:20.144626
46,ExpGrad.01,1,0.591389,-0.0004834599593818,-0.0007602999244949,-0.0001755010283577,0.0,-0.0007602999244949,0 days 00:03:21.654237
47,RedGrid25,1,0.700016,-0.0083298202269336,-0.1026511749850396,-0.1026511749850396,0.0,-0.0099910428276561,0 days 00:12:05.163825
48,RedGrid5,1,0.700016,-0.0083298202269336,-0.1026511749850396,-0.1026511749850396,0.0,-0.0099910428276561,0 days 00:13:02.323927
49,RedGrid75,1,0.700016,-0.0083298202269336,-0.1026511749850396,-0.1026511749850396,0.0,-0.0099910428276561,0 days 00:13:07.846435
50,ExpGrad.1,2,0.702155,-0.0465381060684064,-0.0794805015196046,-0.0794805015196046,-0.0351355929671662,-0.0246848690644312,0 days 00:03:11.395851
51,ExpGrad.01,2,0.619562,-0.0064571513052848,-0.0104309486611542,-0.0067942336695002,0.0,-0.0104309486611542,0 days 00:04:00.795358
52,RedGrid25,2,0.72629,-0.0859297426729823,-0.1171825803968706,-0.1171825803968706,-0.0780054483021767,-0.0632818795069688,0 days 00:13:46.197299
53,RedGrid5,2,0.675974,-0.0375876265494333,-0.0567552673053416,-0.0567552673053416,0.0,-0.0453632349573467,0 days 00:13:22.804485
54,RedGrid75,2,0.675974,-0.0375876265494333,-0.0567552673053416,-0.0567552673053416,0.0,-0.0453632349573467,0 days 00:13:13.301178
55,ExpGrad.1,2,0.694061,-0.0422612546472306,-0.0739738583901327,-0.0739738583901327,-0.0124170740092189,-0.0337481452737232,0 days 00:03:16.811534
56,ExpGrad.01,2,0.606827,-0.0029353674467153,-0.0071043038677024,-0.0071043038677024,0.0,-0.0011531741958155,0 days 00:05:43.874699
57,RedGrid25,2,0.705708,-0.0730920080961317,-0.09409957246715,-0.09409957246715,-0.0496866063753056,-0.0698926190993926,0 days 00:14:21.920142
58,RedGrid5,2,0.68428,-0.0320402737088005,-0.0751562067793681,-0.0751562067793681,0.0,-0.014737464992884,0 days 00:14:23.771005
59,RedGrid75,2,0.655843,-0.0222248674284107,-0.0634902933822006,-0.0634902933822006,0.0,0.0,0 days 00:14:20.275276
60,ExpGrad.1,1,0.711666,-0.0338167675566152,-0.0965840776272662,-0.0965840776272662,-0.028037770983138,-0.0350502932548596,0 days 00:02:29.125162
61,ExpGrad.01,1,0.591308,-0.0023459177764822,-0.0063686498530456,-0.0063686498530456,0.0,-0.003515964445812,0 days 00:03:12.821182
62,RedGrid25,1,0.706624,-0.0757223702848533,-0.1279025042346058,-0.1279025042346058,-0.0815199389200824,-0.070893008007939,0 days 00:11:31.971450
63,RedGrid5,1,0.698748,-0.0023238511459464,-0.0859499532077414,-0.0859499532077414,0.0,-0.0009986266243682,0 days 00:11:31.342399
64,RedGrid75,1,0.698748,-0.0023238511459464,-0.0859499532077414,-0.0859499532077414,0.0,-0.0009986266243682,0 days 00:11:31.256092
65,ExpGrad.1,0,0.706604,-0.0830651110726725,-0.1009962809966241,-0.1009962809966241,-0.0739459712001561,-0.0723794396604148,0 days 00:03:25.255515
66,ExpGrad.01,0,0.687094,-0.0090850726295006,-0.0154862880046388,-0.0154862880046388,-0.0053137486766317,-0.0055557565454879,0 days 00:06:08.516031
67,RedGrid25,0,0.682321,-0.1160819845100951,-0.1513529245867274,-0.1513529245867274,-0.0958403565058687,-0.0963374703292215,0 days 00:12:18.039892
68,RedGrid5,0,0.682321,-0.1160819845100951,-0.1513529245867274,-0.1513529245867274,-0.0958403565058687,-0.0963374703292215,0 days 00:12:38.313756
69,RedGrid75,0,0.682321,-0.1160819845100951,-0.1513529245867274,-0.1513529245867274,-0.0958403565058687,-0.0963374703292215,0 days 00:12:27.035743
70,ExpGrad.1,0,0.706877,-0.080770058736955,-0.0985474005375119,-0.0985474005375119,-0.0697539112933345,-0.0712709561933369,0 days 00:03:27.487611
71,ExpGrad.01,0,0.686649,-0.0172063035972358,-0.0209431403809835,-0.0209431403809835,-0.0152227798713385,-0.0150250498462942,0 days 00:06:55.568616
72,RedGrid25,0,0.683537,-0.1180608747624122,-0.1530362082795326,-0.1530362082795326,-0.0971740657155821,-0.0989352490317351,0 days 00:12:24.015581
73,RedGrid5,0,0.683537,-0.1180608747624122,-0.1530362082795326,-0.1530362082795326,-0.0971740657155821,-0.0989352490317351,0 days 00:12:22.021818
74,RedGrid75,0,0.683537,-0.1180608747624122,-0.1530362082795326,-0.1530362082795326,-0.0971740657155821,-0.0989352490317351,0 days 00:12:18.755198
75,ExpGrad.1,2,0.710644,-0.0664662225453228,-0.0935305077606427,-0.0922906376275378,-0.0935305077606427,-0.0255238887397045,0 days 00:03:18.292039
76,ExpGrad.01,2,0.615675,-0.0074174564816398,-0.0182206630835109,-0.0076888062096449,-0.0182206630835109,0.0,0 days 00:04:57.682302
77,RedGrid25,2,0.716196,-0.0697621864409409,-0.1046751859442426,-0.1046751859442426,-0.0946897956396649,-0.0221570692056221,0 days 00:12:27.788446
78,RedGrid5,2,0.698871,-0.0486883190176319,-0.0846589065291579,-0.0732636763794321,-0.0846589065291579,-0.0029406039836114,0 days 00:12:28.556602
79,RedGrid75,2,0.659745,-0.0351086452890755,-0.0754882655461723,-0.0444265375362907,-0.0754882655461723,0.0,0 days 00:12:08.760131
80,ExpGrad.1,0,0.706809,-0.0763651976125018,-0.094073439531757,-0.094073439531757,-0.0662954871098002,-0.0663996107346196,0 days 00:03:12.638248
81,ExpGrad.01,0,0.685547,-0.0126857157831369,-0.0169388225272951,-0.0169388225272951,-0.0117845698573029,-0.0094521321688981,0 days 00:06:43.883773
82,RedGrid25,0,0.682858,-0.1144410135937142,-0.1487330751510568,-0.1487330751510568,-0.095802395890699,-0.0946657121893866,0 days 00:14:10.944212
83,RedGrid5,0,0.682858,-0.1144410135937142,-0.1487330751510568,-0.1487330751510568,-0.095802395890699,-0.0946657121893866,0 days 00:14:11.530003
84,RedGrid75,0,0.682858,-0.1144410135937142,-0.1487330751510568,-0.1487330751510568,-0.095802395890699,-0.0946657121893866,0 days 00:14:22.438545
85,ExpGrad.1,0,0.706231,-0.0827896178640856,-0.1003922440157606,-0.1003922440157606,-0.0729871783684719,-0.0727812939701534,0 days 00:02:10.437117
86,ExpGrad.01,0,0.687827,-0.0134066484730158,-0.0178991075447941,-0.0178991075447941,-0.0129678884930969,-0.0097096397449553,0 days 00:04:57.446777
87,RedGrid25,0,0.685481,-0.12247899046252,-0.1532290116625705,-0.1532290116625705,-0.0982146041693827,-0.1089507579879778,0 days 00:09:45.804888
88,RedGrid5,0,0.685481,-0.12247899046252,-0.1532290116625705,-0.1532290116625705,-0.0982146041693827,-0.1089507579879778,0 days 00:09:42.788017
89,RedGrid75,0,0.685481,-0.12247899046252,-0.1532290116625705,-0.1532290116625705,-0.0982146041693827,-0.1089507579879778,0 days 00:09:25.914364
90,ExpGrad.1,2,0.690497,-0.0417355923537203,-0.0706451360964711,-0.0706451360964711,-0.034965953121872,-0.0208610120415251,0 days 00:02:59.242547
91,ExpGrad.01,2,0.613371,-0.0023458785764029,-0.0047393613407559,-0.0031822934322711,-0.0047393613407559,0.0,0 days 00:04:05.135955
92,RedGrid25,2,0.723717,-0.0792989926142021,-0.1109281488208148,-0.1109281488208148,-0.0772427095383511,-0.0528614281890207,0 days 00:13:27.972038
93,RedGrid5,2,0.66706,-0.019420027147726,-0.0504542228668765,-0.0504542228668765,0.0,-0.0051869243998814,0 days 00:13:25.102960
94,RedGrid75,2,0.66706,-0.019420027147726,-0.0504542228668765,-0.0504542228668765,0.0,-0.0051869243998814,0 days 00:12:55.006818
95,ExpGrad.1,0,0.706618,-0.0842991604713835,-0.1024602284182708,-0.1024602284182708,-0.0757153864771335,-0.0731013482563358,0 days 00:03:55.512362
96,ExpGrad.01,0,0.684036,-0.0139723880177441,-0.0187242410735818,-0.0187242410735818,-0.0116674484702343,-0.0110752252670571,0 days 00:06:46.913300
97,RedGrid25,0,0.689771,-0.0226872884804353,-0.0301059688735731,-0.0301059688735731,-0.0055007517222399,-0.0257080726097256,0 days 00:16:10.872497
98,RedGrid5,0,0.689771,-0.0226872884804353,-0.0301059688735731,-0.0301059688735731,-0.0055007517222399,-0.0257080726097256,0 days 00:16:10.489517
99,RedGrid75,0,0.689771,-0.0226872884804353,-0.0301059688735731,-0.0301059688735731,-0.0055007517222399,-0.0257080726097256,0 days 00:16:16.758404
100,ExpGrad.1,1,0.711984,-0.0460967135124312,-0.1215143341597341,-0.1215143341597341,-0.0523822936379998,-0.0403005847858816,0 days 00:02:26.461772
101,ExpGrad.01,1,0.597701,-0.0035325973358995,-0.0154620367466569,-0.0154620367466569,-0.0070966984523274,-0.0011873244655992,0 days 00:03:47.550141
102,RedGrid25,1,0.707884,-0.0702438945544988,-0.1397155438281982,-0.1397155438281982,-0.0756125205031359,-0.0651389678371646,0 days 00:12:18.257956
103,RedGrid5,1,0.707884,-0.0702438945544988,-0.1397155438281982,-0.1397155438281982,-0.0756125205031359,-0.0651389678371646,0 days 00:12:13.806417
104,RedGrid75,1,0.699391,-0.0017662327972405,-0.0917834778150195,-0.0917834778150195,0.0,0.0,0 days 00:12:06.161485
105,ExpGrad.1,0,0.70623,-0.0772311993548608,-0.0944486413490514,-0.0944486413490514,-0.0660401186814091,-0.0683166617475831,0 days 00:03:08.113957
106,ExpGrad.01,0,0.687601,-0.0111101794055239,-0.0171323984987424,-0.0171323984987424,-0.0090194935604783,-0.0069808084268309,0 days 00:08:44.118952
107,RedGrid25,0,0.686956,-0.0805986988473337,-0.112609014883136,-0.112609014883136,-0.0055554008812598,-0.094101551181798,0 days 00:14:46.173032
108,RedGrid5,0,0.686956,-0.0805986988473337,-0.112609014883136,-0.112609014883136,-0.0055554008812598,-0.094101551181798,0 days 00:14:46.274385
109,RedGrid75,0,0.664453,-0.0545482841171891,-0.111661261691342,-0.111661261691342,0.0,-0.0346405860647661,0 days 00:14:46.435319
110,ExpGrad.1,1,0.710372,-0.034314966984026,-0.1085665947622627,-0.1085665947622627,-0.0423853704970118,-0.0275374154267334,0 days 00:03:18.958497
111,ExpGrad.01,1,0.601428,-0.0030197666156773,-0.0119292053080695,-0.0119292053080695,0.0,-0.0044191497483617,0 days 00:02:54.402257
112,RedGrid25,1,0.707147,-0.0729471522260227,-0.1377628078102551,-0.1377628078102551,-0.0862477298593857,-0.063560191497884,0 days 00:12:24.344461
113,RedGrid5,1,0.700752,-0.0068357198699776,-0.1035533870795368,-0.1035533870795368,0.0,-0.0076321735360225,0 days 00:12:26.864386
114,RedGrid75,1,0.700752,-0.0068357198699776,-0.1035533870795368,-0.1035533870795368,0.0,-0.0076321735360225,0 days 00:12:26.545885
115,ExpGrad.1,1,0.70537,-0.0075443529436767,-0.0966754185622155,-0.0966754185622155,-0.0096940788193452,-0.0035735913903929,0 days 00:03:12.430717
116,ExpGrad.01,1,0.599494,-0.0034882612753032,-0.0137271524764982,-0.0137271524764982,0.0,-0.0050948562923648,0 days 00:05:18.700802
117,RedGrid25,1,0.707805,-0.0643450793272453,-0.1416508126555252,-0.1416508126555252,-0.0644425959651929,-0.0618769403840938,0 days 00:14:33.921443
118,RedGrid5,1,0.69934,-0.0019562541698483,-0.099187811035948,-0.099187811035948,0.0,0.0,0 days 00:14:37.237841
119,RedGrid75,1,0.69934,-0.0019562541698483,-0.099187811035948,-0.099187811035948,0.0,0.0,0 days 00:14:30.748293
120,ExpGrad.1,0,0.706405,-0.0831415541066463,-0.0999180135669998,-0.0999180135669998,-0.0748147128787887,-0.0730233944338607,0 days 00:03:57.815943
121,ExpGrad.01,0,0.682577,-0.0138144151739298,-0.0170876466549075,-0.0170876466549075,-0.0130373213783456,-0.0113725507104133,0 days 00:06:29.576207
122,RedGrid25,0,0.682249,-0.1156936723825106,-0.1498602399864668,-0.1498602399864668,-0.0968786296270532,-0.0961119317119122,0 days 00:15:20.215383
123,RedGrid5,0,0.682249,-0.1156936723825106,-0.1498602399864668,-0.1498602399864668,-0.0968786296270532,-0.0961119317119122,0 days 00:15:07.111204
124,RedGrid75,0,0.682249,-0.1156936723825106,-0.1498602399864668,-0.1498602399864668,-0.0968786296270532,-0.0961119317119122,0 days 00:14:53.531193
125,ExpGrad.1,1,0.710675,-0.0161476501664605,-0.1065074632149075,-0.1065074632149075,-0.016838130552416,-0.0130140576839723,0 days 00:04:05.841917
126,ExpGrad.01,1,0.581907,0.0,0.0,0.0,0.0,0.0,0 days 00:04:52.674506
127,RedGrid25,1,0.700976,-0.0451222741677933,-0.119544914292524,-0.119544914292524,0.0,-0.0679242322880842,0 days 00:15:07.589104
128,RedGrid5,1,0.684842,-0.0009102046639138,-0.0474323640997266,-0.0474323640997266,0.0,0.0,0 days 00:15:08.749574
129,RedGrid75,1,0.684842,-0.0009102046639138,-0.0474323640997266,-0.0474323640997266,0.0,0.0,0 days 00:14:53.410965
130,ExpGrad.1,2,0.711721,-0.0584768900684922,-0.0886691248412255,-0.0886691248412255,-0.0352959528348826,-0.046974193534994,0 days 00:02:42.759354
131,ExpGrad.01,2,0.623529,-0.0097340226586094,-0.0181268823623118,-0.0181268823623118,-0.0091754645946922,-0.002593937463417,0 days 00:04:16.427139
132,RedGrid25,2,0.711698,-0.0623860741228556,-0.0967711383400043,-0.0967711383400043,-0.06066687064971,-0.0327522638149637,0 days 00:12:15.539685
133,RedGrid5,2,0.68895,-0.0389393085004831,-0.0618702270392695,-0.0618702270392695,-0.0606070042082218,-0.0038937067817944,0 days 00:12:10.260424
134,RedGrid75,2,0.650324,-0.0184120777489761,-0.0325113662227624,-0.0284275014250678,-0.0325113662227624,0.0,0 days 00:12:03.819504
135,ExpGrad.1,2,0.703902,-0.0442073122008445,-0.0728902801399145,-0.0728902801399145,-0.0199117744736334,-0.0348885575192476,0 days 00:02:20.026086
136,ExpGrad.01,2,0.629521,-0.0044907349221334,-0.0103797157733285,-0.0001442198358064,-0.0103797157733285,-0.0044354826732653,0 days 00:03:15.273478
137,RedGrid25,2,0.717404,-0.0675145105620747,-0.1060438623466494,-0.1060438623466494,-0.0579738098478265,-0.0396436280327142,0 days 00:12:59.915562
138,RedGrid5,2,0.665979,-0.0299205473194429,-0.0605549878866297,-0.040681337171234,-0.0605549878866297,0.0,0 days 00:12:59.720877
139,RedGrid75,2,0.665979,-0.0299205473194429,-0.0605549878866297,-0.040681337171234,-0.0605549878866297,0.0,0 days 00:12:57.439253
140,ExpGrad.1,2,0.714132,-0.0597038503005029,-0.0927872401075882,-0.0927872401075882,-0.0506972224476407,-0.036491353498922,0 days 00:02:34.161973
141,ExpGrad.01,2,0.619772,-0.0085123116867394,-0.0172560761393654,-0.0172560761393654,-0.0008494023533469,-0.0058814841461805,0 days 00:05:13.308627
142,RedGrid25,2,0.717677,-0.0725734489076148,-0.092691452160653,-0.092691452160653,-0.0759137004517099,-0.0526091202373265,0 days 00:13:43.480822
143,RedGrid5,2,0.717677,-0.0725734489076148,-0.092691452160653,-0.092691452160653,-0.0759137004517099,-0.0526091202373265,0 days 00:13:46.528360
144,RedGrid75,2,0.694425,-0.0413518520328386,-0.0711583104208584,-0.0615493251839931,-0.0711583104208584,-0.0037612435731619,0 days 00:13:52.221240
145,ExpGrad.1,1,0.711494,-0.0370153817063293,-0.1179781990460546,-0.1179781990460546,-0.0411720431536888,-0.0321846549817577,0 days 00:02:40.525594
146,ExpGrad.01,1,0.599879,-0.0036650315986456,-0.0171951875953615,-0.0171951875953615,-0.0095263348688603,0.0,0 days 00:03:41.867112
147,RedGrid25,1,0.708003,-0.0700603668525653,-0.1439902475135184,-0.1439902475135184,-0.0810196320560061,-0.0616869516275565,0 days 00:12:34.736551
148,RedGrid5,1,0.684372,-0.0009440098182655,-0.0478323730824818,-0.0478323730824818,0.0,0.0,0 days 00:12:37.212518
149,RedGrid75,1,0.684372,-0.0009440098182655,-0.0478323730824818,-0.0478323730824818,0.0,0.0,0 days 00:12:36.250690
150,ExpGrad.1,0,0.706049,-0.0820394984841819,-0.0996880370200019,-0.0996880370200019,-0.072939471647498,-0.0715807005710094,0 days 00:03:20.492914
151,ExpGrad.01,0,0.683947,-0.0132587977133869,-0.0173145348966969,-0.0173145348966969,-0.0112958056632183,-0.0107843414123288,0 days 00:06:31.365157
152,RedGrid25,0,0.690109,-0.0216560824163289,-0.0267260087983866,-0.0267260087983866,-0.0087531309024814,-0.0243446862033805,0 days 00:12:49.341003
153,RedGrid5,0,0.690109,-0.0216560824163289,-0.0267260087983866,-0.0267260087983866,-0.0087531309024814,-0.0243446862033805,0 days 00:12:50.237511
154,RedGrid75,0,0.690109,-0.0216560824163289,-0.0267260087983866,-0.0267260087983866,-0.0087531309024814,-0.0243446862033805,0 days 00:13:09.654126
155,ExpGrad.1,1,0.71122,-0.0353881083168359,-0.1059039426503133,-0.1059039426503133,-0.0381925695085668,-0.0316807868610207,0 days 00:02:53.959499
156,ExpGrad.01,1,0.588632,-0.0028551175850909,-0.0070828805535565,-0.0070828805535565,-0.0069549099326559,-0.000459995341035,0 days 00:03:25.026331
157,RedGrid25,1,0.707191,-0.052705627947602,-0.1213656750658697,-0.1213656750658697,-0.0518326127938476,-0.0510874631154883,0 days 00:10:52.794929
158,RedGrid5,1,0.707191,-0.052705627947602,-0.1213656750658697,-0.1213656750658697,-0.0518326127938476,-0.0510874631154883,0 days 00:11:05.441484
159,RedGrid75,1,0.692961,-0.0014642872837914,-0.0757753727655077,-0.0757753727655077,0.0,0.0,0 days 00:11:05.522398
160,ExpGrad.1,1,0.710333,-0.0435953369916981,-0.1180514674507872,-0.1180514674507872,-0.062432136759568,-0.0308502689244032,0 days 00:02:40.261033
161,ExpGrad.01,1,0.578109,-0.000286106058594,-0.0064725838319333,-0.0064725838319333,-0.0004590743307046,0.0,0 days 00:02:28.273274
162,RedGrid25,1,0.705739,-0.0668438029676926,-0.1400614768193294,-0.1400614768193294,-0.0727873926173809,-0.061294541464806,0 days 00:12:52.392356
163,RedGrid5,1,0.705739,-0.0668438029676926,-0.1400614768193294,-0.1400614768193294,-0.0727873926173809,-0.061294541464806,0 days 00:12:51.446214
164,RedGrid75,1,0.705739,-0.0668438029676926,-0.1400614768193294,-0.1400614768193294,-0.0727873926173809,-0.061294541464806,0 days 00:12:43.817501
165,ExpGrad.1,0,0.706024,-0.0815237778389948,-0.0979951522105497,-0.0979951522105497,-0.0730554896003651,-0.0717637672408934,0 days 00:03:15.854330
166,ExpGrad.01,0,0.685248,-0.01037014302039,-0.0151204548932926,-0.0151204548932926,-0.0096572922733562,-0.0065972751728268,0 days 00:06:16.334884
167,RedGrid25,0,0.686221,-0.1220144515527158,-0.1517320116078573,-0.1517320116078573,-0.099595822946535,-0.1083612431546174,0 days 00:15:11.449581
168,RedGrid5,0,0.686221,-0.1220144515527158,-0.1517320116078573,-0.1517320116078573,-0.099595822946535,-0.1083612431546174,0 days 00:14:58.785632
169,RedGrid75,0,0.667517,-0.0499102099412841,-0.1070733122852096,-0.1070733122852096,0.0,-0.0274076737981473,0 days 00:15:01.317683
170,ExpGrad.1,1,0.708199,-0.0261163241272866,-0.1062667525206366,-0.1062667525206366,-0.0395974871839799,-0.0161726085813979,0 days 00:03:25.279354
171,ExpGrad.01,1,0.592885,-0.0001578704975133,-0.0080638573775853,-0.0080638573775853,0.0,0.0,0 days 00:05:05.086226
172,RedGrid25,1,0.694312,-0.0015218128166298,-0.077732582730636,-0.077732582730636,0.0,0.0,0 days 00:14:10.091386
173,RedGrid5,1,0.694312,-0.0015218128166298,-0.077732582730636,-0.077732582730636,0.0,0.0,0 days 00:14:14.693509
174,RedGrid75,1,0.694312,-0.0015218128166298,-0.077732582730636,-0.077732582730636,0.0,0.0,0 days 00:14:01.614910
175,ExpGrad.1,1,0.712066,-0.0523892845871718,-0.1251036980725368,-0.1251036980725368,-0.0574652641347757,-0.0472919779385758,0 days 00:03:59.768687
176,ExpGrad.01,1,0.610941,-0.000421493773574,-0.0213516755236622,-0.0213516755236622,0.0,0.0,0 days 00:05:01.915547
177,RedGrid25,1,0.70567,-0.0714200171268532,-0.1374509384671829,-0.1374509384671829,-0.0701750033875301,-0.0700432195831214,0 days 00:11:17.065211
178,RedGrid5,1,0.70567,-0.0714200171268532,-0.1374509384671829,-0.1374509384671829,-0.0701750033875301,-0.0700432195831214,0 days 00:11:16.461503
179,RedGrid75,1,0.70567,-0.0714200171268532,-0.1374509384671829,-0.1374509384671829,-0.0701750033875301,-0.0700432195831214,0 days 00:11:20.345092
180,ExpGrad.1,1,0.713418,-0.044980840119927,-0.1224045070788217,-0.1224045070788217,-0.041672833170208,-0.0444448900899543,0 days 00:02:43.279309
181,ExpGrad.01,1,0.587505,-0.0002173169658589,-0.0112548693943974,-0.0112548693943974,0.0,0.0,0 days 00:03:00.245651
182,RedGrid25,1,0.705781,-0.0704496121775603,-0.1375730329951554,-0.1375730329951554,-0.0759826111185651,-0.0653294048255975,0 days 00:12:49.104134
183,RedGrid5,1,0.700239,-0.0122472202910648,-0.1103492945532421,-0.1103492945532421,0.0,-0.0160323806904294,0 days 00:12:30.654196
184,RedGrid75,1,0.700239,-0.0122472202910648,-0.1103492945532421,-0.1103492945532421,0.0,-0.0160323806904294,0 days 00:12:23.545881
185,ExpGrad.1,0,0.707493,-0.0816698175373218,-0.0985901291156561,-0.0985901291156561,-0.0738319739710218,-0.0711634037215146,0 days 00:03:23.184727
186,ExpGrad.01,0,0.687011,-0.0156721697360392,-0.0204224967644369,-0.0204224967644369,-0.016262667751117,-0.0111720621562497,0 days 00:08:05.990516
187,RedGrid25,0,0.682974,-0.1126265935329645,-0.1470034538499286,-0.1470034538499286,-0.0904850793811519,-0.0947347827981492,0 days 00:11:52.507371
188,RedGrid5,0,0.682974,-0.1126265935329645,-0.1470034538499286,-0.1470034538499286,-0.0904850793811519,-0.0947347827981492,0 days 00:12:00.192575
189,RedGrid75,0,0.682974,-0.1126265935329645,-0.1470034538499286,-0.1470034538499286,-0.0904850793811519,-0.0947347827981492,0 days 00:11:57.138678
190,ExpGrad.1,2,0.704862,-0.0640710342669974,-0.0909082414394731,-0.0909082414394731,-0.0410324709992332,-0.0556133947471526,0 days 00:03:41.438813
191,ExpGrad.01,2,0.620427,-0.0089118308848978,-0.0185022221710047,-0.0185022221710047,-0.0011917258288751,-0.0055524066009258,0 days 00:05:00.565296
192,RedGrid25,2,0.718195,-0.077954068249823,-0.0988830805411025,-0.0988830805411025,-0.0726530206373944,-0.0630339990483768,0 days 00:13:39.326330
193,RedGrid5,2,0.718195,-0.077954068249823,-0.0988830805411025,-0.0988830805411025,-0.0726530206373944,-0.0630339990483768,0 days 00:13:49.318429
194,RedGrid75,2,0.624659,-0.0119870541676447,-0.0280271568944979,-0.0136300713078748,-0.0280271568944979,0.0,0 days 00:14:00.147954
195,ExpGrad.1,1,0.711029,-0.0499944393141425,-0.1225362494252562,-0.1225362494252562,-0.0644681573949855,-0.0398054590331938,0 days 00:02:40.073098
196,ExpGrad.01,1,0.605492,-0.0003487319186335,-0.0094452653624498,-0.0094452653624498,-0.0004813291862955,0.0,0 days 00:02:59.177444
197,RedGrid25,1,0.70597,-0.0557267856754406,-0.1292339713697509,-0.1292339713697509,-0.053080001479431,-0.0549618431215698,0 days 00:10:56.989976
198,RedGrid5,1,0.70597,-0.0557267856754406,-0.1292339713697509,-0.1292339713697509,-0.053080001479431,-0.0549618431215698,0 days 00:10:56.048425
199,RedGrid75,1,0.70597,-0.0557267856754406,-0.1292339713697509,-0.1292339713697509,-0.053080001479431,-0.0549618431215698,0 days 00:10:56.331284
200,ExpGrad.1,0,0.706106,-0.083845536522748,-0.1016704779761534,-0.1016704779761534,-0.0745230928894731,-0.0733944881762709,0 days 00:02:44.526968
201,ExpGrad.01,0,0.682582,-0.0107356675906571,-0.0144470510915717,-0.0144470510915717,-0.0073550057909634,-0.0093571510783198,0 days 00:04:22.258233
202,RedGrid25,0,0.686686,-0.0787280914271901,-0.1117328829856079,-0.1117328829856079,-0.00378843198174,-0.0913299094860875,0 days 00:09:05.228924
203,RedGrid5,0,0.686686,-0.0787280914271901,-0.1117328829856079,-0.1117328829856079,-0.00378843198174,-0.0913299094860875,0 days 00:09:16.301390
204,RedGrid75,0,0.663929,-0.0529039236048308,-0.1109665153117228,-0.1109665153117228,0.0,-0.031346249736961,0 days 00:08:55.432254
205,ExpGrad.1,0,0.706556,-0.0818650887652944,-0.0988826230219575,-0.0988826230219575,-0.0732510139594962,-0.0716880181191131,0 days 00:03:47.356925
206,ExpGrad.01,0,0.685551,-0.0126899975018447,-0.0171574304154452,-0.0171574304154452,-0.0092777762366683,-0.0106580667587287,0 days 00:07:45.945829
207,RedGrid25,0,0.682789,-0.1108763291978083,-0.1465210870587836,-0.1465210870587836,-0.0900937848550024,-0.0910824400458638,0 days 00:14:59.613354
208,RedGrid5,0,0.682789,-0.1108763291978083,-0.1465210870587836,-0.1465210870587836,-0.0900937848550024,-0.0910824400458638,0 days 00:14:50.892390
209,RedGrid75,0,0.682789,-0.1108763291978083,-0.1465210870587836,-0.1465210870587836,-0.0900937848550024,-0.0910824400458638,0 days 00:14:38.714609
210,ExpGrad.1,2,0.695549,-0.0376318913638712,-0.0700888664942679,-0.0700888664942679,-0.0198722926300545,-0.0200814586036105,0 days 00:02:47.889878
211,ExpGrad.01,2,0.628804,-0.0080305894428093,-0.0118442431332979,-0.0080760544828493,-0.0023071410494365,-0.0118442431332979,0 days 00:03:43.315042
212,RedGrid25,2,0.664743,-0.0140039422280232,-0.0397785683132047,-0.0397785683132047,0.0,0.0,0 days 00:11:27.636281
213,RedGrid5,2,0.664743,-0.0140039422280232,-0.0397785683132047,-0.0397785683132047,0.0,0.0,0 days 00:11:27.067839
214,RedGrid75,2,0.664743,-0.0140039422280232,-0.0397785683132047,-0.0397785683132047,0.0,0.0,0 days 00:11:28.149797
215,ExpGrad.1,1,0.710535,-0.026007102918611,-0.1157467323198562,-0.1157467323198562,-0.0211823549870535,-0.0258953957977395,0 days 00:02:14.247422
216,ExpGrad.01,1,0.581475,0.0,0.0,0.0,0.0,0.0,0 days 00:02:48.287508
217,RedGrid25,1,0.698537,-0.0450321767429097,-0.114429637294015,-0.114429637294015,0.0,-0.0678044326852622,0 days 00:10:44.681319
218,RedGrid5,1,0.681383,-0.000894227773926,-0.0457039194970904,-0.0457039194970904,0.0,0.0,0 days 00:10:49.651069
219,RedGrid75,1,0.681383,-0.000894227773926,-0.0457039194970904,-0.0457039194970904,0.0,0.0,0 days 00:10:49.634523
220,ExpGrad.1,1,0.710596,-0.0247034356060634,-0.1081107682334251,-0.1081107682334251,-0.0239852056183369,-0.0225328528664308,0 days 00:02:57.404028
221,ExpGrad.01,1,0.596861,0.0,0.0,0.0,0.0,0.0,0 days 00:03:26.706098
222,RedGrid25,1,0.698918,-0.0472006862383047,-0.1138338733788248,-0.1138338733788248,0.0,-0.07138792109261,0 days 00:11:00.814586
223,RedGrid5,1,0.698918,-0.0472006862383047,-0.1138338733788248,-0.1138338733788248,0.0,-0.07138792109261,0 days 00:10:57.943021
224,RedGrid75,1,0.678502,-0.0005526736537768,-0.0284621805757981,-0.0284621805757981,0.0,0.0,0 days 00:10:58.643610
225,ExpGrad.1,1,0.710696,-0.0283940112996051,-0.1116391505430245,-0.1116391505430245,-0.0216167270874966,-0.0295786797182471,0 days 00:02:28.087861
226,ExpGrad.01,1,0.580379,-0.0151626681436904,-0.0159853501207609,-0.0016045791791168,-0.0159853501207609,-0.0151254003039424,0 days 00:02:18.004254
227,RedGrid25,1,0.699956,-0.0041822198470145,-0.1000673875848917,-0.1000673875848917,0.0,-0.0035398738674121,0 days 00:11:37.944000
228,RedGrid5,1,0.699956,-0.0041822198470145,-0.1000673875848917,-0.1000673875848917,0.0,-0.0035398738674121,0 days 00:11:45.038528
229,RedGrid75,1,0.699956,-0.0041822198470145,-0.1000673875848917,-0.1000673875848917,0.0,-0.0035398738674121,0 days 00:12:10.663808
230,ExpGrad.1,1,0.710974,-0.034454255293465,-0.1220383221574576,-0.1220383221574576,-0.0327805128750228,-0.0326940337469463,0 days 00:05:02.101832
231,ExpGrad.01,1,0.587869,0.0,0.0,0.0,0.0,0.0,0 days 00:04:05.012964
232,RedGrid25,1,0.706078,-0.0688678078746743,-0.1520801757325138,-0.1520801757325138,-0.0703281336601692,-0.065504735063029,0 days 00:12:01.315430
233,RedGrid5,1,0.701911,-0.0122926895204561,-0.1177646444310749,-0.1177646444310749,0.0,-0.0158689123249615,0 days 00:12:05.878332
234,RedGrid75,1,0.701911,-0.0122926895204561,-0.1177646444310749,-0.1177646444310749,0.0,-0.0158689123249615,0 days 00:11:52.990454
235,ExpGrad.1,0,0.705859,-0.0852067269523943,-0.1018990109668268,-0.1018990109668268,-0.0767689262991824,-0.07523261185907,0 days 00:03:56.517608
236,ExpGrad.01,0,0.688298,-0.0130790387552143,-0.0189554126846394,-0.0189554126846394,-0.0100663340593056,-0.0095911190565024,0 days 00:10:54.218795
237,RedGrid25,0,0.686646,-0.0819170767226946,-0.113682342159279,-0.113682342159279,-0.0070629756576152,-0.0954745393731038,0 days 00:14:56.938210
238,RedGrid5,0,0.686646,-0.0819170767226946,-0.113682342159279,-0.113682342159279,-0.0070629756576152,-0.0954745393731038,0 days 00:14:21.061180
239,RedGrid75,0,0.664538,-0.0563771954564754,-0.1122525766349151,-0.1122525766349151,-0.0014666440828906,-0.0377469758727805,0 days 00:14:29.849711
240,ExpGrad.1,2,0.705232,-0.0502935116980924,-0.0889518549720979,-0.0889518549720979,-0.0376059915251306,-0.0245986772419996,0 days 00:03:05.895346
241,ExpGrad.01,2,0.618517,-0.0051929012199238,-0.0149979053874071,-0.0149979053874071,0.0,0.0,0 days 00:04:23.441462
242,RedGrid25,2,0.71508,-0.0678897264120425,-0.1082243510672552,-0.1082243510672552,-0.0623894741757303,-0.035893009620357,0 days 00:12:56.924045
243,RedGrid5,2,0.685541,-0.0326609503386079,-0.0801814279517834,-0.0801814279517834,0.0,-0.0125173046853013,0 days 00:13:02.485518
244,RedGrid75,2,0.667992,-0.0229649038664221,-0.0663262097299346,-0.0663262097299346,0.0,0.0,0 days 00:12:18.736507
245,ExpGrad.1,0,0.707105,-0.0825866287651612,-0.0992432253218303,-0.0992432253218303,-0.0741410417219238,-0.0726064851910657,0 days 00:03:41.459403
246,ExpGrad.01,0,0.685212,-0.0126926307553406,-0.0183808473594904,-0.0183808473594904,-0.0091079071614399,-0.0096728559035876,0 days 00:06:43.831319
247,RedGrid25,0,0.691316,-0.0256719481967346,-0.0298163793765999,-0.0297054323173299,-0.0117934825406847,-0.0298163793765999,0 days 00:16:48.225996
248,RedGrid5,0,0.691316,-0.0256719481967346,-0.0298163793765999,-0.0297054323173299,-0.0117934825406847,-0.0298163793765999,0 days 00:16:49.233007
249,RedGrid75,0,0.691316,-0.0256719481967346,-0.0298163793765999,-0.0297054323173299,-0.0117934825406847,-0.0298163793765999,0 days 00:16:50.040784
250,ExpGrad.1,2,0.688936,-0.0401024943914429,-0.0772894509968112,-0.0772894509968112,-0.0284557562334855,-0.0149072578169354,0 days 00:02:27.927321
251,ExpGrad.01,2,0.618909,-0.0041985041019636,-0.012097044055386,-0.012097044055386,0.0,0.0,0 days 00:02:54.536795
252,RedGrid25,2,0.703997,-0.0532065458438006,-0.1020146357657202,-0.1020146357657202,0.0,-0.0454873650883398,0 days 00:11:10.746571
253,RedGrid5,2,0.666164,-0.0210040395616373,-0.0605184098306258,-0.0605184098306258,0.0,0.0,0 days 00:11:30.258002
254,RedGrid75,2,0.666164,-0.0210040395616373,-0.0605184098306258,-0.0605184098306258,0.0,0.0,0 days 00:11:54.576005
255,ExpGrad.1,0,0.707761,-0.0808729487121201,-0.0990384028506305,-0.0990384028506305,-0.0689846515897241,-0.0714782013679771,0 days 00:03:45.281723
256,ExpGrad.01,0,0.687645,-0.0143870207551504,-0.0191848869696203,-0.0191848869696203,-0.0116010529794975,-0.011709784397206,0 days 00:07:27.152302
257,RedGrid25,0,0.692151,-0.0268112868211741,-0.0315876379605934,-0.0315876379605934,-0.0147074017280112,-0.0293095951117611,0 days 00:16:01.300613
258,RedGrid5,0,0.692151,-0.0268112868211741,-0.0315876379605934,-0.0315876379605934,-0.0147074017280112,-0.0293095951117611,0 days 00:16:16.297837
259,RedGrid75,0,0.692151,-0.0268112868211741,-0.0315876379605934,-0.0315876379605934,-0.0147074017280112,-0.0293095951117611,0 days 00:16:02.562627
260,ExpGrad.1,2,0.676534,-0.0412253801078635,-0.061927368545118,-0.061927368545118,-0.0261612175165346,-0.0329148491750312,0 days 00:02:52.370718
261,ExpGrad.01,2,0.635927,-0.0080157431843897,-0.0101475732902827,-0.0101475732902827,-0.0079165807735677,-0.0061835922649272,0 days 00:03:46.355162
262,RedGrid25,2,0.671991,-0.0341496140952544,-0.0652534560812398,-0.0448446244482164,-0.0652534560812398,-0.0037100919683262,0 days 00:13:22.591292
263,RedGrid5,2,0.641696,-0.0125230152022391,-0.0208049813677895,-0.0203308183536671,-0.0208049813677895,0.0,0 days 00:13:23.102098
264,RedGrid75,2,0.641696,-0.0125230152022391,-0.0208049813677895,-0.0203308183536671,-0.0208049813677895,0.0,0 days 00:13:00.822925
265,ExpGrad.1,1,0.712032,-0.0341521342932333,-0.1124802825822758,-0.1124802825822758,-0.0284090745043075,-0.0349019918911931,0 days 00:02:25.718834
266,ExpGrad.01,1,0.593834,-7.876634606275508e-05,-0.0040173731046677,-0.0040173731046677,0.0,0.0,0 days 00:04:39.061724
267,RedGrid25,1,0.707782,-0.0703172419981368,-0.1384207050851179,-0.1384207050851179,-0.0810277026981749,-0.0622600291311722,0 days 00:12:59.777105
268,RedGrid5,1,0.701315,-0.0041889134973772,-0.1031359633057571,-0.1031359633057571,0.0,-0.0034358262975037,0 days 00:12:46.009090
269,RedGrid75,1,0.701315,-0.0041889134973772,-0.1031359633057571,-0.1031359633057571,0.0,-0.0034358262975037,0 days 00:12:47.208874
270,ExpGrad.1,2,0.709407,-0.054996353642596,-0.0930978244327369,-0.0930978244327369,-0.0316276529990594,-0.036697345598685,0 days 00:03:09.442024
271,ExpGrad.01,2,0.617156,-0.0119577280094158,-0.0173594771776477,-0.0106278443293681,-0.0055908313671572,-0.0173594771776477,0 days 00:04:13.899106
272,RedGrid25,2,0.718895,-0.0765740264715888,-0.1060615561409273,-0.1060615561409273,-0.0556017187178634,-0.0643263810086348,0 days 00:13:26.830586
273,RedGrid5,2,0.683292,-0.0342005610470998,-0.0776194474840562,-0.0776194474840562,0.0,-0.0183680923995017,0 days 00:13:48.304781
274,RedGrid75,2,0.643033,-0.0159721755191055,-0.0268185585449532,-0.0268185585449532,0.0,-0.0169433115104974,0 days 00:13:56.115294
275,ExpGrad.1,1,0.711886,-0.0350796847047282,-0.1086088643092095,-0.1086088643092095,-0.035918230150019,-0.0323287789005239,0 days 00:03:25.760872
276,ExpGrad.01,1,0.610294,-0.0115815729231314,-0.0298435220556391,-0.0298435220556391,-0.0114776681493969,-0.0110718383081775,0 days 00:02:58.163308
277,RedGrid25,1,0.707795,-0.0738906860661235,-0.1408694570654667,-0.1408694570654667,-0.0782342540792073,-0.0693953957223383,0 days 00:11:39.958988
278,RedGrid5,1,0.699097,-0.0032202043720145,-0.0946588802446109,-0.0946588802446109,0.0,-0.0021684424368167,0 days 00:11:41.014655
279,RedGrid75,1,0.699097,-0.0032202043720145,-0.0946588802446109,-0.0946588802446109,0.0,-0.0021684424368167,0 days 00:11:41.990275
280,ExpGrad.1,0,0.70665,-0.0822073906430292,-0.0991533177023203,-0.0991533177023203,-0.07396340195264,-0.0718799426643551,0 days 00:03:13.411323
281,ExpGrad.01,0,0.687868,-0.014671093298079,-0.0201081832047783,-0.0201081832047783,-0.0145202322309035,-0.0099813428529559,0 days 00:06:11.052912
282,RedGrid25,0,0.68685,-0.076900370918524,-0.1090431820237031,-0.1090431820237031,0.0,-0.0911136861080181,0 days 00:11:41.652635
283,RedGrid5,0,0.68685,-0.076900370918524,-0.1090431820237031,-0.1090431820237031,0.0,-0.0911136861080181,0 days 00:11:41.570750
284,RedGrid75,0,0.68685,-0.076900370918524,-0.1090431820237031,-0.1090431820237031,0.0,-0.0911136861080181,0 days 00:11:29.842117
285,ExpGrad.1,2,0.704427,-0.0433537625037854,-0.0776647720394739,-0.0776647720394739,-0.0136400253908393,-0.0325558640539225,0 days 00:02:37.573047
286,ExpGrad.01,2,0.633949,-0.0051032891411102,-0.0146752829952086,-0.0146752829952086,0.0,0.0,0 days 00:04:34.443871
287,RedGrid25,2,0.714392,-0.072807631924499,-0.0857150816871477,-0.0857150816871477,-0.0788861343095386,-0.0574210119790906,0 days 00:12:24.921835
288,RedGrid5,2,0.690753,-0.0488290370590837,-0.0827294432472331,-0.0827294432472331,0.0,-0.0509381049616868,0 days 00:12:23.998359
289,RedGrid75,2,0.66557,-0.0216289936623961,-0.0383036849444681,-0.0383036849444681,-0.03215063183363,0.0,0 days 00:12:14.888360
290,ExpGrad.1,0,0.70629,-0.0827176516240749,-0.1007107672715195,-0.1007107672715195,-0.0736171036948309,-0.0719912461539638,0 days 00:03:25.317511
291,ExpGrad.01,0,0.687744,-0.014144306033789,-0.0204164890420939,-0.0204164890420939,-0.014822155163454,-0.0082750970087636,0 days 00:07:22.661099
292,RedGrid25,0,0.682881,-0.116432731899909,-0.1521254436233414,-0.1521254436233414,-0.0964141500597932,-0.0962425548442924,0 days 00:14:16.795852
293,RedGrid5,0,0.682881,-0.116432731899909,-0.1521254436233414,-0.1521254436233414,-0.0964141500597932,-0.0962425548442924,0 days 00:14:27.846321
294,RedGrid75,0,0.682881,-0.116432731899909,-0.1521254436233414,-0.1521254436233414,-0.0964141500597932,-0.0962425548442924,0 days 00:14:15.844205
295,ExpGrad.1,0,0.706452,-0.0777150352898934,-0.0953990447753133,-0.0953990447753133,-0.0652183538307756,-0.0691015374040464,0 days 00:03:26.107837
296,ExpGrad.01,0,0.687111,-0.0147456883782196,-0.0194773629024338,-0.0194773629024338,-0.0079589605440728,-0.014336946155243,0 days 00:07:44.416930
297,RedGrid25,0,0.69383,-0.0369065606742478,-0.0441668350047019,-0.0395145676425049,-0.019572204940423,-0.0441668350047019,0 days 00:13:38.577715
298,RedGrid5,0,0.69383,-0.0369065606742478,-0.0441668350047019,-0.0395145676425049,-0.019572204940423,-0.0441668350047019,0 days 00:13:44.296536
299,RedGrid75,0,0.69383,-0.0369065606742478,-0.0441668350047019,-0.0395145676425049,-0.019572204940423,-0.0441668350047019,0 days 00:13:27.643044
300,ExpGrad.1,0,0.707139,-0.0844503111322352,-0.101378442043312,-0.101378442043312,-0.0766274864358641,-0.0739354681931122,0 days 00:03:54.801445
301,ExpGrad.01,0,0.68666,-0.0142050022531308,-0.0183720841898693,-0.0183720841898693,-0.0122514745021625,-0.0116320442359952,0 days 00:07:09.939556
302,RedGrid25,0,0.683703,-0.1159568955778859,-0.1500294916558617,-0.1500294916558617,-0.0972808167669202,-0.0964149702906104,0 days 00:15:38.572004
303,RedGrid5,0,0.683703,-0.1159568955778859,-0.1500294916558617,-0.1500294916558617,-0.0972808167669202,-0.0964149702906104,0 days 00:15:31.996343
304,RedGrid75,0,0.683703,-0.1159568955778859,-0.1500294916558617,-0.1500294916558617,-0.0972808167669202,-0.0964149702906104,0 days 00:15:14.135504
305,ExpGrad.1,2,0.711293,-0.0640192768327995,-0.0981759768773031,-0.0981759768773031,-0.073551097593793,-0.0269300572734534,0 days 00:03:20.804942
306,ExpGrad.01,2,0.618908,-0.010408036665123,-0.0154590324663172,-0.0154590324663172,-0.0088239416197438,-0.0069320442528072,0 days 00:04:41.023717
307,RedGrid25,2,0.718649,-0.0747154139685982,-0.0970697058150957,-0.0970697058150957,-0.0731590512895333,-0.0556718760337861,0 days 00:13:41.828614
308,RedGrid5,2,0.66662,-0.0290928978180811,-0.0504276628204645,-0.0453157070016184,-0.0504276628204645,-0.000199784430746,0 days 00:13:31.200029
309,RedGrid75,2,0.66662,-0.0290928978180811,-0.0504276628204645,-0.0453157070016184,-0.0504276628204645,-0.000199784430746,0 days 00:13:12.718981
310,ExpGrad.1,1,0.711689,-0.0381785989607027,-0.1215314018913338,-0.1215314018913338,-0.0529947507030459,-0.0273874809139963,0 days 00:03:53.029442
311,ExpGrad.01,1,0.591062,-2.819517476986298e-05,-0.0014380204810943,-0.0014380204810943,0.0,0.0,0 days 00:03:12.827963
312,RedGrid25,1,0.708513,-0.0661480615780802,-0.1407978428769099,-0.1407978428769099,-0.073517682624657,-0.0597493253069771,0 days 00:12:40.735602
313,RedGrid5,1,0.708513,-0.0661480615780802,-0.1407978428769099,-0.1407978428769099,-0.073517682624657,-0.0597493253069771,0 days 00:12:40.758620
314,RedGrid75,1,0.700666,-0.0020951492255186,-0.1068575570762235,-0.1068575570762235,0.0,0.0,0 days 00:12:33.562891
315,ExpGrad.1,2,0.704353,-0.0473160178713767,-0.0805537770717422,-0.0805537770717422,-0.0170651443887394,-0.0382173165273221,0 days 00:02:17.446731
316,ExpGrad.01,2,0.624984,-0.010457416171685,-0.0168074262862877,-0.0168074262862877,0.0,-0.0118757859738654,0 days 00:03:30.449937
317,RedGrid25,2,0.706743,-0.0537549880922013,-0.0954929494898174,-0.0954929494898174,-0.0552390278457219,-0.0156949113912713,0 days 00:11:38.133581
318,RedGrid5,2,0.663488,-0.0141160811738835,-0.0388308830754087,-0.0388308830754087,0.0,-0.0016973560285881,0 days 00:11:38.101250
319,RedGrid75,2,0.663488,-0.0141160811738835,-0.0388308830754087,-0.0388308830754087,0.0,-0.0016973560285881,0 days 00:11:20.662492
320,ExpGrad.1,0,0.706429,-0.0770801333389692,-0.094798068100581,-0.094798068100581,-0.0670873266340217,-0.0670646815328176,0 days 00:02:40.558852
321,ExpGrad.01,0,0.685115,-0.0091550374062261,-0.0150549684817787,-0.0150549684817787,-0.0064035090348539,-0.0054994855166521,0 days 00:04:12.921476
322,RedGrid25,0,0.682782,-0.1165778437600439,-0.1514887695179618,-0.1514887695179618,-0.0985472870666377,-0.095920608199965,0 days 00:08:57.847352
323,RedGrid5,0,0.682782,-0.1165778437600439,-0.1514887695179618,-0.1514887695179618,-0.0985472870666377,-0.095920608199965,0 days 00:09:09.252826
324,RedGrid75,0,0.682782,-0.1165778437600439,-0.1514887695179618,-0.1514887695179618,-0.0985472870666377,-0.095920608199965,0 days 00:09:04.420187
325,ExpGrad.1,2,0.712231,-0.0598944813507078,-0.0970612635651695,-0.0970612635651695,-0.0410036359733106,-0.0391268753675676,0 days 00:02:28.461747
326,ExpGrad.01,2,0.635521,-0.0059257069182143,-0.0134233956233011,-0.0134233956233011,-0.0046844374306278,0.0,0 days 00:05:32.978877
327,RedGrid25,2,0.721299,-0.0844347196724575,-0.1046010074550385,-0.1046010074550385,-0.0798504732125641,-0.0693382032528411,0 days 00:12:58.684219
328,RedGrid5,2,0.678108,-0.0374382301766936,-0.0580368040717865,-0.0580368040717865,0.0,-0.0441506513396301,0 days 00:12:57.463637
329,RedGrid75,2,0.630908,-0.0093778154314416,-0.0207873184641176,-0.0112272776249562,-0.0207873184641176,0.0,0 days 00:12:56.906931
330,ExpGrad.1,1,0.710268,-0.0238956051124499,-0.1081598440403265,-0.1081598440403265,-0.0220594861989948,-0.0222851728986189,0 days 00:02:47.824549
331,ExpGrad.01,1,0.607874,-0.0003736151885678,-0.0189935383920414,-0.0189935383920414,0.0,0.0,0 days 00:04:34.288590
332,RedGrid25,1,0.699271,-0.0437990086503216,-0.1140313080122472,-0.1140313080122472,0.0,-0.0658291387019893,0 days 00:13:37.151755
333,RedGrid5,1,0.684669,-0.0010166094862113,-0.0516815480122407,-0.0516815480122407,0.0,0.0,0 days 00:13:13.602557
334,RedGrid75,1,0.684669,-0.0010166094862113,-0.0516815480122407,-0.0516815480122407,0.0,0.0,0 days 00:13:24.759750
335,ExpGrad.1,0,0.70733,-0.08312774472363,-0.1001419047127725,-0.1001419047127725,-0.0756563876264071,-0.0723398069917981,0 days 00:03:05.276585
336,ExpGrad.01,0,0.687246,-0.0123765700463967,-0.0165051510430329,-0.0165051510430329,-0.0091455622922553,-0.0105454462685541,0 days 00:06:08.319029
337,RedGrid25,0,0.686099,-0.126198100804202,-0.1556567610454705,-0.1556567610454705,-0.1069044370419618,-0.1110464000546713,0 days 00:11:26.781126
338,RedGrid5,0,0.686099,-0.126198100804202,-0.1556567610454705,-0.1556567610454705,-0.1069044370419618,-0.1110464000546713,0 days 00:11:31.781297
339,RedGrid75,0,0.667546,-0.0528509469904272,-0.1102589938293657,-0.1102589938293657,-0.0018616669885838,-0.030751894996314,0 days 00:11:24.982051
340,ExpGrad.1,1,0.712854,-0.041913454127885,-0.1199302989636045,-0.1199302989636045,-0.0384629397993768,-0.0414033708716982,0 days 00:02:26.072200
341,ExpGrad.01,1,0.567835,-0.0030367107244623,-0.0106860795527274,-0.0106860795527274,0.0,-0.0044807336365946,0 days 00:03:47.275129
342,RedGrid25,1,0.706091,-0.0719387754110385,-0.1414849412487819,-0.1414849412487819,-0.0774269897417953,-0.0667423491275487,0 days 00:11:40.658746
343,RedGrid5,1,0.702765,-0.0138639693253585,-0.1072654379937768,-0.1072654379937768,-0.0016926075532949,-0.0177050818010775,0 days 00:11:35.964029
344,RedGrid75,1,0.702765,-0.0138639693253585,-0.1072654379937768,-0.1072654379937768,-0.0016926075532949,-0.0177050818010775,0 days 00:11:42.451070
345,ExpGrad.1,0,0.706775,-0.0802959993678061,-0.098204637271141,-0.098204637271141,-0.0726219744317314,-0.0688330778171421,0 days 00:03:35.922421
346,ExpGrad.01,0,0.684738,-0.0111617691039379,-0.0157830648630534,-0.0157830648630534,-0.0083518340089787,-0.0086649680619675,0 days 00:07:08.777377
347,RedGrid25,0,0.683292,-0.1103950925319805,-0.1463828594764349,-0.1463828594764349,-0.0918540360676046,-0.089094415155448,0 days 00:13:01.365840
348,RedGrid5,0,0.683292,-0.1103950925319805,-0.1463828594764349,-0.1463828594764349,-0.0918540360676046,-0.089094415155448,0 days 00:13:46.443914
349,RedGrid75,0,0.683292,-0.1103950925319805,-0.1463828594764349,-0.1463828594764349,-0.0918540360676046,-0.089094415155448,0 days 00:13:42.952477
350,ExpGrad.1,2,0.716308,-0.0727963567679446,-0.1066810742019256,-0.1066810742019256,-0.0476849184994875,-0.0595230808987907,0 days 00:02:55.425933
351,ExpGrad.01,2,0.624895,-0.0130823506688823,-0.0240050757106887,-0.0240050757106887,-0.0126896045795157,-0.0036837384249783,0 days 00:04:38.459425
352,RedGrid25,2,0.694143,-0.0472642136373429,-0.0860381262982631,-0.0860381262982631,0.0,-0.0443935221954095,0 days 00:12:33.705312
353,RedGrid5,2,0.694143,-0.0472642136373429,-0.0860381262982631,-0.0860381262982631,0.0,-0.0443935221954095,0 days 00:12:34.914201
354,RedGrid75,2,0.694143,-0.0472642136373429,-0.0860381262982631,-0.0860381262982631,0.0,-0.0443935221954095,0 days 00:12:22.166682
355,ExpGrad.1,1,0.710665,-0.0307527344280168,-0.1101261585552442,-0.1101261585552442,-0.0342061798027197,-0.0264143805703168,0 days 00:03:33.042281
356,ExpGrad.01,1,0.610846,-0.0019339996724398,-0.0169261008297155,-0.0169261008297155,-0.0046108227231642,0.0,0 days 00:04:31.253004
357,RedGrid25,1,0.698352,-0.0132184722075876,-0.1147007856414451,-0.1147007856414451,-0.0038606625486596,-0.0152542673251636,0 days 00:15:21.416249
358,RedGrid5,1,0.698352,-0.0132184722075876,-0.1147007856414451,-0.1147007856414451,-0.0038606625486596,-0.0152542673251636,0 days 00:15:22.783377
359,RedGrid75,1,0.698352,-0.0132184722075876,-0.1147007856414451,-0.1147007856414451,-0.0038606625486596,-0.0152542673251636,0 days 00:14:56.667092
360,ExpGrad.1,0,0.706176,-0.07988988089789,-0.0972825830050092,-0.0972825830050092,-0.0695961431480686,-0.070320119827399,0 days 00:02:40.622158
361,ExpGrad.01,0,0.685768,-0.0132358897897282,-0.0197295508624031,-0.0197295508624031,-0.0117015423467196,-0.0083777923585225,0 days 00:05:12.516867
362,RedGrid25,0,0.691429,-0.0257766031772168,-0.0314604615742377,-0.0314604615742377,-0.0135154633840726,-0.0276016322432206,0 days 00:09:50.970204
363,RedGrid5,0,0.691429,-0.0257766031772168,-0.0314604615742377,-0.0314604615742377,-0.0135154633840726,-0.0276016322432206,0 days 00:10:13.807090
364,RedGrid75,0,0.691429,-0.0257766031772168,-0.0314604615742377,-0.0314604615742377,-0.0135154633840726,-0.0276016322432206,0 days 00:10:25.839309
365,ExpGrad.1,2,0.708306,-0.0475529793061127,-0.0875891906392029,-0.0875891906392029,-0.0197708374295091,-0.0301734716191828,0 days 00:02:30.794373
366,ExpGrad.01,2,0.627016,-0.010078196880917,-0.0125111727386454,-0.0125111727386454,-0.0078567818716071,-0.0093794198025629,0 days 00:02:58.274652
367,RedGrid25,2,0.714643,-0.0619501435120676,-0.1005958028397722,-0.1005958028397722,-0.0624794202331244,-0.0268428799800619,0 days 00:12:08.664558
368,RedGrid5,2,0.649362,-0.0097577401365182,-0.0204715483568683,-0.0204715483568683,-0.0099416000161776,0.0,0 days 00:12:07.250262
369,RedGrid75,2,0.649362,-0.0097577401365182,-0.0204715483568683,-0.0204715483568683,-0.0099416000161776,0.0,0 days 00:12:06.152153
370,ExpGrad.1,2,0.68457,-0.0418811206975345,-0.0711267169246038,-0.0711267169246038,-0.0367994161847266,-0.0193600757965752,0 days 00:03:25.980885
371,ExpGrad.01,2,0.624832,-0.0089113236978714,-0.0113234499901822,-0.0113234499901822,-0.0097513918209439,-0.0062255722308058,0 days 00:03:56.117233
372,RedGrid25,2,0.691273,-0.0601371348073076,-0.072661121374098,-0.0630904641578127,-0.072661121374098,-0.0492875118571179,0 days 00:16:15.670639
373,RedGrid5,2,0.691273,-0.0601371348073076,-0.072661121374098,-0.0630904641578127,-0.072661121374098,-0.0492875118571179,0 days 00:14:36.596135
374,RedGrid75,2,0.596503,-0.0012744222755439,-0.0036633737776708,-0.0036633737776708,0.0,0.0,0 days 00:15:05.614707
375,ExpGrad.1,1,0.70673,-0.0429256402322449,-0.1195783108501116,-0.1195783108501116,-0.028152700197505,-0.0487169630128457,0 days 00:03:25.704379
376,ExpGrad.01,1,0.586824,-0.0052559555377774,-0.0177989304023284,-0.0177989304023284,-0.0037976640795135,-0.0056717505012632,0 days 00:03:43.436784
377,RedGrid25,1,0.698736,-0.0442810196112759,-0.1269548674552613,-0.1269548674552613,0.0,-0.0662478520594022,0 days 00:12:35.661677
378,RedGrid5,1,0.698736,-0.0442810196112759,-0.1269548674552613,-0.1269548674552613,0.0,-0.0662478520594022,0 days 00:12:35.869422
379,RedGrid75,1,0.681536,-0.000850686167702,-0.04306627326238,-0.04306627326238,0.0,0.0,0 days 00:12:31.398701
380,ExpGrad.1,0,0.706817,-0.0822728447096294,-0.0993963126762331,-0.0993963126762331,-0.0716729548464738,-0.0731067003692174,0 days 00:03:57.545990
381,ExpGrad.01,0,0.683068,-0.0099723406853333,-0.0135912264374061,-0.0135912264374061,-0.0105314366752686,-0.0064872920333077,0 days 00:07:38.384207
382,RedGrid25,0,0.682569,-0.1156965930332216,-0.1493620555574197,-0.1493620555574197,-0.0952186176263027,-0.097475476198813,0 days 00:15:58.922341
383,RedGrid5,0,0.682569,-0.1156965930332216,-0.1493620555574197,-0.1493620555574197,-0.0952186176263027,-0.097475476198813,0 days 00:15:53.090354
384,RedGrid75,0,0.682569,-0.1156965930332216,-0.1493620555574197,-0.1493620555574197,-0.0952186176263027,-0.097475476198813,0 days 00:15:41.483740
385,ExpGrad.1,1,0.710009,-0.0320639640598281,-0.1098009632335033,-0.1098009632335033,-0.0380557838863122,-0.0263306460085107,0 days 00:02:40.320513
386,ExpGrad.01,1,0.613001,-0.0005768373353391,-0.0282764803608639,-0.0282764803608639,-6.452680484336781e-05,0.0,0 days 00:04:35.165117
387,RedGrid25,1,0.708011,-0.0659404106922208,-0.1340188123257504,-0.1340188123257504,-0.0654622092834236,-0.0640902258395862,0 days 00:11:54.838466
388,RedGrid5,1,0.697885,-0.0019009185694992,-0.0969732440796188,-0.0969732440796188,0.0,0.0,0 days 00:11:43.885538
389,RedGrid75,1,0.697885,-0.0019009185694992,-0.0969732440796188,-0.0969732440796188,0.0,0.0,0 days 00:11:46.944404
390,ExpGrad.1,0,0.706749,-0.0838009308630654,-0.1010711851169309,-0.1010711851169309,-0.0740969319238205,-0.0740158257822199,0 days 00:02:50.920487
391,ExpGrad.01,0,0.690311,-0.0142715927816303,-0.0201761426608638,-0.0201761426608638,-0.0094309979465755,-0.0117706153871719,0 days 00:06:30.232086
392,RedGrid25,0,0.685952,-0.1265149052305053,-0.1572423738350336,-0.1572423738350336,-0.1042772716582839,-0.111862258993163,0 days 00:12:11.397528
393,RedGrid5,0,0.685952,-0.1265149052305053,-0.1572423738350336,-0.1572423738350336,-0.1042772716582839,-0.111862258993163,0 days 00:12:14.124606
394,RedGrid75,0,0.667754,-0.0530306100058808,-0.1112103659187152,-0.1112103659187152,0.0,-0.0313455586163232,0 days 00:12:10.184891
395,ExpGrad.1,1,0.71033,-0.0272959159718549,-0.1061576033580183,-0.1061576033580183,-0.0292044139785221,-0.0238056290901068,0 days 00:03:03.614043
396,ExpGrad.01,1,0.583252,0.0,0.0,0.0,0.0,0.0,0 days 00:04:58.189836
397,RedGrid25,1,0.701571,-0.0127216412897511,-0.1111699577870389,-0.1111699577870389,-0.0040684300030173,-0.0144596523058954,0 days 00:13:27.600052
398,RedGrid5,1,0.701571,-0.0127216412897511,-0.1111699577870389,-0.1111699577870389,-0.0040684300030173,-0.0144596523058954,0 days 00:13:28.339429
399,RedGrid75,1,0.701571,-0.0127216412897511,-0.1111699577870389,-0.1111699577870389,-0.0040684300030173,-0.0144596523058954,0 days 00:13:13.934835
400,ExpGrad.1,2,0.697643,-0.0524757384965806,-0.0814123493297457,-0.0814123493297457,-0.028335709543278,-0.042676570500422,0 days 00:02:48.021856
401,ExpGrad.01,2,0.622574,-0.0119755969305617,-0.0132812296708534,-0.0132812296708534,-0.0109399424067223,-0.011498234295313,0 days 00:03:50.942852
402,RedGrid25,2,0.715869,-0.0711124736229907,-0.0922803803556509,-0.0922803803556509,-0.0741009871599573,-0.0503652968148544,0 days 00:12:41.726851
403,RedGrid5,2,0.715869,-0.0711124736229907,-0.0922803803556509,-0.0922803803556509,-0.0741009871599573,-0.0503652968148544,0 days 00:12:40.715168
404,RedGrid75,2,0.634269,-0.0123004153026891,-0.0228899663295171,-0.0228899663295171,0.0,-0.0109938820701314,0 days 00:12:30.449437
405,ExpGrad.1,0,0.706451,-0.0841670267009956,-0.1013364720814357,-0.1013364720814357,-0.0768581016339602,-0.0731387682225687,0 days 00:03:44.556908
406,ExpGrad.01,0,0.68814,-0.0130682375773913,-0.0180984409862168,-0.0180984409862168,-0.0120612455553111,-0.0092089495095173,0 days 00:08:05.055884
407,RedGrid25,0,0.682993,-0.1175636536072075,-0.1516264547075564,-0.1516264547075564,-0.0992187574256517,-0.0978139372296583,0 days 00:14:31.919593
408,RedGrid5,0,0.682993,-0.1175636536072075,-0.1516264547075564,-0.1516264547075564,-0.0992187574256517,-0.0978139372296583,0 days 00:14:25.188207
409,RedGrid75,0,0.682993,-0.1175636536072075,-0.1516264547075564,-0.1516264547075564,-0.0992187574256517,-0.0978139372296583,0 days 00:14:28.589256
410,ExpGrad.1,1,0.712103,-0.0510839802195717,-0.1292828921499399,-0.1292828921499399,-0.0498921306889298,-0.0493443217170107,0 days 00:02:17.983246
411,ExpGrad.01,1,0.59913,-0.0150597666340956,-0.0189517175536329,-0.0189517175536329,-0.00878556573053,-0.0184169215964995,0 days 00:02:58.326385
412,RedGrid25,1,0.705193,-0.0602431644955092,-0.1349976380884848,-0.1349976380884848,-0.0619813494728651,-0.056985656844989,0 days 00:11:34.427886
413,RedGrid5,1,0.699602,-0.0040406676795594,-0.0998764861923842,-0.0998764861923842,0.0,-0.0033382610924741,0 days 00:11:48.225144
414,RedGrid75,1,0.699602,-0.0040406676795594,-0.0998764861923842,-0.0998764861923842,0.0,-0.0033382610924741,0 days 00:12:13.865535
415,ExpGrad.1,0,0.70639,-0.0807030558263776,-0.0991288774099077,-0.0991288774099077,-0.0712396985986306,-0.069742416633985,0 days 00:03:55.900785
416,ExpGrad.01,0,0.689589,-0.0144539882351335,-0.0200769953028618,-0.0200769953028618,-0.0112645138798599,-0.0112756629319085,0 days 00:07:15.599172
417,RedGrid25,0,0.68588,-0.1231023037956921,-0.1536618324101545,-0.1536618324101545,-0.099523083032178,-0.1092780417651511,0 days 00:15:46.271477
418,RedGrid5,0,0.68588,-0.1231023037956921,-0.1536618324101545,-0.1536618324101545,-0.099523083032178,-0.1092780417651511,0 days 00:15:40.441299
419,RedGrid75,0,0.667097,-0.0513471625913504,-0.1088392092514213,-0.1088392092514213,0.0,-0.0291982446574774,0 days 00:15:52.498615
420,ExpGrad.1,2,0.664929,-0.0250223164094461,-0.0592497063177447,-0.0592497063177447,-0.0116127081602639,-0.0031536166727973,0 days 00:04:10.370772
421,ExpGrad.01,2,0.633099,-0.0058984855918257,-0.0168087760166105,-0.0168087760166105,0.0,0.0,0 days 00:05:11.378639
422,RedGrid25,2,0.682913,-0.0334003776090109,-0.0556494597679931,-0.0556494597679931,-0.0485869053944248,-0.0034015855609309,0 days 00:12:07.553193
423,RedGrid5,2,0.682913,-0.0334003776090109,-0.0556494597679931,-0.0556494597679931,-0.0485869053944248,-0.0034015855609309,0 days 00:12:16.805966
424,RedGrid75,2,0.682913,-0.0334003776090109,-0.0556494597679931,-0.0556494597679931,-0.0485869053944248,-0.0034015855609309,0 days 00:12:22.461089
425,ExpGrad.1,0,0.706148,-0.0799282290752674,-0.0970201819059869,-0.0970201819059869,-0.0713434658457107,-0.0696244446473357,0 days 00:02:29.614706
426,ExpGrad.01,0,0.685112,-0.0107139801018102,-0.0161325009945821,-0.0161325009945821,-0.008425655674027,-0.0072072632939131,0 days 00:07:45.546728
427,RedGrid25,0,0.693811,-0.0358308765568094,-0.0425017724434318,-0.0388721914208016,-0.0189641829886695,-0.0425017724434318,0 days 00:12:41.043832
428,RedGrid5,0,0.693811,-0.0358308765568094,-0.0425017724434318,-0.0388721914208016,-0.0189641829886695,-0.0425017724434318,0 days 00:12:42.926997
429,RedGrid75,0,0.693811,-0.0358308765568094,-0.0425017724434318,-0.0388721914208016,-0.0189641829886695,-0.0425017724434318,0 days 00:12:40.531380
430,ExpGrad.1,2,0.714477,-0.0619169837312997,-0.0917907053217875,-0.0917907053217875,-0.0476492875118789,-0.0447730516733226,0 days 00:02:31.629162
431,ExpGrad.01,2,0.641257,-0.0093799647677185,-0.0169051149922089,-0.0169051149922089,-0.0010090404333201,-0.0082895069525794,0 days 00:04:45.812485
432,RedGrid25,2,0.711656,-0.0714322959114233,-0.0926097760515726,-0.0926097760515726,-0.062492791580532,-0.0584850288870998,0 days 00:10:32.627377
433,RedGrid5,2,0.641431,-0.0148568466793062,-0.0282353935937423,-0.0213434685682457,-0.0282353935937423,0.0,0 days 00:10:32.595095
434,RedGrid75,2,0.641431,-0.0148568466793062,-0.0282353935937423,-0.0213434685682457,-0.0282353935937423,0.0,0 days 00:10:31.281214
435,ExpGrad.1,2,0.710789,-0.0543397082347774,-0.0903244699311141,-0.0903244699311141,-0.0321917491600966,-0.0373269114639171,0 days 00:02:32.153017
436,ExpGrad.01,2,0.624623,-0.007304771897735,-0.008001494692878,-0.0075726798889384,-0.005902883978591,-0.008001494692878,0 days 00:04:26.034591
437,RedGrid25,2,0.731179,-0.0943965395731128,-0.121974117464666,-0.121974117464666,-0.0894763700743,-0.0733353957891568,0 days 00:13:11.150152
438,RedGrid5,2,0.665745,-0.0251657893114469,-0.047378114908936,-0.0322848163338468,-0.047378114908936,-0.0040982838697829,0 days 00:13:01.575729
439,RedGrid75,2,0.665745,-0.0251657893114469,-0.047378114908936,-0.0322848163338468,-0.047378114908936,-0.0040982838697829,0 days 00:13:12.033564
440,ExpGrad.1,1,0.711851,-0.0359302602686157,-0.1194686064985576,-0.1194686064985576,-0.0444641458731102,-0.0286004884739571,0 days 00:02:46.072259
441,ExpGrad.01,1,0.57106,-0.000273355428323,-0.0138517241536277,-0.0138517241536277,0.0,0.0,0 days 00:04:03.320151
442,RedGrid25,1,0.705052,-0.0659322467668986,-0.1364643638135443,-0.1364643638135443,-0.07087095570326,-0.0609967682829591,0 days 00:12:07.692175
443,RedGrid5,1,0.69971,-0.0079487300338127,-0.1037965747168731,-0.1037965747168731,0.0,-0.0093470046059092,0 days 00:13:14.019662
444,RedGrid75,1,0.69971,-0.0079487300338127,-0.1037965747168731,-0.1037965747168731,0.0,-0.0093470046059092,0 days 00:13:03.429220
445,ExpGrad.1,2,0.717697,-0.0684112733418241,-0.0956285160204733,-0.089352891320403,-0.0956285160204733,-0.0314101181170249,0 days 00:02:54.937710
446,ExpGrad.01,2,0.625283,-0.011405593927047,-0.0124270060597477,-0.0122292945785846,-0.0087929345931352,-0.0124270060597477,0 days 00:04:20.123408
447,RedGrid25,2,0.73035,-0.0988161756797497,-0.1192058041286867,-0.1192058041286867,-0.1110788487232237,-0.0723641640923839,0 days 00:11:03.947605
448,RedGrid5,2,0.695874,-0.0487371846835418,-0.0905106762367361,-0.0690256677179201,-0.0905106762367361,-0.002530795304498,0 days 00:11:03.966681
449,RedGrid75,2,0.656107,-0.016488885186329,-0.044059943567271,-0.044059943567271,0.0,-0.0029586904185473,0 days 00:11:10.019059
450,ExpGrad.1,0,0.70682,-0.0824982337663938,-0.0982430001551778,-0.0982430001551778,-0.0745568262311617,-0.0730555951241214,0 days 00:03:43.564472
451,ExpGrad.01,0,0.684995,-0.0083432410542594,-0.012248467552743,-0.012248467552743,-0.0074813585207212,-0.0053886755633798,0 days 00:08:53.353913
452,RedGrid25,0,0.694106,-0.0328527590803023,-0.0417748792201616,-0.0353888682202531,-0.0126840387894531,-0.0417748792201616,0 days 00:17:24.556092
453,RedGrid5,0,0.694106,-0.0328527590803023,-0.0417748792201616,-0.0353888682202531,-0.0126840387894531,-0.0417748792201616,0 days 00:17:43.626262
454,RedGrid75,0,0.694106,-0.0328527590803023,-0.0417748792201616,-0.0353888682202531,-0.0126840387894531,-0.0417748792201616,0 days 00:17:17.255176
455,ExpGrad.1,2,0.718088,-0.0651762175007722,-0.1030151054673557,-0.1030151054673557,-0.0550331159439097,-0.0382142277427987,0 days 00:01:59.425021
456,ExpGrad.01,2,0.614356,-0.0037440761164498,-0.0062327246340254,-0.006071477539456,-0.0062327246340254,0.0,0 days 00:03:07.026098
457,RedGrid25,2,0.720225,-0.0752220585197815,-0.0967990432910064,-0.0967990432910064,-0.0723806799972419,-0.0578756498072252,0 days 00:10:54.448224
458,RedGrid5,2,0.684084,-0.0279840217328514,-0.0793263558910444,-0.0793263558910444,0.0,-0.0009297372513428,0 days 00:10:52.635199
459,RedGrid75,2,0.681109,-0.0266342548524144,-0.0764920092536384,-0.0764920092536384,0.0,0.0,0 days 00:10:45.934720
460,ExpGrad.1,1,0.707345,-0.0281030408182501,-0.0994301110050047,-0.0994301110050047,-0.0446844237085423,-0.0168060701324542,0 days 00:02:59.274316
461,ExpGrad.01,1,0.594713,-0.0004064824979881,-0.0210908962360478,-0.0210908962360478,0.0,0.0,0 days 00:03:52.020636
462,RedGrid25,1,0.708086,-0.0534162773124084,-0.126403997598182,-0.126403997598182,-0.0515174995962101,-0.0522375153019545,0 days 00:13:02.473065
463,RedGrid5,1,0.708086,-0.0534162773124084,-0.126403997598182,-0.126403997598182,-0.0515174995962101,-0.0522375153019545,0 days 00:12:46.768396
464,RedGrid75,1,0.684242,-0.0007673628527285,-0.0398156633616445,-0.0398156633616445,0.0,0.0,0 days 00:12:55.523815
465,ExpGrad.1,2,0.71273,-0.0597343842317768,-0.0944189524378397,-0.0944189524378397,-0.0331227470297221,-0.0467193170643643,0 days 00:02:58.136478
466,ExpGrad.01,2,0.617503,-0.0044135093408975,-0.0074525803945126,-0.0074525803945126,0.0,-0.0046463260089338,0 days 00:03:49.809041
467,RedGrid25,2,0.72476,-0.0937464214743123,-0.1174433949314729,-0.1174433949314729,-0.0770333775089764,-0.0838857612379491,0 days 00:12:08.349297
468,RedGrid5,2,0.6584,-0.0144572659835959,-0.0416814291063163,-0.0416814291063163,0.0,0.0,0 days 00:12:04.842784
469,RedGrid75,2,0.6584,-0.0144572659835959,-0.0416814291063163,-0.0416814291063163,0.0,0.0,0 days 00:12:04.073620
470,ExpGrad.1,2,0.710877,-0.0580042666589856,-0.0959128144706577,-0.0959128144706577,-0.0432860927611279,-0.0340771161907982,0 days 00:04:24.850902
471,ExpGrad.01,2,0.628444,-0.0088179961690671,-0.0143670313305578,-0.0143670313305578,-0.0114960111872075,-0.0021108980762556,0 days 00:03:36.924492
472,RedGrid25,2,0.721583,-0.0822729131743514,-0.0997867390147562,-0.0997867390147562,-0.0909879368438286,-0.0609298127883972,0 days 00:16:11.729983
473,RedGrid5,2,0.670395,-0.0179700205987777,-0.0516016902530455,-0.0516016902530455,0.0,0.0,0 days 00:12:24.912839
474,RedGrid75,2,0.670395,-0.0179700205987777,-0.0516016902530455,-0.0516016902530455,0.0,0.0,0 days 00:12:36.657533
475,ExpGrad.1,0,0.706231,-0.0830945849599896,-0.0998407557637478,-0.0998407557637478,-0.0743473912177392,-0.0732607989235655,0 days 00:02:16.065259
476,ExpGrad.01,0,0.686669,-0.0127079618533211,-0.0178159971293069,-0.0178159971293069,-0.0078816689641586,-0.010905207668025,0 days 00:04:26.718061
477,RedGrid25,0,0.682751,-0.1153629288022937,-0.1488287886357192,-0.1488287886357192,-0.0977500883551178,-0.0957842668948399,0 days 00:08:43.713258
478,RedGrid5,0,0.682751,-0.1153629288022937,-0.1488287886357192,-0.1488287886357192,-0.0977500883551178,-0.0957842668948399,0 days 00:08:50.833420
479,RedGrid75,0,0.682751,-0.1153629288022937,-0.1488287886357192,-0.1488287886357192,-0.0977500883551178,-0.0957842668948399,0 days 00:08:55.466312
480,ExpGrad.1,0,0.706222,-0.0791794149534646,-0.0971989654861853,-0.0971989654861853,-0.0670980895696077,-0.0700913367669573,0 days 00:03:18.997229
481,ExpGrad.01,0,0.689068,-0.0140836843445502,-0.020593667213444,-0.020593667213444,-0.0085569158911912,-0.0114463286225784,0 days 00:07:22.771275
482,RedGrid25,0,0.688855,-0.0198364028941073,-0.0262128328027695,-0.0262128328027695,-0.0061102582027414,-0.0218735620134918,0 days 00:12:58.696668
483,RedGrid5,0,0.688855,-0.0198364028941073,-0.0262128328027695,-0.0262128328027695,-0.0061102582027414,-0.0218735620134918,0 days 00:13:01.431469
484,RedGrid75,0,0.688855,-0.0198364028941073,-0.0262128328027695,-0.0262128328027695,-0.0061102582027414,-0.0218735620134918,0 days 00:13:06.378535
485,ExpGrad.1,2,0.706724,-0.0638165147692232,-0.097478669871804,-0.097478669871804,-0.0371805650459436,-0.0513318852387361,0 days 00:03:36.619544
486,ExpGrad.01,2,0.630327,-0.0099049407425552,-0.0233133310549458,-0.0233133310549458,-0.0067064070308126,0.0,0 days 00:04:36.154953
487,RedGrid25,2,0.684374,-0.0329798426240165,-0.0865076407589429,-0.0865076407589429,0.0,-0.0068883281443159,0 days 00:13:27.291712
488,RedGrid5,2,0.660972,-0.0162596229750756,-0.0464338105327729,-0.0464338105327729,0.0,0.0,0 days 00:13:36.861608
489,RedGrid75,2,0.660972,-0.0162596229750756,-0.0464338105327729,-0.0464338105327729,0.0,0.0,0 days 00:13:47.864834
490,ExpGrad.1,1,0.712024,-0.0438972195653154,-0.1221491980008948,-0.1221491980008948,-0.0447371712406801,-0.0409791614896285,0 days 00:02:42.494703
491,ExpGrad.01,1,0.596598,-0.0002921220848539,-0.0147713123370628,-0.0147713123370628,0.0,0.0,0 days 00:03:02.857214
492,RedGrid25,1,0.704658,-0.0760534110527735,-0.142060413482119,-0.142060413482119,-0.0823841489444319,-0.0704788075169736,0 days 00:12:11.049464
493,RedGrid5,1,0.701377,-0.0184158964579069,-0.1130225090653005,-0.1130225090653005,-0.0040028581928168,-0.023431138127095,0 days 00:13:12.593918
494,RedGrid75,1,0.701377,-0.0184158964579069,-0.1130225090653005,-0.1130225090653005,-0.0040028581928168,-0.023431138127095,0 days 00:13:11.511471
495,ExpGrad.1,1,0.70889,-0.0181839372144717,-0.1168197181974499,-0.1168197181974499,-0.0177647896615049,-0.0153133471269514,0 days 00:03:04.539496
496,ExpGrad.01,1,0.582252,-9.039315674905796e-05,-0.0045566258501456,-0.0045566258501456,0.0,0.0,0 days 00:03:12.677369
497,RedGrid25,1,0.70613,-0.0586864529877777,-0.1456594038446559,-0.1456594038446559,-0.059834551341418,-0.0553139806137596,0 days 00:13:31.353659
498,RedGrid5,1,0.70613,-0.0586864529877777,-0.1456594038446559,-0.1456594038446559,-0.059834551341418,-0.0553139806137596,0 days 00:13:29.049502
499,RedGrid75,1,0.70613,-0.0586864529877777,-0.1456594038446559,-0.1456594038446559,-0.059834551341418,-0.0553139806137596,0 days 00:13:24.578144
500,ExpGrad.1,2,0.698519,-0.0492846950157185,-0.0847760988483184,-0.0847760988483184,-0.0135984246636694,-0.0416759246120148,0 days 00:03:10.721893
501,ExpGrad.01,2,0.627648,-0.0042388343033912,-0.0101017274521372,-0.0101017274521372,-0.0027196541754952,0.0,0 days 00:04:40.755428
502,RedGrid25,2,0.680371,-0.031863666263817,-0.053964199202194,-0.053964199202194,0.0,-0.0336960033693261,0 days 00:11:05.194706
503,RedGrid5,2,0.680371,-0.031863666263817,-0.053964199202194,-0.053964199202194,0.0,-0.0336960033693261,0 days 00:11:07.665341
504,RedGrid75,2,0.62373,-0.0074453549426795,-0.0131962956607291,-0.0131962956607291,-0.010779451520032,0.0,0 days 00:11:06.016895
505,ExpGrad.1,1,0.710791,-0.0388928350701659,-0.1152219620464373,-0.1152219620464373,-0.0473817158563453,-0.0318274168053007,0 days 00:02:06.692607
506,ExpGrad.01,1,0.593978,-0.0001670802111476,-0.0085219672165697,-0.0085219672165697,0.0,0.0,0 days 00:02:48.435359
507,RedGrid25,1,0.704047,-0.0687830261622944,-0.1279750766465127,-0.1279750766465127,-0.0780032456402712,-0.0618453786689582,0 days 00:11:43.830803
508,RedGrid5,1,0.704047,-0.0687830261622944,-0.1279750766465127,-0.1279750766465127,-0.0780032456402712,-0.0618453786689582,0 days 00:11:56.277377
509,RedGrid75,1,0.704047,-0.0687830261622944,-0.1279750766465127,-0.1279750766465127,-0.0780032456402712,-0.0618453786689582,0 days 00:11:50.229583
510,ExpGrad.1,1,0.711023,-0.0238005432171212,-0.1168373342935973,-0.1168373342935973,-0.0125549717872028,-0.0271777277881126,0 days 00:02:42.787464
511,ExpGrad.01,1,0.595339,-0.0001690805994033,-0.0087089875633488,-0.0087089875633488,0.0,0.0,0 days 00:04:05.015268
512,RedGrid25,1,0.705921,-0.0598023435409475,-0.1427322128542067,-0.1427322128542067,-0.0644923873619474,-0.0546460240294848,0 days 00:11:51.578764
513,RedGrid5,1,0.699667,-0.0031885907661021,-0.1086491203153037,-0.1086491203153037,0.0,-0.0017114460677833,0 days 00:11:50.821735
514,RedGrid75,1,0.699667,-0.0031885907661021,-0.1086491203153037,-0.1086491203153037,0.0,-0.0017114460677833,0 days 00:11:49.814601
515,ExpGrad.1,2,0.715112,-0.0626267152187576,-0.0950180136465553,-0.0950180136465553,-0.0625596532074287,-0.0335275738770682,0 days 00:02:04.746668
516,ExpGrad.01,2,0.613427,-0.0062622242336262,-0.0100326206785244,-0.0100326206785244,-0.0016328197373409,-0.0059413418583035,0 days 00:03:12.001672
517,RedGrid25,2,0.720689,-0.0824763212997236,-0.1221249984722028,-0.1221249984722028,-0.0924973250629707,-0.0401542999960918,0 days 00:10:07.402551
518,RedGrid5,2,0.701834,-0.0544047850460176,-0.0878711901041019,-0.0878711901041019,-0.0762754083772034,-0.009783286942861,0 days 00:10:08.575991
519,RedGrid75,2,0.668815,-0.0258136311962229,-0.0735389986461291,-0.0735389986461291,0.0,0.0,0 days 00:10:05.586214
520,ExpGrad.1,2,0.723263,-0.0716916253180761,-0.0983069801616476,-0.0983069801616476,-0.0690332732890847,-0.0496935015016257,0 days 00:03:34.463716
521,ExpGrad.01,2,0.617227,-0.0054739758045761,-0.0133997838619578,-0.0133997838619578,-0.0030407075429419,-1.309459939211055e-05,0 days 00:04:22.805179
522,RedGrid25,2,0.731068,-0.0952001953861197,-0.119188882109983,-0.119188882109983,-0.0992069495987152,-0.0711219804253438,0 days 00:14:40.823574
523,RedGrid5,2,0.697548,-0.048359920881397,-0.0859582318433806,-0.0859582318433806,0.0,-0.0468992169965934,0 days 00:14:39.895646
524,RedGrid75,2,0.670851,-0.0328966973552969,-0.0645431092340665,-0.0462084224347308,-0.0645431092340665,0.0,0 days 00:14:41.646125
525,ExpGrad.1,0,0.706877,-0.0829856940884191,-0.1003174186798979,-0.1003174186798979,-0.0750528223641342,-0.0721678047360034,0 days 00:03:32.180487
526,ExpGrad.01,0,0.684852,-0.010102809233634,-0.0144734576451556,-0.0144734576451556,-0.0082488268836796,-0.0072936047562226,0 days 00:07:41.668243
527,RedGrid25,0,0.686281,-0.1258159296882789,-0.1536517692546255,-0.1536517692546255,-0.1061303916426932,-0.1122905762183676,0 days 00:12:36.249077
528,RedGrid5,0,0.686281,-0.1258159296882789,-0.1536517692546255,-0.1536517692546255,-0.1061303916426932,-0.1122905762183676,0 days 00:12:25.803840
529,RedGrid75,0,0.667394,-0.053307327829461,-0.1099208786496435,-0.1099208786496435,-0.0018174196948033,-0.0321461138378846,0 days 00:12:39.036717
530,ExpGrad.1,2,0.697825,-0.0430326032938095,-0.0796491430343276,-0.0796491430343276,-0.0109400498427218,-0.0318059661399108,0 days 00:02:28.531007
531,ExpGrad.01,2,0.614013,-0.0044970128639146,-0.0062357442006383,-0.0062357442006383,0.0,-0.0059411061036686,0 days 00:03:41.394721
532,RedGrid25,2,0.721841,-0.0810413283283894,-0.1086899910156464,-0.1086899910156464,-0.0819372049523214,-0.0558531285871811,0 days 00:11:47.756127
533,RedGrid5,2,0.703616,-0.0710988972609331,-0.0885774204956071,-0.0885774204956071,-0.0614584077250545,-0.0619635952358942,0 days 00:11:38.208307
534,RedGrid75,2,0.703616,-0.0710988972609331,-0.0885774204956071,-0.0885774204956071,-0.0614584077250545,-0.0619635952358942,0 days 00:11:52.211712
535,ExpGrad.1,2,0.700711,-0.0495007229596338,-0.0851002933367472,-0.0851002933367472,-0.0241959065761748,-0.0345851590791001,0 days 00:03:17.329278
536,ExpGrad.01,2,0.621479,-0.0111984429507798,-0.0139990260532703,-0.0080709540267918,-0.0111957439244211,-0.0139990260532703,0 days 00:03:55.289041
537,RedGrid25,2,0.694232,-0.0439251451913664,-0.0683751697776117,-0.0648408104959721,-0.0683751697776117,-0.0088377830751925,0 days 00:12:12.324002
538,RedGrid5,2,0.670562,-0.0340812671499645,-0.0553177016135291,-0.0417964861396149,-0.0553177016135291,-0.0129585212138389,0 days 00:12:11.390648
539,RedGrid75,2,0.670562,-0.0340812671499645,-0.0553177016135291,-0.0417964861396149,-0.0553177016135291,-0.0129585212138389,0 days 00:12:06.338150
540,ExpGrad.1,0,0.707391,-0.0851789001828334,-0.1021633828227287,-0.1021633828227287,-0.0758146073346858,-0.0754050857880547,0 days 00:02:39.354010
541,ExpGrad.01,0,0.686843,-0.0135634367885556,-0.0185770798172784,-0.0185770798172784,-0.0074787250359874,-0.0125232289112771,0 days 00:04:51.451661
542,RedGrid25,0,0.683041,-0.1154894752786567,-0.1502909716167593,-0.1502909716167593,-0.0951719423101776,-0.0960905775323127,0 days 00:09:56.617910
543,RedGrid5,0,0.683041,-0.1154894752786567,-0.1502909716167593,-0.1502909716167593,-0.0951719423101776,-0.0960905775323127,0 days 00:10:27.878072
544,RedGrid75,0,0.683041,-0.1154894752786567,-0.1502909716167593,-0.1502909716167593,-0.0951719423101776,-0.0960905775323127,0 days 00:10:06.669364
545,ExpGrad.1,0,0.707092,-0.07836751035152,-0.0968204478346218,-0.0968204478346218,-0.0694531833049099,-0.0671211372646346,0 days 00:02:35.403670
546,ExpGrad.01,0,0.688852,-0.0129758643445477,-0.0194464761771026,-0.0194464761771026,-0.0116541724897984,-0.0080296781537079,0 days 00:04:35.102120
547,RedGrid25,0,0.695302,-0.0558689225918509,-0.0756891948096628,-0.05330474463474,-0.0756891948096628,-0.0471057225281832,0 days 00:09:04.435059
548,RedGrid5,0,0.695302,-0.0558689225918509,-0.0756891948096628,-0.05330474463474,-0.0756891948096628,-0.0471057225281832,0 days 00:08:45.712084
549,RedGrid75,0,0.695302,-0.0558689225918509,-0.0756891948096628,-0.05330474463474,-0.0756891948096628,-0.0471057225281832,0 days 00:08:49.982913
550,ExpGrad.1,1,0.709907,-0.0212489248306904,-0.1128351742243355,-0.1128351742243355,-0.0252935276317405,-0.0162170376162523,0 days 00:02:41.705158
551,ExpGrad.01,1,0.587221,-0.0059250604228559,-0.0170013800316393,-0.0170013800316393,-0.0111200616200473,-0.0027177518210784,0 days 00:03:39.665040
552,RedGrid25,1,0.705737,-0.0563084054112067,-0.1447508244698749,-0.1447508244698749,-0.054556837069421,-0.0545734500434827,0 days 00:11:00.058137
553,RedGrid5,1,0.705737,-0.0563084054112067,-0.1447508244698749,-0.1447508244698749,-0.054556837069421,-0.0545734500434827,0 days 00:11:00.140813
554,RedGrid75,1,0.705737,-0.0563084054112067,-0.1447508244698749,-0.1447508244698749,-0.054556837069421,-0.0545734500434827,0 days 00:10:59.754691
555,ExpGrad.1,1,0.703004,-0.0153642788800979,-0.1026441835651678,-0.1026441835651678,-0.024487882992109,-0.0075830276162274,0 days 00:02:39.175410
556,ExpGrad.01,1,0.591819,-0.001678575623933,-0.0193650953004919,-0.0193650953004919,-0.0037109071357073,0.0,0 days 00:02:50.116187
557,RedGrid25,1,0.705754,-0.0592194904623401,-0.141552092707539,-0.141552092707539,-0.0588330511888711,-0.056866590425647,0 days 00:13:06.330274
558,RedGrid5,1,0.705754,-0.0592194904623401,-0.141552092707539,-0.141552092707539,-0.0588330511888711,-0.056866590425647,0 days 00:13:01.933986
559,RedGrid75,1,0.700183,-0.0051044681814379,-0.1070689712638808,-0.1070689712638808,0.0,-0.0047559552994,0 days 00:13:01.518432
560,ExpGrad.1,0,0.706941,-0.08085286742034,-0.0995081630756026,-0.0995081630756026,-0.0702609164895271,-0.0703383709647891,0 days 00:02:38.084178
561,ExpGrad.01,0,0.690215,-0.0199056390911707,-0.0269526520211876,-0.0269526520211876,-0.0182611795081799,-0.0146306397843005,0 days 00:06:18.473097
562,RedGrid25,0,0.686601,-0.127579638951101,-0.1576111802133568,-0.1576111802133568,-0.1084274575578583,-0.1118151315266452,0 days 00:09:40.636211
563,RedGrid5,0,0.686601,-0.127579638951101,-0.1576111802133568,-0.1576111802133568,-0.1084274575578583,-0.1118151315266452,0 days 00:09:54.935152
564,RedGrid75,0,0.667895,-0.0528456128894097,-0.1118010879760765,-0.1118010879760765,-0.0012464905920521,-0.0296402960582312,0 days 00:09:31.564307
565,ExpGrad.1,2,0.70206,-0.0533091540461624,-0.0863010040387213,-0.0863010040387213,-0.0486531458634584,-0.0271986587092268,0 days 00:02:12.821762
566,ExpGrad.01,2,0.629852,-0.0047341573632833,-0.0136666984847662,-0.0136666984847662,0.0,0.0,0 days 00:03:31.956703
567,RedGrid25,2,0.730576,-0.1035029120222367,-0.1273860870953614,-0.1273860870953614,-0.1064199337172586,-0.0803741124365872,0 days 00:12:21.146956
568,RedGrid5,2,0.671465,-0.0329712453651751,-0.0579195408078125,-0.0449216009935134,-0.0579195408078125,-0.0056069315457011,0 days 00:12:21.122924
569,RedGrid75,2,0.648465,-0.0108554199757356,-0.0313377313742257,-0.0313377313742257,0.0,0.0,0 days 00:12:25.134948
570,ExpGrad.1,0,0.706554,-0.0812849495493834,-0.0995967642119586,-0.0995967642119586,-0.071613314626264,-0.0705141172238854,0 days 00:03:18.890575
571,ExpGrad.01,0,0.689389,-0.0139564148993225,-0.0191562785618093,-0.0191562785618093,-0.0110558494675601,-0.0109832862924941,0 days 00:09:19.354770
572,RedGrid25,0,0.682868,-0.1152694046522071,-0.1499950418566608,-0.1499950418566608,-0.0961234268970759,-0.0952899779826559,0 days 00:12:32.865985
573,RedGrid5,0,0.682868,-0.1152694046522071,-0.1499950418566608,-0.1499950418566608,-0.0961234268970759,-0.0952899779826559,0 days 00:12:51.600005
574,RedGrid75,0,0.682868,-0.1152694046522071,-0.1499950418566608,-0.1499950418566608,-0.0961234268970759,-0.0952899779826559,0 days 00:12:31.496289
575,ExpGrad.1,2,0.7163,-0.0613630611512831,-0.0898600728012987,-0.0898600728012987,-0.0568471972985222,-0.039240417044431,0 days 00:03:24.298023
576,ExpGrad.01,2,0.627219,-0.0090217632394134,-0.0200262733903306,-0.0200262733903306,-0.0068999069498936,-0.0007282403392593,0 days 00:03:51.174516
577,RedGrid25,2,0.691292,-0.0355804853407743,-0.0797263684488079,-0.0797263684488079,0.0,-0.020172494811077,0 days 00:13:17.560326
578,RedGrid5,2,0.691292,-0.0355804853407743,-0.0797263684488079,-0.0797263684488079,0.0,-0.020172494811077,0 days 00:13:20.212701
579,RedGrid75,2,0.659417,-0.0137187475069755,-0.0395696646326163,-0.0395696646326163,0.0,0.0,0 days 00:13:08.067500
580,ExpGrad.1,0,0.706628,-0.080548596499299,-0.097836667843962,-0.097836667843962,-0.071166717707379,-0.0705506599543632,0 days 00:02:56.013399
581,ExpGrad.01,0,0.685748,-0.0108227363215996,-0.016800749869149,-0.016800749869149,-0.0076927089063691,-0.0073023284135975,0 days 00:06:49.392546
582,RedGrid25,0,0.690958,-0.0200114305128494,-0.0261788533872747,-0.0261788533872747,-0.0052969504445289,-0.0227440597344941,0 days 00:15:38.632256
583,RedGrid5,0,0.690958,-0.0200114305128494,-0.0261788533872747,-0.0261788533872747,-0.0052969504445289,-0.0227440597344941,0 days 00:15:50.395614
584,RedGrid75,0,0.690958,-0.0200114305128494,-0.0261788533872747,-0.0261788533872747,-0.0052969504445289,-0.0227440597344941,0 days 00:15:58.434152
585,ExpGrad.1,2,0.689278,-0.0522325836974547,-0.0812124088656396,-0.0812124088656396,-0.0397072905238558,-0.0347693682183697,0 days 00:02:55.088622
586,ExpGrad.01,2,0.611765,-0.0078045097157102,-0.0133674898168425,-0.0133674898168425,0.0,-0.008006094939292,0 days 00:03:51.744974
587,RedGrid25,2,0.716338,-0.0671434175804297,-0.110303765717254,-0.110303765717254,-0.0850106986219859,-0.017100274540459,0 days 00:13:23.273497
588,RedGrid5,2,0.649812,-0.0188211865681687,-0.0540029047671786,-0.0540029047671786,0.0,0.0,0 days 00:13:17.572615
589,RedGrid75,2,0.649812,-0.0188211865681687,-0.0540029047671786,-0.0540029047671786,0.0,0.0,0 days 00:13:22.314747
590,ExpGrad.1,0,0.706298,-0.0836112092604208,-0.1009093901565907,-0.1009093901565907,-0.0749066836574782,-0.0732851698044467,0 days 00:02:38.401290
591,ExpGrad.01,0,0.686153,-0.0110444430305108,-0.0164504315759396,-0.0164504315759396,-0.0083483818837748,-0.007803977978873,0 days 00:04:00.927972
592,RedGrid25,0,0.686094,-0.1234135944145502,-0.153481391832906,-0.153481391832906,-0.1016570730396367,-0.1091236746635062,0 days 00:09:39.269556
593,RedGrid5,0,0.686094,-0.1234135944145502,-0.153481391832906,-0.153481391832906,-0.1016570730396367,-0.1091236746635062,0 days 00:09:45.891286
594,RedGrid75,0,0.686094,-0.1234135944145502,-0.153481391832906,-0.153481391832906,-0.1016570730396367,-0.1091236746635062,0 days 00:09:49.296739
595,ExpGrad.1,2,0.700067,-0.0501197716756282,-0.0870217474502819,-0.0870217474502819,-0.039447774480324,-0.0243449551759833,0 days 00:03:01.050069
596,ExpGrad.01,2,0.62394,-0.0050234729483541,-0.0086741922593216,-0.0086741922593216,-0.0047371327629255,-0.0019580396943611,0 days 00:05:47.645342
597,RedGrid25,2,0.723399,-0.0860436576207502,-0.1168320581662578,-0.1168320581662578,-0.0928565074170791,-0.0540087216037235,0 days 00:11:36.167685
598,RedGrid5,2,0.685652,-0.0332338215539696,-0.0809529598142647,-0.0809529598142647,0.0,-0.0129240143153673,0 days 00:11:31.326078
599,RedGrid75,2,0.673675,-0.0250871310448869,-0.0720430661960491,-0.0720430661960491,0.0,0.0,0 days 00:11:08.858715
600,ExpGrad.1,2,0.706935,-0.0472984942546586,-0.0918580400379702,-0.0918580400379702,-0.0396622659761137,-0.0128333557490002,0 days 00:02:16.328832
601,ExpGrad.01,2,0.61053,-0.0054971247362119,-0.0209607797052794,0.0,-0.0209607797052794,0.0,0 days 00:02:18.280644
602,RedGrid25,2,0.712343,-0.0631779976015236,-0.1069686196225861,-0.1069686196225861,-0.0245738515919243,-0.0501860797638613,0 days 00:10:33.998909
603,RedGrid5,2,0.667105,-0.0218825579173994,-0.0370065378012813,-0.0370065378012813,-0.0344192173317325,-2.836486467638899e-05,0 days 00:10:34.105144
604,RedGrid75,2,0.667105,-0.0218825579173994,-0.0370065378012813,-0.0370065378012813,-0.0344192173317325,-2.836486467638899e-05,0 days 00:10:34.806863
605,ExpGrad.1,1,0.707884,-0.0100284746907512,-0.1062351405300082,-0.1062351405300082,-0.0172984054660189,-0.003044562091959,0 days 00:02:22.735729
606,ExpGrad.01,1,0.593273,-1.3235847571566652e-05,-0.0006865804116573,-0.0006865804116573,0.0,0.0,0 days 00:02:54.673235
607,RedGrid25,1,0.699367,-0.002064271069838,-0.1070795106424702,-0.1070795106424702,0.0,0.0,0 days 00:11:26.649333
608,RedGrid5,1,0.699367,-0.002064271069838,-0.1070795106424702,-0.1070795106424702,0.0,0.0,0 days 00:11:31.771166
609,RedGrid75,1,0.699367,-0.002064271069838,-0.1070795106424702,-0.1070795106424702,0.0,0.0,0 days 00:11:31.447378
610,ExpGrad.1,0,0.707165,-0.0820281117653164,-0.098016471380256,-0.098016471380256,-0.0750394604510913,-0.0718963757827393,0 days 00:02:19.158789
611,ExpGrad.01,0,0.686439,-0.0093893520523246,-0.0135626267505475,-0.0135626267505475,-0.0074620441789112,-0.0068018442252367,0 days 00:04:56.478303
612,RedGrid25,0,0.691309,-0.0216763046120097,-0.0262469838325797,-0.0262469838325797,-0.0076219146545833,-0.0254519176408437,0 days 00:10:08.763779
613,RedGrid5,0,0.691309,-0.0216763046120097,-0.0262469838325797,-0.0262469838325797,-0.0076219146545833,-0.0254519176408437,0 days 00:10:07.439096
614,RedGrid75,0,0.691309,-0.0216763046120097,-0.0262469838325797,-0.0262469838325797,-0.0076219146545833,-0.0254519176408437,0 days 00:10:04.298605
615,ExpGrad.1,1,0.711699,-0.0446860266958535,-0.1240612701622513,-0.1240612701622513,-0.0555633691911212,-0.0362710817683821,0 days 00:02:27.622175
616,ExpGrad.01,1,0.588171,-0.0001512321734476,-0.0078705750179928,-0.0078705750179928,0.0,0.0,0 days 00:02:33.945555
617,RedGrid25,1,0.707155,-0.0684886113611812,-0.1424720681916568,-0.1424720681916568,-0.0848259733982442,-0.0572248876213132,0 days 00:11:33.032652
618,RedGrid5,1,0.698816,-0.0030666241859833,-0.1015491776780602,-0.1015491776780602,-0.0031982460676442,0.0,0 days 00:11:36.466707
619,RedGrid75,1,0.698816,-0.0030666241859833,-0.1015491776780602,-0.1015491776780602,-0.0031982460676442,0.0,0 days 00:11:35.247505
620,ExpGrad.1,1,0.712417,-0.0504236823470734,-0.1154636333839316,-0.1154636333839316,-0.0619621821162498,-0.0420305065352442,0 days 00:02:49.135485
621,ExpGrad.01,1,0.580982,-0.0028040414531417,-0.0142361748056672,-0.0142361748056672,-0.0061583535380665,-0.0005943920811134,0 days 00:03:10.420302
622,RedGrid25,1,0.693486,-0.001512867889805,-0.0778130339694778,-0.0778130339694778,0.0,0.0,0 days 00:11:46.151011
623,RedGrid5,1,0.685062,-0.0008180915397826,-0.0420778213380228,-0.0420778213380228,0.0,0.0,0 days 00:11:46.932165
624,RedGrid75,1,0.685062,-0.0008180915397826,-0.0420778213380228,-0.0420778213380228,0.0,0.0,0 days 00:11:43.756521
625,ExpGrad.1,1,0.712483,-0.0492307074491272,-0.1267913394144835,-0.1267913394144835,-0.0412216014121243,-0.0512366869711252,0 days 00:02:15.856598
626,ExpGrad.01,1,0.602185,-0.0176169916887647,-0.0285056511882442,-0.0285056511882442,-0.0174951234661404,-0.0173428676449214,0 days 00:04:28.897415
627,RedGrid25,1,0.706701,-0.0645776775375655,-0.1412451895732207,-0.1412451895732207,-0.0704377109113013,-0.0589234173968554,0 days 00:11:40.600344
628,RedGrid5,1,0.702346,-0.0067104357487552,-0.1047320646740208,-0.1047320646740208,0.0,-0.007354449803348,0 days 00:11:39.144225
629,RedGrid75,1,0.702346,-0.0067104357487552,-0.1047320646740208,-0.1047320646740208,0.0,-0.007354449803348,0 days 00:11:31.786644
630,ExpGrad.1,1,0.712646,-0.0495734048263019,-0.1232344510230256,-0.1232344510230256,-0.0504814672088844,-0.0468052351573725,0 days 00:02:58.782358
631,ExpGrad.01,1,0.601193,-0.0091992263944723,-0.0155594179974281,-0.0155594179974281,-0.0146579050784645,-0.0059819535119302,0 days 00:04:15.986448
632,RedGrid25,1,0.705259,-0.0598343653174863,-0.1336303788234964,-0.1336303788234964,-0.0642633621340613,-0.0551130261952914,0 days 00:14:04.821984
633,RedGrid5,1,0.699463,-0.002420274727879,-0.0972067794441621,-0.0972067794441621,0.0,-0.0008447788445613,0 days 00:13:51.555430
634,RedGrid75,1,0.699463,-0.002420274727879,-0.0972067794441621,-0.0972067794441621,0.0,-0.0008447788445613,0 days 00:13:41.214984
635,ExpGrad.1,2,0.713534,-0.0503653059910424,-0.0926130844345181,-0.0926130844345181,-0.0221987063921128,-0.0313017135919471,0 days 00:02:30.094175
636,ExpGrad.01,2,0.614589,-0.0027608982654431,-0.0078951756406062,-0.0078951756406062,0.0,0.0,0 days 00:04:28.159874
637,RedGrid25,2,0.720254,-0.071919284749964,-0.1000514945871157,-0.1000514945871157,-0.0672424697343833,-0.0497811830258166,0 days 00:16:14.945274
638,RedGrid5,2,0.684698,-0.0271319936768398,-0.073718854502556,-0.073718854502556,0.0,-0.0034759790686206,0 days 00:14:18.048739
639,RedGrid75,2,0.67,-0.0284953482298061,-0.0525688357134579,-0.0525688357134579,0.0,-0.0259808695181928,0 days 00:14:42.255543
640,ExpGrad.1,2,0.70155,-0.0514782368385435,-0.0850594328049588,-0.0850594328049588,-0.0376015894313627,-0.0308406601390985,0 days 00:02:12.358532
641,ExpGrad.01,2,0.639884,-0.012239304994479,-0.0165241866624982,-0.0165241866624982,0.0,-0.0165219935506634,0 days 00:04:23.049878
642,RedGrid25,2,0.72328,-0.0894494244741212,-0.1118275186587334,-0.1118275186587334,-0.0823683978039153,-0.0742657267448987,0 days 00:13:09.574889
643,RedGrid5,2,0.702369,-0.0544541311614116,-0.0766719738088136,-0.0766719738088136,-0.0661447149110757,-0.0270114457873052,0 days 00:13:06.934076
644,RedGrid75,2,0.68119,-0.0332612082339896,-0.079964152980124,-0.079964152980124,0.0,-0.0137835753919172,0 days 00:12:48.717724
645,ExpGrad.1,2,0.686894,-0.0447181856311097,-0.0822168365745708,-0.0822168365745708,-0.0392932558056106,-0.0146122802283951,0 days 00:03:33.483719
646,ExpGrad.01,2,0.62689,-0.0093861629233032,-0.0151821846984467,-0.0151821846984467,-0.0014794956565336,-0.0094720485948027,0 days 00:04:02.553678
647,RedGrid25,2,0.687134,-0.0488521452614803,-0.0911863067788997,-0.0911863067788997,0.0,-0.0435131758015733,0 days 00:13:44.283459
648,RedGrid5,2,0.687134,-0.0488521452614803,-0.0911863067788997,-0.0911863067788997,0.0,-0.0435131758015733,0 days 00:13:32.518279
649,RedGrid75,2,0.650521,-0.0151958268926568,-0.0434056082626322,-0.0434056082626322,0.0,0.0,0 days 00:13:09.748347
650,ExpGrad.1,2,0.719816,-0.0685420940117532,-0.0993054629772948,-0.0993054629772948,-0.0558364747722354,-0.0491431967448448,0 days 00:02:09.102163
651,ExpGrad.01,2,0.616122,-0.0081011389486827,-0.0162419419286324,-0.0162419419286324,-0.0092252934685042,0.0,0 days 00:03:00.626280
652,RedGrid25,2,0.731424,-0.09428340551562,-0.1151496180183178,-0.1151496180183178,-0.1007083348248343,-0.0711748686922789,0 days 00:12:09.622167
653,RedGrid5,2,0.709937,-0.0590676533843181,-0.1002955053106392,-0.1002955053106392,-0.0167467205282232,-0.0498011494916909,0 days 00:12:06.253952
654,RedGrid75,2,0.676047,-0.0349617729560865,-0.0556871847402207,-0.0556871847402207,0.0,-0.0393570924938981,0 days 00:12:03.575299
655,ExpGrad.1,0,0.707253,-0.0755457360611832,-0.0942076901254006,-0.0942076901254006,-0.0624581208899139,-0.0664336590172423,0 days 00:03:12.892683
656,ExpGrad.01,0,0.685693,-0.0144883429661094,-0.0196954497951575,-0.0196954497951575,-0.014260897760001,-0.0100590423832621,0 days 00:06:02.806518
657,RedGrid25,0,0.683611,-0.1134971628745288,-0.1487619598431437,-0.1487619598431437,-0.0931905921945551,-0.0938404034819611,0 days 00:12:22.873550
658,RedGrid5,0,0.683611,-0.1134971628745288,-0.1487619598431437,-0.1487619598431437,-0.0931905921945551,-0.0938404034819611,0 days 00:12:13.717809
659,RedGrid75,0,0.683611,-0.1134971628745288,-0.1487619598431437,-0.1487619598431437,-0.0931905921945551,-0.0938404034819611,0 days 00:12:08.642806
660,ExpGrad.1,0,0.70649,-0.0774936784396463,-0.0950611513831963,-0.0950611513831963,-0.0661767085688611,-0.0683722778869988,0 days 00:03:19.267302
661,ExpGrad.01,0,0.686981,-0.0131012349236866,-0.0176013186050724,-0.0176013186050724,-0.0121855198442756,-0.0096674277808412,0 days 00:06:47.280401
662,RedGrid25,0,0.682635,-0.1136732479061512,-0.1474765434639032,-0.1474765434639032,-0.0952053234915994,-0.0942915549942114,0 days 00:11:53.721015
663,RedGrid5,0,0.682635,-0.1136732479061512,-0.1474765434639032,-0.1474765434639032,-0.0952053234915994,-0.0942915549942114,0 days 00:12:03.461193
664,RedGrid75,0,0.682635,-0.1136732479061512,-0.1474765434639032,-0.1474765434639032,-0.0952053234915994,-0.0942915549942114,0 days 00:11:52.476129
665,ExpGrad.1,2,0.707207,-0.0513893881275962,-0.0921246403430454,-0.0921246403430454,-0.0323787196878277,-0.0278780809614219,0 days 00:02:34.430930
666,ExpGrad.01,2,0.626795,-0.0074355619138838,-0.0100819537056285,-0.0100819537056285,-0.0081099405400892,-0.0046447401670847,0 days 00:03:50.599211
667,RedGrid25,2,0.725977,-0.0938174046852927,-0.1286707136210267,-0.1286707136210267,-0.0807741004063783,-0.0715688982209693,0 days 00:11:55.246703
668,RedGrid5,2,0.667784,-0.0270622293549687,-0.0477601690839384,-0.0399747625449107,-0.0477601690839384,-0.0019270915334907,0 days 00:11:53.406294
669,RedGrid75,2,0.628667,-0.0141417298169778,-0.0392854606983567,-0.0113256094211839,-0.0392854606983567,0.0,0 days 00:12:01.436142
670,ExpGrad.1,0,0.706427,-0.0838040425871233,-0.1010513630848989,-0.1010513630848989,-0.0745109874745337,-0.0738288715281142,0 days 00:03:55.581657
671,ExpGrad.01,0,0.688733,-0.0181297705716876,-0.0224374983667293,-0.0224374983667293,-0.0167553784937598,-0.015114023395906,0 days 00:08:49.622285
672,RedGrid25,0,0.69084,-0.0244648219669028,-0.0296286387373343,-0.0296286387373343,-0.009818835910357,-0.0280491968241788,0 days 00:16:06.117481
673,RedGrid5,0,0.69084,-0.0244648219669028,-0.0296286387373343,-0.0296286387373343,-0.009818835910357,-0.0280491968241788,0 days 00:15:48.430048
674,RedGrid75,0,0.69084,-0.0244648219669028,-0.0296286387373343,-0.0296286387373343,-0.009818835910357,-0.0280491968241788,0 days 00:15:50.797753
675,ExpGrad.1,2,0.70641,-0.0522478579476848,-0.0929104649439049,-0.0929104649439049,-0.0260175844544845,-0.0335793995252119,0 days 00:02:29.787326
676,ExpGrad.01,2,0.62581,-0.0032472522730532,-0.0074990245202447,-0.0037614048387416,-0.0074990245202447,0.0,0 days 00:05:07.214222
677,RedGrid25,2,0.710789,-0.0590256795920517,-0.0988228048112399,-0.0988228048112399,-0.0578175973432019,-0.0246824136082004,0 days 00:11:17.575212
678,RedGrid5,2,0.681015,-0.0359044690145435,-0.0860701511119739,-0.0860701511119739,0.0,-0.0152014306788818,0 days 00:11:24.570994
679,RedGrid75,2,0.660251,-0.013455767073485,-0.0387087100265035,-0.0387087100265035,0.0,0.0,0 days 00:11:12.123896
680,ExpGrad.1,2,0.70539,-0.0474864541235539,-0.081555235780921,-0.081555235780921,-0.0291943596186154,-0.0295419247144417,0 days 00:03:09.265178
681,ExpGrad.01,2,0.620135,-0.0085156194001215,-0.0153043937384711,-0.0153043937384711,0.0,-0.008209556068251,0 days 00:02:30.680103
682,RedGrid25,2,0.719238,-0.0793895814325372,-0.0936145583258425,-0.0936145583258425,-0.0873257738875507,-0.0614422403414342,0 days 00:11:03.516902
683,RedGrid5,2,0.671755,-0.0277687909877929,-0.0729088178300048,-0.0729088178300048,0.0,-0.0063641774470541,0 days 00:10:28.563580
684,RedGrid75,2,0.648432,-0.012351557803463,-0.0356207124817115,-0.0356207124817115,0.0,0.0,0 days 00:10:37.363912
685,ExpGrad.1,0,0.706859,-0.0794135081498307,-0.0968677463813435,-0.0968677463813435,-0.0706739500136716,-0.0689427861199318,0 days 00:03:34.638876
686,ExpGrad.01,0,0.687871,-0.009087342781855,-0.0149506374740135,-0.0149506374740135,-0.0059499461745056,-0.0056817653651131,0 days 00:07:44.267117
687,RedGrid25,0,0.696734,-0.0629439301304634,-0.076917946155258,-0.0583322312914893,-0.076917946155258,-0.0592413224609368,0 days 00:11:18.485952
688,RedGrid5,0,0.696734,-0.0629439301304634,-0.076917946155258,-0.0583322312914893,-0.076917946155258,-0.0592413224609368,0 days 00:11:07.351647
689,RedGrid75,0,0.696734,-0.0629439301304634,-0.076917946155258,-0.0583322312914893,-0.076917946155258,-0.0592413224609368,0 days 00:11:22.668551
690,ExpGrad.1,1,0.712324,-0.0546221013350613,-0.1342196289846263,-0.1342196289846263,-0.0563041455505647,-0.0512367883165876,0 days 00:02:53.944447
691,ExpGrad.01,1,0.601683,-0.016293943869967,-0.0249921682739636,-0.0249921682739636,-0.0090909519795993,-0.0200130015712238,0 days 00:05:04.907569
692,RedGrid25,1,0.706199,-0.06576269025042,-0.1443795179138465,-0.1443795179138465,-0.0693552371227926,-0.0613500477610255,0 days 00:13:50.884756
693,RedGrid5,1,0.706199,-0.06576269025042,-0.1443795179138465,-0.1443795179138465,-0.0693552371227926,-0.0613500477610255,0 days 00:13:46.237534
694,RedGrid75,1,0.706199,-0.06576269025042,-0.1443795179138465,-0.1443795179138465,-0.0693552371227926,-0.0613500477610255,0 days 00:13:49.576233
695,ExpGrad.1,1,0.712718,-0.0479896423237925,-0.1249117669377969,-0.1249117669377969,-0.0456696374433652,-0.0469149465110644,0 days 00:02:15.309753
696,ExpGrad.01,1,0.611313,-0.0005610991257884,-0.0290043975633341,-0.0290043975633341,0.0,0.0,0 days 00:02:54.832683
697,RedGrid25,1,0.704293,-0.0639326496249752,-0.1416435424226515,-0.1416435424226515,-0.0684133865538429,-0.0590821308939336,0 days 00:11:49.787378
698,RedGrid5,1,0.696114,-0.0062509830084255,-0.103308806398489,-0.103308806398489,0.0,-0.0067284975839005,0 days 00:11:45.838224
699,RedGrid75,1,0.696114,-0.0062509830084255,-0.103308806398489,-0.103308806398489,0.0,-0.0067284975839005,0 days 00:11:45.042145
700,ExpGrad.1,2,0.709163,-0.0656812263077481,-0.0909536372622091,-0.0909536372622091,-0.0481994200168684,-0.0550020986366051,0 days 00:03:27.509948
701,ExpGrad.01,2,0.629063,-0.0067635466506707,-0.009397392378283,-0.009397392378283,-0.0090245036460083,-0.0029482046518005,0 days 00:07:48.856780
702,RedGrid25,2,0.716487,-0.0766470585553071,-0.1017408034523081,-0.083796770659287,-0.1017408034523081,-0.053743317259519,0 days 00:13:54.627679
703,RedGrid5,2,0.679891,-0.0382259842691038,-0.0541550058570254,-0.0541550058570254,0.0,-0.0495030294018652,0 days 00:13:48.793525
704,RedGrid75,2,0.656633,-0.0117431825747271,-0.0339099467144684,-0.0339099467144684,0.0,0.0,0 days 00:13:43.342176
705,ExpGrad.1,1,0.711964,-0.0407341471495315,-0.1216045061670296,-0.1216045061670296,-0.0349161379063861,-0.0414278327013993,0 days 00:02:24.950941
706,ExpGrad.01,1,0.602218,-0.0002618260419462,-0.0132561479551439,-0.0132561479551439,0.0,0.0,0 days 00:05:00.860245
707,RedGrid25,1,0.702174,-0.039892671845087,-0.1167605768262163,-0.1167605768262163,-0.039606399059014,-0.0376435630923764,0 days 00:10:54.632716
708,RedGrid5,1,0.702174,-0.039892671845087,-0.1167605768262163,-0.1167605768262163,-0.039606399059014,-0.0376435630923764,0 days 00:10:55.156753
709,RedGrid75,1,0.702174,-0.039892671845087,-0.1167605768262163,-0.1167605768262163,-0.039606399059014,-0.0376435630923764,0 days 00:10:54.468311
710,ExpGrad.1,2,0.713428,-0.0576448881887747,-0.0908491705646417,-0.0908491705646417,-0.0456442331261593,-0.0361401256608238,0 days 00:02:14.527627
711,ExpGrad.01,2,0.625382,-0.0044245284242999,-0.0071293633641346,-0.0071293633641346,0.0,-0.0049879412026933,0 days 00:04:41.625422
712,RedGrid25,2,0.718645,-0.0757329192470529,-0.0965231109848215,-0.0965231109848215,-0.0859166097569554,-0.0503812263732044,0 days 00:11:48.117187
713,RedGrid5,2,0.69772,-0.0430917430055557,-0.0958771944704006,-0.0958771944704006,-0.0043551614406368,-0.0221094648590219,0 days 00:11:43.585346
714,RedGrid75,2,0.641806,-0.0152710109984262,-0.0344244904286602,-0.0179734563533047,-0.0344244904286602,0.0,0 days 00:11:42.730437
715,ExpGrad.1,1,0.709401,-0.0206692280084395,-0.1121667709977506,-0.1121667709977506,-0.0040563696744453,-0.0270699883467759,0 days 00:02:48.171366
716,ExpGrad.01,1,0.5848,-0.0038125837229439,-0.0107131858793387,-0.0107131858793387,0.0,-0.0057200133397607,0 days 00:03:16.099725
717,RedGrid25,1,0.701329,-0.0133141088872074,-0.1160380587609912,-0.1160380587609912,0.0,-0.0175296322074385,0 days 00:13:23.220366
718,RedGrid5,1,0.701329,-0.0133141088872074,-0.1160380587609912,-0.1160380587609912,0.0,-0.0175296322074385,0 days 00:13:22.623073
719,RedGrid75,1,0.701329,-0.0133141088872074,-0.1160380587609912,-0.1160380587609912,0.0,-0.0175296322074385,0 days 00:13:04.160724
720,ExpGrad.1,1,0.711356,-0.0283832852322735,-0.1120894811911488,-0.1120894811911488,-0.0201453997965721,-0.0303423121364023,0 days 00:02:58.395379
721,ExpGrad.01,1,0.611883,-0.0002015223137088,-0.0103390324178161,-0.0103390324178161,0.0,0.0,0 days 00:05:08.719673
722,RedGrid25,1,0.699521,-0.0101511604676065,-0.1131190190291326,-0.1131190190291326,0.0,-0.0125707082850116,0 days 00:14:03.373516
723,RedGrid5,1,0.699521,-0.0101511604676065,-0.1131190190291326,-0.1131190190291326,0.0,-0.0125707082850116,0 days 00:13:56.197906
724,RedGrid75,1,0.699521,-0.0101511604676065,-0.1131190190291326,-0.1131190190291326,0.0,-0.0125707082850116,0 days 00:13:54.631562
725,ExpGrad.1,0,0.70717,-0.0842346883398143,-0.1006323405049641,-0.1006323405049641,-0.0761966012976929,-0.0742725064967422,0 days 00:03:34.113044
726,ExpGrad.01,0,0.68531,-0.0111354432430194,-0.015482801158154,-0.015482801158154,-0.0080525691344188,-0.0090206396228201,0 days 00:06:23.502783
727,RedGrid25,0,0.686214,-0.1259139944799444,-0.1541497776752682,-0.1541497776752682,-0.1046538563195832,-0.1128626380974628,0 days 00:14:04.564582
728,RedGrid5,0,0.686214,-0.1259139944799444,-0.1541497776752682,-0.1541497776752682,-0.1046538563195832,-0.1128626380974628,0 days 00:13:59.950544
729,RedGrid75,0,0.686214,-0.1259139944799444,-0.1541497776752682,-0.1541497776752682,-0.1046538563195832,-0.1128626380974628,0 days 00:13:52.599437
730,ExpGrad.1,0,0.706406,-0.079487468563082,-0.0979329508556232,-0.0979329508556232,-0.0687357102965914,-0.0692651889806799,0 days 00:03:35.287059
731,ExpGrad.01,0,0.687824,-0.0151806774727989,-0.0210507092545669,-0.0210507092545669,-0.0110350244681094,-0.0123274004324638,0 days 00:08:27.186206
732,RedGrid25,0,0.683225,-0.1156428387771883,-0.1517770055783294,-0.1517770055783294,-0.0970767470591792,-0.0942392024458765,0 days 00:15:48.552544
733,RedGrid5,0,0.683225,-0.1156428387771883,-0.1517770055783294,-0.1517770055783294,-0.0970767470591792,-0.0942392024458765,0 days 00:15:47.352930
734,RedGrid75,0,0.683225,-0.1156428387771883,-0.1517770055783294,-0.1517770055783294,-0.0970767470591792,-0.0942392024458765,0 days 00:16:05.261798
735,ExpGrad.1,1,0.709057,-0.0235898901368616,-0.0998870873249059,-0.0998870873249059,-0.0351918373315717,-0.0147678523480047,0 days 00:02:46.495991
736,ExpGrad.01,1,0.585072,-4.140681959802965e-05,-0.002095582295552,-0.002095582295552,0.0,0.0,0 days 00:03:40.523435
737,RedGrid25,1,0.706354,-0.0640039800575914,-0.1317677413299272,-0.1317677413299272,-0.0584515585911431,-0.0649588092456988,0 days 00:11:25.105547
738,RedGrid5,1,0.706354,-0.0640039800575914,-0.1317677413299272,-0.1317677413299272,-0.0584515585911431,-0.0649588092456988,0 days 00:11:25.134023
739,RedGrid75,1,0.695563,-0.0016896226234926,-0.0855111136360715,-0.0855111136360715,0.0,0.0,0 days 00:11:30.684926
740,ExpGrad.1,2,0.669694,-0.0379567747266333,-0.055588578955825,-0.055588578955825,-0.0175697161098178,-0.0358926712152717,0 days 00:02:29.095083
741,ExpGrad.01,2,0.611635,-0.0027893204902701,-0.0058301019272731,-0.0036673075990467,-0.0058301019272731,0.0,0 days 00:04:36.619776
742,RedGrid25,2,0.722785,-0.1041223603349408,-0.1318141362350957,-0.1189171901427841,-0.1318141362350957,-0.0727173268648596,0 days 00:10:52.101217
743,RedGrid5,2,0.655268,-0.0092236402147385,-0.0265895860891485,-0.0265895860891485,0.0,0.0,0 days 00:10:45.440438
744,RedGrid75,2,0.580584,0.0,0.0,0.0,0.0,0.0,0 days 00:10:43.299457
745,ExpGrad.1,1,0.708151,-0.0186510891188726,-0.0982302568619489,-0.0982302568619489,-0.0179344724826382,-0.0165723820325566,0 days 00:03:34.331580
746,ExpGrad.01,1,0.582532,0.0,0.0,0.0,0.0,0.0,0 days 00:03:44.855405
747,RedGrid25,1,0.702729,-0.0220888415516065,-0.1148936248875143,-0.1148936248875143,-0.0090664408134946,-0.0264087518771808,0 days 00:15:04.323474
748,RedGrid5,1,0.702729,-0.0220888415516065,-0.1148936248875143,-0.1148936248875143,-0.0090664408134946,-0.0264087518771808,0 days 00:14:59.879611
749,RedGrid75,1,0.702729,-0.0220888415516065,-0.1148936248875143,-0.1148936248875143,-0.0090664408134946,-0.0264087518771808,0 days 00:14:52.231267
750,ExpGrad.1,1,0.711489,-0.0312932492778809,-0.1177499536354375,-0.1177499536354375,-0.0289440707390687,-0.0299413522651854,0 days 00:02:09.618991
751,ExpGrad.01,1,0.599614,-0.0090675026445747,-0.0194586088353672,-0.0194586088353672,-0.0081749159243706,-0.0092440823168221,0 days 00:04:17.155581
752,RedGrid25,1,0.701229,-0.0028657336666158,-0.1080223928716803,-0.1080223928716803,0.0,-0.0012261233526734,0 days 00:11:05.116108
753,RedGrid5,1,0.701229,-0.0028657336666158,-0.1080223928716803,-0.1080223928716803,0.0,-0.0012261233526734,0 days 00:11:21.674859
754,RedGrid75,1,0.701229,-0.0028657336666158,-0.1080223928716803,-0.1080223928716803,0.0,-0.0012261233526734,0 days 00:11:47.936357
755,ExpGrad.1,0,0.706161,-0.0846873388082106,-0.1020834821471452,-0.1020834821471452,-0.0756659291686021,-0.074405847309304,0 days 00:03:15.395804
756,ExpGrad.01,0,0.683841,-0.0156664409560587,-0.0208472658989247,-0.0208472658989247,-0.0129497186192676,-0.0126210476833663,0 days 00:07:23.319264
757,RedGrid25,0,0.69536,-0.0717493650033271,-0.0921950701121833,-0.0643445077270805,-0.0921950701121833,-0.066950429690164,0 days 00:13:49.695077
758,RedGrid5,0,0.69536,-0.0717493650033271,-0.0921950701121833,-0.0643445077270805,-0.0921950701121833,-0.066950429690164,0 days 00:13:51.249311
759,RedGrid75,0,0.69536,-0.0717493650033271,-0.0921950701121833,-0.0643445077270805,-0.0921950701121833,-0.066950429690164,0 days 00:14:01.953150
760,ExpGrad.1,2,0.716447,-0.0622529333337258,-0.0940123710060212,-0.0940123710060212,-0.0516417441465944,-0.0412043377302271,0 days 00:02:31.582478
761,ExpGrad.01,2,0.628706,-0.010048463558669,-0.0149288065055947,-0.0077740228077335,-0.0057056193911054,-0.0149288065055947,0 days 00:03:40.747978
762,RedGrid25,2,0.702107,-0.0539233681623087,-0.0958586117145584,-0.0958586117145584,0.0,-0.0525130345912838,0 days 00:11:19.416238
763,RedGrid5,2,0.685693,-0.033652644383638,-0.0718018956554863,-0.0718018956554863,0.0,-0.0221885458985239,0 days 00:11:22.298139
764,RedGrid75,2,0.657912,-0.021536545074789,-0.0301077786552642,-0.0301077786552642,0.0,-0.028198783814835,0 days 00:11:12.143377
765,ExpGrad.1,0,0.707076,-0.0828725697762776,-0.1002626973247067,-0.1002626973247067,-0.0740834276986359,-0.0724394944526495,0 days 00:03:58.997834
766,ExpGrad.01,0,0.685442,-0.0130002493782774,-0.0175113979351927,-0.0175113979351927,-0.0084698567748152,-0.0115411326345999,0 days 00:06:47.858370
767,RedGrid25,0,0.693754,-0.03630452868483,-0.0444431993909859,-0.0391049981234233,-0.0171739856778321,-0.0444431993909859,0 days 00:16:17.122501
768,RedGrid5,0,0.693754,-0.03630452868483,-0.0444431993909859,-0.0391049981234233,-0.0171739856778321,-0.0444431993909859,0 days 00:16:26.469177
769,RedGrid75,0,0.693754,-0.03630452868483,-0.0444431993909859,-0.0391049981234233,-0.0171739856778321,-0.0444431993909859,0 days 00:16:23.664290
770,ExpGrad.1,0,0.706012,-0.0832960821049428,-0.1006636933003999,-0.1006636933003999,-0.0733878216015599,-0.0734927200574777,0 days 00:02:43.798454
771,ExpGrad.01,0,0.685675,-0.0127118776989245,-0.0187879484536052,-0.0187879484536052,-0.0096518644784375,-0.0090574278177198,0 days 00:04:05.104909
772,RedGrid25,0,0.681631,-0.0800811987265505,-0.1139404829642486,-0.1139404829642486,-0.0019244176890651,-0.0935072044539494,0 days 00:09:06.413871
773,RedGrid5,0,0.681631,-0.0800811987265505,-0.1139404829642486,-0.1139404829642486,-0.0019244176890651,-0.0935072044539494,0 days 00:09:01.766811
774,RedGrid75,0,0.661334,-0.0514847567948879,-0.109162410212283,-0.109162410212283,0.0,-0.029202305934085,0 days 00:09:27.537242
775,ExpGrad.1,0,0.706559,-0.0786005472850711,-0.0966656019168176,-0.0966656019168176,-0.0674847346653431,-0.0689271200357258,0 days 00:03:28.398938
776,ExpGrad.01,0,0.686276,-0.0140081664074261,-0.0194930394536487,-0.0194930394536487,-0.0079382189095078,-0.0125651764133538,0 days 00:06:58.321674
777,RedGrid25,0,0.682534,-0.1125942822343458,-0.1468201684859562,-0.1468201684859562,-0.0937686999910111,-0.0930284362173902,0 days 00:13:04.700517
778,RedGrid5,0,0.682534,-0.1125942822343458,-0.1468201684859562,-0.1468201684859562,-0.0937686999910111,-0.0930284362173902,0 days 00:14:13.503750
779,RedGrid75,0,0.682534,-0.1125942822343458,-0.1468201684859562,-0.1468201684859562,-0.0937686999910111,-0.0930284362173902,0 days 00:13:31.376815
780,ExpGrad.1,1,0.708755,-0.0277320232680591,-0.1092198832634582,-0.1092198832634582,-0.0396634864519868,-0.0185915754516187,0 days 00:02:20.157146
781,ExpGrad.01,1,0.593909,0.0,0.0,0.0,0.0,0.0,0 days 00:04:48.970414
782,RedGrid25,1,0.707713,-0.0753248191709872,-0.137933563305014,-0.137933563305014,-0.0797462906006739,-0.0709372090475983,0 days 00:12:34.117591
783,RedGrid5,1,0.690705,-0.0029715701758436,-0.0767193641545013,-0.0767193641545013,-0.004223704439301,0.0,0 days 00:12:58.540256
784,RedGrid75,1,0.684554,-0.0010301370515536,-0.0529368878347188,-0.0529368878347188,0.0,0.0,0 days 00:12:51.081429
785,ExpGrad.1,2,0.695019,-0.0426907049329284,-0.070899897253966,-0.070899897253966,-0.0005861068851277,-0.0454597100734028,0 days 00:02:29.812354
786,ExpGrad.01,2,0.621234,-0.0060414361915823,-0.0094439548655349,-0.0064749741920071,-0.0003463075026934,-0.0094439548655349,0 days 00:03:22.660221
787,RedGrid25,2,0.709991,-0.0930745231040875,-0.0941040116551344,-0.0941040116551344,-0.0921486869779165,-0.0927690552203824,0 days 00:11:34.464888
788,RedGrid5,2,0.679499,-0.0354718872844424,-0.0586727218812647,-0.0586727218812647,0.0,-0.0383101633317361,0 days 00:11:25.773996
789,RedGrid75,2,0.679499,-0.0354718872844424,-0.0586727218812647,-0.0586727218812647,0.0,-0.0383101633317361,0 days 00:11:46.866130
790,ExpGrad.1,0,0.706282,-0.0796051779897364,-0.09716590753596,-0.09716590753596,-0.0705369077105515,-0.0691861958204359,0 days 00:02:40.212915
791,ExpGrad.01,0,0.686803,-0.0170259406890971,-0.0220005632027464,-0.0220005632027464,-0.0172241946938109,-0.0125371643802632,0 days 00:04:34.926802
792,RedGrid25,0,0.686393,-0.0825810587470524,-0.1152949042693431,-0.1152949042693431,-0.0074372708278211,-0.0955326456915928,0 days 00:09:17.427429
793,RedGrid5,0,0.686393,-0.0825810587470524,-0.1152949042693431,-0.1152949042693431,-0.0074372708278211,-0.0955326456915928,0 days 00:09:26.208066
794,RedGrid75,0,0.677914,-0.039509471390511,-0.0590058995293935,-0.0422964265383477,0.0,-0.0590058995293935,0 days 00:09:58.269130
795,ExpGrad.1,1,0.711328,-0.0256883299160165,-0.0939980436522537,-0.0939980436522537,-0.0159853031784916,-0.0289169881627522,0 days 00:03:27.051971
796,ExpGrad.01,1,0.596945,-0.0081300584207368,-0.0129809122968387,-0.0129809122968387,-0.0104394477644247,-0.0066988766315563,0 days 00:03:49.472457
797,RedGrid25,1,0.70604,-0.0618842739461526,-0.1192393766476994,-0.1192393766476994,-0.0686692662724193,-0.0563261905412161,0 days 00:16:15.604252
798,RedGrid5,1,0.700589,-0.0032563315717096,-0.0841352499387788,-0.0841352499387788,0.0,-0.0025203419682297,0 days 00:16:10.886019
799,RedGrid75,1,0.700589,-0.0032563315717096,-0.0841352499387788,-0.0841352499387788,0.0,-0.0025203419682297,0 days 00:15:46.293274
800,ExpGrad.1,2,0.702587,-0.0500771780725615,-0.0755035641488576,-0.0755035641488576,-0.0526261747969225,-0.025965513695195,0 days 00:02:53.737246
801,ExpGrad.01,2,0.62653,-0.0027784361961737,-0.0080087417709807,-0.0080087417709807,0.0,0.0,0 days 00:03:13.456319
802,RedGrid25,2,0.699248,-0.0469255297926131,-0.0759042504232894,-0.0625567725262523,-0.0759042504232894,-0.013997581471897,0 days 00:12:50.068889
803,RedGrid5,2,0.699248,-0.0469255297926131,-0.0759042504232894,-0.0625567725262523,-0.0759042504232894,-0.013997581471897,0 days 00:12:12.130912
804,RedGrid75,2,0.668864,-0.0192174608965646,-0.0544759923977621,-0.0544759923977621,0.0,-0.0008094342031687,0 days 00:11:54.751109
805,ExpGrad.1,1,0.710343,-0.0194636527351792,-0.1009375748970828,-0.1009375748970828,-0.0127586933547914,-0.0206668219116924,0 days 00:02:51.668361
806,ExpGrad.01,1,0.604054,-0.0025300505215281,-0.015682708333688,-0.015682708333688,-0.0007461573962856,-0.0031116727293092,0 days 00:04:16.578754
807,RedGrid25,1,0.700443,-0.0055777249951069,-0.0998374693566475,-0.0998374693566475,0.0,-0.0057661223598891,0 days 00:11:25.440081
808,RedGrid5,1,0.700443,-0.0055777249951069,-0.0998374693566475,-0.0998374693566475,0.0,-0.0057661223598891,0 days 00:11:25.038370
809,RedGrid75,1,0.700443,-0.0055777249951069,-0.0998374693566475,-0.0998374693566475,0.0,-0.0057661223598891,0 days 00:11:21.486085
810,ExpGrad.1,1,0.70979,-0.0191620728648883,-0.0976508325657722,-0.0976508325657722,-0.013349250000615,-0.0199384122551922,0 days 00:02:56.453196
811,ExpGrad.01,1,0.593464,-0.0134552383907804,-0.0206242744798493,-0.0206242744798493,-0.0156979762533423,-0.0119928564801214,0 days 00:03:14.230340
812,RedGrid25,1,0.702079,-0.0102197283993768,-0.0998007765201859,-0.0998007765201859,0.0,-0.0130878093755463,0 days 00:11:25.993153
813,RedGrid5,1,0.702079,-0.0102197283993768,-0.0998007765201859,-0.0998007765201859,0.0,-0.0130878093755463,0 days 00:12:00.549761
814,RedGrid75,1,0.702079,-0.0102197283993768,-0.0998007765201859,-0.0998007765201859,0.0,-0.0130878093755463,0 days 00:11:57.019854
815,ExpGrad.1,2,0.709761,-0.052300819815066,-0.0860904677685835,-0.0860904677685835,-0.0263624364592379,-0.039882046075144,0 days 00:02:21.651156
816,ExpGrad.01,2,0.616596,-0.0080451336411161,-0.0130062924062715,-0.0130062924062715,-0.0028338309188232,-0.0071615913842426,0 days 00:03:19.306356
817,RedGrid25,2,0.720516,-0.0805338374197805,-0.0975234868276445,-0.0975234868276445,-0.0855929398754807,-0.0621632142842318,0 days 00:12:53.109683
818,RedGrid5,2,0.67425,-0.034275127212071,-0.0530610640077512,-0.0530610640077512,0.0,-0.0406715613770733,0 days 00:12:13.665881
819,RedGrid75,2,0.67425,-0.034275127212071,-0.0530610640077512,-0.0530610640077512,0.0,-0.0406715613770733,0 days 00:11:54.816964
820,ExpGrad.1,1,0.712462,-0.0476226079565351,-0.1198165301958287,-0.1198165301958287,-0.0479759441607404,-0.0451818622277206,0 days 00:02:57.174719
821,ExpGrad.01,1,0.614665,-0.0114903144663146,-0.0244839072455811,-0.0244839072455811,-0.0132645400451676,-0.0101068408786403,0 days 00:04:36.059902
822,RedGrid25,1,0.700277,-0.0085317265023902,-0.1054977908544829,-0.1054977908544829,0.0,-0.0102245127995462,0 days 00:13:03.844021
823,RedGrid5,1,0.700277,-0.0085317265023902,-0.1054977908544829,-0.1054977908544829,0.0,-0.0102245127995462,0 days 00:12:41.612990
824,RedGrid75,1,0.700277,-0.0085317265023902,-0.1054977908544829,-0.1054977908544829,0.0,-0.0102245127995462,0 days 00:12:32.443605
825,ExpGrad.1,0,0.70655,-0.0814748687870274,-0.0991259891762679,-0.0991259891762679,-0.072833123990108,-0.0707039148972662,0 days 00:03:03.287829
826,ExpGrad.01,0,0.685721,-0.0116942609862529,-0.0168741321760336,-0.0168741321760336,-0.0085737410169789,-0.0088572417794524,0 days 00:06:28.165775
827,RedGrid25,0,0.687002,-0.0762811254242612,-0.1093894170082546,-0.1093894170082546,-0.0001907337613138,-0.0892501364177198,0 days 00:11:33.441347
828,RedGrid5,0,0.687002,-0.0762811254242612,-0.1093894170082546,-0.1093894170082546,-0.0001907337613138,-0.0892501364177198,0 days 00:11:59.888039
829,RedGrid75,0,0.663959,-0.0508552646186963,-0.1073241016004561,-0.1073241016004561,0.0,-0.0292541879229015,0 days 00:11:54.716508
830,ExpGrad.1,2,0.717206,-0.0604114061984726,-0.0942588381741496,-0.0942588381741496,-0.0574529080109349,-0.032312000119788,0 days 00:02:37.758275
831,ExpGrad.01,2,0.62167,-0.0075589102190043,-0.0114828062154807,-0.0081527045125492,-0.0009025909983434,-0.0114828062154807,0 days 00:03:54.800149
832,RedGrid25,2,0.715363,-0.0658403100965258,-0.0910285124120369,-0.0910285124120369,-0.048134911336099,-0.0552981049282034,0 days 00:11:04.061421
833,RedGrid5,2,0.698094,-0.0461917314532562,-0.1002245404881615,-0.1002245404881615,0.0,-0.0290681065322622,0 days 00:11:03.432920
834,RedGrid75,2,0.691112,-0.0463655917533963,-0.0815805272323135,-0.0815805272323135,0.0,-0.0460804357487814,0 days 00:11:09.017432
835,ExpGrad.1,1,0.707254,-0.013215724364404,-0.0996784475715729,-0.0996784475715729,-0.0152911083284047,-0.0094313114638595,0 days 00:01:57.657663
836,ExpGrad.01,1,0.600055,-0.0001479353545226,-0.0076704126653439,-0.0076704126653439,0.0,0.0,0 days 00:03:21.687482
837,RedGrid25,1,0.704865,-0.062124682578343,-0.1356583798148041,-0.1356583798148041,-0.0655115835804694,-0.0580109654330411,0 days 00:11:58.096570
838,RedGrid5,1,0.704865,-0.062124682578343,-0.1356583798148041,-0.1356583798148041,-0.0655115835804694,-0.0580109654330411,0 days 00:11:54.722381
839,RedGrid75,1,0.683577,-0.000825251579098,-0.0427890965268942,-0.0427890965268942,0.0,0.0,0 days 00:11:52.940510
840,ExpGrad.1,0,0.706984,-0.0842665695041476,-0.1018278662825483,-0.1018278662825483,-0.076508490710948,-0.0731563181734942,0 days 00:04:00.626918
841,ExpGrad.01,0,0.68614,-0.0138450954342764,-0.0185632528113788,-0.0185632528113788,-0.0123775869423563,-0.0105189147547275,0 days 00:09:23.132614
842,RedGrid25,0,0.682656,-0.1167802787282137,-0.1516455349890544,-0.1516455349890544,-0.0987639619768828,-0.0961684639115842,0 days 00:15:35.669662
843,RedGrid5,0,0.682656,-0.1167802787282137,-0.1516455349890544,-0.1516455349890544,-0.0987639619768828,-0.0961684639115842,0 days 00:15:22.490579
844,RedGrid75,0,0.682656,-0.1167802787282137,-0.1516455349890544,-0.1516455349890544,-0.0987639619768828,-0.0961684639115842,0 days 00:15:20.578899
845,ExpGrad.1,2,0.713376,-0.0601682937554476,-0.0853458778198893,-0.0853458778198893,-0.0557378861865812,-0.0408008736874428,0 days 00:03:49.489776
846,ExpGrad.01,2,0.613646,-0.001806303688591,-0.0042520872370488,-0.0042520872370488,0.0,-0.0008411354087692,0 days 00:03:04.167298
847,RedGrid25,2,0.712109,-0.0644500674777299,-0.0854010096586384,-0.0845715531329793,-0.0854010096586384,-0.0326633711084817,0 days 00:10:56.633374
848,RedGrid5,2,0.693675,-0.0414087216172711,-0.0887061817374957,-0.0887061817374957,0.0,-0.0270573775128103,0 days 00:11:04.190516
849,RedGrid75,2,0.65461,-0.0334000156712918,-0.0462870619029137,-0.0462870619029137,0.0,-0.0442173945428836,0 days 00:10:52.210097
850,ExpGrad.1,1,0.712339,-0.0481913393885596,-0.1261343242269145,-0.1261343242269145,-0.0472599860634196,-0.0462450190540421,0 days 00:02:51.078020
851,ExpGrad.01,1,0.583574,-0.0053721962499062,-0.0202017325878056,-0.0202017325878056,0.0,-0.0078728820446083,0 days 00:02:17.986637
852,RedGrid25,1,0.695963,-0.0017347791285696,-0.0870402672515355,-0.0870402672515355,0.0,0.0,0 days 00:13:30.404602
853,RedGrid5,1,0.695963,-0.0017347791285696,-0.0870402672515355,-0.0870402672515355,0.0,0.0,0 days 00:13:21.052930
854,RedGrid75,1,0.684745,-0.0010173240218851,-0.0510428983655674,-0.0510428983655674,0.0,0.0,0 days 00:13:37.739646
855,ExpGrad.1,2,0.712278,-0.056982811907527,-0.0919195698853669,-0.0919195698853669,-0.0450051113159966,-0.0340547087551474,0 days 00:02:21.971847
856,ExpGrad.01,2,0.624506,-0.0045103693378781,-0.012992453859527,-0.012992453859527,0.0,-1.3924536307163836e-05,0 days 00:02:42.249618
857,RedGrid25,2,0.717617,-0.069519435663145,-0.1104690042362617,-0.1104690042362617,-0.0807500508754927,-0.0257691269807709,0 days 00:12:14.167116
858,RedGrid5,2,0.649843,-0.0169063652027375,-0.0278780468720931,-0.0267232380738163,-0.0278780468720931,-0.0008887810675676,0 days 00:12:31.124525
859,RedGrid75,2,0.649843,-0.0169063652027375,-0.0278780468720931,-0.0267232380738163,-0.0278780468720931,-0.0008887810675676,0 days 00:11:53.686185
860,ExpGrad.1,1,0.710473,-0.0216953252512316,-0.1115646129207398,-0.1115646129207398,-0.0100717813374506,-0.0253509765049654,0 days 00:02:21.933774
861,ExpGrad.01,1,0.584568,-0.0051518422215236,-0.0079264469121115,-0.0077946932013011,0.0,-0.0079264469121115,0 days 00:02:39.799463
862,RedGrid25,1,0.699769,-0.0046961325932854,-0.0983852654063788,-0.0983852654063788,0.0,-0.0043920499699015,0 days 00:11:51.146443
863,RedGrid5,1,0.699769,-0.0046961325932854,-0.0983852654063788,-0.0983852654063788,0.0,-0.0043920499699015,0 days 00:11:57.557702
864,RedGrid75,1,0.699769,-0.0046961325932854,-0.0983852654063788,-0.0983852654063788,0.0,-0.0043920499699015,0 days 00:11:59.399820
865,ExpGrad.1,1,0.71069,-0.0301961642667107,-0.1045719420538363,-0.1045719420538363,-0.0292128827789045,-0.0284231911740944,0 days 00:02:49.062127
866,ExpGrad.01,1,0.61544,-0.000352725399916,-0.0179424270248547,-0.0179424270248547,0.0,0.0,0 days 00:03:45.034025
867,RedGrid25,1,0.704352,-0.0689695317999565,-0.1293361613371234,-0.1293361613371234,-0.0743165136359096,-0.0641262456784071,0 days 00:12:09.440362
868,RedGrid5,1,0.699225,-0.0116609754717447,-0.0959945844187445,-0.0959945844187445,0.0,-0.0154929701511011,0 days 00:12:09.300157
869,RedGrid75,1,0.699225,-0.0116609754717447,-0.0959945844187445,-0.0959945844187445,0.0,-0.0154929701511011,0 days 00:12:12.179364
870,ExpGrad.1,1,0.711627,-0.0296181057363771,-0.1080353530012486,-0.1080353530012486,-0.0283285355764265,-0.0279254636998743,0 days 00:03:16.044428
871,ExpGrad.01,1,0.57513,0.0,0.0,0.0,0.0,0.0,0 days 00:02:47.836402
872,RedGrid25,1,0.709167,-0.0686770722874696,-0.1364069964427525,-0.1364069964427525,-0.0757502818875101,-0.0626722767091173,0 days 00:12:59.653669
873,RedGrid5,1,0.700699,-0.0017848286622764,-0.0921524412771644,-0.0921524412771644,0.0,0.0,0 days 00:13:04.204220
874,RedGrid75,1,0.700699,-0.0017848286622764,-0.0921524412771644,-0.0921524412771644,0.0,0.0,0 days 00:13:16.443983
875,ExpGrad.1,2,0.718894,-0.0636710357231835,-0.1035510791665794,-0.1035510791665794,-0.0365693645944477,-0.0463760337112016,0 days 00:02:17.251164
876,ExpGrad.01,2,0.624158,-0.0070561442457952,-0.0098077493810428,-0.0098077493810428,0.0,-0.0093419386993517,0 days 00:04:19.997224
877,RedGrid25,2,0.723894,-0.0843701092720828,-0.1069949448809306,-0.1069949448809306,-0.0843318532371711,-0.0642695664063121,0 days 00:11:58.705326
878,RedGrid5,2,0.699632,-0.0468028638009408,-0.0847018632360751,-0.0847018632360751,0.0,-0.0444864040949839,0 days 00:11:57.355234
879,RedGrid75,2,0.670867,-0.0237051568374505,-0.0682297853861638,-0.0682297853861638,0.0,0.0,0 days 00:11:59.136596
880,ExpGrad.1,0,0.706051,-0.0822946613987383,-0.0991517568777538,-0.0991517568777538,-0.0729664557011191,-0.0726859631067916,0 days 00:03:14.946409
881,ExpGrad.01,0,0.685006,-0.0129766800653083,-0.0178494751395003,-0.0178494751395003,-0.0104877359643699,-0.0100840936372332,0 days 00:07:08.603154
882,RedGrid25,0,0.685805,-0.0789483169428473,-0.1114289833507377,-0.1114289833507377,-0.0027118441957993,-0.0927358544909663,0 days 00:11:51.699193
883,RedGrid5,0,0.685805,-0.0789483169428473,-0.1114289833507377,-0.1114289833507377,-0.0027118441957993,-0.0927358544909663,0 days 00:12:18.784452
884,RedGrid75,0,0.662939,-0.0525059155535343,-0.1089038664011405,-0.1089038664011405,0.0,-0.0321659895049216,0 days 00:12:38.978574
885,ExpGrad.1,2,0.71929,-0.0730048280969758,-0.105346576060552,-0.105346576060552,-0.064462360000712,-0.0499205438786581,0 days 00:02:25.133905
886,ExpGrad.01,2,0.617324,-0.0091912578549106,-0.0113829801584471,-0.0097680531063951,-0.0113829801584471,-0.0072113334649026,0 days 00:04:15.118199
887,RedGrid25,2,0.720228,-0.0867831020747318,-0.1021274452314957,-0.1021274452314957,-0.0993393127469437,-0.0647190690861213,0 days 00:12:59.495869
888,RedGrid5,2,0.711696,-0.0807243597352551,-0.1029364457637604,-0.0914904809754736,-0.1029364457637604,-0.0562771262474666,0 days 00:12:58.607178
889,RedGrid75,2,0.651074,-0.0218506733091881,-0.0466883557196482,-0.027728213499795,-0.0466883557196482,0.0,0 days 00:13:02.707091
890,ExpGrad.1,0,0.706931,-0.0801257967865832,-0.0964060837165686,-0.0964060837165686,-0.0711929941248633,-0.0707815503611354,0 days 00:03:15.754762
891,ExpGrad.01,0,0.689385,-0.0126228504626125,-0.0170417036307337,-0.0170417036307337,-0.01028984005728,-0.0100360717245346,0 days 00:08:57.897048
892,RedGrid25,0,0.683542,-0.1105536071619311,-0.1452530536802234,-0.1452530536802234,-0.0900924125562313,-0.0914222470277986,0 days 00:12:27.950433
893,RedGrid5,0,0.683542,-0.1105536071619311,-0.1452530536802234,-0.1452530536802234,-0.0900924125562313,-0.0914222470277986,0 days 00:12:29.312266
894,RedGrid75,0,0.683542,-0.1105536071619311,-0.1452530536802234,-0.1452530536802234,-0.0900924125562313,-0.0914222470277986,0 days 00:12:24.709116
895,ExpGrad.1,1,0.711999,-0.0548720773425071,-0.1383291324900986,-0.1383291324900986,-0.0645546615936778,-0.0469484679520115,0 days 00:02:53.065025
896,ExpGrad.01,1,0.612506,-0.0104205188152977,-0.0347671776801953,-0.0347671776801953,-0.014163730478536,-0.0075993278723494,0 days 00:03:55.440391
897,RedGrid25,1,0.690955,-0.0052156447751354,-0.0852884031470878,-0.0852884031470878,-0.0102042235990735,0.0,0 days 00:13:07.934779
898,RedGrid5,1,0.685414,-0.0011522606286233,-0.0597621629316678,-0.0597621629316678,0.0,0.0,0 days 00:13:06.920774
899,RedGrid75,1,0.685414,-0.0011522606286233,-0.0597621629316678,-0.0597621629316678,0.0,0.0,0 days 00:12:42.405621
900,ExpGrad.1,2,0.716526,-0.05975050312314,-0.0904831906638396,-0.0904831906638396,-0.0557292069759272,-0.0346387546782136,0 days 00:03:16.657097
901,ExpGrad.01,2,0.631902,-0.0085549012544844,-0.0166279462465722,-0.0166279462465722,0.0,-0.0070329962961084,0 days 00:04:01.657214
902,RedGrid25,2,0.723864,-0.0818303405067124,-0.1072767973815098,-0.1072767973815098,-0.0770839104645283,-0.0619968085267733,0 days 00:11:25.653458
903,RedGrid5,2,0.672891,-0.0284101422821723,-0.0484389214481728,-0.0484389214481728,-0.0417996478852764,-0.0012097799990189,0 days 00:11:22.732457
904,RedGrid75,2,0.672891,-0.0284101422821723,-0.0484389214481728,-0.0484389214481728,-0.0417996478852764,-0.0012097799990189,0 days 00:11:25.544152
905,ExpGrad.1,0,0.706696,-0.07143567487483,-0.0897458553283897,-0.0897458553283897,-0.057945774829873,-0.0628323428396704,0 days 00:03:33.811924
906,ExpGrad.01,0,0.684094,-0.0095735679726,-0.0146458141303404,-0.0146458141303404,-0.0113338771110174,-0.0041399456072263,0 days 00:06:17.097842
907,RedGrid25,0,0.683001,-0.113377085913323,-0.1471803785406013,-0.1471803785406013,-0.0957765183881804,-0.0934413056019342,0 days 00:13:07.249579
908,RedGrid5,0,0.683001,-0.113377085913323,-0.1471803785406013,-0.1471803785406013,-0.0957765183881804,-0.0934413056019342,0 days 00:14:17.447387
909,RedGrid75,0,0.683001,-0.113377085913323,-0.1471803785406013,-0.1471803785406013,-0.0957765183881804,-0.0934413056019342,0 days 00:13:35.564762
910,ExpGrad.1,0,0.706625,-0.0817425099400966,-0.0985426613854104,-0.0985426613854104,-0.0734593841004508,-0.0715630617724553,0 days 00:03:43.091169
911,ExpGrad.01,0,0.686234,-0.0148159198642512,-0.0196225795768246,-0.0196225795768246,-0.0142858988659141,-0.0108899437643873,0 days 00:08:29.262048
912,RedGrid25,0,0.686414,-0.1236029243377536,-0.152701717926426,-0.152701717926426,-0.1026149802249923,-0.1096300744962734,0 days 00:14:56.398528
913,RedGrid5,0,0.686414,-0.1236029243377536,-0.152701717926426,-0.152701717926426,-0.1026149802249923,-0.1096300744962734,0 days 00:14:50.121224
914,RedGrid75,0,0.668232,-0.0511001312485755,-0.108729559758717,-0.108729559758717,0.0,-0.0286794545694407,0 days 00:14:49.549754
915,ExpGrad.1,2,0.718533,-0.0599189231434701,-0.0924305673281603,-0.0924305673281603,-0.042028840706346,-0.042914037882331,0 days 00:02:21.771425
916,ExpGrad.01,2,0.606598,-0.010152349240259,-0.0147288671923923,-0.0117575194385753,-0.0147288671923923,-0.0056494045255657,0 days 00:03:05.579430
917,RedGrid25,2,0.717585,-0.0709382043660039,-0.0844521337959851,-0.0844521337959851,-0.081944554548607,-0.0514953646543078,0 days 00:11:01.238568
918,RedGrid5,2,0.701987,-0.0487244100301343,-0.0817675606211267,-0.066318534440285,-0.0817675606211267,-0.0108548790786011,0 days 00:11:20.121017
919,RedGrid75,2,0.701987,-0.0487244100301343,-0.0817675606211267,-0.066318534440285,-0.0817675606211267,-0.0108548790786011,0 days 00:11:47.705504
920,ExpGrad.1,2,0.707648,-0.0551518717922699,-0.0836694382681234,-0.0836694382681234,-0.0485232942716923,-0.0341862443140122,0 days 00:02:27.134235
921,ExpGrad.01,2,0.621011,-0.0050314022928882,-0.0094338274029305,-0.0094338274029305,0.0,-0.0044841902826079,0 days 00:03:58.580456
922,RedGrid25,2,0.719046,-0.0973809440625206,-0.1089123691258406,-0.1089123691258406,-0.0893666667461824,-0.0924822176837711,0 days 00:13:08.329456
923,RedGrid5,2,0.67972,-0.0356970385203941,-0.0550713833423895,-0.0550713833423895,0.0,-0.0423838091514212,0 days 00:13:06.470769
924,RedGrid75,2,0.67972,-0.0356970385203941,-0.0550713833423895,-0.0550713833423895,0.0,-0.0423838091514212,0 days 00:13:06.656805
925,ExpGrad.1,2,0.703455,-0.0517300455594068,-0.0782085747135412,-0.0782085747135412,-0.0555247489445061,-0.0257057331213931,0 days 00:02:33.910949
926,ExpGrad.01,2,0.627574,-0.0064142829851297,-0.0078918441660896,-0.0062014002744289,-0.0078918441660896,-0.0056271331428269,0 days 00:04:15.570768
927,RedGrid25,2,0.718754,-0.0740849382465545,-0.0947456805426393,-0.0947456805426393,-0.0700755789582469,-0.0583838865699385,0 days 00:13:21.027900
928,RedGrid5,2,0.661318,-0.0178577511687988,-0.0512485531329096,-0.0512485531329096,0.0,0.0,0 days 00:13:24.541260
929,RedGrid75,2,0.661318,-0.0178577511687988,-0.0512485531329096,-0.0512485531329096,0.0,0.0,0 days 00:13:01.058472
930,ExpGrad.1,2,0.703497,-0.0544679139668034,-0.0845830724370059,-0.0845830724370059,-0.0524148702060124,-0.0291040426198981,0 days 00:03:26.952060
931,ExpGrad.01,2,0.61591,-0.0020025115900727,-0.0057437034582821,-0.0057437034582821,0.0,0.0,0 days 00:04:26.617707
932,RedGrid25,2,0.709398,-0.0579844323884396,-0.0935336335177907,-0.0935336335177907,-0.0628990491663743,-0.0232212513029664,0 days 00:14:31.694768
933,RedGrid5,2,0.709398,-0.0579844323884396,-0.0935336335177907,-0.0935336335177907,-0.0628990491663743,-0.0232212513029664,0 days 00:14:32.032553
934,RedGrid75,2,0.651861,-0.0116922362399308,-0.0335362542016066,-0.0335362542016066,0.0,0.0,0 days 00:14:34.910174
935,ExpGrad.1,0,0.706361,-0.0814835902389211,-0.0988918880109289,-0.0988918880109289,-0.0715324846619759,-0.0717057103660842,0 days 00:03:52.085430
936,ExpGrad.01,0,0.68846,-0.0146012094000243,-0.020654259161573,-0.020654259161573,-0.0131162666240983,-0.0101088646445784,0 days 00:09:14.679535
937,RedGrid25,0,0.685892,-0.1283465647671012,-0.157470216646364,-0.157470216646364,-0.1068478674353414,-0.114671384373469,0 days 00:15:40.006762
938,RedGrid5,0,0.685892,-0.1283465647671012,-0.157470216646364,-0.157470216646364,-0.1068478674353414,-0.114671384373469,0 days 00:15:39.144566
939,RedGrid75,0,0.667018,-0.0572780843349448,-0.1151972909840202,-0.1151972909840202,-0.0039611682223936,-0.0359235235306049,0 days 00:15:44.639388
940,ExpGrad.1,2,0.714213,-0.0627908745323534,-0.0979409034725994,-0.0979409034725994,-0.0525169052693118,-0.0383816296700575,0 days 00:02:46.358553
941,ExpGrad.01,2,0.636992,-0.0072074467698994,-0.0158630936120511,-0.0158630936120511,-0.0034259043270733,-0.0020398172793678,0 days 00:03:32.094264
942,RedGrid25,2,0.71014,-0.0688164874786308,-0.0895419974767809,-0.0895419974767809,-0.0641486811951375,-0.0534876922968052,0 days 00:13:13.362286
943,RedGrid5,2,0.686664,-0.0309803217684049,-0.0812911233580655,-0.0812911233580655,0.0,-0.0070063777883537,0 days 00:13:06.432693
944,RedGrid75,2,0.658949,-0.0140162012333795,-0.0403342751146688,-0.0403342751146688,0.0,0.0,0 days 00:13:13.953916
945,ExpGrad.1,2,0.713448,-0.0584477694487177,-0.0901537513535641,-0.0901537513535641,-0.0300032667148417,-0.0491733453387469,0 days 00:02:56.751298
946,ExpGrad.01,2,0.60839,-0.0059122531819659,-0.0107672002459142,-0.0107672002459142,-0.006551502393177,-0.001176878799072,0 days 00:03:49.216311
947,RedGrid25,2,0.714018,-0.0690261296996619,-0.0906511998475939,-0.0906511998475939,-0.0597077001558643,-0.0560085853049594,0 days 00:11:28.630943
948,RedGrid5,2,0.679876,-0.0337549423444587,-0.0545901330800679,-0.0545901330800679,0.0,-0.0376582757801512,0 days 00:11:27.977136
949,RedGrid75,2,0.677656,-0.0317161293365815,-0.0516487387318091,-0.0516487387318091,0.0,-0.0350676927559579,0 days 00:12:37.977826
950,ExpGrad.1,1,0.710761,-0.0341680860204011,-0.1169633573388426,-0.1169633573388426,-0.0233121897523836,-0.037580266703049,0 days 00:02:48.496466
951,ExpGrad.01,1,0.594509,-6.745887933866573e-05,-0.0034311067051841,-0.0034311067051841,0.0,0.0,0 days 00:03:12.795247
952,RedGrid25,1,0.704653,-0.0721421041082304,-0.1437237064309875,-0.1437237064309875,-0.0760373545274989,-0.0677657510017665,0 days 00:12:44.601083
953,RedGrid5,1,0.700719,-0.0155020365814137,-0.1140187786049852,-0.1140187786049852,-9.94999546410913e-06,-0.0209825446120865,0 days 00:12:43.462748
954,RedGrid75,1,0.700719,-0.0155020365814137,-0.1140187786049852,-0.1140187786049852,-9.94999546410913e-06,-0.0209825446120865,0 days 00:12:44.631030
955,ExpGrad.1,1,0.70897,-0.0166652920492122,-0.0939489116131616,-0.0939489116131616,-0.0100660997665085,-0.0178895803768925,0 days 00:02:43.766247
956,ExpGrad.01,1,0.600181,-0.0025506337406343,-0.0154982967280762,-0.0154982967280762,-0.0064189838355219,0.0,0 days 00:03:51.080592
957,RedGrid25,1,0.707766,-0.0598446259238894,-0.1226149171475609,-0.1226149171475609,-0.0669965565793836,-0.0539069879309644,0 days 00:11:37.936336
958,RedGrid5,1,0.699913,-0.0017056021002441,-0.0859381568848792,-0.0859381568848792,0.0,0.0,0 days 00:11:26.351876
959,RedGrid75,1,0.699913,-0.0017056021002441,-0.0859381568848792,-0.0859381568848792,0.0,0.0,0 days 00:11:20.192374
960,ExpGrad.1,0,0.706582,-0.0748472352735601,-0.0928413454532947,-0.0928413454532947,-0.0633883915960918,-0.0653859673191452,0 days 00:03:15.959135
961,ExpGrad.01,0,0.68594,-0.009340624504839,-0.0154768405476218,-0.0154768405476218,-0.0046781786850406,-0.0065310917653506,0 days 00:11:17.328005
962,RedGrid25,0,0.682714,-0.1099152751147728,-0.1447076807573137,-0.1447076807573137,-0.0904866833915279,-0.0901151177938258,0 days 00:16:30.307762
963,RedGrid5,0,0.682714,-0.1099152751147728,-0.1447076807573137,-0.1447076807573137,-0.0904866833915279,-0.0901151177938258,0 days 00:16:39.499898
964,RedGrid75,0,0.667549,-0.055134523948845,-0.1109176181573986,-0.1109176181573986,-0.002376384626037,-0.0353222647755433,0 days 00:16:38.890249
965,ExpGrad.1,0,0.707698,-0.0841385941338429,-0.1018538273098603,-0.1018538273098603,-0.0739423224411095,-0.0742539318310168,0 days 00:02:21.733914
966,ExpGrad.01,0,0.687959,-0.0158878168761369,-0.0206182950387858,-0.0206182950387858,-0.0120834897244136,-0.01384866072588,0 days 00:04:38.185394
967,RedGrid25,0,0.692477,-0.0257153993014198,-0.0308927279749237,-0.0308927279749237,-0.0141983667497462,-0.0275649279395896,0 days 00:10:07.145437
968,RedGrid5,0,0.692477,-0.0257153993014198,-0.0308927279749237,-0.0308927279749237,-0.0141983667497462,-0.0275649279395896,0 days 00:09:51.398416
969,RedGrid75,0,0.692477,-0.0257153993014198,-0.0308927279749237,-0.0308927279749237,-0.0141983667497462,-0.0275649279395896,0 days 00:09:43.059790
970,ExpGrad.1,1,0.712002,-0.0338698479918042,-0.1186468899236032,-0.1186468899236032,-0.0228182165402974,-0.0373373415946814,0 days 00:02:57.234015
971,ExpGrad.01,1,0.611295,-0.0004014341450284,-0.0204391763235427,-0.0204391763235427,0.0,0.0,0 days 00:04:28.499950
972,RedGrid25,1,0.699492,-0.0430486055468814,-0.1178396613684215,-0.1178396613684215,0.0,-0.0644990154180682,0 days 00:12:56.578704
973,RedGrid5,1,0.694738,-0.0444824911666617,-0.119250717579441,-0.119250717579441,0.0,-0.0667255654985892,0 days 00:12:55.137396
974,RedGrid75,1,0.679333,-0.0004891424980884,-0.0249048813848692,-0.0249048813848692,0.0,0.0,0 days 00:12:39.295270
975,ExpGrad.1,0,0.706651,-0.082541227653198,-0.1002329016855565,-0.1002329016855565,-0.0757020590601368,-0.070761952716404,0 days 00:03:58.072236
976,ExpGrad.01,0,0.689161,-0.0128973388313047,-0.0192354804158824,-0.0192354804158824,-0.0110894583516879,-0.0083221375350186,0 days 00:07:09.617343
977,RedGrid25,0,0.682809,-0.1151503691055201,-0.1497639153143675,-0.1497639153143675,-0.0983408521253351,-0.0940005933421787,0 days 00:15:43.899795
978,RedGrid5,0,0.682809,-0.1151503691055201,-0.1497639153143675,-0.1497639153143675,-0.0983408521253351,-0.0940005933421787,0 days 00:15:32.917396
979,RedGrid75,0,0.682809,-0.1151503691055201,-0.1497639153143675,-0.1497639153143675,-0.0983408521253351,-0.0940005933421787,0 days 00:15:34.789586
980,ExpGrad.1,2,0.715275,-0.0591687292137526,-0.0874072671813234,-0.0874072671813234,-0.0336458344942601,-0.0507651474791355,0 days 00:02:50.869637
981,ExpGrad.01,2,0.60549,-0.0048763972355016,-0.0115320415503533,-0.0115320415503533,0.0,-0.0021334350410538,0 days 00:02:46.049298
982,RedGrid25,2,0.731002,-0.0918957254944324,-0.116707347015825,-0.116707347015825,-0.0959392332905975,-0.0668001101964076,0 days 00:11:38.293380
983,RedGrid5,2,0.68191,-0.0319494045991409,-0.0538745246611799,-0.0538745246611799,0.0,-0.0335433432420545,0 days 00:11:36.893135
984,RedGrid75,2,0.667612,-0.0241030587291066,-0.0424927745678203,-0.0424927745678203,0.0,-0.0236369180058622,0 days 00:11:22.162043
985,ExpGrad.1,2,0.720597,-0.0610830301527241,-0.0908867664461377,-0.0908867664461377,-0.0730714130645279,-0.0264275721814563,0 days 00:03:09.923252
986,ExpGrad.01,2,0.604417,-0.0052760144879097,-0.0090505964816454,-0.0090505964816454,-0.0081141114820578,0.0,0 days 00:03:38.026131
987,RedGrid25,2,0.717406,-0.0690771310101351,-0.0940426376723522,-0.0940426376723522,-0.0782571294854279,-0.0406269812246302,0 days 00:12:32.448624
988,RedGrid5,2,0.678917,-0.0301814435927255,-0.0505972000325975,-0.0505972000325975,-0.0479794424763644,0.0,0 days 00:12:32.826355
989,RedGrid75,2,0.678917,-0.0301814435927255,-0.0505972000325975,-0.0505972000325975,-0.0479794424763644,0.0,0 days 00:11:57.673206
990,ExpGrad.1,0,0.705805,-0.0807558778922518,-0.0983655658813706,-0.0983655658813706,-0.0704268999602267,-0.0710095999386771,0 days 00:03:28.338385
991,ExpGrad.01,0,0.686583,-0.0167121806783373,-0.0209232889388671,-0.0209232889388671,-0.0174558649225439,-0.0125971218502157,0 days 00:06:12.105058
992,RedGrid25,0,0.682387,-0.1186558142470434,-0.1536141980501927,-0.1536141980501927,-0.1003765516920104,-0.0980719664051994,0 days 00:13:06.484377
993,RedGrid5,0,0.682387,-0.1186558142470434,-0.1536141980501927,-0.1536141980501927,-0.1003765516920104,-0.0980719664051994,0 days 00:12:55.507751
994,RedGrid75,0,0.682387,-0.1186558142470434,-0.1536141980501927,-0.1536141980501927,-0.1003765516920104,-0.0980719664051994,0 days 00:13:08.240556
995,ExpGrad.1,2,0.697264,-0.0469425421682264,-0.0873323368588185,-0.0873323368588185,-0.0399100079025384,-0.0151771488277298,0 days 00:02:42.778710
996,ExpGrad.01,2,0.606371,-0.0049834369243913,-0.014186877101239,-0.014186877101239,0.0,0.0,0 days 00:03:32.853283
997,RedGrid25,2,0.681919,-0.0265407600740968,-0.072751256369442,-0.072751256369442,0.0,-0.0025318876788788,0 days 00:11:28.007584
998,RedGrid5,2,0.665831,-0.0220526711481516,-0.0627796719572361,-0.0627796719572361,0.0,0.0,0 days 00:11:19.379329
999,RedGrid75,2,0.665831,-0.0220526711481516,-0.0627796719572361,-0.0627796719572361,0.0,0.0,0 days 00:11:35.932685
1000,ExpGrad.1,0,0.707299,-0.083213575721219,-0.100511428120428,-0.100511428120428,-0.0744180656882365,-0.0729114118460209,0 days 00:03:18.756760
1001,ExpGrad.01,0,0.688794,-0.0142851548662523,-0.0194120235049469,-0.0194120235049469,-0.0129935498632379,-0.0105021383101703,0 days 00:08:20.658921
1002,RedGrid25,0,0.686639,-0.1257349332003587,-0.1561220129062632,-0.1561220129062632,-0.1029395646433872,-0.1117110541194602,0 days 00:15:07.131865
1003,RedGrid5,0,0.686639,-0.1257349332003587,-0.1561220129062632,-0.1561220129062632,-0.1029395646433872,-0.1117110541194602,0 days 00:15:05.130529
1004,RedGrid75,0,0.686639,-0.1257349332003587,-0.1561220129062632,-0.1561220129062632,-0.1029395646433872,-0.1117110541194602,0 days 00:15:00.755513
1005,ExpGrad.1,1,0.709405,-0.029400824939009,-0.1118351446821189,-0.1118351446821189,-0.0308659322099894,-0.0260430768650115,0 days 00:02:29.540794
1006,ExpGrad.01,1,0.603572,-0.0021847457750735,-0.0194478928750884,-0.0194478928750884,-6.43948882478318e-05,-0.0028240747477287,0 days 00:03:02.925445
1007,RedGrid25,1,0.698755,-0.0118166413950954,-0.1113920970553994,-0.1113920970553994,-0.0025661256613634,-0.0138561480261235,0 days 00:11:54.521367
1008,RedGrid5,1,0.698755,-0.0118166413950954,-0.1113920970553994,-0.1113920970553994,-0.0025661256613634,-0.0138561480261235,0 days 00:11:52.693524
1009,RedGrid75,1,0.698755,-0.0118166413950954,-0.1113920970553994,-0.1113920970553994,-0.0025661256613634,-0.0138561480261235,0 days 00:11:51.175717
1010,ExpGrad.1,2,0.717924,-0.0643946401709507,-0.0987718293353772,-0.0987718293353772,-0.0786110886768685,-0.0241121144899599,0 days 00:03:13.821188
1011,ExpGrad.01,2,0.616794,-0.0060781167859717,-0.0144045141153869,-0.0066940916233509,-0.0144045141153869,0.0,0 days 00:04:18.624554
1012,RedGrid25,2,0.723469,-0.0866925068316959,-0.1074092939901695,-0.1074092939901695,-0.096710857878079,-0.0614540529223818,0 days 00:13:38.005499
1013,RedGrid5,2,0.684272,-0.0295217235964603,-0.0754876085036858,-0.0754876085036858,0.0,-0.0078645261953307,0 days 00:14:00.039514
1014,RedGrid75,2,0.661656,-0.0161604886748055,-0.0461202443989732,-0.0461202443989732,0.0,0.0,0 days 00:14:00.546951
1015,ExpGrad.1,1,0.706312,-0.0111641646857268,-0.0934111393124826,-0.0934111393124826,-0.0249951048826124,-0.0010403795449174,0 days 00:03:16.002442
1016,ExpGrad.01,1,0.583881,0.0,0.0,0.0,0.0,0.0,0 days 00:03:24.130172
1017,RedGrid25,1,0.707791,-0.0679763369967201,-0.1362622683608888,-0.1362622683608888,-0.0683595936833704,-0.065680690341742,0 days 00:12:03.255722
1018,RedGrid5,1,0.707791,-0.0679763369967201,-0.1362622683608888,-0.1362622683608888,-0.0683595936833704,-0.065680690341742,0 days 00:12:06.930475
1019,RedGrid75,1,0.683071,-0.0008966075559384,-0.0464312463554121,-0.0464312463554121,0.0,0.0,0 days 00:12:29.370160
1020,ExpGrad.1,0,0.7066,-0.08338064028164,-0.1014974970714768,-0.1014974970714768,-0.0742446068347797,-0.0725142973082538,0 days 00:03:23.240975
1021,ExpGrad.01,0,0.687749,-0.013465013450121,-0.0184191266446464,-0.0184191266446464,-0.0133150670558219,-0.0091961284122604,0 days 00:08:17.312984
1022,RedGrid25,0,0.683283,-0.1139649846686635,-0.1500654776653616,-0.1500654776653616,-0.0925548309750121,-0.0940831071632617,0 days 00:12:53.217486
1023,RedGrid5,0,0.683283,-0.1139649846686635,-0.1500654776653616,-0.1500654776653616,-0.0925548309750121,-0.0940831071632617,0 days 00:12:48.630456
1024,RedGrid75,0,0.683283,-0.1139649846686635,-0.1500654776653616,-0.1500654776653616,-0.0925548309750121,-0.0940831071632617,0 days 00:12:42.756641
1025,ExpGrad.1,0,0.70599,-0.0851347119893345,-0.1017537577260117,-0.1017537577260117,-0.0776060546910281,-0.0746847776023524,0 days 00:03:59.699387
1026,ExpGrad.01,0,0.685953,-0.0142037144744162,-0.0198375240282908,-0.0198375240282908,-0.0125044514192169,-0.0101914054402347,0 days 00:08:31.656865
1027,RedGrid25,0,0.682587,-0.1140394263852779,-0.1475344107198974,-0.1475344107198974,-0.0960967954074232,-0.0945032117635046,0 days 00:16:01.577459
1028,RedGrid5,0,0.682587,-0.1140394263852779,-0.1475344107198974,-0.1475344107198974,-0.0960967954074232,-0.0945032117635046,0 days 00:16:06.117837
1029,RedGrid75,0,0.682587,-0.1140394263852779,-0.1475344107198974,-0.1475344107198974,-0.0960967954074232,-0.0945032117635046,0 days 00:16:08.506713
1030,ExpGrad.1,1,0.712115,-0.0573375570234053,-0.1346193204991235,-0.1346193204991235,-0.0563423584174856,-0.0555163370445165,0 days 00:02:08.746792
1031,ExpGrad.01,1,0.613591,-0.0089506606108718,-0.0143223357643831,-0.0121994487226247,-0.0143223357643831,-0.0058754138353858,0 days 00:04:07.049781
1032,RedGrid25,1,0.704356,-0.0758708484916004,-0.1482609423808786,-0.1482609423808786,-0.0821959148121997,-0.0701449121470287,0 days 00:12:07.023040
1033,RedGrid5,1,0.704356,-0.0758708484916004,-0.1482609423808786,-0.1482609423808786,-0.0821959148121997,-0.0701449121470287,0 days 00:11:59.060428
1034,RedGrid75,1,0.704356,-0.0758708484916004,-0.1482609423808786,-0.1482609423808786,-0.0821959148121997,-0.0701449121470287,0 days 00:12:08.921728
1035,ExpGrad.1,0,0.707168,-0.0744423368463423,-0.0927572229357864,-0.0927572229357864,-0.0629430976405164,-0.0647296360248194,0 days 00:03:05.068002
1036,ExpGrad.01,0,0.686402,-0.0127219309359793,-0.0173708783061734,-0.0173708783061734,-0.0107843902963324,-0.0097125379067855,0 days 00:09:04.088450
1037,RedGrid25,0,0.687455,-0.0813249973955917,-0.112918015262422,-0.112918015262422,-0.0084654801157678,-0.0939619520158502,0 days 00:12:20.827355
1038,RedGrid5,0,0.687455,-0.0813249973955917,-0.112918015262422,-0.112918015262422,-0.0084654801157678,-0.0939619520158502,0 days 00:12:22.682211
1039,RedGrid75,0,0.687455,-0.0813249973955917,-0.112918015262422,-0.112918015262422,-0.0084654801157678,-0.0939619520158502,0 days 00:12:18.812714
1040,ExpGrad.1,0,0.706498,-0.0833888167415643,-0.1003555589731285,-0.1003555589731285,-0.0760918422755017,-0.0724841075340982,0 days 00:03:28.152656
1041,ExpGrad.01,0,0.685695,-0.0161864891447169,-0.0202041468242754,-0.0202041468242754,-0.0131269620716393,-0.0143434873069125,0 days 00:07:04.334466
1042,RedGrid25,0,0.685374,-0.0813430797805209,-0.1138588661239552,-0.1138588661239552,-0.0063097315494665,-0.0943332523501725,0 days 00:11:49.025681
1043,RedGrid5,0,0.685374,-0.0813430797805209,-0.1138588661239552,-0.1138588661239552,-0.0063097315494665,-0.0943332523501725,0 days 00:11:39.908466
1044,RedGrid75,0,0.662658,-0.0525319553304557,-0.109163082993654,-0.109163082993654,0.0,-0.0317752134513975,0 days 00:11:50.338648
1045,ExpGrad.1,0,0.707195,-0.0805528011636396,-0.0986481847071109,-0.0986481847071109,-0.0688266491256429,-0.0711800816218708,0 days 00:02:44.743666
1046,ExpGrad.01,0,0.687203,-0.0156323901742138,-0.0207940819722783,-0.0207940819722783,-0.013147262146012,-0.0124817628117257,0 days 00:05:28.045844
1047,RedGrid25,0,0.691844,-0.0237537788405527,-0.0301902327107915,-0.0301902327107915,-0.009650648509188,-0.0259312461636678,0 days 00:10:30.873017
1048,RedGrid5,0,0.691844,-0.0237537788405527,-0.0301902327107915,-0.0301902327107915,-0.009650648509188,-0.0259312461636678,0 days 00:10:26.993884
1049,RedGrid75,0,0.691844,-0.0237537788405527,-0.0301902327107915,-0.0301902327107915,-0.009650648509188,-0.0259312461636678,0 days 00:09:50.326864
1050,ExpGrad.1,0,0.706931,-0.0832206421830933,-0.1008115410348581,-0.1008115410348581,-0.0728939050920983,-0.073485929506663,0 days 00:02:38.177988
1051,ExpGrad.01,0,0.68711,-0.011814602441583,-0.0176885520478941,-0.0176885520478941,-0.0085801784406145,-0.0084452220056212,0 days 00:05:18.640790
1052,RedGrid25,0,0.68769,-0.0785551354718371,-0.1110928119303286,-0.1110928119303286,-0.0015706570692846,-0.092691655644874,0 days 00:08:52.218962
1053,RedGrid5,0,0.68769,-0.0785551354718371,-0.1110928119303286,-0.1110928119303286,-0.0015706570692846,-0.092691655644874,0 days 00:08:49.271634
1054,RedGrid75,0,0.664772,-0.0556413980258795,-0.1130649026914798,-0.1130649026914798,0.0,-0.036041825845505,0 days 00:08:42.174431
1055,ExpGrad.1,0,0.706943,-0.0808686234327561,-0.0976103671504097,-0.0976103671504097,-0.0714972738262073,-0.0713684438669403,0 days 00:03:52.632197
1056,ExpGrad.01,0,0.690727,-0.0149869502350185,-0.0204601783697236,-0.0204601783697236,-0.0123392221182296,-0.0116523338861156,0 days 00:10:46.925065
1057,RedGrid25,0,0.687169,-0.0824317162812614,-0.1137129034100424,-0.1137129034100424,-0.0081884138271682,-0.0958882438068986,0 days 00:14:08.413271
1058,RedGrid5,0,0.687169,-0.0824317162812614,-0.1137129034100424,-0.1137129034100424,-0.0081884138271682,-0.0958882438068986,0 days 00:13:52.460144
1059,RedGrid75,0,0.665422,-0.0558370166258919,-0.1126812386165216,-0.1126812386165216,-0.0007433712550378,-0.0363830778258245,0 days 00:13:43.411478
1060,ExpGrad.1,2,0.692659,-0.0422101462159632,-0.077634858375481,-0.077634858375481,-0.0218236960522639,-0.0243009178522106,0 days 00:02:06.572219
1061,ExpGrad.01,2,0.627414,-0.0042389560985439,-0.0121831219092234,-0.0121831219092234,0.0,0.0,0 days 00:04:16.720613
1062,RedGrid25,2,0.725054,-0.0858467021541006,-0.1104372019425735,-0.1104372019425735,-0.0995692990872262,-0.0547605922515804,0 days 00:09:50.958067
1063,RedGrid5,2,0.678954,-0.0342895150816712,-0.0548913948778403,-0.0548913948778403,0.0,-0.0388872006285669,0 days 00:09:49.691321
1064,RedGrid75,2,0.678954,-0.0342895150816712,-0.0548913948778403,-0.0548913948778403,0.0,-0.0388872006285669,0 days 00:09:51.404956
1065,ExpGrad.1,1,0.711123,-0.0268339929551119,-0.1056814199494303,-0.1056814199494303,-0.0225973906005241,-0.0267733233624689,0 days 00:02:57.008533
1066,ExpGrad.01,1,0.587936,-4.797506243404275e-05,-0.0024879959539567,-0.0024879959539567,0.0,0.0,0 days 00:02:42.420401
1067,RedGrid25,1,0.698788,-0.0120848707611205,-0.1057604493930847,-0.1057604493930847,0.0,-0.0159229717617409,0 days 00:12:53.511876
1068,RedGrid5,1,0.698788,-0.0120848707611205,-0.1057604493930847,-0.1057604493930847,0.0,-0.0159229717617409,0 days 00:12:52.260610
1069,RedGrid75,1,0.698788,-0.0120848707611205,-0.1057604493930847,-0.1057604493930847,0.0,-0.0159229717617409,0 days 00:12:40.478125
1070,ExpGrad.1,2,0.706469,-0.0539409975938541,-0.0898847916350524,-0.0898847916350524,-0.0612137884545119,-0.0166187541040923,0 days 00:02:59.291601
1071,ExpGrad.01,2,0.632179,-0.0106329998671376,-0.0169824578011419,-0.0169824578011419,-0.0100778463844378,-0.0052760031442276,0 days 00:04:22.546769
1072,RedGrid25,2,0.714611,-0.0676465618189302,-0.0926170186266062,-0.0926170186266062,-0.0744283239486318,-0.0405568149204073,0 days 00:12:06.033202
1073,RedGrid5,2,0.683244,-0.0383289414296176,-0.0633044816410658,-0.0622104960562363,-0.0633044816410658,0.0,0 days 00:12:05.429139
1074,RedGrid75,2,0.683244,-0.0383289414296176,-0.0633044816410658,-0.0622104960562363,-0.0633044816410658,0.0,0 days 00:11:58.045960
1075,ExpGrad.1,0,0.706603,-0.0842213975129707,-0.1015365680041475,-0.1015365680041475,-0.0751537823069543,-0.0740125980674881,0 days 00:02:15.841961
1076,ExpGrad.01,0,0.68484,-0.0160340782763199,-0.0205140525856761,-0.0205140525856761,-0.0130236963285246,-0.0137602222639154,0 days 00:04:54.649150
1077,RedGrid25,0,0.683296,-0.1159507411124652,-0.1518353228169404,-0.1518353228169404,-0.0937110975235238,-0.0967007821149078,0 days 00:10:15.283982
1078,RedGrid5,0,0.683296,-0.1159507411124652,-0.1518353228169404,-0.1518353228169404,-0.0937110975235238,-0.0967007821149078,0 days 00:10:24.896080
1079,RedGrid75,0,0.683296,-0.1159507411124652,-0.1518353228169404,-0.1518353228169404,-0.0937110975235238,-0.0967007821149078,0 days 00:10:23.327346
1080,ExpGrad.1,2,0.706983,-0.0472714549586836,-0.0843326991778796,-0.0843326991778796,-0.0152673765501371,-0.0359296335923277,0 days 00:02:52.298838
1081,ExpGrad.01,2,0.623181,-0.0094357993979949,-0.0133742471944917,-0.0133742471944917,0.0,-0.0122014611432367,0 days 00:03:24.220936
1082,RedGrid25,2,0.731125,-0.0962386187145927,-0.1249584967730829,-0.1249584967730829,-0.0969092661437202,-0.0706889358222503,0 days 00:11:41.523616
1083,RedGrid5,2,0.677958,-0.0347869178811569,-0.0518051973652569,-0.0518051973652569,0.0,-0.0427988213795423,0 days 00:11:39.879967
1084,RedGrid75,2,0.677958,-0.0347869178811569,-0.0518051973652569,-0.0518051973652569,0.0,-0.0427988213795423,0 days 00:11:43.114503
1085,ExpGrad.1,0,0.706888,-0.081339963661183,-0.0988063662982872,-0.0988063662982872,-0.0720717991726683,-0.0711392194612521,0 days 00:03:32.187978
1086,ExpGrad.01,0,0.688071,-0.0110119738833329,-0.0166205873067923,-0.0166205873067923,-0.0081577935178575,-0.0076687576359726,0 days 00:09:03.512726
1087,RedGrid25,0,0.690826,-0.0204632735082871,-0.0276392072439047,-0.0276392072439047,-0.0068719489212626,-0.0217030659775321,0 days 00:16:04.870951
1088,RedGrid5,0,0.690826,-0.0204632735082871,-0.0276392072439047,-0.0276392072439047,-0.0068719489212626,-0.0217030659775321,0 days 00:15:57.473331
1089,RedGrid75,0,0.690826,-0.0204632735082871,-0.0276392072439047,-0.0276392072439047,-0.0068719489212626,-0.0217030659775321,0 days 00:15:44.341109
1090,ExpGrad.1,2,0.712296,-0.0580055105295162,-0.0890978965739158,-0.0890978965739158,-0.0383971045361005,-0.0435362501005651,0 days 00:02:33.115634
1091,ExpGrad.01,2,0.624277,-0.0026134034815158,-0.0062468392823076,-0.0062468392823076,-0.0017084322830571,0.0,0 days 00:03:26.036284
1092,RedGrid25,2,0.699397,-0.0474597032622885,-0.0757964927851414,-0.0685860019940238,-0.0757964927851414,-0.0099080188578994,0 days 00:11:38.852891
1093,RedGrid5,2,0.699397,-0.0474597032622885,-0.0757964927851414,-0.0685860019940238,-0.0757964927851414,-0.0099080188578994,0 days 00:10:55.203573
1094,RedGrid75,2,0.649012,-0.0206982027056829,-0.0464276880687457,-0.0247411916459737,-0.0464276880687457,0.0,0 days 00:11:07.803271
1095,ExpGrad.1,0,0.706883,-0.0851753392224581,-0.1033269188308509,-0.1033269188308509,-0.0770426040034394,-0.0737958962143054,0 days 00:03:49.091233
1096,ExpGrad.01,0,0.690137,-0.0170314618662847,-0.0230062081724151,-0.0230062081724151,-0.0174986509293311,-0.0115447542678315,0 days 00:08:30.206127
1097,RedGrid25,0,0.683445,-0.1208879935758412,-0.1549638058189566,-0.1549638058189566,-0.1031242130071475,-0.1009077603218682,0 days 00:15:40.155752
1098,RedGrid5,0,0.683445,-0.1208879935758412,-0.1549638058189566,-0.1549638058189566,-0.1031242130071475,-0.1009077603218682,0 days 00:15:28.596726
1099,RedGrid75,0,0.683445,-0.1208879935758412,-0.1549638058189566,-0.1549638058189566,-0.1031242130071475,-0.1009077603218682,0 days 00:15:19.931295
1100,ExpGrad.1,1,0.712604,-0.0470526858443112,-0.1259176297524634,-0.1259176297524634,-0.0510684501828511,-0.0423659406876919,0 days 00:02:35.870329
1101,ExpGrad.01,1,0.571393,-0.0019004234895603,-0.003011021917786,0.0,0.0,-0.003011021917786,0 days 00:02:00.874234
1102,RedGrid25,1,0.707917,-0.065191107227397,-0.1398211806025413,-0.1398211806025413,-0.0662487756063184,-0.0622729740580485,0 days 00:11:39.137085
1103,RedGrid5,1,0.699343,-0.0018657815552238,-0.0945593522854141,-0.0945593522854141,0.0,0.0,0 days 00:11:36.935202
1104,RedGrid75,1,0.699343,-0.0018657815552238,-0.0945593522854141,-0.0945593522854141,0.0,0.0,0 days 00:11:38.874041
1105,ExpGrad.1,1,0.708575,-0.0346474692076266,-0.1187689014644409,-0.1187689014644409,-0.0476823329090595,-0.0248563975653723,0 days 00:02:07.417517
1106,ExpGrad.01,1,0.604929,-0.009286674839223,-0.0237889539208075,-0.0237889539208075,-0.0092657173075717,-0.008855055426746,0 days 00:04:32.835479
1107,RedGrid25,1,0.705855,-0.0603739071959104,-0.1355081007603173,-0.1355081007603173,-0.0608484166786132,-0.05781477391836,0 days 00:10:45.617532
1108,RedGrid5,1,0.695401,-0.0017677889176207,-0.0916480842728195,-0.0916480842728195,0.0,0.0,0 days 00:10:48.290951
1109,RedGrid75,1,0.695401,-0.0017677889176207,-0.0916480842728195,-0.0916480842728195,0.0,0.0,0 days 00:10:48.131452
1110,ExpGrad.1,2,0.717773,-0.0643515072875805,-0.10232099779552,-0.10232099779552,-0.0592875782908618,-0.0343245505675114,0 days 00:02:45.490962
1111,ExpGrad.01,2,0.620638,-0.0113785027451356,-0.0224776412656069,-0.0224776412656069,0.0,-0.0092504257864735,0 days 00:02:32.409935
1112,RedGrid25,2,0.681741,-0.0367768189630942,-0.063362023212855,-0.063362023212855,0.0,-0.0380764411064168,0 days 00:10:52.614002
1113,RedGrid5,2,0.681741,-0.0367768189630942,-0.063362023212855,-0.063362023212855,0.0,-0.0380764411064168,0 days 00:10:50.601131
1114,RedGrid75,2,0.679188,-0.0356410895106719,-0.0615245491077535,-0.0615245491077535,0.0,-0.0367955875140167,0 days 00:10:48.451102
1115,ExpGrad.1,0,0.707223,-0.083461147072883,-0.1019097520541206,-0.1019097520541206,-0.0750038019656869,-0.0719506685556526,0 days 00:03:04.789358
1116,ExpGrad.01,0,0.686621,-0.01505982439343,-0.0211445324399647,-0.0211445324399647,-0.0146728793406497,-0.0099315332330982,0 days 00:05:56.596701
1117,RedGrid25,0,0.686356,-0.1239795656813049,-0.1551299895851554,-0.1551299895851554,-0.1028735394934757,-0.1083283651666058,0 days 00:12:23.432750
1118,RedGrid5,0,0.686356,-0.1239795656813049,-0.1551299895851554,-0.1551299895851554,-0.1028735394934757,-0.1083283651666058,0 days 00:12:30.923209
1119,RedGrid75,0,0.686356,-0.1239795656813049,-0.1551299895851554,-0.1551299895851554,-0.1028735394934757,-0.1083283651666058,0 days 00:12:41.722211
1120,ExpGrad.1,2,0.706069,-0.0544660583858574,-0.089452278393697,-0.089452278393697,-0.0184830105195259,-0.0470553840300989,0 days 00:03:43.719002
1121,ExpGrad.01,2,0.635343,-0.002965397599508,-0.0069556940456695,-0.0069556940456695,-0.0020567580119349,0.0,0 days 00:04:55.189378
1122,RedGrid25,2,0.694688,-0.043545468566662,-0.083860888038519,-0.083860888038519,0.0,-0.0363870227126931,0 days 00:13:25.470995
1123,RedGrid5,2,0.694688,-0.043545468566662,-0.083860888038519,-0.083860888038519,0.0,-0.0363870227126931,0 days 00:13:23.023298
1124,RedGrid75,2,0.632668,-0.0018303658627561,-0.005235312572758,-0.005235312572758,0.0,0.0,0 days 00:12:56.434863
1125,ExpGrad.1,1,0.710996,-0.0339183235765036,-0.1157896234250464,-0.1157896234250464,-0.0349979082749636,-0.0307816144557856,0 days 00:02:22.881735
1126,ExpGrad.01,1,0.594899,-0.000147679972238,-0.0075527535174627,-0.0075527535174627,0.0,0.0,0 days 00:03:16.005223
1127,RedGrid25,1,0.693415,-0.0014239991707219,-0.0728271720433491,-0.0728271720433491,0.0,0.0,0 days 00:11:04.164676
1128,RedGrid5,1,0.693415,-0.0014239991707219,-0.0728271720433491,-0.0728271720433491,0.0,0.0,0 days 00:11:02.369382
1129,RedGrid75,1,0.693415,-0.0014239991707219,-0.0728271720433491,-0.0728271720433491,0.0,0.0,0 days 00:11:01.757391
1130,ExpGrad.1,2,0.704623,-0.0525535624858168,-0.082795877053679,-0.082795877053679,-0.0381490376155899,-0.0353252076288296,0 days 00:02:56.005224
1131,ExpGrad.01,2,0.612972,-0.00618991471013,-0.0088405548155138,-0.0088405548155138,0.0,-0.0079767050595241,0 days 00:04:26.277299
1132,RedGrid25,2,0.691444,-0.0481389858358639,-0.0856848992049181,-0.0856848992049181,0.0,-0.0469932646130976,0 days 00:12:57.602894
1133,RedGrid5,2,0.668222,-0.020905921397728,-0.0601845350046165,-0.0601845350046165,0.0,0.0,0 days 00:13:00.660673
1134,RedGrid75,2,0.668222,-0.020905921397728,-0.0601845350046165,-0.0601845350046165,0.0,0.0,0 days 00:12:56.234211
1135,ExpGrad.1,2,0.715488,-0.0631687825747902,-0.0930563030103472,-0.0930563030103472,-0.0594571729278477,-0.0391131925774188,0 days 00:03:06.763040
1136,ExpGrad.01,2,0.62884,-0.0056488887637608,-0.0090211657308308,-0.0090211657308308,0.0,-0.0064059431623951,0 days 00:03:52.238496
1137,RedGrid25,2,0.702673,-0.0539689799794328,-0.0823496888905737,-0.0823496888905737,-0.0709112705629904,-0.0175420492877479,0 days 00:13:49.584719
1138,RedGrid5,2,0.66768,-0.0161180095966876,-0.0450543886603561,-0.0450543886603561,0.0,-0.0011406903841468,0 days 00:13:26.693991
1139,RedGrid75,2,0.660596,-0.0123568817425498,-0.035526566351495,-0.035526566351495,0.0,0.0,0 days 00:13:15.835933
1140,ExpGrad.1,0,0.7067,-0.0840252927998244,-0.101319544310352,-0.101319544310352,-0.0747956983664966,-0.0739649220057608,0 days 00:03:04.661898
1141,ExpGrad.01,0,0.688885,-0.0119621236784115,-0.0181893106041042,-0.0181893106041042,-0.0081073633668724,-0.0086345187238865,0 days 00:09:22.730370
1142,RedGrid25,0,0.694285,-0.0567223541420957,-0.0773533778945233,-0.0515196786113113,-0.0773533778945233,-0.0498425557978794,0 days 00:14:59.491103
1143,RedGrid5,0,0.694285,-0.0567223541420957,-0.0773533778945233,-0.0515196786113113,-0.0773533778945233,-0.0498425557978794,0 days 00:14:59.327140
1144,RedGrid75,0,0.694285,-0.0567223541420957,-0.0773533778945233,-0.0515196786113113,-0.0773533778945233,-0.0498425557978794,0 days 00:14:58.413134
1145,ExpGrad.1,0,0.705737,-0.0829801152051091,-0.1005810606214921,-0.1005810606214921,-0.0729397018003802,-0.0731037597077385,0 days 00:03:25.498215
1146,ExpGrad.01,0,0.687888,-0.0132277936201053,-0.0203349008949373,-0.0203349008949373,-0.0093649967998803,-0.0091335524950154,0 days 00:06:41.082601
1147,RedGrid25,0,0.693171,-0.0360528260627352,-0.0431606191116505,-0.0387070788584007,-0.0190497272959785,-0.0431606191116505,0 days 00:12:52.749452
1148,RedGrid5,0,0.693171,-0.0360528260627352,-0.0431606191116505,-0.0387070788584007,-0.0190497272959785,-0.0431606191116505,0 days 00:13:32.151169
1149,RedGrid75,0,0.693171,-0.0360528260627352,-0.0431606191116505,-0.0387070788584007,-0.0190497272959785,-0.0431606191116505,0 days 00:13:40.005873
1150,ExpGrad.1,1,0.709834,-0.0268319284924041,-0.1173083988150447,-0.1173083988150447,-0.0338759643041562,-0.0201591581147256,0 days 00:02:36.801698
1151,ExpGrad.01,1,0.579996,-0.0011750659097062,-0.0189559175083571,-0.0189559175083571,0.0,-0.0012721674171438,0 days 00:02:57.146311
1152,RedGrid25,1,0.705596,-0.0663713370084148,-0.1506080085948887,-0.1506080085948887,-0.0708897636621666,-0.061281293496108,0 days 00:11:17.198168
1153,RedGrid5,1,0.699899,-0.0097240544654606,-0.1136721340351671,-0.1136721340351671,0.0,-0.0118626041656846,0 days 00:12:35.834942
1154,RedGrid75,1,0.678369,-0.000548500995635,-0.0280616691885918,-0.0280616691885918,0.0,0.0,0 days 00:13:54.136337
1155,ExpGrad.1,0,0.706208,-0.0840394810046499,-0.1009817662338675,-0.1009817662338675,-0.0770619087508452,-0.0730420722057819,0 days 00:03:41.115976
1156,ExpGrad.01,0,0.685506,-0.0170596030900235,-0.0217477145245909,-0.0217477145245909,-0.0175045113864366,-0.0127000055759013,0 days 00:07:06.225214
1157,RedGrid25,0,0.6831,-0.1148417753767462,-0.1497344077917093,-0.1497344077917093,-0.0955663618631555,-0.0949108104730228,0 days 00:14:04.144030
1158,RedGrid5,0,0.6831,-0.1148417753767462,-0.1497344077917093,-0.1497344077917093,-0.0955663618631555,-0.0949108104730228,0 days 00:14:15.641649
1159,RedGrid75,0,0.6831,-0.1148417753767462,-0.1497344077917093,-0.1497344077917093,-0.0955663618631555,-0.0949108104730228,0 days 00:14:04.264453
1160,ExpGrad.1,2,0.709001,-0.0568250463267359,-0.0853204988501947,-0.0853204988501947,-0.059636223908736,-0.0295103915408286,0 days 00:02:48.654902
1161,ExpGrad.01,2,0.615094,-0.0071843037785513,-0.010033742882394,-0.0074636667411941,-0.0025010658638881,-0.010033742882394,0 days 00:04:12.736462
1162,RedGrid25,2,0.717879,-0.06702599474432,-0.1008075202764509,-0.1008075202764509,-0.0923593308901528,-0.020086045698747,0 days 00:10:52.384744
1163,RedGrid5,2,0.670047,-0.0339746466629953,-0.0633136994141756,-0.0502745920981023,-0.0633136994141756,0.0,0 days 00:10:49.116686
1164,RedGrid75,2,0.627869,-0.0199559890527744,-0.041576105670332,-0.0262804737010686,-0.041576105670332,0.0,0 days 00:10:42.545227
1165,ExpGrad.1,1,0.711443,-0.0349699653298261,-0.1058060461469062,-0.1058060461469062,-0.0296938251733506,-0.0356569316185815,0 days 00:02:36.310339
1166,ExpGrad.01,1,0.598002,-0.0084487696590219,-0.0100035381519075,-0.0040258653371078,-0.0058875048681105,-0.0100035381519075,0 days 00:04:35.372086
1167,RedGrid25,1,0.705959,-0.0662913718957703,-0.1352069789485557,-0.1352069789485557,-0.06686785550703,-0.0638040839833108,0 days 00:12:04.847434
1168,RedGrid5,1,0.700985,-0.0111226781078812,-0.1043359592401435,-0.1043359592401435,0.0,-0.0143367924649456,0 days 00:12:40.186825
1169,RedGrid75,1,0.700985,-0.0111226781078812,-0.1043359592401435,-0.1043359592401435,0.0,-0.0143367924649456,0 days 00:11:49.671910
1170,ExpGrad.1,2,0.702383,-0.0415696262491922,-0.0789081689750395,-0.0789081689750395,-0.0030773438509551,-0.034122539172093,0 days 00:03:11.805842
1171,ExpGrad.01,2,0.62021,-0.0053270689480648,-0.0094171327824339,-0.0094171327824339,-0.0077953708678357,0.0,0 days 00:03:41.183997
1172,RedGrid25,2,0.699629,-0.0439063116841768,-0.0973758314773342,-0.0973758314773342,-0.0037371518399691,-0.0231509631702493,0 days 00:13:19.261428
1173,RedGrid5,2,0.681184,-0.0271488092867716,-0.0682275070970659,-0.0682275070970659,0.0,-0.0086983197256861,0 days 00:13:15.167670
1174,RedGrid75,2,0.665475,-0.0200099906288384,-0.0574488652609722,-0.0574488652609722,0.0,0.0,0 days 00:13:41.322535
1175,ExpGrad.1,0,0.706778,-0.0834505264660191,-0.1003769269727716,-0.1003769269727716,-0.0734840641502144,-0.0740537464683309,0 days 00:02:38.339647
1176,ExpGrad.01,0,0.680696,-0.0116651255451777,-0.0158633796569104,-0.0158633796569104,-0.0090211841792247,-0.0094293873434554,0 days 00:03:28.660463
1177,RedGrid25,0,0.690575,-0.0223937077644563,-0.0280361418534731,-0.0272851669828585,-0.0043759264688195,-0.0280361418534731,0 days 00:10:04.511917
1178,RedGrid5,0,0.690575,-0.0223937077644563,-0.0280361418534731,-0.0272851669828585,-0.0043759264688195,-0.0280361418534731,0 days 00:09:57.004589
1179,RedGrid75,0,0.690575,-0.0223937077644563,-0.0280361418534731,-0.0272851669828585,-0.0043759264688195,-0.0280361418534731,0 days 00:09:45.440883
1180,ExpGrad.1,0,0.706779,-0.0789677411409478,-0.0960922662430098,-0.0960922662430098,-0.0679123867650248,-0.0700514326181441,0 days 00:03:49.176033
1181,ExpGrad.01,0,0.687778,-0.0164450008282857,-0.0213799981160741,-0.0213799981160741,-0.0167880512371946,-0.0119205725358089,0 days 00:07:06.372263
1182,RedGrid25,0,0.686608,-0.0791334354371016,-0.1117643897925367,-0.1117643897925367,-0.0040697056418694,-0.0920553336901901,0 days 00:14:12.420672
1183,RedGrid5,0,0.686608,-0.0791334354371016,-0.1117643897925367,-0.1117643897925367,-0.0040697056418694,-0.0920553336901901,0 days 00:13:54.300527
1184,RedGrid75,0,0.663702,-0.0532791387525129,-0.1100286919935488,-0.1100286919935488,0.0,-0.0329501514232476,0 days 00:14:02.774757
1185,ExpGrad.1,2,0.686742,-0.0518961438311719,-0.0822518307091521,-0.0822518307091521,-0.0414417387430156,-0.0320256622676444,0 days 00:02:18.675239
1186,ExpGrad.01,2,0.602393,-0.0067591014687801,-0.0106996437117111,-0.0106996437117111,-0.0013666100909019,-0.0068845328459799,0 days 00:03:15.624745
1187,RedGrid25,2,0.706521,-0.0901866016355708,-0.1520111656053454,-0.1010517167164036,-0.1520111656053454,-0.0391260421381116,0 days 00:12:22.208841
1188,RedGrid5,2,0.651626,-0.0131737901583655,-0.0380249159198311,-0.0380249159198311,0.0,0.0,0 days 00:12:21.377770
1189,RedGrid75,2,0.651626,-0.0131737901583655,-0.0380249159198311,-0.0380249159198311,0.0,0.0,0 days 00:12:22.389297
1190,ExpGrad.1,0,0.706405,-0.0835396499480417,-0.1012977143947521,-0.1012977143947521,-0.0751422334649789,-0.0726192831640148,0 days 00:03:30.617739
1191,ExpGrad.01,0,0.686627,-0.0134503341364774,-0.0202171414573847,-0.0202171414573847,-0.008122161600776,-0.0104695957458337,0 days 00:07:03.878295
1192,RedGrid25,0,0.691032,-0.0218940100977796,-0.0280887790120323,-0.0280887790120323,-0.008075559760183,-0.0241245054575903,0 days 00:13:09.466562
1193,RedGrid5,0,0.691032,-0.0218940100977796,-0.0280887790120323,-0.0280887790120323,-0.008075559760183,-0.0241245054575903,0 days 00:13:25.549232
1194,RedGrid75,0,0.691032,-0.0218940100977796,-0.0280887790120323,-0.0280887790120323,-0.008075559760183,-0.0241245054575903,0 days 00:13:31.451770
1195,ExpGrad.1,2,0.720973,-0.0715153158576072,-0.1019118280692949,-0.1019118280692949,-0.0756008144792311,-0.0416492680508959,0 days 00:03:07.350318
1196,ExpGrad.01,2,0.632986,-0.0116203326633951,-0.0186946436092198,-0.0095344900443485,-0.0037940423193152,-0.0186946436092198,0 days 00:04:18.813542
1197,RedGrid25,2,0.730987,-0.0964202754673387,-0.1244858246201122,-0.1244858246201122,-0.1037421963528806,-0.0664807401607178,0 days 00:12:55.465932
1198,RedGrid5,2,0.703552,-0.057265267329605,-0.0889358659154193,-0.0788345869826855,-0.0889358659154193,-0.0169132899428438,0 days 00:12:06.001903
1199,RedGrid75,2,0.673183,-0.0254760237840201,-0.0729994226977467,-0.0729994226977467,0.0,0.0,0 days 00:11:49.035559
1200,ExpGrad.1,0,0.706802,-0.0829328968186976,-0.1006609791448304,-0.1006609791448304,-0.0732020048093861,-0.0727433619991456,0 days 00:03:21.295850
1201,ExpGrad.01,0,0.686021,-0.0133371997154021,-0.0183785009313225,-0.0183785009313225,-0.0085510342523401,-0.0115560669198599,0 days 00:05:46.783073
1202,RedGrid25,0,0.685837,-0.124237771350929,-0.153986019838558,-0.153986019838558,-0.1020208392261684,-0.1103954131382488,0 days 00:12:18.754596
1203,RedGrid5,0,0.685837,-0.124237771350929,-0.153986019838558,-0.153986019838558,-0.1020208392261684,-0.1103954131382488,0 days 00:12:18.183081
1204,RedGrid75,0,0.685837,-0.124237771350929,-0.153986019838558,-0.153986019838558,-0.1020208392261684,-0.1103954131382488,0 days 00:12:12.807191
1205,ExpGrad.1,0,0.706003,-0.0741314412024092,-0.0929430341557215,-0.0929430341557215,-0.0597971313435493,-0.0655906914123436,0 days 00:02:27.010025
1206,ExpGrad.01,0,0.687746,-0.01171177986559,-0.018307883249267,-0.018307883249267,-0.0075801851037129,-0.0082221691617269,0 days 00:04:40.581340
1207,RedGrid25,0,0.690529,-0.0252686267740298,-0.0303660059469171,-0.0303660059469171,-0.0142221061469473,-0.0269164770946568,0 days 00:11:02.571934
1208,RedGrid5,0,0.690529,-0.0252686267740298,-0.0303660059469171,-0.0303660059469171,-0.0142221061469473,-0.0269164770946568,0 days 00:11:18.473497
1209,RedGrid75,0,0.690529,-0.0252686267740298,-0.0303660059469171,-0.0303660059469171,-0.0142221061469473,-0.0269164770946568,0 days 00:11:05.541120
1210,ExpGrad.1,1,0.711443,-0.0329914954114367,-0.1128364853280303,-0.1128364853280303,-0.04223823339823,-0.0254494206062299,0 days 00:03:16.742114
1211,ExpGrad.01,1,0.602226,-0.0004068852717808,-0.0210391184441515,-0.0210391184441515,0.0,0.0,0 days 00:03:57.795055
1212,RedGrid25,1,0.700238,-0.012105722545315,-0.1060227355074834,-0.1060227355074834,-0.0038759091103777,-0.0137705935629128,0 days 00:13:15.614791
1213,RedGrid5,1,0.700238,-0.012105722545315,-0.1060227355074834,-0.1060227355074834,-0.0038759091103777,-0.0137705935629128,0 days 00:13:18.590239
1214,RedGrid75,1,0.700238,-0.012105722545315,-0.1060227355074834,-0.1060227355074834,-0.0038759091103777,-0.0137705935629128,0 days 00:13:20.623052
1215,ExpGrad.1,0,0.707428,-0.0776217406902403,-0.0962686891536286,-0.0962686891536286,-0.0653160839441546,-0.068070519255765,0 days 00:03:25.751959
1216,ExpGrad.01,0,0.687617,-0.0126974192744672,-0.0189665190781287,-0.0189665190781287,-0.0086555434296504,-0.0094337121067877,0 days 00:07:39.072506
1217,RedGrid25,0,0.68355,-0.1133157583527685,-0.1484474862592278,-0.1484474862592278,-0.0948941070674342,-0.0926921297675417,0 days 00:15:23.273263
1218,RedGrid5,0,0.68355,-0.1133157583527685,-0.1484474862592278,-0.1484474862592278,-0.0948941070674342,-0.0926921297675417,0 days 00:15:19.883196
1219,RedGrid75,0,0.68355,-0.1133157583527685,-0.1484474862592278,-0.1484474862592278,-0.0948941070674342,-0.0926921297675417,0 days 00:15:31.191845
1220,ExpGrad.1,1,0.711976,-0.0430234437933054,-0.1120558776922255,-0.1120558776922255,-0.0395046874573736,-0.0428142502516545,0 days 00:02:53.584735
1221,ExpGrad.01,1,0.613707,-0.0022210436386169,-0.0244699718269022,-0.0244699718269022,-0.0049782881265396,0.0,0 days 00:04:55.042894
1222,RedGrid25,1,0.699307,-0.0379178235759526,-0.1072178132857517,-0.1072178132857517,-0.0358813476034952,-0.0368799164280816,0 days 00:10:56.737863
1223,RedGrid5,1,0.699307,-0.0379178235759526,-0.1072178132857517,-0.1072178132857517,-0.0358813476034952,-0.0368799164280816,0 days 00:10:56.302672
1224,RedGrid75,1,0.699307,-0.0379178235759526,-0.1072178132857517,-0.1072178132857517,-0.0358813476034952,-0.0368799164280816,0 days 00:10:56.518534
1225,ExpGrad.1,1,0.711318,-0.0419470947609216,-0.1143256856507366,-0.1143256856507366,-0.0425837364189545,-0.0393406853949792,0 days 00:02:43.870917
1226,ExpGrad.01,1,0.589384,-0.0119887808253162,-0.0274417676327037,-0.0274417676327037,-0.0158260776416353,-0.009385582523454,0 days 00:02:54.284280
1227,RedGrid25,1,0.701403,-0.0170281455610613,-0.1074464396413328,-0.1074464396413328,-0.0036576368582709,-0.0216052994040136,0 days 00:12:00.730841
1228,RedGrid5,1,0.701403,-0.0170281455610613,-0.1074464396413328,-0.1074464396413328,-0.0036576368582709,-0.0216052994040136,0 days 00:11:50.967608
1229,RedGrid75,1,0.701403,-0.0170281455610613,-0.1074464396413328,-0.1074464396413328,-0.0036576368582709,-0.0216052994040136,0 days 00:12:04.818793
1230,ExpGrad.1,0,0.705852,-0.0833268443066364,-0.101291202345776,-0.101291202345776,-0.074490359762386,-0.0724194593550331,0 days 00:03:22.055586
1231,ExpGrad.01,0,0.689631,-0.0161557694606992,-0.022162903325367,-0.022162903325367,-0.01208023047351,-0.0131290025307079,0 days 00:08:23.646334
1232,RedGrid25,0,0.682148,-0.1142607230888834,-0.1495398478936398,-0.1495398478936398,-0.0950384439546629,-0.0938752169141016,0 days 00:12:10.836012
1233,RedGrid5,0,0.682148,-0.1142607230888834,-0.1495398478936398,-0.1495398478936398,-0.0950384439546629,-0.0938752169141016,0 days 00:12:07.901476
1234,RedGrid75,0,0.682148,-0.1142607230888834,-0.1495398478936398,-0.1495398478936398,-0.0950384439546629,-0.0938752169141016,0 days 00:11:58.859839
1235,ExpGrad.1,1,0.713423,-0.0528147988958893,-0.1304655011662597,-0.1304655011662597,-0.0554778183508732,-0.0489681267424145,0 days 00:02:21.617150
1236,ExpGrad.01,1,0.584877,-7.125868284784174e-05,-0.0036827848934692,-0.0036827848934692,0.0,0.0,0 days 00:02:53.040848
1237,RedGrid25,1,0.705526,-0.0744625975887645,-0.1468685519549374,-0.1468685519549374,-0.0787151329254515,-0.0698995311426924,0 days 00:11:12.697006
1238,RedGrid5,1,0.70212,-0.0187950202189531,-0.1162934220885798,-0.1162934220885798,-0.0022811201523921,-0.0249210173671242,0 days 00:11:56.151443
1239,RedGrid75,1,0.70212,-0.0187950202189531,-0.1162934220885798,-0.1162934220885798,-0.0022811201523921,-0.0249210173671242,0 days 00:11:28.721134
1240,ExpGrad.1,2,0.710607,-0.0679154140573845,-0.1001367812643539,-0.1001367812643539,-0.0627548720013719,-0.0428865729079283,0 days 00:02:56.058899
1241,ExpGrad.01,2,0.613281,-0.007705968203985,-0.0117474460916907,-0.0090255336263952,0.0,-0.0117474460916907,0 days 00:04:43.394256
1242,RedGrid25,2,0.721368,-0.0869335908188468,-0.0996825441640961,-0.0942888032213377,-0.0996825441640961,-0.0718053824975406,0 days 00:13:03.064660
1243,RedGrid5,2,0.716834,-0.0733979360623848,-0.1110502868429376,-0.1110502868429376,-0.0948864431751216,-0.0255472365161191,0 days 00:13:05.126579
1244,RedGrid75,2,0.676325,-0.0339927251357529,-0.0555920330333412,-0.0498044434496937,-0.0555920330333412,-0.0053971255426408,0 days 00:12:40.104851
1245,ExpGrad.1,0,0.707742,-0.0783152256001631,-0.096786595306996,-0.096786595306996,-0.067523398576765,-0.068102055935338,0 days 00:03:22.512160
1246,ExpGrad.01,0,0.689439,-0.0119547615607785,-0.0171369200692204,-0.0171369200692204,-0.008857300954612,-0.0091281544359975,0 days 00:06:46.836419
1247,RedGrid25,0,0.687306,-0.079056260585914,-0.1121941641029803,-0.1121941641029803,-0.003561819684725,-0.091859704787696,0 days 00:11:34.481734
1248,RedGrid5,0,0.687306,-0.079056260585914,-0.1121941641029803,-0.1121941641029803,-0.003561819684725,-0.091859704787696,0 days 00:11:29.942654
1249,RedGrid75,0,0.66561,-0.0522064469585837,-0.1094235637060558,-0.1094235637060558,0.0,-0.030982132467591,0 days 00:11:20.197370
1250,ExpGrad.1,1,0.709576,-0.0242867394649507,-0.1145843141447313,-0.1145843141447313,-0.0274692211956651,-0.0197521896387221,0 days 00:03:10.341796
1251,ExpGrad.01,1,0.555068,-0.0003308503633464,-0.017097224715093,-0.017097224715093,0.0,0.0,0 days 00:02:00.432977
1252,RedGrid25,1,0.706562,-0.0811713114013974,-0.149709996222474,-0.149709996222474,-0.0865630530179433,-0.076079180770526,0 days 00:11:48.071850
1253,RedGrid5,1,0.697841,-0.0092371206775785,-0.1021880384234361,-0.1021880384234361,0.0,-0.0115078355321683,0 days 00:11:47.196043
1254,RedGrid75,1,0.681857,-0.0008529744715212,-0.0440788278674581,-0.0440788278674581,0.0,0.0,0 days 00:11:47.847679
1255,ExpGrad.1,1,0.711533,-0.0349968071281204,-0.1170969860679265,-0.1170969860679265,-0.0270114651877635,-0.0369012493872441,0 days 00:02:30.939672
1256,ExpGrad.01,1,0.592477,-0.0072092161337907,-0.0119078516026759,-0.0119078516026759,-0.0073589443727248,-0.006983072899803,0 days 00:03:22.378239
1257,RedGrid25,1,0.701001,-0.0028681873791087,-0.0998779329529697,-0.0998779329529697,0.0,-0.0014909596722889,0 days 00:11:09.794919
1258,RedGrid5,1,0.701001,-0.0028681873791087,-0.0998779329529697,-0.0998779329529697,0.0,-0.0014909596722889,0 days 00:11:09.587686
1259,RedGrid75,1,0.701001,-0.0028681873791087,-0.0998779329529697,-0.0998779329529697,0.0,-0.0014909596722889,0 days 00:11:10.005815
1260,ExpGrad.1,2,0.697104,-0.0448476872732885,-0.0850610479058062,-0.0850610479058062,-0.017799075558971,-0.0277088031177627,0 days 00:02:17.507243
1261,ExpGrad.01,2,0.619708,-0.0058216248064557,-0.0097979355429718,-0.0097979355429718,0.0,-0.0062045674883288,0 days 00:02:59.778405
1262,RedGrid25,2,0.710694,-0.0653079356452024,-0.0844725071942524,-0.0844725071942524,-0.0508526970055808,-0.0581729619060905,0 days 00:10:48.227907
1263,RedGrid5,2,0.684626,-0.03379559672562,-0.0754164540813058,-0.0754164540813058,0.0,-0.0198860992023145,0 days 00:10:37.361085
1264,RedGrid75,2,0.656299,-0.0158055263096126,-0.0389037511902794,-0.0389037511902794,0.0,-0.0061386987569662,0 days 00:10:44.919425
1265,ExpGrad.1,1,0.70908,-0.0279748805039934,-0.1090458356043118,-0.1090458356043118,-0.0254322958659077,-0.0269067017959068,0 days 00:02:36.581058
1266,ExpGrad.01,1,0.601327,-0.0129143399754051,-0.0183772127767747,-0.0148628766168315,-0.0183772127767747,-0.0098316889057037,0 days 00:05:14.416436
1267,RedGrid25,1,0.706927,-0.0612400824246369,-0.1351609101943356,-0.1351609101943356,-0.0652279049360923,-0.0567762773598037,0 days 00:11:37.867724
1268,RedGrid5,1,0.706927,-0.0612400824246369,-0.1351609101943356,-0.1351609101943356,-0.0652279049360923,-0.0567762773598037,0 days 00:11:40.614721
1269,RedGrid75,1,0.706927,-0.0612400824246369,-0.1351609101943356,-0.1351609101943356,-0.0652279049360923,-0.0567762773598037,0 days 00:11:35.786253
1270,ExpGrad.1,2,0.685111,-0.0342619789052302,-0.0748069807793503,-0.0748069807793503,-0.0007830146190651,-0.0202410562938794,0 days 00:02:43.120296
1271,ExpGrad.01,2,0.633574,-0.0079131643906675,-0.0137995537494162,-0.0137995537494162,-0.0118305987319476,0.0,0 days 00:04:17.903376
1272,RedGrid25,2,0.688836,-0.0605067937774328,-0.0758108547289083,-0.0599066508913816,-0.0758108547289083,-0.0507987907893159,0 days 00:12:11.166012
1273,RedGrid5,2,0.655534,-0.01219978763807,-0.0348642032663745,-0.0348642032663745,0.0,0.0,0 days 00:11:24.396873
1274,RedGrid75,2,0.655534,-0.01219978763807,-0.0348642032663745,-0.0348642032663745,0.0,0.0,0 days 00:11:15.700623
1275,ExpGrad.1,2,0.701414,-0.0469848084861201,-0.0941935680961181,-0.0941935680961181,0.0,-0.0356780782503301,0 days 00:02:52.674008
1276,ExpGrad.01,2,0.617707,-0.0080443095166812,-0.0108473410929745,-0.010829089070122,0.0,-0.0108473410929745,0 days 00:03:50.486827
1277,RedGrid25,2,0.651267,-0.0121293100841314,-0.0346133492546607,-0.0346133492546607,0.0,0.0,0 days 00:13:28.770881
1278,RedGrid5,2,0.651267,-0.0121293100841314,-0.0346133492546607,-0.0346133492546607,0.0,0.0,0 days 00:13:46.693586
1279,RedGrid75,2,0.651267,-0.0121293100841314,-0.0346133492546607,-0.0346133492546607,0.0,0.0,0 days 00:13:51.871021
1280,ExpGrad.1,1,0.70897,-0.0230711210276032,-0.0973144696170177,-0.0973144696170177,-0.029872921647194,-0.0170101513023704,0 days 00:02:54.302180
1281,ExpGrad.01,1,0.600063,-0.000263534345195,-0.0135624226142079,-0.0135624226142079,0.0,0.0,0 days 00:03:16.187856
1282,RedGrid25,1,0.707665,-0.0678136630191954,-0.1329955746737879,-0.1329955746737879,-0.0731137212760253,-0.0628650191005558,0 days 00:12:53.580900
1283,RedGrid5,1,0.698728,-0.0018152501273408,-0.0934192822543504,-0.0934192822543504,0.0,0.0,0 days 00:13:20.837995
1284,RedGrid75,1,0.698728,-0.0018152501273408,-0.0934192822543504,-0.0934192822543504,0.0,0.0,0 days 00:13:08.941262
1285,ExpGrad.1,2,0.717049,-0.0653293644519464,-0.101269512033405,-0.101269512033405,-0.0372353461802359,-0.0516703478567159,0 days 00:02:30.786723
1286,ExpGrad.01,2,0.613507,-0.0081682364998137,-0.0087917367252307,-0.0087917367252307,-0.0069452714157637,-0.0084283249382657,0 days 00:04:10.151495
1287,RedGrid25,2,0.719051,-0.0743726079782805,-0.0963055525732309,-0.0963055525732309,-0.0658144177806884,-0.0602348899635122,0 days 00:12:47.920941
1288,RedGrid5,2,0.687035,-0.0336334761505373,-0.0625499932031249,-0.0625499932031249,-0.0364752096074168,-0.0054497193948335,0 days 00:10:41.761027
1289,RedGrid75,2,0.687035,-0.0336334761505373,-0.0625499932031249,-0.0625499932031249,-0.0364752096074168,-0.0054497193948335,0 days 00:10:57.877154
1290,ExpGrad.1,0,0.706248,-0.0799441161797752,-0.0970315004879287,-0.0970315004879287,-0.0689776190629765,-0.0710494329292663,0 days 00:02:24.938041
1291,ExpGrad.01,0,0.683791,-0.0140242099241232,-0.0185413348722093,-0.0185413348722093,-0.0126441662816362,-0.0108283577771398,0 days 00:04:48.900384
1292,RedGrid25,0,0.689495,-0.0205538781971335,-0.0258833660680579,-0.0258833660680579,-0.0046347479269271,-0.0247284642430947,0 days 00:09:59.998206
1293,RedGrid5,0,0.689495,-0.0205538781971335,-0.0258833660680579,-0.0258833660680579,-0.0046347479269271,-0.0247284642430947,0 days 00:10:16.493998
1294,RedGrid75,0,0.689495,-0.0205538781971335,-0.0258833660680579,-0.0258833660680579,-0.0046347479269271,-0.0247284642430947,0 days 00:10:38.087791
1295,ExpGrad.1,0,0.706535,-0.0821763786947898,-0.0994242658862952,-0.0994242658862952,-0.0740323748226207,-0.0715288003162993,0 days 00:03:57.258814
1296,ExpGrad.01,0,0.687395,-0.0100685937341728,-0.0155101074396922,-0.0155101074396922,-0.0068709266704405,-0.0070562463120537,0 days 00:07:11.015570
1297,RedGrid25,0,0.682942,-0.1147371705783862,-0.1486073265790302,-0.1486073265790302,-0.0967541135565062,-0.0949269769152619,0 days 00:14:54.635610
1298,RedGrid5,0,0.682942,-0.1147371705783862,-0.1486073265790302,-0.1486073265790302,-0.0967541135565062,-0.0949269769152619,0 days 00:14:32.985097
1299,RedGrid75,0,0.682942,-0.1147371705783862,-0.1486073265790302,-0.1486073265790302,-0.0967541135565062,-0.0949269769152619,0 days 00:14:44.161288
1300,ExpGrad.1,2,0.69675,-0.0499911333047395,-0.0807329790003262,-0.0807329790003262,-0.056348953974009,-0.0186637731151265,0 days 00:02:00.690522
1301,ExpGrad.01,2,0.621609,-0.0056099314119102,-0.0161497074436598,-0.0161497074436598,0.0,0.0,0 days 00:04:31.060039
1302,RedGrid25,2,0.71773,-0.0819932890490326,-0.1027662484256911,-0.1027662484256911,-0.0905769755795807,-0.0580007337992702,0 days 00:10:38.607927
1303,RedGrid5,2,0.71773,-0.0819932890490326,-0.1027662484256911,-0.1027662484256911,-0.0905769755795807,-0.0580007337992702,0 days 00:10:40.071546
1304,RedGrid75,2,0.646347,-0.0175155821626923,-0.0323995090994796,-0.0323995090994796,0.0,-0.0159120079118016,0 days 00:10:46.856459
1305,ExpGrad.1,1,0.711379,-0.0361770213731187,-0.1054193420417952,-0.1054193420417952,-0.0266975502554193,-0.0393058127438252,0 days 00:02:45.018013
1306,ExpGrad.01,1,0.600869,-0.0135840032143856,-0.0216139375461131,-0.0216139375461131,-0.009983015351662,-0.0153375309957921,0 days 00:03:43.239972
1307,RedGrid25,1,0.707168,-0.0561070355081364,-0.1240971364657949,-0.1240971364657949,-0.0597517684057793,-0.0519787485485196,0 days 00:12:54.964502
1308,RedGrid5,1,0.707168,-0.0561070355081364,-0.1240971364657949,-0.1240971364657949,-0.0597517684057793,-0.0519787485485196,0 days 00:12:50.971687
1309,RedGrid75,1,0.695121,-0.0016354161257075,-0.0839334979255668,-0.0839334979255668,0.0,0.0,0 days 00:12:52.119143
1310,ExpGrad.1,1,0.713012,-0.0477820477767038,-0.1288587592767025,-0.1288587592767025,-0.0455518780961695,-0.0464711718349345,0 days 00:02:30.639602
1311,ExpGrad.01,1,0.608108,-0.000329255175177,-0.0166299637699655,-0.0166299637699655,0.0,0.0,0 days 00:03:14.430266
1312,RedGrid25,1,0.699776,-0.0440984014786461,-0.1185359097113238,-0.1185359097113238,0.0,-0.0660863610892775,0 days 00:12:13.067286
1313,RedGrid5,1,0.699776,-0.0440984014786461,-0.1185359097113238,-0.1185359097113238,0.0,-0.0660863610892775,0 days 00:12:18.101406
1314,RedGrid75,1,0.683762,-0.0008311883025643,-0.0419815158569039,-0.0419815158569039,0.0,0.0,0 days 00:12:42.152610
1315,ExpGrad.1,1,0.710728,-0.0289829899101696,-0.1126032032020569,-0.1126032032020569,-0.0207599511865732,-0.030907355516634,0 days 00:03:26.641646
1316,ExpGrad.01,1,0.606139,-0.0001415312337087,-0.0071334923641399,-0.0071334923641399,0.0,0.0,0 days 00:04:42.584258
1317,RedGrid25,1,0.705234,-0.067157811760321,-0.141690233445707,-0.141690233445707,-0.0678510986629613,-0.0644295163457524,0 days 00:11:51.195305
1318,RedGrid5,1,0.699853,-0.0118338158725113,-0.1042961301978226,-0.1042961301978226,0.0,-0.0154799752886451,0 days 00:11:50.943272
1319,RedGrid75,1,0.699853,-0.0118338158725113,-0.1042961301978226,-0.1042961301978226,0.0,-0.0154799752886451,0 days 00:11:50.195761
1320,ExpGrad.1,2,0.693404,-0.0417349124551234,-0.0744737540143581,-0.0744737540143581,-0.0063303184656582,-0.0365504586591846,0 days 00:02:27.440790
1321,ExpGrad.01,2,0.606478,-0.0077306209081652,-0.0134725229541186,-0.0134725229541186,-0.0116488684540947,0.0,0 days 00:03:08.907425
1322,RedGrid25,2,0.704257,-0.0506231226173405,-0.0805798739354042,-0.0805798739354042,-0.066191978247648,-0.0135732596185035,0 days 00:10:44.029139
1323,RedGrid5,2,0.66274,-0.0224168294672465,-0.0647241060402717,-0.0647241060402717,0.0,0.0,0 days 00:10:54.674325
1324,RedGrid75,2,0.633287,-0.0066217805984758,-0.0144424713110707,-0.0144424713110707,-0.0061569206218195,0.0,0 days 00:10:36.268760
1325,ExpGrad.1,0,0.706936,-0.0801349537612695,-0.0974344339107009,-0.0974344339107009,-0.0720585884776052,-0.069437457644691,0 days 00:03:26.795672
1326,ExpGrad.01,0,0.685331,-0.0101590153462594,-0.0148644299174309,-0.0148644299174309,-0.0106827631332642,-0.0057443800075805,0 days 00:08:18.962743
1327,RedGrid25,0,0.686771,-0.1214661512466384,-0.1514032874934057,-0.1514032874934057,-0.099734777659569,-0.1072438824034968,0 days 00:13:58.705859
1328,RedGrid5,0,0.686771,-0.1214661512466384,-0.1514032874934057,-0.1514032874934057,-0.099734777659569,-0.1072438824034968,0 days 00:13:59.359916
1329,RedGrid75,0,0.668031,-0.0502633259609427,-0.1075121219357551,-0.1075121219357551,0.0,-0.0278823480351836,0 days 00:14:03.678066
1330,ExpGrad.1,2,0.721666,-0.0808998281829883,-0.104742757167212,-0.104742757167212,-0.0717062321415336,-0.0657308597950721,0 days 00:02:50.453067
1331,ExpGrad.01,2,0.62467,-0.0074049417771542,-0.0102196216051539,-0.0097799778704454,0.0,-0.0102196216051539,0 days 00:03:39.921358
1332,RedGrid25,2,0.72964,-0.0945411276582508,-0.1170084462400348,-0.1170084462400348,-0.1028021420638731,-0.0689656142671646,0 days 00:14:02.037137
1333,RedGrid5,2,0.701615,-0.0532583086314811,-0.0779555256659161,-0.0716180657758495,-0.0779555256659161,-0.0203954105183826,0 days 00:13:59.055957
1334,RedGrid75,2,0.62638,-0.0046822385710258,-0.0179804084860508,0.0,-0.0179804084860508,0.0,0 days 00:14:05.288895
1335,ExpGrad.1,2,0.702906,-0.049347903082379,-0.076499908074761,-0.076499908074761,-0.050422380005317,-0.0243836906151738,0 days 00:02:22.172896
1336,ExpGrad.01,2,0.623237,-0.0081781762068531,-0.0152276028458695,-0.0152276028458695,0.0,-0.0073155829210634,0 days 00:02:57.729035
1337,RedGrid25,2,0.714253,-0.07191088126047,-0.1010532722191789,-0.0978970732355039,-0.1010532722191789,-0.0293399163276561,0 days 00:12:48.307181
1338,RedGrid5,2,0.703367,-0.0560787680698573,-0.0798003918393249,-0.0761133659755397,-0.0798003918393249,-0.0224248576391658,0 days 00:12:13.968188
1339,RedGrid75,2,0.6339,-0.018622000537243,-0.0299731502652625,-0.0197652564885917,0.0,-0.0299731502652625,0 days 00:11:53.506079
1340,ExpGrad.1,0,0.706356,-0.0850202736483249,-0.1009941579149369,-0.1009941579149369,-0.0771318985121515,-0.0753541683318886,0 days 00:04:02.215997
1341,ExpGrad.01,0,0.689506,-0.0154296380175275,-0.0207619550863935,-0.0207619550863935,-0.0140204189657555,-0.0115253457601522,0 days 00:08:29.716897
1342,RedGrid25,0,0.682546,-0.117679994015299,-0.1509947519376264,-0.1509947519376264,-0.0998816127338245,-0.0982660292916732,0 days 00:15:44.354633
1343,RedGrid5,0,0.682546,-0.117679994015299,-0.1509947519376264,-0.1509947519376264,-0.0998816127338245,-0.0982660292916732,0 days 00:15:35.226484
1344,RedGrid75,0,0.682546,-0.117679994015299,-0.1509947519376264,-0.1509947519376264,-0.0998816127338245,-0.0982660292916732,0 days 00:15:30.394449
1345,ExpGrad.1,1,0.712097,-0.0439032355993847,-0.1061572810718414,-0.1061572810718414,-0.0420333384550711,-0.0430260199988112,0 days 00:02:34.017233
1346,ExpGrad.01,1,0.608783,-0.0140898742254785,-0.0206068463639713,-0.0134549862347476,-0.0206068463639713,-0.0105050403048738,0 days 00:03:40.319648
1347,RedGrid25,1,0.70673,-0.0702023784474052,-0.1333261720862099,-0.1333261720862099,-0.0742666389282685,-0.0660164677543447,0 days 00:12:04.778095
1348,RedGrid5,1,0.70673,-0.0702023784474052,-0.1333261720862099,-0.1333261720862099,-0.0742666389282685,-0.0660164677543447,0 days 00:12:13.117704
1349,RedGrid75,1,0.699395,-0.0039696702651588,-0.0934038347428827,-0.0934038347428827,0.0,-0.0034192561143245,0 days 00:12:06.748812
1350,ExpGrad.1,1,0.711894,-0.0414873846607982,-0.1195626776297176,-0.1195626776297176,-0.0395132748111558,-0.0401671612106427,0 days 00:02:33.430978
1351,ExpGrad.01,1,0.57901,-0.0043604265961693,-0.0089174874559543,-0.0089174874559543,-0.0085347023858861,-0.0019067109215506,0 days 00:02:32.555934
1352,RedGrid25,1,0.70606,-0.0621221976897453,-0.1361414028979689,-0.1361414028979689,-0.0607399259788667,-0.060599468018745,0 days 00:11:49.064393
1353,RedGrid5,1,0.70606,-0.0621221976897453,-0.1361414028979689,-0.1361414028979689,-0.0607399259788667,-0.060599468018745,0 days 00:11:49.929170
1354,RedGrid75,1,0.70606,-0.0621221976897453,-0.1361414028979689,-0.1361414028979689,-0.0607399259788667,-0.060599468018745,0 days 00:11:47.405716
1355,ExpGrad.1,0,0.706594,-0.0799865145660362,-0.0982905260042701,-0.0982905260042701,-0.0691930135188239,-0.069845215205882,0 days 00:02:21.079444
1356,ExpGrad.01,0,0.684952,-0.0107583771875315,-0.0161007779157816,-0.0161007779157816,-0.0060364778483189,-0.0086688611074652,0 days 00:04:50.485512
1357,RedGrid25,0,0.682864,-0.1159490748225795,-0.1503090864570118,-0.1503090864570118,-0.0977732840510664,-0.0957568669491943,0 days 00:09:48.343690
1358,RedGrid5,0,0.682864,-0.1159490748225795,-0.1503090864570118,-0.1503090864570118,-0.0977732840510664,-0.0957568669491943,0 days 00:09:58.709146
1359,RedGrid75,0,0.682864,-0.1159490748225795,-0.1503090864570118,-0.1503090864570118,-0.0977732840510664,-0.0957568669491943,0 days 00:10:01.522871
1360,ExpGrad.1,1,0.712174,-0.0554836536434167,-0.1152789529631064,-0.1152789529631064,-0.0576824688169493,-0.0524016127552205,0 days 00:02:30.616272
1361,ExpGrad.01,1,0.612017,-0.0001723137641875,-0.0087636500196331,-0.0087636500196331,0.0,0.0,0 days 00:04:23.378697
1362,RedGrid25,1,0.699565,-0.0456903484406514,-0.1064383887042934,-0.1064383887042934,0.0,-0.0691119092876989,0 days 00:12:13.894099
1363,RedGrid5,1,0.684149,-0.000716053672134,-0.0364175421937146,-0.0364175421937146,0.0,0.0,0 days 00:11:51.517371
1364,RedGrid75,1,0.684149,-0.000716053672134,-0.0364175421937146,-0.0364175421937146,0.0,0.0,0 days 00:12:20.261298
1365,ExpGrad.1,0,0.705823,-0.0847413634897681,-0.1025173142770138,-0.1025173142770138,-0.074740006261366,-0.0746967713068967,0 days 00:03:49.875972
1366,ExpGrad.01,0,0.685113,-0.0156999760208548,-0.0198343917298322,-0.0198343917298322,-0.0121264122697142,-0.0140513483038633,0 days 00:06:34.378586
1367,RedGrid25,0,0.69463,-0.0688524979428846,-0.0900628759225853,-0.0614549720235095,-0.0900628759225853,-0.0636352445073815,0 days 00:14:25.195006
1368,RedGrid5,0,0.69463,-0.0688524979428846,-0.0900628759225853,-0.0614549720235095,-0.0900628759225853,-0.0636352445073815,0 days 00:14:06.225530
1369,RedGrid75,0,0.69463,-0.0688524979428846,-0.0900628759225853,-0.0614549720235095,-0.0900628759225853,-0.0636352445073815,0 days 00:14:13.799216
1370,ExpGrad.1,1,0.710561,-0.0365130234656729,-0.1151525041239185,-0.1151525041239185,-0.035239874134101,-0.0347905403454839,0 days 00:02:20.063903
1371,ExpGrad.01,1,0.609597,-0.0057981164954239,-0.0266918582280503,-0.0266918582280503,-0.0031671143290685,-0.0066098556629332,0 days 00:03:31.103383
1372,RedGrid25,1,0.707288,-0.0696269637939721,-0.1426401774385203,-0.1426401774385203,-0.0748628230214354,-0.0644744023833545,0 days 00:12:48.036992
1373,RedGrid5,1,0.698566,-0.0019414932583822,-0.0996641743758712,-0.0996641743758712,0.0,0.0,0 days 00:12:06.447360
1374,RedGrid75,1,0.698566,-0.0019414932583822,-0.0996641743758712,-0.0996641743758712,0.0,0.0,0 days 00:12:02.762643
1375,ExpGrad.1,2,0.712928,-0.0588269436884961,-0.0958632682239588,-0.0958632682239588,-0.0361266325071701,-0.0410039399853232,0 days 00:02:42.469702
1376,ExpGrad.01,2,0.639382,-0.0067872559685568,-0.0173661989120508,-0.0173661989120508,-0.0028645172147817,0.0,0 days 00:04:27.210188
1377,RedGrid25,2,0.724923,-0.0890355511955602,-0.112318496946658,-0.112318496946658,-0.0805373029092044,-0.0740080874041402,0 days 00:12:39.335528
1378,RedGrid5,2,0.639698,-0.0222823060287301,-0.0293921490313507,-0.0116431154032279,-0.025798675239176,-0.0293921490313507,0 days 00:12:37.031693
1379,RedGrid75,2,0.639698,-0.0222823060287301,-0.0293921490313507,-0.0116431154032279,-0.025798675239176,-0.0293921490313507,0 days 00:12:33.967659
1380,ExpGrad.1,1,0.711014,-0.0331991356676886,-0.1112076854778932,-0.1112076854778932,-0.035157267252277,-0.0296931541115845,0 days 00:02:55.695083
1381,ExpGrad.01,1,0.606708,-0.0091507307035199,-0.0212487786929012,-0.0212487786929012,-0.0102269962943563,-0.008178728017261,0 days 00:04:34.893316
1382,RedGrid25,1,0.700996,-0.0145492717293419,-0.1053338007702557,-0.1053338007702557,0.0,-0.0197975337031467,0 days 00:12:01.770933
1383,RedGrid5,1,0.700996,-0.0145492717293419,-0.1053338007702557,-0.1053338007702557,0.0,-0.0197975337031467,0 days 00:12:06.613986
1384,RedGrid75,1,0.700996,-0.0145492717293419,-0.1053338007702557,-0.1053338007702557,0.0,-0.0197975337031467,0 days 00:12:02.460955
1385,ExpGrad.1,0,0.707059,-0.0800659370752599,-0.0986907837206179,-0.0986907837206179,-0.0676368085204863,-0.0706040615724076,0 days 00:03:24.524412
1386,ExpGrad.01,0,0.687861,-0.0151037608195003,-0.0205107683607168,-0.0205107683607168,-0.0135212007570182,-0.0112345576605723,0 days 00:07:40.482631
1387,RedGrid25,0,0.683881,-0.1156967848223953,-0.1512053644084364,-0.1512053644084364,-0.0956934849644435,-0.095611542679739,0 days 00:12:03.218045
1388,RedGrid5,0,0.683881,-0.1156967848223953,-0.1512053644084364,-0.1512053644084364,-0.0956934849644435,-0.095611542679739,0 days 00:11:58.302361
1389,RedGrid75,0,0.683881,-0.1156967848223953,-0.1512053644084364,-0.1512053644084364,-0.0956934849644435,-0.095611542679739,0 days 00:11:57.784364
1390,ExpGrad.1,2,0.704621,-0.0460945178302002,-0.090246913973212,-0.090246913973212,-0.0287576246896184,-0.0179545975377032,0 days 00:04:35.731836
1391,ExpGrad.01,2,0.615149,-0.0064287757010727,-0.0140955109477233,-0.0140955109477233,0.0,-0.0038240186919912,0 days 00:02:41.811645
1392,RedGrid25,2,0.71847,-0.081805243497558,-0.1180262859460578,-0.1180262859460578,-0.0456643416432454,-0.0733493420277344,0 days 00:12:06.645351
1393,RedGrid5,2,0.685711,-0.0299204453818486,-0.0813688688531377,-0.0813688688531377,0.0,-0.0036171046474773,0 days 00:12:14.620624
1394,RedGrid75,2,0.685711,-0.0299204453818486,-0.0813688688531377,-0.0813688688531377,0.0,-0.0036171046474773,0 days 00:11:36.985821
1395,ExpGrad.1,1,0.712616,-0.0458641607511133,-0.1164869607426881,-0.1164869607426881,-0.0427093444414721,-0.0454536622806094,0 days 00:02:43.089757
1396,ExpGrad.01,1,0.593288,-0.0062573780220922,-0.012270125648217,-0.012270125648217,0.0,-0.0095397684278643,0 days 00:03:20.803273
1397,RedGrid25,1,0.706819,-0.0692096457625666,-0.1379230680025285,-0.1379230680025285,-0.0799892467536476,-0.0611388596627381,0 days 00:14:47.674271
1398,RedGrid5,1,0.706819,-0.0692096457625666,-0.1379230680025285,-0.1379230680025285,-0.0799892467536476,-0.0611388596627381,0 days 00:14:47.485284
1399,RedGrid75,1,0.706819,-0.0692096457625666,-0.1379230680025285,-0.1379230680025285,-0.0799892467536476,-0.0611388596627381,0 days 00:14:44.452109
1400,ExpGrad.1,2,0.71562,-0.0608319785283765,-0.0926824189372905,-0.0926824189372905,-0.0522152708825373,-0.0384169883641133,0 days 00:02:18.035226
1401,ExpGrad.01,2,0.612421,-0.0101718129723281,-0.0168957491037696,-0.0168957491037696,0.0,-0.0110244945676779,0 days 00:03:32.896171
1402,RedGrid25,2,0.730196,-0.0939584958507916,-0.1177504350205866,-0.1177504350205866,-0.1055428662877225,-0.0651657964129387,0 days 00:13:23.665661
1403,RedGrid5,2,0.70762,-0.0507124132623517,-0.0849101508580292,-0.0849101508580292,-0.0084945861092564,-0.0486868560475835,0 days 00:13:23.862092
1404,RedGrid75,2,0.655643,-0.0312970406797035,-0.0604773493764311,-0.0604773493764311,0.0,-0.026408387875869,0 days 00:13:07.705036
1405,ExpGrad.1,1,0.711438,-0.0355825429549479,-0.1133797619691796,-0.1133797619691796,-0.0301208187981016,-0.0361994581569063,0 days 00:03:00.604815
1406,ExpGrad.01,1,0.599658,-0.0002448353032581,-0.012511032515441,-0.012511032515441,0.0,0.0,0 days 00:03:50.575547
1407,RedGrid25,1,0.701022,-0.0131089974540883,-0.1099177239128599,-0.1099177239128599,-0.0077622141674754,-0.0130719982000681,0 days 00:13:44.011382
1408,RedGrid5,1,0.701022,-0.0131089974540883,-0.1099177239128599,-0.1099177239128599,-0.0077622141674754,-0.0130719982000681,0 days 00:13:38.360701
1409,RedGrid75,1,0.701022,-0.0131089974540883,-0.1099177239128599,-0.1099177239128599,-0.0077622141674754,-0.0130719982000681,0 days 00:13:12.700810
1410,ExpGrad.1,1,0.711242,-0.042916953924914,-0.1133611278551676,-0.1133611278551676,-0.058368486979911,-0.0321983807545753,0 days 00:03:04.658775
1411,ExpGrad.01,1,0.575941,-0.0027745454890129,-0.0077547723375636,-0.0033784587200028,-0.0077547723375636,0.0,0 days 00:03:34.254680
1412,RedGrid25,1,0.706513,-0.056237764926504,-0.1330568367485954,-0.1330568367485954,-0.0515389934009899,-0.0564737784235798,0 days 00:13:13.227036
1413,RedGrid5,1,0.699846,-0.003934963524491,-0.0930070819288044,-0.0930070819288044,0.0,-0.0033711993252458,0 days 00:13:15.197173
1414,RedGrid75,1,0.699846,-0.003934963524491,-0.0930070819288044,-0.0930070819288044,0.0,-0.0033711993252458,0 days 00:13:03.771652
1415,ExpGrad.1,1,0.710987,-0.0244822724719979,-0.1073578625810343,-0.1073578625810343,-0.0188050411555487,-0.0250793181531764,0 days 00:02:16.547904
1416,ExpGrad.01,1,0.580013,-0.0001736379179409,-0.0089367564831903,-0.0089367564831903,0.0,0.0,0 days 00:02:32.879207
1417,RedGrid25,1,0.698817,-0.0018056216505265,-0.0929313204332463,-0.0929313204332463,0.0,0.0,0 days 00:11:49.231460
1418,RedGrid5,1,0.698817,-0.0018056216505265,-0.0929313204332463,-0.0929313204332463,0.0,0.0,0 days 00:11:46.238728
1419,RedGrid75,1,0.698817,-0.0018056216505265,-0.0929313204332463,-0.0929313204332463,0.0,0.0,0 days 00:11:57.233496
1420,ExpGrad.1,0,0.706675,-0.0798095082063972,-0.0980395471984916,-0.0980395471984916,-0.0688707283922978,-0.0698470737862654,0 days 00:03:05.642067
1421,ExpGrad.01,0,0.687003,-0.0122035782881621,-0.0173421211692648,-0.0173421211692648,-0.0083930905895084,-0.0097994878801684,0 days 00:06:08.433691
1422,RedGrid25,0,0.682979,-0.1134879145019086,-0.1477436907022186,-0.1477436907022186,-0.0949967635252234,-0.0936209372727101,0 days 00:12:42.999955
1423,RedGrid5,0,0.682979,-0.1134879145019086,-0.1477436907022186,-0.1477436907022186,-0.0949967635252234,-0.0936209372727101,0 days 00:12:53.435664
1424,RedGrid75,0,0.682979,-0.1134879145019086,-0.1477436907022186,-0.1477436907022186,-0.0949967635252234,-0.0936209372727101,0 days 00:12:52.653883
1425,ExpGrad.1,1,0.710276,-0.0326241329201617,-0.1131807133458855,-0.1131807133458855,-0.0370826072301327,-0.0276599778269391,0 days 00:02:18.388547
1426,ExpGrad.01,1,0.61369,-0.0159139845755328,-0.0193815445297514,-0.0193815445297514,-0.0126695893267357,-0.0176026913164216,0 days 00:04:17.969551
1427,RedGrid25,1,0.701518,-0.013072073480134,-0.1110389316850531,-0.1110389316850531,-0.0089188787101458,-0.0123360352892292,0 days 00:12:29.095911
1428,RedGrid5,1,0.701518,-0.013072073480134,-0.1110389316850531,-0.1110389316850531,-0.0089188787101458,-0.0123360352892292,0 days 00:12:24.904495
1429,RedGrid75,1,0.701518,-0.013072073480134,-0.1110389316850531,-0.1110389316850531,-0.0089188787101458,-0.0123360352892292,0 days 00:12:23.062549
1430,ExpGrad.1,1,0.710443,-0.0441553653893995,-0.1247795236297273,-0.1247795236297273,-0.0345834510784609,-0.0469514934899448,0 days 00:04:11.616898
1431,ExpGrad.01,1,0.58344,-0.0103917920319324,-0.0147803160861585,-0.0130537724888898,-0.0023047432822511,-0.0147803160861585,0 days 00:04:28.569969
1432,RedGrid25,1,0.707132,-0.0610072188080578,-0.1417299165463253,-0.1417299165463253,-0.0586977064303778,-0.0597852775171108,0 days 00:11:18.934800
1433,RedGrid5,1,0.707132,-0.0610072188080578,-0.1417299165463253,-0.1417299165463253,-0.0586977064303778,-0.0597852775171108,0 days 00:11:20.048987
1434,RedGrid75,1,0.707132,-0.0610072188080578,-0.1417299165463253,-0.1417299165463253,-0.0586977064303778,-0.0597852775171108,0 days 00:11:18.057702
1435,ExpGrad.1,1,0.712469,-0.0449248855694187,-0.1115540123774971,-0.1115540123774971,-0.044567363663041,-0.0430199493103988,0 days 00:02:35.526863
1436,ExpGrad.01,1,0.61231,-0.014153077691053,-0.0267488141439463,-0.0267488141439463,-0.0135211979098549,-0.0141060603311384,0 days 00:03:34.096553
1437,RedGrid25,1,0.707284,-0.0711000827776142,-0.1303014827506454,-0.1303014827506454,-0.0721871513474687,-0.0686280928804466,0 days 00:11:21.592331
1438,RedGrid5,1,0.707284,-0.0711000827776142,-0.1303014827506454,-0.1303014827506454,-0.0721871513474687,-0.0686280928804466,0 days 00:11:27.195443
1439,RedGrid75,1,0.707284,-0.0711000827776142,-0.1303014827506454,-0.1303014827506454,-0.0721871513474687,-0.0686280928804466,0 days 00:11:29.551767
1440,ExpGrad.1,0,0.706176,-0.0795231992589045,-0.0971028488074757,-0.0971028488074757,-0.0696278598411703,-0.069526462265685,0 days 00:03:32.020846
1441,ExpGrad.01,0,0.686188,-0.0152481886165744,-0.0203867641761521,-0.0203867641761521,-0.0142946785411034,-0.0112564942858134,0 days 00:08:07.093535
1442,RedGrid25,0,0.694174,-0.041952942576423,-0.0472918759695143,-0.0437343354602944,-0.0294359800718844,-0.0472918759695143,0 days 00:17:08.558515
1443,RedGrid5,0,0.694174,-0.041952942576423,-0.0472918759695143,-0.0437343354602944,-0.0294359800718844,-0.0472918759695143,0 days 00:17:14.465644
1444,RedGrid75,0,0.694174,-0.041952942576423,-0.0472918759695143,-0.0437343354602944,-0.0294359800718844,-0.0472918759695143,0 days 00:17:06.162617
1445,ExpGrad.1,1,0.706581,-0.0195682506468309,-0.0992252415142858,-0.0992252415142858,-0.025135533530301,-0.0140199361669509,0 days 00:02:47.104130
1446,ExpGrad.01,1,0.606272,-0.0085282859539137,-0.0189071237586642,-0.0189071237586642,-0.0055280337097372,-0.0098697743548708,0 days 00:04:48.419413
1447,RedGrid25,1,0.708015,-0.069448688532344,-0.1379877108760211,-0.1379877108760211,-0.0758288801208844,-0.0637937660660553,0 days 00:13:56.885474
1448,RedGrid5,1,0.708015,-0.069448688532344,-0.1379877108760211,-0.1379877108760211,-0.0758288801208844,-0.0637937660660553,0 days 00:14:01.128902
1449,RedGrid75,1,0.700636,-0.002500064180897,-0.1026551028825332,-0.1026551028825332,0.0,-0.0007880075530232,0 days 00:13:08.776512
1450,ExpGrad.1,2,0.678061,-0.0376964268069519,-0.0767194162347384,-0.0767194162347384,-0.0108168791487722,-0.021280688541136,0 days 00:02:09.185061
1451,ExpGrad.01,2,0.61262,-0.0072803152819735,-0.0128610510058827,-0.0128610510058827,0.0,-0.0072126443293129,0 days 00:04:53.201103
1452,RedGrid25,2,0.706179,-0.0922870831484853,-0.1567047756284491,-0.108601659872277,-0.1567047756284491,-0.0352260736171265,0 days 00:10:40.640301
1453,RedGrid5,2,0.62781,-0.0076658035681208,-0.0145114553116461,-0.0056613333087554,0.0,-0.0145114553116461,0 days 00:10:36.664027
1454,RedGrid75,2,0.62781,-0.0076658035681208,-0.0145114553116461,-0.0056613333087554,0.0,-0.0145114553116461,0 days 00:10:41.856045
1455,ExpGrad.1,0,0.706752,-0.080873449096471,-0.0989668462415184,-0.0989668462415184,-0.0712320710799817,-0.070316086218252,0 days 00:03:22.327254
1456,ExpGrad.01,0,0.688296,-0.0117178446146031,-0.017783384491862,-0.017783384491862,-0.0101677966180765,-0.0072461587176515,0 days 00:08:15.433988
1457,RedGrid25,0,0.686433,-0.0775998826521347,-0.1099826930360374,-0.1099826930360374,-0.0007774288742951,-0.0917265452854638,0 days 00:11:56.055115
1458,RedGrid5,0,0.664482,-0.0559741625817314,-0.1129271054500176,-0.1129271054500176,0.0,-0.0369486322985083,0 days 00:12:13.753019
1459,RedGrid75,0,0.664482,-0.0559741625817314,-0.1129271054500176,-0.1129271054500176,0.0,-0.0369486322985083,0 days 00:12:17.484889
1460,ExpGrad.1,0,0.706136,-0.082638651374101,-0.0993046801557153,-0.0993046801557153,-0.0739411180099591,-0.0728236701499559,0 days 00:04:09.724028
1461,ExpGrad.01,0,0.684297,-0.0121344159641702,-0.0158591621798124,-0.0158591621798124,-0.0070032881434701,-0.011707454690247,0 days 00:06:52.892853
1462,RedGrid25,0,0.682217,-0.1158026913254713,-0.1495367664153458,-0.1495367664153458,-0.0992666260409155,-0.0953435653382024,0 days 00:16:22.828288
1463,RedGrid5,0,0.682217,-0.1158026913254713,-0.1495367664153458,-0.1495367664153458,-0.0992666260409155,-0.0953435653382024,0 days 00:16:22.064991
1464,RedGrid75,0,0.682217,-0.1158026913254713,-0.1495367664153458,-0.1495367664153458,-0.0992666260409155,-0.0953435653382024,0 days 00:16:38.442831
1465,ExpGrad.1,2,0.709337,-0.0558367536690329,-0.0994175252813872,-0.0994175252813872,-0.0163453165845767,-0.0435078198388383,0 days 00:02:13.429531
1466,ExpGrad.01,2,0.620362,-0.006062651379087,-0.0097450259192445,-0.0065068009140495,0.0,-0.0097450259192445,0 days 00:04:49.110566
1467,RedGrid25,2,0.706303,-0.0579804511446222,-0.1016784944876061,-0.1016784944876061,-0.0594055232871326,-0.018019260254877,0 days 00:10:48.084938
1468,RedGrid5,2,0.684819,-0.0310759161268375,-0.071685437036255,-0.071685437036255,0.0,-0.015737206630803,0 days 00:10:45.631820
1469,RedGrid75,2,0.684819,-0.0310759161268375,-0.071685437036255,-0.071685437036255,0.0,-0.015737206630803,0 days 00:10:48.338604
1470,ExpGrad.1,2,0.709034,-0.0533287545220816,-0.0883566360483235,-0.0883566360483235,-0.0463564627469373,-0.0265758639419165,0 days 00:02:26.163858
1471,ExpGrad.01,2,0.600972,-0.0091330049480491,-0.0134095967954923,-0.0112234311600425,0.0,-0.0134095967954923,0 days 00:02:59.807689
1472,RedGrid25,2,0.730542,-0.094610808162416,-0.1183526567686547,-0.1183526567686547,-0.1054081334679617,-0.0660187396403829,0 days 00:11:55.538347
1473,RedGrid5,2,0.68395,-0.0311466103439005,-0.076802864118283,-0.076802864118283,0.0,-0.0111386788914812,0 days 00:11:53.055353
1474,RedGrid75,2,0.601586,-0.0011759221806277,-0.0044882643184869,0.0,-0.0044882643184869,0.0,0 days 00:12:00.514140
1475,ExpGrad.1,1,0.710722,-0.0474868600220822,-0.1235058378865725,-0.1235058378865725,-0.0418633300217874,-0.0482013528791281,0 days 00:03:46.853533
1476,ExpGrad.01,1,0.596739,-0.0111103658951564,-0.0277005305174063,-0.0277005305174063,-0.0022753325122973,-0.0154531817389307,0 days 00:04:29.502192
1477,RedGrid25,1,0.698879,-0.0443935252940244,-0.1238267917337916,-0.1238267917337916,0.0,-0.0663379217940323,0 days 00:12:25.815185
1478,RedGrid5,1,0.695814,-0.001765625710169,-0.089183903346598,-0.089183903346598,0.0,0.0,0 days 00:12:28.452602
1479,RedGrid75,1,0.695814,-0.001765625710169,-0.089183903346598,-0.089183903346598,0.0,0.0,0 days 00:12:14.748637
1480,ExpGrad.1,0,0.706974,-0.0816127370407987,-0.0975273648653476,-0.0975273648653476,-0.0730575556286525,-0.072359050903378,0 days 00:03:31.649697
1481,ExpGrad.01,0,0.686676,-0.0133494271633949,-0.018529637377325,-0.018529637377325,-0.0104474320939943,-0.0104022490997196,0 days 00:06:19.194555
1482,RedGrid25,0,0.683594,-0.1118834872191012,-0.1461430951928096,-0.1461430951928096,-0.0897253025576253,-0.0940331423897519,0 days 00:12:11.552366
1483,RedGrid5,0,0.683594,-0.1118834872191012,-0.1461430951928096,-0.1461430951928096,-0.0897253025576253,-0.0940331423897519,0 days 00:12:21.081975
1484,RedGrid75,0,0.683594,-0.1118834872191012,-0.1461430951928096,-0.1461430951928096,-0.0897253025576253,-0.0940331423897519,0 days 00:12:19.996746
1485,ExpGrad.1,1,0.709727,-0.0355358784417472,-0.1161914951819739,-0.1161914951819739,-0.0318360699456057,-0.0350482166289051,0 days 00:02:16.958411
1486,ExpGrad.01,1,0.579957,-0.0043092788360646,-0.008806231023014,-0.008806231023014,-0.0086340876979603,-0.0017747230381554,0 days 00:03:19.699819
1487,RedGrid25,1,0.706613,-0.0563009516320915,-0.1357507751059543,-0.1357507751059543,-0.0607187883394729,-0.0513591338631099,0 days 00:11:26.004894
1488,RedGrid5,1,0.706613,-0.0563009516320915,-0.1357507751059543,-0.1357507751059543,-0.0607187883394729,-0.0513591338631099,0 days 00:11:26.449514
1489,RedGrid75,1,0.706613,-0.0563009516320915,-0.1357507751059543,-0.1357507751059543,-0.0607187883394729,-0.0513591338631099,0 days 00:11:26.670856
1490,ExpGrad.1,1,0.71143,-0.0379717156363879,-0.128958240725399,-0.128958240725399,-0.0422827376046841,-0.0327995519728039,0 days 00:02:52.465972
1491,ExpGrad.01,1,0.600607,-0.0003049589059867,-0.0157458908670618,-0.0157458908670618,0.0,0.0,0 days 00:03:32.197154
1492,RedGrid25,1,0.699232,-0.0019740051828136,-0.1019234708985706,-0.1019234708985706,0.0,0.0,0 days 00:12:23.070315
1493,RedGrid5,1,0.699232,-0.0019740051828136,-0.1019234708985706,-0.1019234708985706,0.0,0.0,0 days 00:12:21.105489
1494,RedGrid75,1,0.699232,-0.0019740051828136,-0.1019234708985706,-0.1019234708985706,0.0,0.0,0 days 00:12:20.491613
1495,ExpGrad.1,0,0.706344,-0.0830646629102465,-0.1003270909602821,-0.1003270909602821,-0.0739583763146387,-0.0729466738639601,0 days 00:03:57.732884
1496,ExpGrad.01,0,0.685625,-0.0109586621075538,-0.0161139958217685,-0.0161139958217685,-0.0076096421229262,-0.0082835176060642,0 days 00:07:12.143173
1497,RedGrid25,0,0.685906,-0.124766955256992,-0.155763822955897,-0.155763822955897,-0.1024973991936137,-0.1098568565650512,0 days 00:15:42.790351
1498,RedGrid5,0,0.685906,-0.124766955256992,-0.155763822955897,-0.155763822955897,-0.1024973991936137,-0.1098568565650512,0 days 00:15:43.385237
1499,RedGrid75,0,0.685906,-0.124766955256992,-0.155763822955897,-0.155763822955897,-0.1024973991936137,-0.1098568565650512,0 days 00:15:50.849876
