,method,k_set,accuracy,mean_unfairness,max_unfairness,A_unfairness,B_unfairness,C_unfairness,runtime
0,ExpGrad.1,2,0.716725,-0.0642868848791558,-0.1017356807746834,-0.1017356807746834,-0.0331460150418623,-0.0518063498095731,0 days 00:02:31.143510
1,ExpGrad.01,2,0.616629,-0.0118139218522784,-0.0154420166971554,-0.0079540131858574,-0.011478635958773,-0.0154420166971554,0 days 00:05:10.704810
2,RedGrid25,2,0.715331,-0.0711824391589758,-0.0958125237517666,-0.0958125237517666,-0.072458087717843,-0.0486021589996316,0 days 00:14:07.443625
3,RedGrid5,2,0.668859,-0.0198442270929229,-0.0379512933955534,-0.0379512933955534,-0.0256931572120339,0.0,0 days 00:13:50.927884
4,RedGrid75,2,0.668859,-0.0198442270929229,-0.0379512933955534,-0.0379512933955534,-0.0256931572120339,0.0,0 days 00:13:27.386961
5,ExpGrad.1,2,0.691383,-0.0363642566053659,-0.0648792420944031,-0.0648792420944031,-0.0258027721535632,-0.0182255568054627,0 days 00:02:17.931103
6,ExpGrad.01,2,0.597025,-0.004592318174121,-0.0100515621108739,-0.004858640473812,-0.0100515621108739,-0.00073505152815,0 days 00:02:51.189059
7,RedGrid25,2,0.729142,-0.0916510700647695,-0.1175700968826678,-0.1175700968826678,-0.0963612603089049,-0.0656683753013998,0 days 00:10:58.094349
8,RedGrid5,2,0.691841,-0.0618003890684916,-0.0672432637470907,-0.0655004077586832,-0.0672432637470907,-0.0549258965836346,0 days 00:10:58.541002
9,RedGrid75,2,0.691841,-0.0618003890684916,-0.0672432637470907,-0.0655004077586832,-0.0672432637470907,-0.0549258965836346,0 days 00:10:59.723345
10,ExpGrad.1,0,0.70688,-0.0843912824934704,-0.1016105410362352,-0.1016105410362352,-0.0750261523074011,-0.0744706987629155,0 days 00:03:31.993866
11,ExpGrad.01,0,0.686256,-0.0131481734484513,-0.0183727830853285,-0.0183727830853285,-0.0109708682049538,-0.0097702025193792,0 days 00:05:06.451355
12,RedGrid25,0,0.690887,-0.0234666009899049,-0.0290906907142894,-0.0290906907142894,-0.0090317940015942,-0.0265272556328955,0 days 00:12:43.571403
13,RedGrid5,0,0.690887,-0.0234666009899049,-0.0290906907142894,-0.0290906907142894,-0.0090317940015942,-0.0265272556328955,0 days 00:12:39.512636
14,RedGrid75,0,0.690887,-0.0234666009899049,-0.0290906907142894,-0.0290906907142894,-0.0090317940015942,-0.0265272556328955,0 days 00:13:35.053225
15,ExpGrad.1,1,0.710487,-0.0316632455943337,-0.1055182077308951,-0.1055182077308951,-0.0372074908236398,-0.0262952518123007,0 days 00:02:15.182812
16,ExpGrad.01,1,0.585017,-0.0091603683936389,-0.0176635727511355,-0.0176635727511355,-0.0058469899543715,-0.0107310676606689,0 days 00:02:51.045660
17,RedGrid25,1,0.69121,-0.0056248307349137,-0.0713106722855843,-0.0713106722855843,-0.0120915481619673,0.0,0 days 00:09:37.984603
18,RedGrid5,1,0.683728,-0.0008161241870946,-0.0415872467627221,-0.0415872467627221,0.0,0.0,0 days 00:09:28.236446
19,RedGrid75,1,0.683728,-0.0008161241870946,-0.0415872467627221,-0.0415872467627221,0.0,0.0,0 days 00:09:39.609013
20,ExpGrad.1,2,0.7071,-0.045676859742376,-0.0850583417001183,-0.0850583417001183,-0.0199805798304218,-0.0276784897410746,0 days 00:02:58.605318
21,ExpGrad.01,2,0.628362,-0.0108585261826479,-0.0152112302364981,-0.0152112302364981,-0.0110444089380732,-0.0068291320082385,0 days 00:05:40.796853
22,RedGrid25,2,0.700105,-0.0388380059768963,-0.0950057644518403,-0.0950057644518403,-0.0012219155599478,-0.0138196871391517,0 days 00:11:55.807074
23,RedGrid5,2,0.684254,-0.0274782776311125,-0.0745378003213462,-0.0745378003213462,0.0,-0.0037946357053738,0 days 00:12:55.064882
24,RedGrid75,2,0.684254,-0.0274782776311125,-0.0745378003213462,-0.0745378003213462,0.0,-0.0037946357053738,0 days 00:12:38.882143
25,ExpGrad.1,1,0.710367,-0.0327029900967851,-0.1089663188267396,-0.1089663188267396,-0.0381087812418079,-0.027360022439579,0 days 00:02:56.613050
26,ExpGrad.01,1,0.621614,-0.0127985176886382,-0.0333230723861633,-0.0333230723861633,-0.0146760175337147,-0.0111269773009683,0 days 00:06:04.138468
27,RedGrid25,1,0.693919,-0.0446243061339693,-0.1145753965934358,-0.1145753965934358,0.0,-0.0671280030687011,0 days 00:15:08.825440
28,RedGrid5,1,0.688349,-0.0069042359774892,-0.0693549874587706,-0.0693549874587706,-0.0159065963941166,0.0,0 days 00:15:02.466077
29,RedGrid75,1,0.688349,-0.0069042359774892,-0.0693549874587706,-0.0693549874587706,-0.0159065963941166,0.0,0 days 00:14:58.623171
30,ExpGrad.1,2,0.682558,-0.0470850574538956,-0.0790732012241308,-0.0790732012241308,-0.005281576206032,-0.0460145551724217,0 days 00:02:36.539725
31,ExpGrad.01,2,0.601754,-0.0025527480212513,-0.0072534937930094,-0.0072534937930094,0.0,0.0,0 days 00:02:28.358308
32,RedGrid25,2,0.697315,-0.065442442034649,-0.0985195667867364,-0.0985195667867364,-0.0014805642286019,-0.0781696493103869,0 days 00:11:19.406046
33,RedGrid5,2,0.65663,-0.0106406226202712,-0.0302347468247408,-0.0302347468247408,0.0,0.0,0 days 00:11:15.168052
34,RedGrid75,2,0.65663,-0.0106406226202712,-0.0302347468247408,-0.0302347468247408,0.0,0.0,0 days 00:11:23.130395
35,ExpGrad.1,0,0.706358,-0.0827639195963286,-0.0999390851295918,-0.0999390851295918,-0.0755670566671243,-0.0716268762640448,0 days 00:03:39.026105
36,ExpGrad.01,0,0.686242,-0.0154329978820495,-0.0195625984491815,-0.0195625984491815,-0.0161983920615843,-0.0113723991709636,0 days 00:06:45.414233
37,RedGrid25,0,0.686309,-0.0783336416660614,-0.1117167596080564,-0.1117167596080564,-0.0032215668999291,-0.090552341905825,0 days 00:12:20.369802
38,RedGrid5,0,0.686309,-0.0783336416660614,-0.1117167596080564,-0.1117167596080564,-0.0032215668999291,-0.090552341905825,0 days 00:12:05.946647
39,RedGrid75,0,0.663747,-0.0533362639312873,-0.1100776705683621,-0.1100776705683621,0.0,-0.032920718040372,0 days 00:12:44.770353
40,ExpGrad.1,0,0.706947,-0.0862306824527078,-0.1036309052431364,-0.1036309052431364,-0.0762997727155183,-0.0764870474431089,0 days 00:03:08.995208
41,ExpGrad.01,0,0.686473,-0.0135943449982171,-0.0189822242359976,-0.0189822242359976,-0.0095620337168418,-0.0111075481766177,0 days 00:06:07.495414
42,RedGrid25,0,0.687314,-0.0843362429428831,-0.1150784634822218,-0.1150784634822218,-0.009870414981801,-0.0986517201520843,0 days 00:13:26.239219
43,RedGrid5,0,0.683515,-0.1197004824692584,-0.1541332179004972,-0.1541332179004972,-0.1017091325020278,-0.0994992476282287,0 days 00:13:26.707014
44,RedGrid75,0,0.668637,-0.0648157413214798,-0.1199073100712382,-0.1199073100712382,-0.0146509192128835,-0.044336928983254,0 days 00:13:27.376198
45,ExpGrad.1,1,0.712658,-0.0527521844855396,-0.1310565140950463,-0.1310565140950463,-0.0557625010455087,-0.0486769445711007,0 days 00:03:08.553002
46,ExpGrad.01,1,0.601796,-0.0146078841690221,-0.0240562083305724,-0.0240562083305724,-0.0117206781526335,-0.0159168054593228,0 days 00:04:52.170372
47,RedGrid25,1,0.707298,-0.0641837501997513,-0.1428387365518996,-0.1428387365518996,-0.0657028660230447,-0.0609238102566135,0 days 00:13:44.255446
48,RedGrid5,1,0.707298,-0.0641837501997513,-0.1428387365518996,-0.1428387365518996,-0.0657028660230447,-0.0609238102566135,0 days 00:13:33.184035
49,RedGrid75,1,0.707298,-0.0641837501997513,-0.1428387365518996,-0.1428387365518996,-0.0657028660230447,-0.0609238102566135,0 days 00:13:32.683695
50,ExpGrad.1,2,0.713944,-0.0637611853107625,-0.0945650582525845,-0.0945650582525845,-0.0536149587383448,-0.0426561615951213,0 days 00:02:25.158447
51,ExpGrad.01,2,0.619255,-0.0091645890087425,-0.0142462600255187,-0.0102972003612488,0.0,-0.0142462600255187,0 days 00:04:04.392299
52,RedGrid25,2,0.731004,-0.0986069814113735,-0.1186570276728035,-0.1186570276728035,-0.1077567956852904,-0.074373234908062,0 days 00:11:41.134114
53,RedGrid5,2,0.708504,-0.0644108824561487,-0.1042262892281848,-0.1042262892281848,-0.0861651821883687,-0.0138991188483242,0 days 00:11:41.460604
54,RedGrid75,2,0.697531,-0.0468809966662841,-0.0729628930508575,-0.0725472270730177,-0.0729628930508575,-0.0062852201239159,0 days 00:11:30.233213
55,ExpGrad.1,2,0.724689,-0.0769613311224036,-0.1077603393181882,-0.1077603393181882,-0.061505079186635,-0.0599752596889501,0 days 00:02:10.566242
56,ExpGrad.01,2,0.620442,-0.0118181660353686,-0.0163200662731091,-0.0163200662731091,-0.0160818537118262,-0.0049293915887471,0 days 00:03:28.597563
57,RedGrid25,2,0.716719,-0.0746633486111779,-0.0973373216517224,-0.0973373216517224,-0.0575634847202576,-0.0660226618957257,0 days 00:10:33.575475
58,RedGrid5,2,0.690039,-0.0596817659829171,-0.0616647698012658,-0.0608120355354329,-0.0616647698012658,-0.0573358599236168,0 days 00:10:26.653252
59,RedGrid75,2,0.673599,-0.0345958712214989,-0.0541811948692144,-0.0541811948692144,0.0,-0.0405232541133797,0 days 00:10:25.219551
60,ExpGrad.1,1,0.704632,-0.0015768403019903,-0.0823783705043043,-0.0823783705043043,0.0,0.0,0 days 00:02:09.107564
61,ExpGrad.01,1,0.58614,-0.0001213658347515,-0.0063404770217444,-0.0063404770217444,0.0,0.0,0 days 00:02:48.844620
62,RedGrid25,1,0.705503,-0.068101856178367,-0.1392185902149726,-0.1392185902149726,-0.0802839973350606,-0.0591953124046863,0 days 00:09:55.467931
63,RedGrid5,1,0.705503,-0.068101856178367,-0.1392185902149726,-0.1392185902149726,-0.0802839973350606,-0.0591953124046863,0 days 00:09:37.679565
64,RedGrid75,1,0.691506,-0.0012040856393225,-0.0629046662428775,-0.0629046662428775,0.0,0.0,0 days 00:10:02.557802
65,ExpGrad.1,0,0.70712,-0.0784733323376417,-0.0965968007492381,-0.0965968007492381,-0.0681595712837856,-0.0682305045133846,0 days 00:03:38.868512
66,ExpGrad.01,0,0.683176,-0.0127264098240153,-0.0171017371093731,-0.0171017371093731,-0.0129184560432629,-0.0087667516610642,0 days 00:05:55.085446
67,RedGrid25,0,0.690976,-0.0251829955609024,-0.0298040794998553,-0.0298040794998553,-0.0130782845937216,-0.027824105104085,0 days 00:14:08.958036
68,RedGrid5,0,0.690976,-0.0251829955609024,-0.0298040794998553,-0.0298040794998553,-0.0130782845937216,-0.027824105104085,0 days 00:13:53.183341
69,RedGrid75,0,0.690976,-0.0251829955609024,-0.0298040794998553,-0.0298040794998553,-0.0130782845937216,-0.027824105104085,0 days 00:13:45.382324
70,ExpGrad.1,0,0.706516,-0.0825452267367958,-0.1006904491194119,-0.1006904491194119,-0.0739734691884864,-0.0713927808328285,0 days 00:03:30.300794
71,ExpGrad.01,0,0.687679,-0.0174243150553634,-0.0228460063928021,-0.0228460063928021,-0.0169599524646985,-0.0129293606588595,0 days 00:07:54.372924
72,RedGrid25,0,0.685893,-0.1224133545457472,-0.1527064570603535,-0.1527064570603535,-0.0989225951762765,-0.108884958050053,0 days 00:14:00.036737
73,RedGrid5,0,0.685893,-0.1224133545457472,-0.1527064570603535,-0.1527064570603535,-0.0989225951762765,-0.108884958050053,0 days 00:14:37.265493
74,RedGrid75,0,0.685893,-0.1224133545457472,-0.1527064570603535,-0.1527064570603535,-0.0989225951762765,-0.108884958050053,0 days 00:14:00.872682
75,ExpGrad.1,2,0.720887,-0.0688563192642508,-0.1021047173010304,-0.1021047173010304,-0.050617183741623,-0.0509484606805866,0 days 00:02:18.498536
76,ExpGrad.01,2,0.628834,-0.0059421671312749,-0.0168932490520355,-0.0168932490520355,0.0,0.0,0 days 00:04:48.953114
77,RedGrid25,2,0.713744,-0.061496838489423,-0.0913877312723894,-0.0913877312723894,-0.0419491812781135,-0.0475120490485599,0 days 00:11:10.783738
78,RedGrid5,2,0.713744,-0.061496838489423,-0.0913877312723894,-0.0913877312723894,-0.0419491812781135,-0.0475120490485599,0 days 00:10:57.588906
79,RedGrid75,2,0.687052,-0.0369107095215635,-0.0764200665730179,-0.0764200665730179,0.0,-0.0258585427265151,0 days 00:11:29.212733
80,ExpGrad.1,0,0.706425,-0.0793048449563612,-0.0963711017119678,-0.0963711017119678,-0.0679832317762093,-0.0705797374793183,0 days 00:03:35.226214
81,ExpGrad.01,0,0.689254,-0.0146777795348568,-0.0200561888994775,-0.0200561888994775,-0.0120859809261171,-0.0113882956744919,0 days 00:07:57.070489
82,RedGrid25,0,0.683394,-0.116168802079045,-0.1506370472579998,-0.1506370472579998,-0.0982092279905032,-0.0958340105276657,0 days 00:14:56.685628
83,RedGrid5,0,0.683394,-0.116168802079045,-0.1506370472579998,-0.1506370472579998,-0.0982092279905032,-0.0958340105276657,0 days 00:15:12.254712
84,RedGrid75,0,0.683394,-0.116168802079045,-0.1506370472579998,-0.1506370472579998,-0.0982092279905032,-0.0958340105276657,0 days 00:14:57.067580
85,ExpGrad.1,0,0.707588,-0.0804760250327037,-0.0974016820307966,-0.0974016820307966,-0.0724444295913016,-0.0700754826783269,0 days 00:03:02.342008
86,ExpGrad.01,0,0.686174,-0.0101745753187054,-0.0140268721026542,-0.0140268721026542,-0.0099085703243452,-0.006943890762041,0 days 00:06:07.649669
87,RedGrid25,0,0.694942,-0.0351933429504805,-0.0404395241981204,-0.0376941872592112,-0.0217371097272827,-0.0404395241981204,0 days 00:12:39.566855
88,RedGrid5,0,0.694942,-0.0351933429504805,-0.0404395241981204,-0.0376941872592112,-0.0217371097272827,-0.0404395241981204,0 days 00:12:30.391330
89,RedGrid75,0,0.694942,-0.0351933429504805,-0.0404395241981204,-0.0376941872592112,-0.0217371097272827,-0.0404395241981204,0 days 00:12:38.193777
90,ExpGrad.1,2,0.707283,-0.0543347973736221,-0.0891708767492358,-0.0891708767492358,-0.0469985887325162,-0.0283390066522762,0 days 00:03:22.600339
91,ExpGrad.01,2,0.626859,-0.0128278906962706,-0.0188271540900202,-0.0188271540900202,-0.0149050384383109,-0.0061436133355382,0 days 00:03:56.196626
92,RedGrid25,2,0.688579,-0.0340245776543193,-0.0813890392412071,-0.0813890392412071,0.0,-0.0145719654289468,0 days 00:11:54.140134
93,RedGrid5,2,0.669257,-0.0175427213027794,-0.0504490372151977,-0.0504490372151977,0.0,0.0,0 days 00:11:54.282135
94,RedGrid75,2,0.669257,-0.0175427213027794,-0.0504490372151977,-0.0504490372151977,0.0,0.0,0 days 00:11:50.532354
95,ExpGrad.1,0,0.70709,-0.0830389911079984,-0.0989618177385102,-0.0989618177385102,-0.0756155367366666,-0.0731882465080856,0 days 00:03:56.817579
96,ExpGrad.01,0,0.688975,-0.0149898291348396,-0.0191979500027957,-0.0191979500027957,-0.0147762483479039,-0.0114165626261111,0 days 00:10:20.345300
97,RedGrid25,0,0.68373,-0.1169792747736319,-0.1500733528401076,-0.1500733528401076,-0.099873395839716,-0.0974357366301984,0 days 00:15:17.874697
98,RedGrid5,0,0.68373,-0.1169792747736319,-0.1500733528401076,-0.1500733528401076,-0.099873395839716,-0.0974357366301984,0 days 00:15:20.487532
99,RedGrid75,0,0.68373,-0.1169792747736319,-0.1500733528401076,-0.1500733528401076,-0.099873395839716,-0.0974357366301984,0 days 00:15:15.508352
100,ExpGrad.1,1,0.710144,-0.0425032877550639,-0.1217509931832075,-0.1217509931832075,-0.0502063115282009,-0.0357734549111056,0 days 00:02:38.106357
101,ExpGrad.01,1,0.574094,0.0,0.0,0.0,0.0,0.0,0 days 00:03:06.217340
102,RedGrid25,1,0.706269,-0.0639639231727619,-0.1387401099542299,-0.1387401099542299,-0.0706661078857455,-0.0579257970068942,0 days 00:13:08.838815
103,RedGrid5,1,0.706269,-0.0639639231727619,-0.1387401099542299,-0.1387401099542299,-0.0706661078857455,-0.0579257970068942,0 days 00:13:07.428906
104,RedGrid75,1,0.706269,-0.0639639231727619,-0.1387401099542299,-0.1387401099542299,-0.0706661078857455,-0.0579257970068942,0 days 00:13:04.718771
105,ExpGrad.1,0,0.707063,-0.0808855323033904,-0.0984957884794313,-0.0984957884794313,-0.0693214465868281,-0.0718092338453399,0 days 00:03:28.105522
106,ExpGrad.01,0,0.685381,-0.0086938377231874,-0.0144702984978783,-0.0144702984978783,-0.0045654324340009,-0.0059024104204205,0 days 00:05:54.898259
107,RedGrid25,0,0.686658,-0.1217836628674964,-0.1521819754874989,-0.1521819754874989,-0.0990054495092576,-0.1076773015859956,0 days 00:13:18.763780
108,RedGrid5,0,0.686658,-0.1217836628674964,-0.1521819754874989,-0.1521819754874989,-0.0990054495092576,-0.1076773015859956,0 days 00:12:44.425333
109,RedGrid75,0,0.667933,-0.0498660083753127,-0.1067435126472804,-0.1067435126472804,0.0,-0.0274876072041382,0 days 00:14:35.576295
110,ExpGrad.1,1,0.711424,-0.0401337128879793,-0.1140746992455918,-0.1140746992455918,-0.0340227603641731,-0.0412377172199857,0 days 00:02:40.996140
111,ExpGrad.01,1,0.614514,-0.0076944226796884,-0.0176708001707287,-0.0176708001707287,-0.0037263664915633,-0.0095850875825736,0 days 00:05:00.180468
112,RedGrid25,1,0.7003,-0.0128104965590809,-0.1004621446830157,-0.1004621446830157,0.0,-0.0172033304516329,0 days 00:13:29.302191
113,RedGrid5,1,0.7003,-0.0128104965590809,-0.1004621446830157,-0.1004621446830157,0.0,-0.0172033304516329,0 days 00:13:57.216157
114,RedGrid75,1,0.7003,-0.0128104965590809,-0.1004621446830157,-0.1004621446830157,0.0,-0.0172033304516329,0 days 00:13:59.000753
115,ExpGrad.1,1,0.708161,-0.0204740527966761,-0.1001105429237386,-0.1001105429237386,-0.0136005635829048,-0.0218644097801812,0 days 00:02:46.480913
116,ExpGrad.01,1,0.592283,-0.0034202285016762,-0.0075704422413969,-0.0075704422413969,-0.0022877926647643,-0.0039211331920542,0 days 00:03:01.962459
117,RedGrid25,1,0.699771,-0.00820564007965,-0.1045778654592426,-0.1045778654592426,0.0,-0.0098260243172881,0 days 00:13:31.321425
118,RedGrid5,1,0.699771,-0.00820564007965,-0.1045778654592426,-0.1045778654592426,0.0,-0.0098260243172881,0 days 00:13:22.138819
119,RedGrid75,1,0.699771,-0.00820564007965,-0.1045778654592426,-0.1045778654592426,0.0,-0.0098260243172881,0 days 00:13:07.059795
120,ExpGrad.1,0,0.70648,-0.0709253169678268,-0.0896732033960485,-0.0896732033960485,-0.0568846323263529,-0.0622513426324903,0 days 00:03:19.143289
121,ExpGrad.01,0,0.686328,-0.0119164510864823,-0.0165773994767689,-0.0165773994767689,-0.0081153844021378,-0.0099323828692794,0 days 00:07:30.077736
122,RedGrid25,0,0.68641,-0.1215798683660434,-0.1519169796137529,-0.1519169796137529,-0.0980789186550344,-0.1079776547262048,0 days 00:12:27.378751
123,RedGrid5,0,0.68641,-0.1215798683660434,-0.1519169796137529,-0.1519169796137529,-0.0980789186550344,-0.1079776547262048,0 days 00:12:28.388112
124,RedGrid75,0,0.68641,-0.1215798683660434,-0.1519169796137529,-0.1519169796137529,-0.0980789186550344,-0.1079776547262048,0 days 00:12:25.183848
125,ExpGrad.1,1,0.711437,-0.0409363031932881,-0.1297330697527857,-0.1297330697527857,-0.040544867587225,-0.0384017436149763,0 days 00:03:05.121113
126,ExpGrad.01,1,0.601115,-0.0034234576828112,-0.0225276059011357,-0.0225276059011357,0.0,-0.0047256027069197,0 days 00:03:38.405893
127,RedGrid25,1,0.698284,-0.0455261077860341,-0.1310739459387591,-0.1310739459387591,0.0,-0.0680630466068327,0 days 00:13:37.844559
128,RedGrid5,1,0.682219,-0.0009380525871071,-0.0479660354644597,-0.0479660354644597,0.0,0.0,0 days 00:13:32.102833
129,RedGrid75,1,0.682219,-0.0009380525871071,-0.0479660354644597,-0.0479660354644597,0.0,0.0,0 days 00:13:33.742774
130,ExpGrad.1,2,0.682208,-0.0496197547914581,-0.0709865712897007,-0.0709865712897007,-0.0476521021880934,-0.0319017318995177,0 days 00:02:39.679382
131,ExpGrad.01,2,0.63516,-0.0060745937815902,-0.0097282561681918,-0.0097282561681918,-0.006098414039982,-0.0028039435568564,0 days 00:04:25.675208
132,RedGrid25,2,0.677026,-0.0230370617436807,-0.0517858560390515,-0.0517858560390515,0.0,-0.0128321775433883,0 days 00:10:37.938156
133,RedGrid5,2,0.677026,-0.0230370617436807,-0.0517858560390515,-0.0517858560390515,0.0,-0.0128321775433883,0 days 00:10:40.977073
134,RedGrid75,2,0.65149,-0.0251193120428711,-0.0394984672737815,-0.0278337974793408,0.0,-0.0394984672737815,0 days 00:10:40.906087
135,ExpGrad.1,2,0.718616,-0.0706834540031614,-0.0990358844435692,-0.0990358844435692,-0.0523047100651037,-0.0578349894039362,0 days 00:02:34.690103
136,ExpGrad.01,2,0.6189,-0.0082656068242642,-0.0132649936845525,-0.0076437137047221,-0.0015260787678274,-0.0132649936845525,0 days 00:03:21.354975
137,RedGrid25,2,0.704155,-0.0556028619486988,-0.0905905558448868,-0.0905905558448868,0.0,-0.0614923869733105,0 days 00:11:05.497908
138,RedGrid5,2,0.704155,-0.0556028619486988,-0.0905905558448868,-0.0905905558448868,0.0,-0.0614923869733105,0 days 00:11:04.579544
139,RedGrid75,2,0.668848,-0.0332665015551455,-0.0460628930884015,-0.0460628930884015,0.0,-0.0439607245370096,0 days 00:11:14.246701
140,ExpGrad.1,2,0.696365,-0.0401322656638009,-0.0795508998005337,-0.0795508998005337,-0.0274892435843273,-0.0135197156665181,0 days 00:04:12.134350
141,ExpGrad.01,2,0.603695,-0.0067353283815663,-0.0139417242068975,-0.0088549117901769,-0.0139417242068975,0.0,0 days 00:02:44.898764
142,RedGrid25,2,0.714566,-0.0670903773607439,-0.1081495649089963,-0.1081495649089963,-0.0741066051115673,-0.0257933502567161,0 days 00:12:58.501264
143,RedGrid5,2,0.655633,-0.0124237007751109,-0.0357495485627163,-0.0357495485627163,0.0,0.0,0 days 00:11:26.127480
144,RedGrid75,2,0.655633,-0.0124237007751109,-0.0357495485627163,-0.0357495485627163,0.0,0.0,0 days 00:11:23.259412
145,ExpGrad.1,1,0.708192,-0.0098917160081144,-0.0993958447332394,-0.0993958447332394,0.0,-0.0126212558833483,0 days 00:03:16.105235
146,ExpGrad.01,1,0.582352,-0.0002729092957215,-0.0053921526589517,-0.0053921526589517,0.0,-0.0002667732581801,0 days 00:03:24.684310
147,RedGrid25,1,0.701742,-0.0122862820456172,-0.1119310093902241,-0.1119310093902241,0.0,-0.0160308461375173,0 days 00:13:36.674958
148,RedGrid5,1,0.701742,-0.0122862820456172,-0.1119310093902241,-0.1119310093902241,0.0,-0.0160308461375173,0 days 00:13:41.601267
149,RedGrid75,1,0.701742,-0.0122862820456172,-0.1119310093902241,-0.1119310093902241,0.0,-0.0160308461375173,0 days 00:13:41.073915
150,ExpGrad.1,0,0.706562,-0.0818171100651413,-0.0993325981399242,-0.0993325981399242,-0.0736894130898263,-0.0709693531127733,0 days 00:03:05.646423
151,ExpGrad.01,0,0.686141,-0.0150587115398618,-0.0204880111170711,-0.0204880111170711,-0.0127949494546266,-0.011554552069115,0 days 00:07:23.257890
152,RedGrid25,0,0.686832,-0.0813517367965084,-0.1139510655257315,-0.1139510655257315,-0.0079593695740801,-0.0934567030250353,0 days 00:12:08.115705
153,RedGrid5,0,0.686832,-0.0813517367965084,-0.1139510655257315,-0.1139510655257315,-0.0079593695740801,-0.0934567030250353,0 days 00:11:58.334159
154,RedGrid75,0,0.664024,-0.0530102890537432,-0.1105047400860286,-0.1105047400860286,0.0,-0.0319971006644084,0 days 00:11:55.919493
155,ExpGrad.1,1,0.710139,-0.0341658312852035,-0.1187443906881139,-0.1187443906881139,-0.0288327290039763,-0.0344934064883366,0 days 00:02:32.304290
156,ExpGrad.01,1,0.586985,-0.0006747234930894,-0.00256672250111,-0.00256672250111,0.0,-0.0009899352196288,0 days 00:04:18.367880
157,RedGrid25,1,0.701633,-0.0143055259323567,-0.1092188475140198,-0.1092188475140198,-0.0085352104992503,-0.0145542559527195,0 days 00:13:47.535293
158,RedGrid5,1,0.701633,-0.0143055259323567,-0.1092188475140198,-0.1092188475140198,-0.0085352104992503,-0.0145542559527195,0 days 00:13:48.476872
159,RedGrid75,1,0.701633,-0.0143055259323567,-0.1092188475140198,-0.1092188475140198,-0.0085352104992503,-0.0145542559527195,0 days 00:13:58.301357
160,ExpGrad.1,1,0.706958,-0.0144243021173254,-0.1042053586410688,-0.1042053586410688,-0.0240436794568453,-0.0063675879336184,0 days 00:02:25.063919
161,ExpGrad.01,1,0.589445,-0.0001078340554192,-0.0055563866194203,-0.0055563866194203,0.0,0.0,0 days 00:03:05.918663
162,RedGrid25,1,0.704426,-0.0700071285127211,-0.1447731295779737,-0.1447731295779737,-0.074305591556348,-0.0653433856572555,0 days 00:12:27.305422
163,RedGrid5,1,0.704426,-0.0700071285127211,-0.1447731295779737,-0.1447731295779737,-0.074305591556348,-0.0653433856572555,0 days 00:12:35.438665
164,RedGrid75,1,0.701062,-0.0138475189017657,-0.1148287546106176,-0.1148287546106176,0.0,-0.0183782543408167,0 days 00:12:23.944126
165,ExpGrad.1,0,0.706947,-0.0800650706882676,-0.0973847479700853,-0.0973847479700853,-0.071269154254611,-0.0697396851690876,0 days 00:03:01.203710
166,ExpGrad.01,0,0.685204,-0.0111388730350118,-0.01587845491463,-0.01587845491463,-0.0077029870283542,-0.0088823220835785,0 days 00:06:41.284444
167,RedGrid25,0,0.685929,-0.1213060196646238,-0.1505886784297808,-0.1505886784297808,-0.1026153322782469,-0.1059610276752971,0 days 00:12:34.630779
168,RedGrid5,0,0.685929,-0.1213060196646238,-0.1505886784297808,-0.1505886784297808,-0.1026153322782469,-0.1059610276752971,0 days 00:12:47.941829
169,RedGrid75,0,0.668221,-0.0496423957168489,-0.106953494211588,-0.106953494211588,0.0,-0.02683352115363,0 days 00:12:28.467455
170,ExpGrad.1,1,0.71244,-0.0451948266322464,-0.1173051963204618,-0.1173051963204618,-0.0365197526538418,-0.0477709542050688,0 days 00:02:53.301360
171,ExpGrad.01,1,0.610665,-9.379672078633156e-05,-0.0047970311188182,-0.0047970311188182,0.0,0.0,0 days 00:03:37.187656
172,RedGrid25,1,0.707367,-0.0619700677225589,-0.1314380767109523,-0.1314380767109523,-0.0662173852299032,-0.0574602920520118,0 days 00:11:46.672024
173,RedGrid5,1,0.707367,-0.0619700677225589,-0.1314380767109523,-0.1314380767109523,-0.0662173852299032,-0.0574602920520118,0 days 00:11:51.319947
174,RedGrid75,1,0.698511,-0.0018460556690162,-0.0944125382753483,-0.0944125382753483,0.0,0.0,0 days 00:11:49.465209
175,ExpGrad.1,1,0.712389,-0.0421847351323256,-0.1134270972189067,-0.1134270972189067,-0.0371483363101716,-0.042764779841981,0 days 00:03:36.603453
176,ExpGrad.01,1,0.615005,-0.0148856090166911,-0.0231153431103085,-0.0231153431103085,-0.0097903595418715,-0.017446611501151,0 days 00:04:32.483439
177,RedGrid25,1,0.707116,-0.058913052019079,-0.1339542724007794,-0.1339542724007794,-0.06328533646416,-0.0541766831119753,0 days 00:13:27.006872
178,RedGrid5,1,0.707116,-0.058913052019079,-0.1339542724007794,-0.1339542724007794,-0.06328533646416,-0.0541766831119753,0 days 00:13:35.810206
179,RedGrid75,1,0.697582,-0.0017551687319848,-0.0898825065258849,-0.0898825065258849,0.0,0.0,0 days 00:13:49.961172
180,ExpGrad.1,1,0.712601,-0.0515565856464875,-0.1243000431205394,-0.1243000431205394,-0.0544140657746293,-0.0477343368344654,0 days 00:04:02.053474
181,ExpGrad.01,1,0.595124,-0.0116180817547809,-0.0119667096692111,-0.0048928460267779,-0.0119667096692111,-0.0116324949591404,0 days 00:05:09.773082
182,RedGrid25,1,0.706141,-0.0655083389476672,-0.1336025776439502,-0.1336025776439502,-0.0768949215790596,-0.0571116920661405,0 days 00:16:45.587821
183,RedGrid5,1,0.706141,-0.0655083389476672,-0.1336025776439502,-0.1336025776439502,-0.0768949215790596,-0.0571116920661405,0 days 00:17:39.509090
184,RedGrid75,1,0.706141,-0.0655083389476672,-0.1336025776439502,-0.1336025776439502,-0.0768949215790596,-0.0571116920661405,0 days 00:16:22.416455
185,ExpGrad.1,0,0.70631,-0.0801605606623579,-0.0979068235335172,-0.0979068235335172,-0.0702838177109655,-0.0700524049633333,0 days 00:03:12.108063
186,ExpGrad.01,0,0.685551,-0.0090766678545722,-0.0148745351995275,-0.0148745351995275,-0.0032104354774793,-0.0072307396139923,0 days 00:07:24.068908
187,RedGrid25,0,0.693973,-0.0351079800873053,-0.041016424198682,-0.0381337178941011,-0.0195937995367877,-0.041016424198682,0 days 00:15:36.398139
188,RedGrid5,0,0.693973,-0.0351079800873053,-0.041016424198682,-0.0381337178941011,-0.0195937995367877,-0.041016424198682,0 days 00:16:02.388289
189,RedGrid75,0,0.693973,-0.0351079800873053,-0.041016424198682,-0.0381337178941011,-0.0195937995367877,-0.041016424198682,0 days 00:15:52.673328
190,ExpGrad.1,2,0.717596,-0.0628036754771593,-0.0948684446980999,-0.0948684446980999,-0.0524559463593478,-0.0411627773578554,0 days 00:02:50.640557
191,ExpGrad.01,2,0.63379,-0.0065731260477173,-0.0112515359702555,-0.0112515359702555,0.0,-0.0067772074136389,0 days 00:03:59.301628
192,RedGrid25,2,0.724289,-0.0849213971138901,-0.1010818594263321,-0.1010818594263321,-0.0811397115280964,-0.0730627860690893,0 days 00:12:32.732113
193,RedGrid5,2,0.67398,-0.0314271697838785,-0.0525493333394302,-0.0417092409029161,-0.0525493333394302,-0.0082615294544635,0 days 00:11:17.449913
194,RedGrid75,2,0.67398,-0.0314271697838785,-0.0525493333394302,-0.0417092409029161,-0.0525493333394302,-0.0082615294544635,0 days 00:10:50.591757
195,ExpGrad.1,1,0.711503,-0.0377068566308191,-0.1216542601026283,-0.1216542601026283,-0.0388479228383645,-0.0344889284910751,0 days 00:04:14.146168
196,ExpGrad.01,1,0.596342,-0.0003198107366199,-0.0164596339994246,-0.0164596339994246,0.0,0.0,0 days 00:04:08.344844
197,RedGrid25,1,0.70094,-0.0082885549582867,-0.1061972903608229,-0.1061972903608229,0.0,-0.0098674251097229,0 days 00:14:26.021809
198,RedGrid5,1,0.70094,-0.0082885549582867,-0.1061972903608229,-0.1061972903608229,0.0,-0.0098674251097229,0 days 00:14:26.910580
199,RedGrid75,1,0.70094,-0.0082885549582867,-0.1061972903608229,-0.1061972903608229,0.0,-0.0098674251097229,0 days 00:14:23.410688
200,ExpGrad.1,0,0.706468,-0.0826206571665962,-0.1007320528016313,-0.1007320528016313,-0.0713648939285938,-0.0729516148005853,0 days 00:02:51.486616
201,ExpGrad.01,0,0.689088,-0.0140915943930641,-0.0202255048562195,-0.0202255048562195,-0.0098445201028359,-0.0110590224984981,0 days 00:07:29.422679
202,RedGrid25,0,0.690695,-0.0229246799028586,-0.0288467348708068,-0.0288467348708068,-0.0073743008709548,-0.026369481552169,0 days 00:14:03.636501
203,RedGrid5,0,0.690695,-0.0229246799028586,-0.0288467348708068,-0.0288467348708068,-0.0073743008709548,-0.026369481552169,0 days 00:13:52.506467
204,RedGrid75,0,0.690695,-0.0229246799028586,-0.0288467348708068,-0.0288467348708068,-0.0073743008709548,-0.026369481552169,0 days 00:13:44.286700
205,ExpGrad.1,0,0.70676,-0.08433164393986,-0.1019359227068126,-0.1019359227068126,-0.0753969692914068,-0.0738758815064003,0 days 00:03:28.036873
206,ExpGrad.01,0,0.68591,-0.0138554439277036,-0.0184838291186951,-0.0184838291186951,-0.0139764122444817,-0.0097432621445835,0 days 00:05:09.263902
207,RedGrid25,0,0.686685,-0.0822704771185614,-0.1144956689157435,-0.1144956689157435,-0.0067217800976895,-0.0958005893620338,0 days 00:10:51.701263
208,RedGrid5,0,0.686685,-0.0822704771185614,-0.1144956689157435,-0.1144956689157435,-0.0067217800976895,-0.0958005893620338,0 days 00:10:51.896676
209,RedGrid75,0,0.663633,-0.0528478421108587,-0.1107726428610244,-0.1107726428610244,0.0,-0.0313864154324144,0 days 00:10:53.832614
210,ExpGrad.1,2,0.690115,-0.0417122996805312,-0.0675814309683036,-0.0675814309683036,-0.0239493030746372,-0.0303974210962369,0 days 00:03:19.416073
211,ExpGrad.01,2,0.625217,-0.0067137547692664,-0.0159580998937801,-0.0159580998937801,0.0,-0.0029159019935935,0 days 00:07:22.087531
212,RedGrid25,2,0.690346,-0.0451914782328064,-0.1007633969410464,-0.1007633969410464,0.0,-0.025601137725664,0 days 00:12:33.706307
213,RedGrid5,2,0.660562,-0.0175384956912402,-0.0501717403040837,-0.0501717403040837,0.0,0.0,0 days 00:12:47.279878
214,RedGrid75,2,0.660562,-0.0175384956912402,-0.0501717403040837,-0.0501717403040837,0.0,0.0,0 days 00:12:45.173241
215,ExpGrad.1,1,0.708892,-0.0204279030694412,-0.1053793802578774,-0.1053793802578774,-0.0211596002368908,-0.0174149110393045,0 days 00:02:33.380737
216,ExpGrad.01,1,0.576792,-0.0029986798841776,-0.0049030127139939,-0.0049030127139939,0.0,-0.0046012977779805,0 days 00:02:27.071392
217,RedGrid25,1,0.707205,-0.0720967702941387,-0.1477483382978873,-0.1477483382978873,-0.0751250792972978,-0.0680970757610368,0 days 00:13:49.391667
218,RedGrid5,1,0.698906,-0.0041760796137669,-0.1051502209176998,-0.1051502209176998,0.0,-0.0033898431366506,0 days 00:13:44.930118
219,RedGrid75,1,0.698906,-0.0041760796137669,-0.1051502209176998,-0.1051502209176998,0.0,-0.0033898431366506,0 days 00:13:11.256390
220,ExpGrad.1,1,0.711207,-0.0218805610053169,-0.1071826954826684,-0.1071826954826684,-0.0143635039262091,-0.0234098545890979,0 days 00:04:08.827286
221,ExpGrad.01,1,0.602984,-0.0011645553167304,-0.0190377299608838,-0.0190377299608838,0.0,-0.0012573252128915,0 days 00:05:10.694487
222,RedGrid25,1,0.699929,-0.0018574927634357,-0.0951691880560323,-0.0951691880560323,0.0,0.0,0 days 00:11:41.892779
223,RedGrid5,1,0.699929,-0.0018574927634357,-0.0951691880560323,-0.0951691880560323,0.0,0.0,0 days 00:12:38.254098
224,RedGrid75,1,0.699929,-0.0018574927634357,-0.0951691880560323,-0.0951691880560323,0.0,0.0,0 days 00:12:22.113031
225,ExpGrad.1,1,0.71042,-0.0328044162919228,-0.1267395059975283,-0.1267395059975283,-0.0281954451638021,-0.0324438142047694,0 days 00:03:05.762287
226,ExpGrad.01,1,0.600729,-0.0002809011165451,-0.0143861535689372,-0.0143861535689372,0.0,0.0,0 days 00:03:11.231943
227,RedGrid25,1,0.70079,-0.0126753042008789,-0.1251807673425141,-0.1251807673425141,0.0,-0.0161892712589472,0 days 00:12:04.856847
228,RedGrid5,1,0.70079,-0.0126753042008789,-0.1251807673425141,-0.1251807673425141,0.0,-0.0161892712589472,0 days 00:12:11.872241
229,RedGrid75,1,0.70079,-0.0126753042008789,-0.1251807673425141,-0.1251807673425141,0.0,-0.0161892712589472,0 days 00:11:43.014128
230,ExpGrad.1,1,0.71142,-0.0364810402882826,-0.1229696511407825,-0.1229696511407825,-0.0288971848133962,-0.0380138028662213,0 days 00:02:20.214691
231,ExpGrad.01,1,0.591459,-0.0002908468171094,-0.014929249285238,-0.014929249285238,0.0,0.0,0 days 00:03:12.440595
232,RedGrid25,1,0.704616,-0.0651329168599236,-0.152897830397978,-0.152897830397978,-0.0720175994835511,-0.0586064203585794,0 days 00:14:12.358825
233,RedGrid5,1,0.704616,-0.0651329168599236,-0.152897830397978,-0.152897830397978,-0.0720175994835511,-0.0586064203585794,0 days 00:13:49.324926
234,RedGrid75,1,0.704616,-0.0651329168599236,-0.152897830397978,-0.152897830397978,-0.0720175994835511,-0.0586064203585794,0 days 00:14:05.055698
235,ExpGrad.1,0,0.706615,-0.07977344904759,-0.0981185166514946,-0.0981185166514946,-0.0714474038553212,-0.0683083368923821,0 days 00:03:17.322771
236,ExpGrad.01,0,0.688726,-0.0115875385478586,-0.0184883568712582,-0.0184883568712582,-0.0095008981964075,-0.0066945341726196,0 days 00:09:26.624814
237,RedGrid25,0,0.690681,-0.0172339161205577,-0.0241940333258985,-0.0241940333258985,-0.0025715002429499,-0.0192688782261614,0 days 00:15:07.321511
238,RedGrid5,0,0.690681,-0.0172339161205577,-0.0241940333258985,-0.0241940333258985,-0.0025715002429499,-0.0192688782261614,0 days 00:15:07.789906
239,RedGrid75,0,0.690681,-0.0172339161205577,-0.0241940333258985,-0.0241940333258985,-0.0025715002429499,-0.0192688782261614,0 days 00:15:06.203764
240,ExpGrad.1,2,0.700911,-0.0477011774256285,-0.0879658204174383,-0.0879658204174383,-0.0048844771446082,-0.0403558279840246,0 days 00:03:22.060261
241,ExpGrad.01,2,0.625065,-0.0104993350880315,-0.016731958960087,-0.016731958960087,-0.0042164038765149,-0.0091331770151906,0 days 00:06:33.910147
242,RedGrid25,2,0.702632,-0.0639798504001726,-0.1136580629766516,-0.1136580629766516,0.0,-0.0623311768255276,0 days 00:14:19.590054
243,RedGrid5,2,0.681386,-0.0313489588033155,-0.0712027501732698,-0.0712027501732698,0.0,-0.0167457495759856,0 days 00:14:34.427831
244,RedGrid75,2,0.681386,-0.0313489588033155,-0.0712027501732698,-0.0712027501732698,0.0,-0.0167457495759856,0 days 00:13:39.856918
245,ExpGrad.1,0,0.706569,-0.0802431223988131,-0.0974252679303048,-0.0974252679303048,-0.0711779816539802,-0.07022505126952,0 days 00:03:27.216266
246,ExpGrad.01,0,0.688578,-0.0123039275170186,-0.0172738150381359,-0.0172738150381359,-0.0131781059113363,-0.0074682526998606,0 days 00:09:19.682022
247,RedGrid25,0,0.690476,-0.0180088411110656,-0.0239579124328609,-0.0239579124328609,-0.001441721957058,-0.0219836419502246,0 days 00:13:04.076197
248,RedGrid5,0,0.690476,-0.0180088411110656,-0.0239579124328609,-0.0239579124328609,-0.001441721957058,-0.0219836419502246,0 days 00:13:06.687262
249,RedGrid75,0,0.690476,-0.0180088411110656,-0.0239579124328609,-0.0239579124328609,-0.001441721957058,-0.0219836419502246,0 days 00:13:02.492924
250,ExpGrad.1,2,0.707001,-0.0662314090831406,-0.0990820459762443,-0.0990820459762443,-0.0349009262563031,-0.058148472523224,0 days 00:02:27.874573
251,ExpGrad.01,2,0.61771,-0.0081251532577959,-0.0166852714892042,-0.0166852714892042,-0.0037423130028009,-0.0034738811530659,0 days 00:04:19.189196
252,RedGrid25,2,0.730282,-0.0957274999311649,-0.128299867236417,-0.128299867236417,-0.0998641450014849,-0.0640192477843772,0 days 00:12:15.858509
253,RedGrid5,2,0.670577,-0.0220092771764763,-0.0544951694847368,-0.0544951694847368,0.0,-0.0079762600300739,0 days 00:11:32.326322
254,RedGrid75,2,0.670577,-0.0220092771764763,-0.0544951694847368,-0.0544951694847368,0.0,-0.0079762600300739,0 days 00:11:28.195220
255,ExpGrad.1,0,0.706731,-0.0777852726439427,-0.096634585001795,-0.096634585001795,-0.0652796815400875,-0.0681221374541555,0 days 00:02:57.805443
256,ExpGrad.01,0,0.686561,-0.013471172627287,-0.0178923630351065,-0.0178923630351065,-0.0137638882908133,-0.0094132510859022,0 days 00:06:20.546318
257,RedGrid25,0,0.696186,-0.0643648053519323,-0.0771141530321106,-0.0594797779425382,-0.0771141530321106,-0.0615890786321525,0 days 00:11:18.772494
258,RedGrid5,0,0.696186,-0.0643648053519323,-0.0771141530321106,-0.0594797779425382,-0.0771141530321106,-0.0615890786321525,0 days 00:11:18.741494
259,RedGrid75,0,0.696186,-0.0643648053519323,-0.0771141530321106,-0.0594797779425382,-0.0771141530321106,-0.0615890786321525,0 days 00:11:19.240416
260,ExpGrad.1,2,0.722454,-0.0684152967406765,-0.1023174269849032,-0.1023174269849032,-0.0545885107549464,-0.0476232583963343,0 days 00:03:51.972722
261,ExpGrad.01,2,0.618896,-0.0049327491010446,-0.0089962530966487,-0.0089962530966487,-0.0069228062519026,0.0,0 days 00:03:06.587421
262,RedGrid25,2,0.714989,-0.0666112593155644,-0.0897802728646641,-0.0897802728646641,-0.0746330979830764,-0.0407109278880445,0 days 00:11:26.197679
263,RedGrid5,2,0.688684,-0.040947578534736,-0.0588176229643504,-0.0588176229643504,-0.0503079742289853,-0.0188475250186264,0 days 00:11:24.315022
264,RedGrid75,2,0.688684,-0.040947578534736,-0.0588176229643504,-0.0588176229643504,-0.0503079742289853,-0.0188475250186264,0 days 00:11:35.251077
265,ExpGrad.1,1,0.702715,-0.0076401726704569,-0.081482424485143,-0.081482424485143,-0.0172623794010613,0.0,0 days 00:02:04.685979
266,ExpGrad.01,1,0.589084,-0.0001121974825797,-0.0057204717349432,-0.0057204717349432,0.0,0.0,0 days 00:02:57.942337
267,RedGrid25,1,0.682788,-0.0005915716030422,-0.0301617162577108,-0.0301617162577108,0.0,0.0,0 days 00:12:57.314986
268,RedGrid5,1,0.682788,-0.0005915716030422,-0.0301617162577108,-0.0301617162577108,0.0,0.0,0 days 00:13:25.302682
269,RedGrid75,1,0.682788,-0.0005915716030422,-0.0301617162577108,-0.0301617162577108,0.0,0.0,0 days 00:13:26.160176
270,ExpGrad.1,2,0.690911,-0.0497637704451655,-0.0784144876894482,-0.0784144876894482,-0.037633643692277,-0.0325175725299282,0 days 00:04:14.633550
271,ExpGrad.01,2,0.630222,-0.012917505113608,-0.019602016593433,-0.019602016593433,-0.003494830439486,-0.0132391896725439,0 days 00:04:54.554052
272,RedGrid25,2,0.714061,-0.0595831021588116,-0.0969792880128241,-0.0969792880128241,-0.0767464764184209,-0.0153237001026476,0 days 00:15:44.919808
273,RedGrid5,2,0.691443,-0.0385102904098697,-0.0699286704370415,-0.0584061682897347,-0.0699286704370415,-0.0002728780381326,0 days 00:14:43.260478
274,RedGrid75,2,0.602895,-0.0131444434076492,-0.0451211655462393,-0.004140561002534,-0.0451211655462393,0.0,0 days 00:15:13.602674
275,ExpGrad.1,1,0.709125,-0.0198178180637072,-0.1045430523544324,-0.1045430523544324,-0.0333258044792141,-0.0097633385914316,0 days 00:02:22.399609
276,ExpGrad.01,1,0.592154,-0.0100000216436554,-0.015895489592435,-0.015895489592435,-0.0109628697100594,-0.0092877183985088,0 days 00:02:41.106961
277,RedGrid25,1,0.701971,-0.0111293677672649,-0.1089979612420047,-0.1089979612420047,0.0,-0.0143049865840185,0 days 00:12:42.226762
278,RedGrid5,1,0.701971,-0.0111293677672649,-0.1089979612420047,-0.1089979612420047,0.0,-0.0143049865840185,0 days 00:12:39.606529
279,RedGrid75,1,0.701971,-0.0111293677672649,-0.1089979612420047,-0.1089979612420047,0.0,-0.0143049865840185,0 days 00:12:31.596026
280,ExpGrad.1,0,0.706413,-0.0815029379398244,-0.1001715019147564,-0.1001715019147564,-0.071100292144719,-0.0708963119297655,0 days 00:03:50.188800
281,ExpGrad.01,0,0.686358,-0.0147873080801857,-0.0201668144854402,-0.0201668144854402,-0.0119736967664205,-0.0116291510228568,0 days 00:06:35.422283
282,RedGrid25,0,0.690475,-0.0202523341884946,-0.02725698431942,-0.02725698431942,-0.0036578710989705,-0.0232919225774187,0 days 00:13:43.955693
283,RedGrid5,0,0.690475,-0.0202523341884946,-0.02725698431942,-0.02725698431942,-0.0036578710989705,-0.0232919225774187,0 days 00:13:48.824281
284,RedGrid75,0,0.690475,-0.0202523341884946,-0.02725698431942,-0.02725698431942,-0.0036578710989705,-0.0232919225774187,0 days 00:14:33.625339
285,ExpGrad.1,2,0.692805,-0.0532357938876256,-0.0787439591340521,-0.0787439591340521,-0.0474603885178582,-0.0341022471533408,0 days 00:02:23.383056
286,ExpGrad.01,2,0.608882,-0.0026841237914833,-0.007643870623121,-0.007643870623121,0.0,0.0,0 days 00:03:26.826392
287,RedGrid25,2,0.714624,-0.0767738504593634,-0.0930393956061506,-0.0930393956061506,-0.0767210403770829,-0.0621639334548037,0 days 00:10:39.518773
288,RedGrid5,2,0.662258,-0.0149162782541805,-0.0420633264089121,-0.0420633264089121,0.0,-0.0003739928367319,0 days 00:10:44.249921
289,RedGrid75,2,0.662258,-0.0149162782541805,-0.0420633264089121,-0.0420633264089121,0.0,-0.0003739928367319,0 days 00:10:42.241837
290,ExpGrad.1,0,0.706548,-0.0830148632703544,-0.1007891636774327,-0.1007891636774327,-0.0745651475778471,-0.072085887448151,0 days 00:02:57.716518
291,ExpGrad.01,0,0.684386,-0.0118693938356753,-0.018112415959818,-0.018112415959818,-0.0080234896382092,-0.0085179702724245,0 days 00:05:35.280452
292,RedGrid25,0,0.694069,-0.0364529909417759,-0.0423039372874345,-0.0403689704069101,-0.0197090053702274,-0.0423039372874345,0 days 00:12:23.316700
293,RedGrid5,0,0.694069,-0.0364529909417759,-0.0423039372874345,-0.0403689704069101,-0.0197090053702274,-0.0423039372874345,0 days 00:12:43.500580
294,RedGrid75,0,0.694069,-0.0364529909417759,-0.0423039372874345,-0.0403689704069101,-0.0197090053702274,-0.0423039372874345,0 days 00:12:35.955920
295,ExpGrad.1,0,0.707187,-0.0806583585592113,-0.0982449183409706,-0.0982449183409706,-0.0724436840215009,-0.0697308061312003,0 days 00:03:19.212568
296,ExpGrad.01,0,0.685483,-0.0125632429697181,-0.0166431676653742,-0.0166431676653742,-0.011627939553332,-0.0094905439155783,0 days 00:06:43.528556
297,RedGrid25,0,0.683207,-0.1119317911688412,-0.1482757607801669,-0.1482757607801669,-0.091389192991434,-0.0913248790468513,0 days 00:12:02.084956
298,RedGrid5,0,0.683207,-0.1119317911688412,-0.1482757607801669,-0.1482757607801669,-0.091389192991434,-0.0913248790468513,0 days 00:11:52.633499
299,RedGrid75,0,0.683207,-0.1119317911688412,-0.1482757607801669,-0.1482757607801669,-0.091389192991434,-0.0913248790468513,0 days 00:11:58.310919
300,ExpGrad.1,0,0.7064,-0.0776715574446111,-0.0946755199727529,-0.0946755199727529,-0.0665087669761638,-0.0689536518718838,0 days 00:03:54.692980
301,ExpGrad.01,0,0.686453,-0.0143180561909298,-0.0199250476036225,-0.0199250476036225,-0.0110952357276649,-0.011189249647531,0 days 00:07:30.960033
302,RedGrid25,0,0.686147,-0.1238657512328442,-0.1528788467042038,-0.1528788467042038,-0.1025320220137315,-0.1102595751633721,0 days 00:15:55.177510
303,RedGrid5,0,0.686147,-0.1238657512328442,-0.1528788467042038,-0.1528788467042038,-0.1025320220137315,-0.1102595751633721,0 days 00:15:59.544547
304,RedGrid75,0,0.686147,-0.1238657512328442,-0.1528788467042038,-0.1528788467042038,-0.1025320220137315,-0.1102595751633721,0 days 00:15:53.911470
305,ExpGrad.1,2,0.712957,-0.0633202438079049,-0.1010377500603268,-0.1010377500603268,-0.0437616872539076,-0.0423962607239289,0 days 00:02:55.465744
306,ExpGrad.01,2,0.629098,-0.0042137342160987,-0.0117519109705798,-0.0117519109705798,-0.0003528109578008,0.0,0 days 00:03:32.828040
307,RedGrid25,2,0.729422,-0.1012451103048042,-0.1278633641098298,-0.1278633641098298,-0.1010676450944166,-0.0774307299595981,0 days 00:11:11.475815
308,RedGrid5,2,0.661309,-0.0172590423801467,-0.0492019498085504,-0.0492019498085504,0.0,0.0,0 days 00:11:04.740138
309,RedGrid75,2,0.661309,-0.0172590423801467,-0.0492019498085504,-0.0492019498085504,0.0,0.0,0 days 00:11:00.913099
310,ExpGrad.1,1,0.708483,-0.0301086810430718,-0.1206912895755526,-0.1206912895755526,-0.0251106533335926,-0.0300706011327476,0 days 00:02:09.831425
311,ExpGrad.01,1,0.603509,-0.014931868617444,-0.0250687955615699,-0.0250687955615699,-0.0140511260031186,-0.0151054577942259,0 days 00:06:07.836354
312,RedGrid25,1,0.707002,-0.0755029236454647,-0.1517497718642412,-0.1517497718642412,-0.0863333136050312,-0.0671503211124273,0 days 00:14:14.776814
313,RedGrid5,1,0.692983,-0.001447597898685,-0.0740979945507297,-0.0740979945507297,0.0,0.0,0 days 00:14:18.582811
314,RedGrid75,1,0.692983,-0.001447597898685,-0.0740979945507297,-0.0740979945507297,0.0,0.0,0 days 00:14:21.674513
315,ExpGrad.1,2,0.711366,-0.0567295077348525,-0.0849870492995197,-0.0849870492995197,-0.046989862034285,-0.0383226721862504,0 days 00:03:17.772239
316,ExpGrad.01,2,0.617615,-0.0067634708794734,-0.0113250477678766,-0.0113250477678766,0.0,-0.0072523646921285,0 days 00:03:28.239700
317,RedGrid25,2,0.719676,-0.0784001722339267,-0.0994755537561933,-0.0994755537561933,-0.0988699870416381,-0.0461852603339033,0 days 00:11:48.250428
318,RedGrid5,2,0.67304,-0.0219734089760509,-0.0626804282693347,-0.0626804282693347,0.0,-0.000751403888599,0 days 00:11:05.381983
319,RedGrid75,2,0.619702,-0.0149056725683168,-0.0221290637509712,-0.002542116932419,-0.0221290637509712,-0.0209848745684503,0 days 00:10:56.916368
320,ExpGrad.1,0,0.706866,-0.0828809284833998,-0.1002135812356315,-0.1002135812356315,-0.073681484627785,-0.0727866033017508,0 days 00:03:46.869426
321,ExpGrad.01,0,0.688195,-0.0112887982152963,-0.0169949873471935,-0.0169949873471935,-0.0087299579951866,-0.0077065652499478,0 days 00:07:35.640665
322,RedGrid25,0,0.682915,-0.117256023246777,-0.1527864822096799,-0.1527864822096799,-0.0973531567250923,-0.0971395930737281,0 days 00:14:03.342826
323,RedGrid5,0,0.682915,-0.117256023246777,-0.1527864822096799,-0.1527864822096799,-0.0973531567250923,-0.0971395930737281,0 days 00:15:45.616471
324,RedGrid75,0,0.682915,-0.117256023246777,-0.1527864822096799,-0.1527864822096799,-0.0973531567250923,-0.0971395930737281,0 days 00:14:34.774127
325,ExpGrad.1,2,0.704621,-0.0521032882942989,-0.0785635887512272,-0.0785635887512272,-0.0528472334587521,-0.0280801925078143,0 days 00:02:48.963219
326,ExpGrad.01,2,0.604574,-0.0079497557128809,-0.0110766546532767,-0.0110766546532767,0.0,-0.0104964680684035,0 days 00:04:06.191232
327,RedGrid25,2,0.723737,-0.0827312189064788,-0.1126309991480764,-0.1126309991480764,-0.0829496632843761,-0.056002351101045,0 days 00:10:24.848711
328,RedGrid5,2,0.682201,-0.0299394243649075,-0.0773661979871785,-0.0773661979871785,0.0,-0.0078352468715217,0 days 00:10:34.636925
329,RedGrid75,2,0.650035,-0.0177410008364779,-0.0338762069391783,-0.0338762069391783,0.0,-0.0152832066826328,0 days 00:10:19.631238
330,ExpGrad.1,1,0.708863,-0.0350043298509384,-0.1106363772573183,-0.1106363772573183,-0.0532861148403229,-0.0225035189819995,0 days 00:02:50.761321
331,ExpGrad.01,1,0.58774,-0.0018340637712721,-0.0066159431300597,-0.0066159431300597,-0.0048749615588183,0.0,0 days 00:03:44.455417
332,RedGrid25,1,0.707715,-0.0629123529656126,-0.1402033353434268,-0.1402033353434268,-0.0640663517907333,-0.059842628653731,0 days 00:14:00.629464
333,RedGrid5,1,0.699894,-0.0034437044719234,-0.1038145495475701,-0.1038145495475701,0.0,-0.0021937664596249,0 days 00:13:57.143461
334,RedGrid75,1,0.699894,-0.0034437044719234,-0.1038145495475701,-0.1038145495475701,0.0,-0.0021937664596249,0 days 00:13:57.909086
335,ExpGrad.1,0,0.705586,-0.0815549074141955,-0.0994986794686463,-0.0994986794686463,-0.0716051400850371,-0.071279931677151,0 days 00:03:26.294747
336,ExpGrad.01,0,0.685651,-0.0141455823730867,-0.0195281273616249,-0.0195281273616249,-0.0103431692882608,-0.0115155570741468,0 days 00:05:05.788673
337,RedGrid25,0,0.688242,-0.0198670717058229,-0.0267793189196767,-0.0267793189196767,-0.0047248513495243,-0.0221614641721394,0 days 00:13:12.870989
338,RedGrid5,0,0.688242,-0.0198670717058229,-0.0267793189196767,-0.0267793189196767,-0.0047248513495243,-0.0221614641721394,0 days 00:13:07.589100
339,RedGrid75,0,0.688242,-0.0198670717058229,-0.0267793189196767,-0.0267793189196767,-0.0047248513495243,-0.0221614641721394,0 days 00:13:06.805985
340,ExpGrad.1,1,0.710194,-0.0253667658943042,-0.1184651970699541,-0.1184651970699541,-0.0279231016629373,-0.021065302641483,0 days 00:02:53.539826
341,ExpGrad.01,1,0.588126,-0.0022298812430425,-0.0034616135495874,-0.002234460598803,0.0,-0.0034616135495874,0 days 00:03:45.415107
342,RedGrid25,1,0.70888,-0.0664248043895722,-0.1463990970425753,-0.1463990970425753,-0.0705977118654227,-0.0616375812561041,0 days 00:13:42.487769
343,RedGrid5,1,0.70888,-0.0664248043895722,-0.1463990970425753,-0.1463990970425753,-0.0705977118654227,-0.0616375812561041,0 days 00:14:14.596321
344,RedGrid75,1,0.70888,-0.0664248043895722,-0.1463990970425753,-0.1463990970425753,-0.0705977118654227,-0.0616375812561041,0 days 00:14:13.682525
345,ExpGrad.1,0,0.706804,-0.0796447222331049,-0.0969957799095084,-0.0969957799095084,-0.0692059812800977,-0.0701952472876776,0 days 00:03:04.347566
346,ExpGrad.01,0,0.686537,-0.0124664241813584,-0.0169323645065463,-0.0169323645065463,-0.0098398533259269,-0.0100008897238169,0 days 00:06:16.733384
347,RedGrid25,0,0.693546,-0.0353737324073136,-0.0409630274081005,-0.0381261379376151,-0.0209209734568086,-0.0409630274081005,0 days 00:12:44.943000
348,RedGrid5,0,0.693546,-0.0353737324073136,-0.0409630274081005,-0.0381261379376151,-0.0209209734568086,-0.0409630274081005,0 days 00:12:47.679225
349,RedGrid75,0,0.693546,-0.0353737324073136,-0.0409630274081005,-0.0381261379376151,-0.0209209734568086,-0.0409630274081005,0 days 00:12:58.940402
350,ExpGrad.1,2,0.703952,-0.0499830283283773,-0.0867851916265096,-0.0867851916265096,-0.0330839832222712,-0.0288730033679438,0 days 00:02:36.164647
351,ExpGrad.01,2,0.63037,-0.0057645378660248,-0.0134708384634506,-0.0134708384634506,-0.0042431152753235,0.0,0 days 00:05:01.096653
352,RedGrid25,2,0.720032,-0.084810992233403,-0.0994011192601423,-0.0986811645765688,-0.0994011192601423,-0.0628890859859867,0 days 00:11:52.887804
353,RedGrid5,2,0.668995,-0.0334166722368717,-0.0529482575054446,-0.0529482575054446,0.0,-0.0385038545202246,0 days 00:12:48.140461
354,RedGrid75,2,0.668995,-0.0334166722368717,-0.0529482575054446,-0.0529482575054446,0.0,-0.0385038545202246,0 days 00:12:33.451874
355,ExpGrad.1,1,0.710365,-0.0420307245767869,-0.1126101082494103,-0.1126101082494103,-0.0569042221681957,-0.0316303376905786,0 days 00:02:21.290327
356,ExpGrad.01,1,0.585023,-0.000593080568643,-0.001654580964007,-0.0008657957413613,-0.001654580964007,0.0,0 days 00:02:45.915692
357,RedGrid25,1,0.703141,-0.0329063423300894,-0.1142596230922483,-0.1142596230922483,-0.0229825653150209,-0.0358238459858394,0 days 00:11:09.166714
358,RedGrid5,1,0.703141,-0.0329063423300894,-0.1142596230922483,-0.1142596230922483,-0.0229825653150209,-0.0358238459858394,0 days 00:11:09.548073
359,RedGrid75,1,0.684417,-0.0008460219537507,-0.0427449004812052,-0.0427449004812052,0.0,0.0,0 days 00:10:56.271416
360,ExpGrad.1,0,0.706478,-0.0749236409397521,-0.092674696642107,-0.092674696642107,-0.0629256345657153,-0.0659136561672003,0 days 00:03:53.364772
361,ExpGrad.01,0,0.686707,-0.0162721248634163,-0.0207869185629162,-0.0207869185629162,-0.015006411728627,-0.012989916359207,0 days 00:06:27.206923
362,RedGrid25,0,0.695028,-0.0542896119831832,-0.0802936403037242,-0.0506836718104674,-0.0802936403037242,-0.0430473982305725,0 days 00:14:55.445441
363,RedGrid5,0,0.695028,-0.0542896119831832,-0.0802936403037242,-0.0506836718104674,-0.0802936403037242,-0.0430473982305725,0 days 00:15:14.097982
364,RedGrid75,0,0.695028,-0.0542896119831832,-0.0802936403037242,-0.0506836718104674,-0.0802936403037242,-0.0430473982305725,0 days 00:14:33.156876
365,ExpGrad.1,2,0.711782,-0.0540534479673249,-0.0855062886637413,-0.0855062886637413,-0.0434574119552935,-0.0326850242157827,0 days 00:02:35.799239
366,ExpGrad.01,2,0.621058,-0.0048096215271051,-0.0108541376699521,-0.0108541376699521,0.0,-0.0025574686855572,0 days 00:05:05.149906
367,RedGrid25,2,0.723773,-0.0829394409337744,-0.1119244681403953,-0.1119244681403953,-0.0835238903948016,-0.0563276725083456,0 days 00:11:26.184481
368,RedGrid5,2,0.692093,-0.0546760061894768,-0.0637690862156318,-0.0637690862156318,-0.0635906207909101,-0.0404893031516406,0 days 00:11:27.482437
369,RedGrid75,2,0.692093,-0.0546760061894768,-0.0637690862156318,-0.0637690862156318,-0.0635906207909101,-0.0404893031516406,0 days 00:11:38.934252
370,ExpGrad.1,2,0.705188,-0.0583886959482579,-0.0816621408734603,-0.0816621408734603,-0.0705827513422333,-0.0297362831251337,0 days 00:02:21.084097
371,ExpGrad.01,2,0.62913,-0.0129243351567105,-0.0161132921846423,-0.0110820604933855,-0.0161132921846423,-0.0124435645214686,0 days 00:04:16.565953
372,RedGrid25,2,0.718262,-0.0861972191812974,-0.1046505425831779,-0.0941507155341264,-0.1046505425831779,-0.0669524194087015,0 days 00:11:52.394316
373,RedGrid5,2,0.664598,-0.0164738910954104,-0.0455466462697016,-0.0455466462697016,0.0,-0.0016619353133017,0 days 00:11:48.748619
374,RedGrid75,2,0.664598,-0.0164738910954104,-0.0455466462697016,-0.0455466462697016,0.0,-0.0016619353133017,0 days 00:11:53.522041
375,ExpGrad.1,1,0.70967,-0.0232505905149587,-0.1064050824699632,-0.1064050824699632,-0.0298170406137004,-0.0170719251321541,0 days 00:02:50.692623
376,ExpGrad.01,1,0.601767,-0.0015621472845385,-0.0116613758276223,-0.0116613758276223,-0.0038286608939211,0.0,0 days 00:03:04.797941
377,RedGrid25,1,0.691405,-0.0067632027338692,-0.0803678008764723,-0.0803678008764723,-0.0149175156873867,0.0,0 days 00:09:48.608975
378,RedGrid5,1,0.691405,-0.0067632027338692,-0.0803678008764723,-0.0803678008764723,-0.0149175156873867,0.0,0 days 00:09:25.551410
379,RedGrid75,1,0.684761,-0.0009872780683498,-0.0509681647164454,-0.0509681647164454,0.0,0.0,0 days 00:10:00.554939
380,ExpGrad.1,0,0.706254,-0.0790939933862983,-0.0971772402758329,-0.0971772402758329,-0.0677087694261086,-0.0695484818750196,0 days 00:03:44.288855
381,ExpGrad.01,0,0.68505,-0.017334186701589,-0.0217964297643358,-0.0217964297643358,-0.0128173597518845,-0.0159251138032695,0 days 00:06:28.923492
382,RedGrid25,0,0.685716,-0.1263163064158395,-0.1560992024025537,-0.1560992024025537,-0.1050086359381573,-0.112011908618566,0 days 00:13:01.050781
383,RedGrid5,0,0.685716,-0.1263163064158395,-0.1560992024025537,-0.1560992024025537,-0.1050086359381573,-0.112011908618566,0 days 00:13:03.903845
384,RedGrid75,0,0.685716,-0.1263163064158395,-0.1560992024025537,-0.1560992024025537,-0.1050086359381573,-0.112011908618566,0 days 00:13:03.992481
385,ExpGrad.1,1,0.708679,-0.0391454789418458,-0.111338231131837,-0.111338231131837,-0.0460031799291312,-0.0331339824886456,0 days 00:03:36.976057
386,ExpGrad.01,1,0.589278,-0.0090106405525188,-0.0140303521057031,-0.0128116195425331,-0.0140303521057031,-0.0061090316125512,0 days 00:03:59.167102
387,RedGrid25,1,0.705107,-0.0731074805979477,-0.1385684254341408,-0.1385684254341408,-0.0801718342217817,-0.0671870288733995,0 days 00:14:18.045732
388,RedGrid5,1,0.701072,-0.015663091350313,-0.1072415662553105,-0.1072415662553105,-0.005301390998714,-0.0186142918612187,0 days 00:13:56.571288
389,RedGrid75,1,0.701072,-0.015663091350313,-0.1072415662553105,-0.1072415662553105,-0.005301390998714,-0.0186142918612187,0 days 00:13:31.557864
390,ExpGrad.1,0,0.707456,-0.0818898663087845,-0.0995652333559187,-0.0995652333559187,-0.0727903427715671,-0.0714352875256761,0 days 00:03:10.736325
391,ExpGrad.01,0,0.687472,-0.0103650601797145,-0.0168835895934028,-0.0168835895934028,-0.0067874553778088,-0.0066321125856414,0 days 00:07:03.040293
392,RedGrid25,0,0.694926,-0.0536369788474951,-0.0790916354996388,-0.049661120664211,-0.0790916354996388,-0.0430469505241026,0 days 00:12:15.878779
393,RedGrid5,0,0.694926,-0.0536369788474951,-0.0790916354996388,-0.049661120664211,-0.0790916354996388,-0.0430469505241026,0 days 00:12:13.119944
394,RedGrid75,0,0.694926,-0.0536369788474951,-0.0790916354996388,-0.049661120664211,-0.0790916354996388,-0.0430469505241026,0 days 00:12:14.775561
395,ExpGrad.1,1,0.71013,-0.0283305533201031,-0.1069926382792868,-0.1069926382792868,-0.0265605743099551,-0.0268794964215616,0 days 00:03:03.806863
396,ExpGrad.01,1,0.604599,-0.0001890468195526,-0.0096915362846096,-0.0096915362846096,0.0,0.0,0 days 00:04:31.621219
397,RedGrid25,1,0.703846,-0.0657636894661056,-0.1387269101607201,-0.1387269101607201,-0.0735896531604753,-0.0591592528018524,0 days 00:13:54.427012
398,RedGrid5,1,0.697497,-0.0040477832869481,-0.1004208080663627,-0.1004208080663627,0.0,-0.0033138025606065,0 days 00:13:48.871004
399,RedGrid75,1,0.697497,-0.0040477832869481,-0.1004208080663627,-0.1004208080663627,0.0,-0.0033138025606065,0 days 00:13:30.604865
400,ExpGrad.1,2,0.705135,-0.0436185977299654,-0.0683882514710444,-0.0683882514710444,-0.0407683869003586,-0.0234076358576736,0 days 00:03:46.284295
401,ExpGrad.01,2,0.628952,-0.0061118200872002,-0.0138765443782482,-0.0071210980552183,-0.0138765443782482,0.0,0 days 00:03:28.884341
402,RedGrid25,2,0.723145,-0.0812631154022754,-0.1053436517640818,-0.1053436517640818,-0.0864783536537808,-0.0562554957354265,0 days 00:10:43.463129
403,RedGrid5,2,0.681809,-0.0215142987663986,-0.0599191700433517,-0.0599191700433517,0.0,-0.0016489159351548,0 days 00:10:31.264024
404,RedGrid75,2,0.631362,-0.0091520800157316,-0.0233778823638783,0.0,-0.0233778823638783,-0.0077805145080004,0 days 00:10:53.286647
405,ExpGrad.1,0,0.706572,-0.0826116591974313,-0.0997458893276856,-0.0997458893276856,-0.0735516200361611,-0.0725602508634529,0 days 00:03:18.993835
406,ExpGrad.01,0,0.688431,-0.0142125837194613,-0.019214687124184,-0.019214687124184,-0.012102990494364,-0.0109829393014033,0 days 00:08:57.795760
407,RedGrid25,0,0.682884,-0.112771842503883,-0.1478505431388727,-0.1478505431388727,-0.0919981744859068,-0.0934209844549943,0 days 00:13:12.162051
408,RedGrid5,0,0.682884,-0.112771842503883,-0.1478505431388727,-0.1478505431388727,-0.0919981744859068,-0.0934209844549943,0 days 00:13:17.270579
409,RedGrid75,0,0.682884,-0.112771842503883,-0.1478505431388727,-0.1478505431388727,-0.0919981744859068,-0.0934209844549943,0 days 00:12:55.010283
410,ExpGrad.1,1,0.710486,-0.0316115883698772,-0.1017820486284464,-0.1017820486284464,-0.0267087640010684,-0.0321724802034161,0 days 00:02:47.750707
411,ExpGrad.01,1,0.592761,-0.0003152222362789,-0.0004990453308392,0.0,0.0,-0.0004990453308392,0 days 00:04:07.926808
412,RedGrid25,1,0.698168,-0.045947839045057,-0.1039229405528567,-0.1039229405528567,0.0,-0.0695611225092877,0 days 00:13:34.597522
413,RedGrid5,1,0.68782,-0.0009864908472538,-0.0510166566950315,-0.0510166566950315,0.0,0.0,0 days 00:13:34.504863
414,RedGrid75,1,0.683783,-0.0007577651566806,-0.0391880421003916,-0.0391880421003916,0.0,0.0,0 days 00:13:40.274677
415,ExpGrad.1,0,0.706498,-0.0772104642213194,-0.0970521249807172,-0.0970521249807172,-0.0618456599660272,-0.0683189358821965,0 days 00:03:28.312590
416,ExpGrad.01,0,0.689087,-0.0167961080003889,-0.0239019055761282,-0.0239019055761282,-0.0101446449019482,-0.0142465919689015,0 days 00:06:48.092575
417,RedGrid25,0,0.682654,-0.1137425504576205,-0.1496788348039511,-0.1496788348039511,-0.0903272659202637,-0.0952006987624702,0 days 00:12:43.915738
418,RedGrid5,0,0.682654,-0.1137425504576205,-0.1496788348039511,-0.1496788348039511,-0.0903272659202637,-0.0952006987624702,0 days 00:12:08.261199
419,RedGrid75,0,0.682654,-0.1137425504576205,-0.1496788348039511,-0.1496788348039511,-0.0903272659202637,-0.0952006987624702,0 days 00:13:49.890913
420,ExpGrad.1,2,0.716046,-0.0711273951077371,-0.1020267119988483,-0.1020267119988483,-0.0519347868820673,-0.0563798499215167,0 days 00:02:19.117615
421,ExpGrad.01,2,0.624182,-0.012266313930366,-0.0205240484912155,-0.0078921653987478,-0.005662929723499,-0.0205240484912155,0 days 00:04:14.720463
422,RedGrid25,2,0.6957,-0.0394249412385196,-0.0928225679199204,-0.0928225679199204,0.0,-0.0180821763800013,0 days 00:11:20.387664
423,RedGrid5,2,0.684974,-0.0305500272441812,-0.0764108869718249,-0.0764108869718249,0.0,-0.0100282433822135,0 days 00:11:23.471627
424,RedGrid75,2,0.660585,-0.0154146404336661,-0.0442498193377987,-0.0442498193377987,0.0,0.0,0 days 00:11:23.419897
425,ExpGrad.1,0,0.70654,-0.0777160665322911,-0.0961913604486283,-0.0961913604486283,-0.0669850763579533,-0.067405433436507,0 days 00:03:39.509839
426,ExpGrad.01,0,0.687137,-0.0098122547592797,-0.0149971965398809,-0.0149971965398809,-0.0068444202375045,-0.0068945841016417,0 days 00:06:34.015232
427,RedGrid25,0,0.684859,-0.1222510336067206,-0.1525326007173387,-0.1525326007173387,-0.1019120017462418,-0.1068658649682051,0 days 00:12:46.343736
428,RedGrid5,0,0.684859,-0.1222510336067206,-0.1525326007173387,-0.1525326007173387,-0.1019120017462418,-0.1068658649682051,0 days 00:12:40.777768
429,RedGrid75,0,0.684859,-0.1222510336067206,-0.1525326007173387,-0.1525326007173387,-0.1019120017462418,-0.1068658649682051,0 days 00:12:39.700792
430,ExpGrad.1,2,0.708329,-0.0495946001648858,-0.0867115350952731,-0.0867115350952731,-0.0344542085345582,-0.0263475865202932,0 days 00:03:22.070614
431,ExpGrad.01,2,0.629195,-0.0150456063741662,-0.0188667693883884,-0.0188667693883884,-0.0127714928824613,-0.013127453607716,0 days 00:05:40.668290
432,RedGrid25,2,0.712062,-0.0619962286386229,-0.1129617935644586,-0.1129617935644586,-0.0662119025722771,-0.0134696792833082,0 days 00:13:42.003576
433,RedGrid5,2,0.672243,-0.0352811695004079,-0.0601698400878461,-0.0498195660825883,-0.0601698400878461,-0.0057085595209315,0 days 00:14:18.946255
434,RedGrid75,2,0.672243,-0.0352811695004079,-0.0601698400878461,-0.0498195660825883,-0.0601698400878461,-0.0057085595209315,0 days 00:14:11.278293
435,ExpGrad.1,2,0.69721,-0.0474769026870568,-0.0769182887690489,-0.0769182887690489,-0.0587476196424629,-0.0137458071208,0 days 00:02:28.172100
436,ExpGrad.01,2,0.61446,-0.0053864905237065,-0.0126492477275355,-0.0126492477275355,-0.0037510798380363,0.0,0 days 00:02:38.938500
437,RedGrid25,2,0.725908,-0.0878563780088702,-0.1108136422001613,-0.1108136422001613,-0.0996903977945434,-0.0595302440163897,0 days 00:11:09.416073
438,RedGrid5,2,0.694416,-0.0470918378531064,-0.0808076599279835,-0.0723175780053365,-0.0808076599279835,-0.0022022522537031,0 days 00:11:06.637560
439,RedGrid75,2,0.655787,-0.0165978610734878,-0.0475952144693149,-0.0475952144693149,0.0,0.0,0 days 00:10:56.599365
440,ExpGrad.1,1,0.711995,-0.0501589072805236,-0.1155372973295011,-0.1155372973295011,-0.0586037291385636,-0.043463800030816,0 days 00:03:28.564594
441,ExpGrad.01,1,0.608228,-0.0002857546888035,-0.0147257802835371,-0.0147257802835371,0.0,0.0,0 days 00:04:27.081578
442,RedGrid25,1,0.699095,-0.0423973593805071,-0.103246230231931,-0.103246230231931,0.0,-0.0640402539350376,0 days 00:14:01.650814
443,RedGrid5,1,0.684003,-0.000781688941772,-0.0402827322092255,-0.0402827322092255,0.0,0.0,0 days 00:13:48.043399
444,RedGrid75,1,0.684003,-0.000781688941772,-0.0402827322092255,-0.0402827322092255,0.0,0.0,0 days 00:13:50.363333
445,ExpGrad.1,2,0.70173,-0.0505435429031248,-0.0846387661529513,-0.0846387661529513,-0.0494542593845591,-0.0208302978432521,0 days 00:02:36.787048
446,ExpGrad.01,2,0.615311,-0.0091377825171764,-0.0132605570282816,-0.0127229985348801,-0.0132605570282816,-0.0031578752771578,0 days 00:03:42.463466
447,RedGrid25,2,0.728759,-0.0822168700636207,-0.1224179600938825,-0.1224179600938825,-0.0733634109602732,-0.0522832108334894,0 days 00:12:10.517918
448,RedGrid5,2,0.673742,-0.027728125985982,-0.0462790747367649,-0.0447793715914903,-0.0462790747367649,0.0,0 days 00:11:23.284384
449,RedGrid75,2,0.673742,-0.027728125985982,-0.0462790747367649,-0.0447793715914903,-0.0462790747367649,0.0,0 days 00:11:15.289797
450,ExpGrad.1,0,0.706019,-0.0825488409882613,-0.0998884255556413,-0.0998884255556413,-0.07343954388182,-0.072350694399133,0 days 00:03:16.255136
451,ExpGrad.01,0,0.688089,-0.0128241641750883,-0.0183256515148919,-0.0183256515148919,-0.010291892897594,-0.0093896440105316,0 days 00:06:21.271514
452,RedGrid25,0,0.693591,-0.038192746167451,-0.046058199775918,-0.0403177561943854,-0.0206704147907619,-0.046058199775918,0 days 00:14:26.576479
453,RedGrid5,0,0.693591,-0.038192746167451,-0.046058199775918,-0.0403177561943854,-0.0206704147907619,-0.046058199775918,0 days 00:14:12.310335
454,RedGrid75,0,0.693591,-0.038192746167451,-0.046058199775918,-0.0403177561943854,-0.0206704147907619,-0.046058199775918,0 days 00:15:14.121176
455,ExpGrad.1,2,0.690805,-0.0356512422269112,-0.0879078626519742,-0.0879078626519742,0.0,-0.0128661319563467,0 days 00:02:27.179878
456,ExpGrad.01,2,0.623558,-0.0091095939314841,-0.0195884892363842,-0.0195884892363842,-0.0087927723011547,0.0,0 days 00:02:39.106101
457,RedGrid25,2,0.694176,-0.0402574477806327,-0.0744043343947776,-0.0744043343947776,-0.0551338187232772,0.0,0 days 00:10:27.486813
458,RedGrid5,2,0.672832,-0.0261838915000387,-0.075187826134518,-0.075187826134518,0.0,0.0,0 days 00:10:26.765833
459,RedGrid75,2,0.661398,-0.0175410974608599,-0.0503697850296173,-0.0503697850296173,0.0,0.0,0 days 00:10:25.803188
460,ExpGrad.1,1,0.711531,-0.0413988767455436,-0.126416087772111,-0.126416087772111,-0.0510257068427054,-0.0334581018094006,0 days 00:03:26.132128
461,ExpGrad.01,1,0.59812,-0.0061601874852491,-0.0178291104656032,-0.0178291104656032,-0.0124473572793796,-0.0023246655721352,0 days 00:03:40.543586
462,RedGrid25,1,0.705137,-0.06745475382839,-0.1455624816922613,-0.1455624816922613,-0.0733643802782696,-0.0617819990613358,0 days 00:13:09.577458
463,RedGrid5,1,0.700327,-0.0106575349270254,-0.1103461258893231,-0.1103461258893231,0.0,-0.0134801892530506,0 days 00:13:18.888771
464,RedGrid75,1,0.700327,-0.0106575349270254,-0.1103461258893231,-0.1103461258893231,0.0,-0.0134801892530506,0 days 00:13:27.242475
465,ExpGrad.1,2,0.700196,-0.0514967424597993,-0.0889127539978157,-0.0889127539978157,-0.0386340232945567,-0.0269085014698131,0 days 00:02:03.599091
466,ExpGrad.01,2,0.62768,-0.0048111095420673,-0.0138658697205749,-0.0138658697205749,0.0,0.0,0 days 00:04:55.435738
467,RedGrid25,2,0.724636,-0.0898865381598357,-0.1180757295804679,-0.1180757295804679,-0.1031278657865799,-0.05597785503528,0 days 00:11:39.094562
468,RedGrid5,2,0.665415,-0.0304590994723771,-0.0521666326816014,-0.0521666326816014,0.0,-0.031620997893187,0 days 00:11:39.099598
469,RedGrid75,2,0.665415,-0.0304590994723771,-0.0521666326816014,-0.0521666326816014,0.0,-0.031620997893187,0 days 00:11:45.285709
470,ExpGrad.1,2,0.704622,-0.059399083134634,-0.0884196926591109,-0.0884196926591109,-0.0597079664630588,-0.0332268835129014,0 days 00:03:23.390690
471,ExpGrad.01,2,0.605366,-0.0075051558370349,-0.0105996946241634,-0.0105996946241634,0.0,-0.0097681652831353,0 days 00:04:07.969552
472,RedGrid25,2,0.731305,-0.0918062536923522,-0.118830384426353,-0.118830384426353,-0.1011495139823694,-0.0613633500010225,0 days 00:11:46.505839
473,RedGrid5,2,0.722599,-0.0813978660509223,-0.1047584079877386,-0.1047584079877386,-0.0844915071395772,-0.0584227974941009,0 days 00:11:45.372366
474,RedGrid75,2,0.714152,-0.0657203572551801,-0.1119887436766762,-0.1119887436766762,-0.0753086226358795,-0.0178951098722294,0 days 00:11:46.513970
475,ExpGrad.1,0,0.706807,-0.0739663498208796,-0.093265062493177,-0.093265062493177,-0.061349563559235,-0.0639924562351097,0 days 00:03:45.995673
476,ExpGrad.01,0,0.686979,-0.0132702495430589,-0.0195416756518976,-0.0195416756518976,-0.0138488197138424,-0.0074428131047905,0 days 00:06:25.875562
477,RedGrid25,0,0.687122,-0.0777053971885538,-0.111619600985425,-0.111619600985425,-0.0018213123887218,-0.0898693080927021,0 days 00:15:09.202258
478,RedGrid5,0,0.687122,-0.0777053971885538,-0.111619600985425,-0.111619600985425,-0.0018213123887218,-0.0898693080927021,0 days 00:16:01.983151
479,RedGrid75,0,0.664082,-0.0536785397640492,-0.1123537948419234,-0.1123537948419234,0.0,-0.031822218821216,0 days 00:15:22.078936
480,ExpGrad.1,0,0.706063,-0.0738535045073908,-0.0923303734081808,-0.0923303734081808,-0.0610081904609887,-0.0646989313259203,0 days 00:02:58.371572
481,ExpGrad.01,0,0.687234,-0.0093902562494728,-0.0150189412252723,-0.0150189412252723,-0.0057825468148586,-0.0064326270744702,0 days 00:08:56.081060
482,RedGrid25,0,0.694173,-0.0361753628021762,-0.0420880645478282,-0.0405742904797477,-0.0184787969375221,-0.0420880645478282,0 days 00:13:10.887416
483,RedGrid5,0,0.694173,-0.0361753628021762,-0.0420880645478282,-0.0405742904797477,-0.0184787969375221,-0.0420880645478282,0 days 00:13:11.177696
484,RedGrid75,0,0.694173,-0.0361753628021762,-0.0420880645478282,-0.0405742904797477,-0.0184787969375221,-0.0420880645478282,0 days 00:13:21.554019
485,ExpGrad.1,2,0.707326,-0.0486027674123331,-0.0875189876999291,-0.0875189876999291,-0.029413597171038,-0.0266302387193459,0 days 00:02:22.180838
486,ExpGrad.01,2,0.617655,-0.0028502536339586,-0.0081664978498356,-0.0081664978498356,0.0,0.0,0 days 00:04:10.174395
487,RedGrid25,2,0.730198,-0.099503517948567,-0.1260448712168503,-0.1260448712168503,-0.105583656936901,-0.0718422017594299,0 days 00:10:24.703328
488,RedGrid5,2,0.68106,-0.0287284053980345,-0.0732765231063438,-0.0732765231063438,0.0,-0.0080480252206328,0 days 00:10:19.439590
489,RedGrid75,2,0.666807,-0.0252256095380104,-0.0498178075810646,-0.0498178075810646,0.0,-0.0200035126931554,0 days 00:10:19.583772
490,ExpGrad.1,1,0.71097,-0.0320171394165613,-0.1205196068192023,-0.1205196068192023,-0.0374659236935732,-0.0262666911969277,0 days 00:03:50.084642
491,ExpGrad.01,1,0.596392,-0.0165278066164478,-0.0309801186396602,-0.0309801186396602,-0.0114302629749412,-0.0189004760720726,0 days 00:03:51.803478
492,RedGrid25,1,0.705942,-0.0641645851768911,-0.1435642720308952,-0.1435642720308952,-0.0713617030032155,-0.0577285685733145,0 days 00:13:48.625314
493,RedGrid5,1,0.705942,-0.0641645851768911,-0.1435642720308952,-0.1435642720308952,-0.0713617030032155,-0.0577285685733145,0 days 00:13:51.135539
494,RedGrid75,1,0.705942,-0.0641645851768911,-0.1435642720308952,-0.1435642720308952,-0.0713617030032155,-0.0577285685733145,0 days 00:13:49.508999
495,ExpGrad.1,1,0.708495,-0.0203947600400286,-0.0960042845045506,-0.0960042845045506,-0.0282561367554226,-0.0136761515291781,0 days 00:02:48.009172
496,ExpGrad.01,1,0.607404,-0.004067075913094,-0.0125685507591145,-0.0125685507591145,-0.0109380383678848,0.0,0 days 00:05:46.927779
497,RedGrid25,1,0.692302,-0.0015199867138296,-0.0768277957299158,-0.0768277957299158,0.0,0.0,0 days 00:13:23.988145
498,RedGrid5,1,0.692302,-0.0015199867138296,-0.0768277957299158,-0.0768277957299158,0.0,0.0,0 days 00:13:20.199746
499,RedGrid75,1,0.689242,-0.0013138836809942,-0.0664103088124827,-0.0664103088124827,0.0,0.0,0 days 00:13:02.803365
500,ExpGrad.1,2,0.698967,-0.056268905903639,-0.085502515687734,-0.085502515687734,-0.0556714147786924,-0.030356262445322,0 days 00:03:18.476619
501,ExpGrad.01,2,0.635788,-0.00655932778515,-0.0138405031390008,-0.0138405031390008,-0.0065685718749868,0.0,0 days 00:05:39.023541
502,RedGrid25,2,0.709064,-0.0668225068214594,-0.0889242128281407,-0.0889242128281407,-0.0546307184637422,-0.0550528916380503,0 days 00:14:12.865827
503,RedGrid5,2,0.660247,-0.020951664543703,-0.0344029376503762,-0.0344029376503762,-0.0342287819451969,0.0,0 days 00:14:27.502694
504,RedGrid75,2,0.660247,-0.020951664543703,-0.0344029376503762,-0.0344029376503762,-0.0342287819451969,0.0,0 days 00:13:43.148769
505,ExpGrad.1,1,0.710766,-0.0231165375224722,-0.1043810398222405,-0.1043810398222405,-0.0268340828184884,-0.0185498708332602,0 days 00:04:07.989138
506,ExpGrad.01,1,0.592488,0.0,0.0,0.0,0.0,0.0,0 days 00:03:45.401159
507,RedGrid25,1,0.702382,-0.0131585126824399,-0.1067877694393106,-0.1067877694393106,0.0,-0.0175807084495914,0 days 00:13:36.753406
508,RedGrid5,1,0.702382,-0.0131585126824399,-0.1067877694393106,-0.1067877694393106,0.0,-0.0175807084495914,0 days 00:13:36.325401
509,RedGrid75,1,0.702382,-0.0131585126824399,-0.1067877694393106,-0.1067877694393106,0.0,-0.0175807084495914,0 days 00:13:41.671710
510,ExpGrad.1,1,0.712108,-0.0374859402402789,-0.1228062872832362,-0.1228062872832362,-0.0352243523462119,-0.0360571484363653,0 days 00:02:54.685392
511,ExpGrad.01,1,0.590274,-0.0040266865138496,-0.0185725146186099,-0.0185725146186099,-0.0026183134533304,-0.0043482256363399,0 days 00:03:23.353484
512,RedGrid25,1,0.706388,-0.063901493206683,-0.1435327839740882,-0.1435327839740882,-0.0709253379691863,-0.0575208556998686,0 days 00:14:32.741266
513,RedGrid5,1,0.706388,-0.063901493206683,-0.1435327839740882,-0.1435327839740882,-0.0709253379691863,-0.0575208556998686,0 days 00:14:35.664467
514,RedGrid75,1,0.706388,-0.063901493206683,-0.1435327839740882,-0.1435327839740882,-0.0709253379691863,-0.0575208556998686,0 days 00:14:30.586858
515,ExpGrad.1,2,0.713435,-0.0653400050896822,-0.0983571309492709,-0.0889097905129652,-0.0983571309492709,-0.0224791124966693,0 days 00:02:33.280885
516,ExpGrad.01,2,0.611384,-0.0042335210739076,-0.0121229863852734,-0.0121229863852734,0.0,0.0,0 days 00:03:59.381390
517,RedGrid25,2,0.719995,-0.0812710330510908,-0.0919567031318501,-0.091819971282016,-0.0919567031318501,-0.0647952195706684,0 days 00:13:50.329726
518,RedGrid5,2,0.702078,-0.0510666391197079,-0.0773861641569466,-0.0773861641569466,-0.0712305941397974,-0.0142580329753645,0 days 00:13:46.405260
519,RedGrid75,2,0.702078,-0.0510666391197079,-0.0773861641569466,-0.0773861641569466,-0.0712305941397974,-0.0142580329753645,0 days 00:13:47.140547
520,ExpGrad.1,2,0.710037,-0.0509810247059168,-0.0838072933099657,-0.0838072933099657,-0.034028458294123,-0.0328764535122405,0 days 00:02:42.444469
521,ExpGrad.01,2,0.635775,-0.0071201884396247,-0.0143880741554943,-0.0143880741554943,0.0,-0.005327364315202,0 days 00:05:54.581517
522,RedGrid25,2,0.719128,-0.0825668870243203,-0.0968119271006582,-0.0926832235475508,-0.0968119271006582,-0.0641751246743613,0 days 00:11:37.418919
523,RedGrid5,2,0.663156,-0.0212592291443097,-0.0608040394003066,-0.0608040394003066,0.0,0.0,0 days 00:11:40.042874
524,RedGrid75,2,0.663156,-0.0212592291443097,-0.0608040394003066,-0.0608040394003066,0.0,0.0,0 days 00:11:35.613771
525,ExpGrad.1,0,0.706305,-0.0828799770506867,-0.1001333900990211,-0.1001333900990211,-0.0734488482704051,-0.0729454319689201,0 days 00:03:37.788852
526,ExpGrad.01,0,0.684606,-0.0135242469239749,-0.0185756408952858,-0.0185756408952858,-0.0095528457069329,-0.0112846643129675,0 days 00:06:04.717711
527,RedGrid25,0,0.682778,-0.1122794689990644,-0.1470743537258908,-0.1470743537258908,-0.0927964828609986,-0.0925006194040577,0 days 00:14:14.169985
528,RedGrid5,0,0.682778,-0.1122794689990644,-0.1470743537258908,-0.1470743537258908,-0.0927964828609986,-0.0925006194040577,0 days 00:14:24.458323
529,RedGrid75,0,0.682778,-0.1122794689990644,-0.1470743537258908,-0.1470743537258908,-0.0927964828609986,-0.0925006194040577,0 days 00:14:22.981906
530,ExpGrad.1,2,0.723032,-0.0702561102112064,-0.1020706399141966,-0.1020706399141966,-0.0635911518736431,-0.0466596816896144,0 days 00:02:04.186194
531,ExpGrad.01,2,0.631255,-0.0093267183332152,-0.0139440472634194,-0.0089052761881336,-0.0028456563592875,-0.0139440472634194,0 days 00:03:23.477154
532,RedGrid25,2,0.721099,-0.0714377878997884,-0.0925022212904826,-0.0925022212904826,-0.0783524213954176,-0.0483919017707573,0 days 00:11:15.370228
533,RedGrid5,2,0.694857,-0.0352490967204036,-0.0611980237699185,-0.0611980237699185,-0.0505102746597441,-0.0024406104224596,0 days 00:11:19.983304
534,RedGrid75,2,0.694857,-0.0352490967204036,-0.0611980237699185,-0.0611980237699185,-0.0505102746597441,-0.0024406104224596,0 days 00:11:18.204075
535,ExpGrad.1,2,0.704831,-0.0488858703388025,-0.0821259397121694,-0.0821259397121694,-0.0404250478874821,-0.0248742164522002,0 days 00:02:43.393473
536,ExpGrad.01,2,0.625934,-0.0069435190222464,-0.0159565024485502,-0.0159565024485502,0.0,-0.0035765394345124,0 days 00:04:59.740263
537,RedGrid25,2,0.731021,-0.0942468451457839,-0.1164078547775366,-0.1164078547775366,-0.0989668936300712,-0.0712327719683003,0 days 00:13:28.656715
538,RedGrid5,2,0.694509,-0.0425588618143188,-0.1040020136403754,-0.1040020136403754,-0.0014734360883771,-0.0153796637654559,0 days 00:13:16.428856
539,RedGrid75,2,0.594804,-0.0098858705117106,-0.0323157298358568,-0.0039826023994103,-0.0323157298358568,0.0,0 days 00:13:27.606809
540,ExpGrad.1,0,0.706732,-0.083386550649869,-0.1013747683666573,-0.1013747683666573,-0.0736990249474724,-0.072987537133447,0 days 00:03:58.818009
541,ExpGrad.01,0,0.688093,-0.0131570199215887,-0.0195666410775531,-0.0195666410775531,-0.0089259933715197,-0.0098825533570453,0 days 00:06:33.521117
542,RedGrid25,0,0.682646,-0.1154453685221582,-0.1501442242062362,-0.1501442242062362,-0.0969222725535744,-0.0952952487142583,0 days 00:15:36.197897
543,RedGrid5,0,0.682646,-0.1154453685221582,-0.1501442242062362,-0.1501442242062362,-0.0969222725535744,-0.0952952487142583,0 days 00:15:38.745998
544,RedGrid75,0,0.682646,-0.1154453685221582,-0.1501442242062362,-0.1501442242062362,-0.0969222725535744,-0.0952952487142583,0 days 00:15:33.585149
545,ExpGrad.1,0,0.706467,-0.0768397382163226,-0.0940731403843148,-0.0940731403843148,-0.0657203710366558,-0.0678957232835966,0 days 00:03:02.296242
546,ExpGrad.01,0,0.687519,-0.008400154903413,-0.0140077977558832,-0.0140077977558832,-0.0056630827416169,-0.0050012041741813,0 days 00:07:10.882258
547,RedGrid25,0,0.694459,-0.0354877390450467,-0.0427948259504743,-0.0378251277685793,-0.0186157513066526,-0.0427948259504743,0 days 00:12:54.247093
548,RedGrid5,0,0.694459,-0.0354877390450467,-0.0427948259504743,-0.0378251277685793,-0.0186157513066526,-0.0427948259504743,0 days 00:13:01.195309
549,RedGrid75,0,0.694459,-0.0354877390450467,-0.0427948259504743,-0.0378251277685793,-0.0186157513066526,-0.0427948259504743,0 days 00:12:56.896446
550,ExpGrad.1,1,0.708553,-0.0216544175020754,-0.1058625783062909,-0.1058625783062909,-0.0188729323113477,-0.0206053881433307,0 days 00:03:24.748228
551,ExpGrad.01,1,0.599022,-0.0025585261008985,-0.0141003954091288,-0.0141003954091288,0.0,-0.0036123843931858,0 days 00:05:14.962139
552,RedGrid25,1,0.705553,-0.0673647879427581,-0.1374076848847844,-0.1374076848847844,-0.073436468794612,-0.0618798046841051,0 days 00:14:45.608148
553,RedGrid5,1,0.700791,-0.0091749978158278,-0.1095637342342214,-0.1095637342342214,0.0,-0.0111472383978511,0 days 00:14:39.854138
554,RedGrid75,1,0.700791,-0.0091749978158278,-0.1095637342342214,-0.1095637342342214,0.0,-0.0111472383978511,0 days 00:14:37.492697
555,ExpGrad.1,1,0.711253,-0.0383216219414828,-0.1034536667412404,-0.1034536667412404,-0.032856190359814,-0.0393171291700259,0 days 00:03:00.860432
556,ExpGrad.01,1,0.604796,-0.010194146637371,-0.0260497861168688,-0.0260497861168688,-0.0051168076300357,-0.0125056536871306,0 days 00:04:02.301943
557,RedGrid25,1,0.698997,-0.0431059173127487,-0.1074251072111095,-0.1074251072111095,0.0,-0.0649133075012066,0 days 00:13:07.234443
558,RedGrid5,1,0.694922,-0.0419184682810986,-0.1091510241322706,-0.1091510241322706,0.0,-0.0629796227550364,0 days 00:13:09.211283
559,RedGrid75,1,0.694922,-0.0419184682810986,-0.1091510241322706,-0.1091510241322706,0.0,-0.0629796227550364,0 days 00:13:09.568272
560,ExpGrad.1,0,0.706756,-0.0816151819988892,-0.0990007730687314,-0.0990007730687314,-0.0711714912537003,-0.0721577986606224,0 days 00:03:49.583461
561,ExpGrad.01,0,0.687205,-0.012875348673784,-0.0183769502787415,-0.0183769502787415,-0.006522041174621,-0.0115628075442514,0 days 00:12:10.829869
562,RedGrid25,0,0.683355,-0.1126823264814037,-0.1486122296703091,-0.1486122296703091,-0.0908325951869241,-0.0932840145925044,0 days 00:14:54.168466
563,RedGrid5,0,0.683355,-0.1126823264814037,-0.1486122296703091,-0.1486122296703091,-0.0908325951869241,-0.0932840145925044,0 days 00:14:49.617073
564,RedGrid75,0,0.683355,-0.1126823264814037,-0.1486122296703091,-0.1486122296703091,-0.0908325951869241,-0.0932840145925044,0 days 00:14:41.620491
565,ExpGrad.1,2,0.705025,-0.0512880954900812,-0.0861311222317504,-0.0861311222317504,-0.044705166040573,-0.0246469402298118,0 days 00:02:03.862429
566,ExpGrad.01,2,0.614237,-0.0015619773954326,-0.0044835181344542,-0.0044835181344542,0.0,0.0,0 days 00:04:14.852922
567,RedGrid25,2,0.715145,-0.0709893039695789,-0.0875766081934549,-0.0875766081934549,-0.075369416417616,-0.0533083459717401,0 days 00:11:09.456628
568,RedGrid5,2,0.706399,-0.0534018543924419,-0.0964084804252906,-0.0964084804252906,-0.0635896676365362,-0.0083370694397378,0 days 00:11:05.534526
569,RedGrid75,2,0.659142,-0.0131142007623425,-0.0376431548297462,-0.0376431548297462,0.0,0.0,0 days 00:11:11.364608
570,ExpGrad.1,0,0.706634,-0.0772613996228387,-0.0957875622490112,-0.0957875622490112,-0.0659701030894671,-0.0671912356621304,0 days 00:03:41.597913
571,ExpGrad.01,0,0.687582,-0.0133607655213099,-0.0192836061834683,-0.0192836061834683,-0.0096584021059167,-0.0101924232231622,0 days 00:06:15.593442
572,RedGrid25,0,0.68737,-0.0799038007963226,-0.1127691554089386,-0.1127691554089386,-0.0048058591005498,-0.092455862363907,0 days 00:12:15.795097
573,RedGrid5,0,0.68737,-0.0799038007963226,-0.1127691554089386,-0.1127691554089386,-0.0048058591005498,-0.092455862363907,0 days 00:12:06.466589
574,RedGrid75,0,0.660509,-0.0486806986445294,-0.1065008072931906,-0.1065008072931906,0.0,-0.0246756811547024,0 days 00:12:11.203049
575,ExpGrad.1,2,0.707591,-0.0507466876155122,-0.0790248758354616,-0.0790248758354616,-0.0439241769320483,-0.0302231511205144,0 days 00:03:05.369874
576,ExpGrad.01,2,0.612683,-0.0012132793315779,-0.0034919937900416,-0.0034919937900416,0.0,0.0,0 days 00:03:36.945417
577,RedGrid25,2,0.721648,-0.0870039052222263,-0.1174088368034892,-0.1174088368034892,-0.0724665328919834,-0.069718589526618,0 days 00:10:03.595781
578,RedGrid5,2,0.680666,-0.0344514860018024,-0.0804366229426248,-0.0804366229426248,0.0,-0.0165850396881086,0 days 00:10:05.835110
579,RedGrid75,2,0.680666,-0.0344514860018024,-0.0804366229426248,-0.0804366229426248,0.0,-0.0165850396881086,0 days 00:10:00.810467
580,ExpGrad.1,0,0.705687,-0.0844825563904216,-0.1035452338206608,-0.1035452338206608,-0.0738529387964583,-0.0736505312785087,0 days 00:03:49.825477
581,ExpGrad.01,0,0.686738,-0.0141191578579669,-0.0201374397919034,-0.0201374397919034,-0.0103042710405334,-0.0109524763851913,0 days 00:08:21.619151
582,RedGrid25,0,0.685157,-0.126283603757831,-0.1575028870829236,-0.1575028870829236,-0.1022923107863592,-0.1121736958820079,0 days 00:14:18.704742
583,RedGrid5,0,0.685157,-0.126283603757831,-0.1575028870829236,-0.1575028870829236,-0.1022923107863592,-0.1121736958820079,0 days 00:14:17.638642
584,RedGrid75,0,0.667071,-0.0544732881600446,-0.1128443343858166,-0.1128443343858166,-0.0002414489721559,-0.0332612860811605,0 days 00:14:16.948482
585,ExpGrad.1,2,0.700111,-0.0496101540736614,-0.0789918590364995,-0.0789918590364995,-0.0107596920687146,-0.0498114657991181,0 days 00:02:38.658993
586,ExpGrad.01,2,0.620354,-0.0044958246786017,-0.0109423893124091,-0.0109423893124091,0.0,-0.0018693887388507,0 days 00:05:57.361201
587,RedGrid25,2,0.729439,-0.0948781227806419,-0.1190949865148814,-0.1190949865148814,-0.1000710221487062,-0.0703723093416026,0 days 00:10:59.164165
588,RedGrid5,2,0.680739,-0.0262390373613481,-0.0716103896439127,-0.0716103896439127,0.0,-0.0041720705669064,0 days 00:10:58.352724
589,RedGrid75,2,0.680739,-0.0262390373613481,-0.0716103896439127,-0.0716103896439127,0.0,-0.0041720705669064,0 days 00:10:53.229181
590,ExpGrad.1,0,0.706622,-0.0831686750511718,-0.100873515877237,-0.100873515877237,-0.0745231560037665,-0.0724249499137853,0 days 00:03:02.729934
591,ExpGrad.01,0,0.685607,-0.0127552038530288,-0.018351845373935,-0.018351845373935,-0.0123433300167711,-0.0080762970604025,0 days 00:07:15.336205
592,RedGrid25,0,0.693887,-0.0375181188589681,-0.0439870925217943,-0.0401298838150665,-0.0216696531009318,-0.0439870925217943,0 days 00:15:51.016240
593,RedGrid5,0,0.693887,-0.0375181188589681,-0.0439870925217943,-0.0401298838150665,-0.0216696531009318,-0.0439870925217943,0 days 00:16:54.664255
594,RedGrid75,0,0.693887,-0.0375181188589681,-0.0439870925217943,-0.0401298838150665,-0.0216696531009318,-0.0439870925217943,0 days 00:15:57.432662
595,ExpGrad.1,2,0.710978,-0.0620974920333112,-0.089579904384069,-0.089579904384069,-0.0586946460210381,-0.0396249330948829,0 days 00:03:04.629781
596,ExpGrad.01,2,0.622224,-0.003987813485767,-0.011389766947318,-0.011389766947318,0.0,0.0,0 days 00:02:54.280769
597,RedGrid25,2,0.730047,-0.099387673975752,-0.1226166539748553,-0.1226166539748553,-0.110026565390382,-0.0713071058505926,0 days 00:11:08.989279
598,RedGrid5,2,0.663454,-0.0126176323147052,-0.0360377665616418,-0.0360377665616418,0.0,0.0,0 days 00:11:18.264342
599,RedGrid75,2,0.663454,-0.0126176323147052,-0.0360377665616418,-0.0360377665616418,0.0,0.0,0 days 00:11:09.659834
600,ExpGrad.1,2,0.714286,-0.0604025554034984,-0.0975480219140032,-0.0975480219140032,-0.0296651966167301,-0.048207960522162,0 days 00:02:43.297341
601,ExpGrad.01,2,0.625021,-0.0040914888200152,-0.0118294690870804,-0.0118294690870804,0.0,0.0,0 days 00:04:47.852477
602,RedGrid25,2,0.71396,-0.0678413942850644,-0.087846671713997,-0.087846671713997,-0.0687494808692442,-0.0495559836020687,0 days 00:12:33.062283
603,RedGrid5,2,0.683257,-0.0267273015341368,-0.0734889511388381,-0.0734889511388381,0.0,-0.003345233967468,0 days 00:12:47.231788
604,RedGrid75,2,0.683257,-0.0267273015341368,-0.0734889511388381,-0.0734889511388381,0.0,-0.003345233967468,0 days 00:12:35.265822
605,ExpGrad.1,1,0.710623,-0.0224591467332322,-0.1069849902891647,-0.1069849902891647,-0.0185680960853006,-0.0219948154470067,0 days 00:03:21.773791
606,ExpGrad.01,1,0.57645,0.0,0.0,0.0,0.0,0.0,0 days 00:03:14.646138
607,RedGrid25,1,0.700843,-0.008067343839806,-0.0968532853145793,-0.0968532853145793,0.0,-0.0097773944756194,0 days 00:13:35.721763
608,RedGrid5,1,0.700843,-0.008067343839806,-0.0968532853145793,-0.0968532853145793,0.0,-0.0097773944756194,0 days 00:13:47.429715
609,RedGrid75,1,0.700843,-0.008067343839806,-0.0968532853145793,-0.0968532853145793,0.0,-0.0097773944756194,0 days 00:13:46.032423
610,ExpGrad.1,0,0.706639,-0.0734832400762693,-0.0922002108304795,-0.0922002108304795,-0.0592315244594943,-0.0649348739784866,0 days 00:03:52.555838
611,ExpGrad.01,0,0.690825,-0.0171781808871058,-0.0223599116180845,-0.0223599116180845,-0.0143150631621126,-0.0142109990697549,0 days 00:10:25.452856
612,RedGrid25,0,0.694932,-0.0368416059374665,-0.0431494133086056,-0.0410803609387873,-0.0187568438689159,-0.0431494133086056,0 days 00:15:55.139074
613,RedGrid5,0,0.694932,-0.0368416059374665,-0.0431494133086056,-0.0410803609387873,-0.0187568438689159,-0.0431494133086056,0 days 00:15:58.690307
614,RedGrid75,0,0.694932,-0.0368416059374665,-0.0431494133086056,-0.0410803609387873,-0.0187568438689159,-0.0431494133086056,0 days 00:15:40.799632
615,ExpGrad.1,1,0.708649,-0.0288358641831266,-0.1100641132383436,-0.1100641132383436,-0.0401425789950632,-0.020122416746544,0 days 00:02:31.504489
616,ExpGrad.01,1,0.591356,-0.001261453128707,-0.0035515709835278,-0.0011615983270786,-0.0035515709835278,0.0,0 days 00:04:25.851303
617,RedGrid25,1,0.691812,-0.0053311854145213,-0.0712438190931362,-0.0712438190931362,-0.0113558994830642,0.0,0 days 00:13:25.700298
618,RedGrid5,1,0.691812,-0.0053311854145213,-0.0712438190931362,-0.0712438190931362,-0.0113558994830642,0.0,0 days 00:13:18.451598
619,RedGrid75,1,0.683724,-0.0009087958642302,-0.0472890833505815,-0.0472890833505815,0.0,0.0,0 days 00:13:19.418583
620,ExpGrad.1,1,0.709743,-0.0256126570546941,-0.0992775538369125,-0.0992775538369125,-0.0248745233435728,-0.0237450499432605,0 days 00:02:07.237815
621,ExpGrad.01,1,0.601486,-0.0025333839140045,-0.0144513867978975,-0.0144513867978975,-0.006450831797516,0.0,0 days 00:03:03.824091
622,RedGrid25,1,0.70508,-0.0660842769908599,-0.1296464664269617,-0.1296464664269617,-0.0695359848843154,-0.0622129724335159,0 days 00:09:37.078878
623,RedGrid5,1,0.69986,-0.0078894751633135,-0.093213718343183,-0.093213718343183,0.0,-0.0096143390789744,0 days 00:09:18.140565
624,RedGrid75,1,0.69986,-0.0078894751633135,-0.093213718343183,-0.093213718343183,0.0,-0.0096143390789744,0 days 00:09:46.307526
625,ExpGrad.1,1,0.711191,-0.0304353662604534,-0.1059661719474918,-0.1059661719474918,-0.0307029539706013,-0.0279642307542971,0 days 00:03:21.662109
626,ExpGrad.01,1,0.616481,-0.0015671223426456,-0.0162802592114454,-0.0162802592114454,-0.0035839310838108,0.0,0 days 00:07:35.012914
627,RedGrid25,1,0.707629,-0.0585406823569975,-0.1244555478505453,-0.1244555478505453,-0.0629292421393683,-0.0540879289666376,0 days 00:15:14.200498
628,RedGrid5,1,0.707629,-0.0585406823569975,-0.1244555478505453,-0.1244555478505453,-0.0629292421393683,-0.0540879289666376,0 days 00:15:24.030190
629,RedGrid75,1,0.698971,-0.00161150336265,-0.0829558855107394,-0.0829558855107394,0.0,0.0,0 days 00:15:24.251766
630,ExpGrad.1,1,0.712234,-0.0532022373774426,-0.1278941164255905,-0.1278941164255905,-0.0609240419654054,-0.0465709429976223,0 days 00:02:46.084357
631,ExpGrad.01,1,0.604874,-0.0020178958390965,-0.0219208051527615,-0.0219208051527615,-0.0045291279996938,0.0,0 days 00:03:06.290399
632,RedGrid25,1,0.704961,-0.0669079431617179,-0.1364429611294854,-0.1364429611294854,-0.0725280931527262,-0.0616019495922719,0 days 00:13:38.773278
633,RedGrid5,1,0.704961,-0.0669079431617179,-0.1364429611294854,-0.1364429611294854,-0.0725280931527262,-0.0616019495922719,0 days 00:14:10.591813
634,RedGrid75,1,0.704961,-0.0669079431617179,-0.1364429611294854,-0.1364429611294854,-0.0725280931527262,-0.0616019495922719,0 days 00:14:14.059380
635,ExpGrad.1,2,0.714522,-0.060132440899701,-0.0904239731993863,-0.0904239731993863,-0.0385931924317544,-0.0473901895062098,0 days 00:02:55.516174
636,ExpGrad.01,2,0.629771,-0.0095101633980332,-0.0173407457387885,-0.0142567139185098,-0.0173407457387885,0.0,0 days 00:04:52.634678
637,RedGrid25,2,0.717393,-0.0797386740967897,-0.0903168468141932,-0.0903168468141932,-0.0868207904505177,-0.0654968966932633,0 days 00:11:56.935063
638,RedGrid5,2,0.653629,-0.015962203043461,-0.0261925684608904,-0.0261052417480537,-0.0261925684608904,0.0,0 days 00:11:53.395961
639,RedGrid75,2,0.653629,-0.015962203043461,-0.0261925684608904,-0.0261052417480537,-0.0261925684608904,0.0,0 days 00:11:53.843397
640,ExpGrad.1,2,0.679365,-0.0489454519122622,-0.079295176134015,-0.079295176134015,-0.0357024808943916,-0.0310600715300263,0 days 00:01:58.799170
641,ExpGrad.01,2,0.614227,-0.0050485334755514,-0.0146058995658942,-0.0146058995658942,0.0,0.0,0 days 00:02:58.261473
642,RedGrid25,2,0.731202,-0.0954369760349049,-0.1206722755259574,-0.1206722755259574,-0.1051882684153774,-0.0667655813229874,0 days 00:10:58.933214
643,RedGrid5,2,0.718001,-0.0705823246948054,-0.1094615036154313,-0.1094615036154313,-0.0815992844134638,-0.0290722333245719,0 days 00:10:58.425084
644,RedGrid75,2,0.647582,-0.0335075415403192,-0.0890740363175342,-0.0296124486823714,-0.0890740363175342,0.0,0 days 00:11:00.676210
645,ExpGrad.1,2,0.692305,-0.0399924961529341,-0.068793147537394,-0.068793147537394,-0.0295505760566125,-0.0209284097603022,0 days 00:02:29.734726
646,ExpGrad.01,2,0.614151,-0.0030451048190802,-0.0086590444032191,-0.0086590444032191,0.0,0.0,0 days 00:04:31.884692
647,RedGrid25,2,0.722653,-0.0983700164803612,-0.1178225041098112,-0.1178225041098112,-0.0881749620420647,-0.0875818481958346,0 days 00:10:57.880686
648,RedGrid5,2,0.684337,-0.0294837368893463,-0.0726183979522122,-0.0726183979522122,0.0,-0.0101312049611064,0 days 00:10:50.654595
649,RedGrid75,2,0.657983,-0.0123065066757139,-0.0349947190933496,-0.0349947190933496,0.0,0.0,0 days 00:10:46.403190
650,ExpGrad.1,2,0.718169,-0.062501075252914,-0.0973318552456323,-0.0973318552456323,-0.0276159327933834,-0.0549927835635715,0 days 00:02:38.895936
651,ExpGrad.01,2,0.622774,-0.0070027768569022,-0.0095980583325955,-0.0069293989425861,-0.0032655052490408,-0.0095980583325955,0 days 00:05:15.806030
652,RedGrid25,2,0.709056,-0.0552304191972366,-0.0992395449936433,-0.0992395449936433,-0.0354690416447083,-0.0292840739537859,0 days 00:11:26.633146
653,RedGrid5,2,0.691731,-0.03954483777815,-0.0678323296299007,-0.0678323296299007,0.0,-0.0410371365443599,0 days 00:11:10.172999
654,RedGrid75,2,0.691731,-0.03954483777815,-0.0678323296299007,-0.0678323296299007,0.0,-0.0410371365443599,0 days 00:11:47.841976
655,ExpGrad.1,0,0.707155,-0.0822379295980231,-0.1005325349456206,-0.1005325349456206,-0.0722209935594342,-0.071691208786272,0 days 00:03:18.406014
656,ExpGrad.01,0,0.688706,-0.0111407738901595,-0.016257437932819,-0.016257437932819,-0.0058726823544184,-0.0095618607079567,0 days 00:06:35.251523
657,RedGrid25,0,0.682882,-0.1141540225429553,-0.1498359920812204,-0.1498359920812204,-0.0934296228285055,-0.0942434420246035,0 days 00:12:16.901925
658,RedGrid5,0,0.682882,-0.1141540225429553,-0.1498359920812204,-0.1498359920812204,-0.0934296228285055,-0.0942434420246035,0 days 00:12:11.416419
659,RedGrid75,0,0.682882,-0.1141540225429553,-0.1498359920812204,-0.1498359920812204,-0.0934296228285055,-0.0942434420246035,0 days 00:12:10.781915
660,ExpGrad.1,0,0.706791,-0.0765272455334058,-0.0949309124910756,-0.0949309124910756,-0.0643624942246366,-0.0671612814624871,0 days 00:03:38.036580
661,ExpGrad.01,0,0.687364,-0.0139999878842712,-0.0192748854902945,-0.0192748854902945,-0.0149622851936145,-0.0088553989379113,0 days 00:06:09.575101
662,RedGrid25,0,0.686165,-0.1227337873771438,-0.1529906734988831,-0.1529906734988831,-0.1002358873536387,-0.1087169092661908,0 days 00:12:35.149001
663,RedGrid5,0,0.686165,-0.1227337873771438,-0.1529906734988831,-0.1529906734988831,-0.1002358873536387,-0.1087169092661908,0 days 00:12:28.293021
664,RedGrid75,0,0.686165,-0.1227337873771438,-0.1529906734988831,-0.1529906734988831,-0.1002358873536387,-0.1087169092661908,0 days 00:12:29.202266
665,ExpGrad.1,2,0.695043,-0.0534656200896312,-0.0776145945869389,-0.0776145945869389,-0.0505600873102333,-0.0343797930210527,0 days 00:02:56.644804
666,ExpGrad.01,2,0.615226,-0.0046876514177929,-0.0087618162353335,-0.0069796562307604,-0.0087618162353335,0.0,0 days 00:05:39.089309
667,RedGrid25,2,0.730478,-0.096614031440628,-0.1200989672644997,-0.1200989672644997,-0.1045656553996077,-0.0709270431431692,0 days 00:13:11.291743
668,RedGrid5,2,0.687154,-0.0532936303816036,-0.082636593831511,-0.082636593831511,0.0,-0.0630064430963954,0 days 00:12:54.841034
669,RedGrid75,2,0.631077,-0.0113225916067945,-0.0206329885584154,-0.0092259537771227,0.0,-0.0206329885584154,0 days 00:12:56.852313
670,ExpGrad.1,0,0.706799,-0.0838624299007027,-0.100467513844596,-0.100467513844596,-0.0757883323174282,-0.0737453859243545,0 days 00:03:24.800305
671,ExpGrad.01,0,0.686977,-0.0155227252320913,-0.0202051071421048,-0.0202051071421048,-0.0140077630939227,-0.0122480579048723,0 days 00:05:16.163393
672,RedGrid25,0,0.68644,-0.0846608899560583,-0.1160355232854233,-0.1160355232854233,-0.010352410013122,-0.0982426485158787,0 days 00:12:05.409395
673,RedGrid5,0,0.68644,-0.0846608899560583,-0.1160355232854233,-0.1160355232854233,-0.010352410013122,-0.0982426485158787,0 days 00:12:04.638317
674,RedGrid75,0,0.68644,-0.0846608899560583,-0.1160355232854233,-0.1160355232854233,-0.010352410013122,-0.0982426485158787,0 days 00:12:08.792075
675,ExpGrad.1,2,0.693594,-0.0365313088211112,-0.0747279888110719,-0.0747279888110719,0.0,-0.0269982736726887,0 days 00:03:16.711822
676,ExpGrad.01,2,0.622939,-0.0041979323824705,-0.010807004368496,-0.010807004368496,0.0,-0.0011377332180225,0 days 00:03:30.435813
677,RedGrid25,2,0.694051,-0.0482232561866461,-0.0802437266393837,-0.0802437266393837,0.0,-0.0519261131631361,0 days 00:11:49.713652
678,RedGrid5,2,0.658168,-0.0123209858014284,-0.0354914258578233,-0.0354914258578233,0.0,0.0,0 days 00:11:50.834503
679,RedGrid75,2,0.658168,-0.0123209858014284,-0.0354914258578233,-0.0354914258578233,0.0,0.0,0 days 00:11:48.801960
680,ExpGrad.1,2,0.694103,-0.0480451177419077,-0.0787070329518985,-0.0787070329518985,-0.0313373591624149,-0.0316831620522491,0 days 00:02:26.287716
681,ExpGrad.01,2,0.62931,-0.0035765725006463,-0.0102227189203603,-0.0102227189203603,0.0,0.0,0 days 00:04:24.969593
682,RedGrid25,2,0.69365,-0.0655585546714068,-0.073997993839095,-0.0698200197566982,-0.073997993839095,-0.0560931686096961,0 days 00:10:46.784647
683,RedGrid5,2,0.659232,-0.0139108957937891,-0.0397607423321156,-0.0397607423321156,0.0,0.0,0 days 00:10:47.136480
684,RedGrid75,2,0.643059,-0.0169063266292854,-0.0250463319178055,-0.0204235557709913,0.0,-0.0250463319178055,0 days 00:11:06.868980
685,ExpGrad.1,0,0.705582,-0.0750546805963838,-0.0920020641284056,-0.0920020641284056,-0.0648475235325697,-0.065773693420435,0 days 00:03:40.724442
686,ExpGrad.01,0,0.686786,-0.0138011492148288,-0.0174353671927193,-0.0174353671927193,-0.010765148186662,-0.0122798478783473,0 days 00:08:38.278186
687,RedGrid25,0,0.694466,-0.0587904754760843,-0.0830276388211183,-0.0534436728030648,-0.0830276388211183,-0.0500852702573143,0 days 00:14:00.265696
688,RedGrid5,0,0.694466,-0.0587904754760843,-0.0830276388211183,-0.0534436728030648,-0.0830276388211183,-0.0500852702573143,0 days 00:13:36.475927
689,RedGrid75,0,0.694466,-0.0587904754760843,-0.0830276388211183,-0.0534436728030648,-0.0830276388211183,-0.0500852702573143,0 days 00:13:21.054341
690,ExpGrad.1,1,0.711084,-0.0311636536791462,-0.1050178198023253,-0.1050178198023253,-0.019478422705402,-0.0353171959351145,0 days 00:02:13.610185
691,ExpGrad.01,1,0.602866,0.0,0.0,0.0,0.0,0.0,0 days 00:03:56.282200
692,RedGrid25,1,0.70017,-0.009183538490186,-0.0990396304111485,-0.0990396304111485,0.0,-0.0114657815241892,0 days 00:12:32.758638
693,RedGrid5,1,0.70017,-0.009183538490186,-0.0990396304111485,-0.0990396304111485,0.0,-0.0114657815241892,0 days 00:12:27.379208
694,RedGrid75,1,0.70017,-0.009183538490186,-0.0990396304111485,-0.0990396304111485,0.0,-0.0114657815241892,0 days 00:12:26.841248
695,ExpGrad.1,1,0.705672,-0.0196980217375049,-0.1060003274355813,-0.1060003274355813,-0.0241643239645991,-0.0145850241838001,0 days 00:03:03.657041
696,ExpGrad.01,1,0.560378,-7.811023035310784e-05,-0.0001236375552076,0.0,0.0,-0.0001236375552076,0 days 00:03:00.926363
697,RedGrid25,1,0.701459,-0.0019491757922901,-0.1006014368649349,-0.1006014368649349,0.0,0.0,0 days 00:14:11.095126
698,RedGrid5,1,0.701459,-0.0019491757922901,-0.1006014368649349,-0.1006014368649349,0.0,0.0,0 days 00:14:05.946956
699,RedGrid75,1,0.701459,-0.0019491757922901,-0.1006014368649349,-0.1006014368649349,0.0,0.0,0 days 00:14:11.366160
700,ExpGrad.1,2,0.721019,-0.0704740676404978,-0.106040735329268,-0.106040735329268,-0.061972673547542,-0.0443133305096541,0 days 00:03:43.983311
701,ExpGrad.01,2,0.628522,-0.0064238664844481,-0.0184226980442533,-0.0184226980442533,0.0,0.0,0 days 00:04:58.313825
702,RedGrid25,2,0.730734,-0.0984480363637128,-0.1272821132909126,-0.1272821132909126,-0.1018506410038425,-0.070285865648855,0 days 00:11:24.474285
703,RedGrid5,2,0.708501,-0.0694273073333801,-0.0896983032930479,-0.0896983032930479,-0.0704252282945905,-0.0505703729695742,0 days 00:11:23.216703
704,RedGrid75,2,0.686611,-0.0495438768089937,-0.0617881969022455,-0.0617881969022455,-0.0525421933629919,-0.0365356367895648,0 days 00:11:16.512985
705,ExpGrad.1,1,0.711325,-0.0254447448631174,-0.102513775539539,-0.102513775539539,-0.0147423987799399,-0.0289828727061592,0 days 00:02:12.598075
706,ExpGrad.01,1,0.602398,-0.0033718968001453,-0.0105138854949689,-0.0105138854949689,0.0,-0.0050166831135033,0 days 00:03:23.045619
707,RedGrid25,1,0.698683,-0.0017998425738943,-0.0921987394874488,-0.0921987394874488,0.0,0.0,0 days 00:11:19.969184
708,RedGrid5,1,0.698683,-0.0017998425738943,-0.0921987394874488,-0.0921987394874488,0.0,0.0,0 days 00:11:31.721839
709,RedGrid75,1,0.698683,-0.0017998425738943,-0.0921987394874488,-0.0921987394874488,0.0,0.0,0 days 00:11:03.118777
710,ExpGrad.1,2,0.68452,-0.0387821481394669,-0.0673718501646179,-0.0673718501646179,0.0,-0.0394213460320471,0 days 00:02:36.857246
711,ExpGrad.01,2,0.633004,-0.0096964600689937,-0.0195400335312215,-0.0195400335312215,0.0,-0.0074468158189043,0 days 00:06:44.883140
712,RedGrid25,2,0.712972,-0.0561634054092084,-0.0943229497736989,-0.0943229497736989,-0.0477503494417002,-0.0277354464942594,0 days 00:13:20.447683
713,RedGrid5,2,0.678795,-0.036740845576222,-0.0893112657054297,-0.0893112657054297,0.0,-0.0145650589364255,0 days 00:13:11.468645
714,RedGrid75,2,0.601208,-0.0071538334869201,-0.0272125096848012,0.0,-0.0272125096848012,0.0,0 days 00:13:14.397535
715,ExpGrad.1,1,0.707322,-0.0180088910948287,-0.099402357016434,-0.099402357016434,-0.0339488934056722,-0.0066661937910472,0 days 00:03:24.337794
716,ExpGrad.01,1,0.591741,0.0,0.0,0.0,0.0,0.0,0 days 00:04:04.547212
717,RedGrid25,1,0.685935,-0.0010368380156756,-0.0533221427600477,-0.0533221427600477,0.0,0.0,0 days 00:14:46.269804
718,RedGrid5,1,0.685935,-0.0010368380156756,-0.0533221427600477,-0.0533221427600477,0.0,0.0,0 days 00:14:39.938116
719,RedGrid75,1,0.685935,-0.0010368380156756,-0.0533221427600477,-0.0533221427600477,0.0,0.0,0 days 00:14:39.345715
720,ExpGrad.1,1,0.710993,-0.0401154535536131,-0.1119167295706393,-0.1119167295706393,-0.0555843304466837,-0.0293443925302763,0 days 00:03:35.980318
721,ExpGrad.01,1,0.593792,-0.0023751724168788,-0.011231580741508,-0.011231580741508,-0.0061691250378027,0.0,0 days 00:03:23.323244
722,RedGrid25,1,0.701935,-0.0253937203123538,-0.1185638976610668,-0.1185638976610668,-0.0143404805178433,-0.0286904936940981,0 days 00:13:11.529358
723,RedGrid5,1,0.701935,-0.0253937203123538,-0.1185638976610668,-0.1185638976610668,-0.0143404805178433,-0.0286904936940981,0 days 00:13:38.152961
724,RedGrid75,1,0.701935,-0.0253937203123538,-0.1185638976610668,-0.1185638976610668,-0.0143404805178433,-0.0286904936940981,0 days 00:13:43.836216
725,ExpGrad.1,0,0.706356,-0.0780659937250815,-0.0954190967383211,-0.0954190967383211,-0.0672712519931074,-0.0688345093028115,0 days 00:03:46.806974
726,ExpGrad.01,0,0.686674,-0.0132882405362604,-0.0177934696986643,-0.0177934696986643,-0.0127628635461812,-0.0096261510557382,0 days 00:10:11.437201
727,RedGrid25,0,0.682645,-0.114718470270729,-0.1499125778780036,-0.1499125778780036,-0.0939780116981972,-0.0953554954736649,0 days 00:13:21.726307
728,RedGrid5,0,0.682645,-0.114718470270729,-0.1499125778780036,-0.1499125778780036,-0.0939780116981972,-0.0953554954736649,0 days 00:13:47.802551
729,RedGrid75,0,0.682645,-0.114718470270729,-0.1499125778780036,-0.1499125778780036,-0.0939780116981972,-0.0953554954736649,0 days 00:14:17.479158
730,ExpGrad.1,0,0.705821,-0.0767575080000844,-0.0943848224383829,-0.0943848224383829,-0.0647572258664617,-0.0679438690419055,0 days 00:03:19.780421
731,ExpGrad.01,0,0.690248,-0.0153501436769855,-0.0216143466449146,-0.0216143466449146,-0.0119211202764925,-0.0117546738938391,0 days 00:06:02.119976
732,RedGrid25,0,0.686854,-0.0797423927749516,-0.111980553917089,-0.111980553917089,-0.0052176410103729,-0.0927831498241307,0 days 00:11:22.980889
733,RedGrid5,0,0.686854,-0.0797423927749516,-0.111980553917089,-0.111980553917089,-0.0052176410103729,-0.0927831498241307,0 days 00:11:24.128753
734,RedGrid75,0,0.664016,-0.0541672616930926,-0.1114337786754454,-0.1114337786754454,0.0,-0.0339537760211847,0 days 00:11:33.830609
735,ExpGrad.1,1,0.709903,-0.0212319416107201,-0.1087110885947459,-0.1087110885947459,-0.0235227648118021,-0.0172067071327519,0 days 00:04:05.225489
736,ExpGrad.01,1,0.605267,-0.0053422518366879,-0.0223761194055904,-0.0223761194055904,0.0,-0.0077640620361202,0 days 00:06:12.670893
737,RedGrid25,1,0.701099,-0.0133473708230666,-0.1066130963997077,-0.1066130963997077,-0.0065122508929484,-0.0141937885883188,0 days 00:13:57.837674
738,RedGrid5,1,0.701099,-0.0133473708230666,-0.1066130963997077,-0.1066130963997077,-0.0065122508929484,-0.0141937885883188,0 days 00:14:00.392799
739,RedGrid75,1,0.701099,-0.0133473708230666,-0.1066130963997077,-0.1066130963997077,-0.0065122508929484,-0.0141937885883188,0 days 00:14:32.854690
740,ExpGrad.1,2,0.713527,-0.0648147008441812,-0.1035723399587785,-0.1035723399587785,-0.0373706664155256,-0.0487170366860678,0 days 00:02:10.513111
741,ExpGrad.01,2,0.623399,-0.0048935406154472,-0.0109848905710495,-0.0109848905710495,-0.0041034199942748,0.0,0 days 00:03:45.735687
742,RedGrid25,2,0.730415,-0.0967114323226628,-0.1197440029114069,-0.1197440029114069,-0.1037859106330573,-0.0714576931043196,0 days 00:10:31.782186
743,RedGrid5,2,0.690173,-0.0486889270411063,-0.0866640572328952,-0.0866640572328952,0.0,-0.0475404928709918,0 days 00:10:26.540068
744,RedGrid75,2,0.659061,-0.015724683487545,-0.0452333244484492,-0.0452333244484492,0.0,0.0,0 days 00:10:34.999712
745,ExpGrad.1,1,0.711393,-0.0387374644391301,-0.1162780693993781,-0.1162780693993781,-0.0423247727207902,-0.0343293909096367,0 days 00:03:04.329270
746,ExpGrad.01,1,0.592671,-0.0039380533641071,-0.0119676520560055,-0.0119676520560055,0.0,-0.0058743069401809,0 days 00:04:03.707331
747,RedGrid25,1,0.699684,-0.0170963344234973,-0.0935998649667209,-0.0935998649667209,-0.0170662767869564,-0.0147290012508336,0 days 00:11:19.507054
748,RedGrid5,1,0.699684,-0.0170963344234973,-0.0935998649667209,-0.0935998649667209,-0.0170662767869564,-0.0147290012508336,0 days 00:11:51.403686
749,RedGrid75,1,0.699684,-0.0170963344234973,-0.0935998649667209,-0.0935998649667209,-0.0170662767869564,-0.0147290012508336,0 days 00:11:53.899908
750,ExpGrad.1,1,0.711381,-0.0393391365843356,-0.1133629100337261,-0.1133629100337261,-0.0319879117144049,-0.0411433887757696,0 days 00:03:45.524953
751,ExpGrad.01,1,0.590882,-0.0040921156441202,-0.0067086006827604,-0.0067086006827604,0.0,-0.0062762317568154,0 days 00:04:09.243583
752,RedGrid25,1,0.700136,-0.0117097364600117,-0.102488747119548,-0.102488747119548,0.0,-0.0154132442754771,0 days 00:13:50.881735
753,RedGrid5,1,0.700136,-0.0117097364600117,-0.102488747119548,-0.102488747119548,0.0,-0.0154132442754771,0 days 00:13:45.811474
754,RedGrid75,1,0.700136,-0.0117097364600117,-0.102488747119548,-0.102488747119548,0.0,-0.0154132442754771,0 days 00:13:45.132668
755,ExpGrad.1,0,0.706792,-0.0770647943528448,-0.0955769956449984,-0.0955769956449984,-0.0648565505943707,-0.0675779150265515,0 days 00:03:38.798800
756,ExpGrad.01,0,0.685667,-0.0148377206681886,-0.0210934537345051,-0.0210934537345051,-0.0113925344193963,-0.0112560448221508,0 days 00:06:19.342038
757,RedGrid25,0,0.691202,-0.0198448174524446,-0.0274934923983776,-0.0274934923983776,-0.0028305049278058,-0.0225381095215583,0 days 00:15:07.394301
758,RedGrid5,0,0.691202,-0.0198448174524446,-0.0274934923983776,-0.0274934923983776,-0.0028305049278058,-0.0225381095215583,0 days 00:15:20.257764
759,RedGrid75,0,0.691202,-0.0198448174524446,-0.0274934923983776,-0.0274934923983776,-0.0028305049278058,-0.0225381095215583,0 days 00:15:14.463609
760,ExpGrad.1,2,0.674412,-0.0486781723315621,-0.1064868732324706,-0.0604196675899407,-0.1064868732324706,0.0,0 days 00:02:33.379122
761,ExpGrad.01,2,0.625553,-0.0050463565793849,-0.0097074387363397,-0.0097074387363397,-0.0064489420654175,0.0,0 days 00:06:10.488072
762,RedGrid25,2,0.685382,-0.0408271105449694,-0.0784819854722826,-0.0588001620184537,-0.0784819854722826,0.0,0 days 00:11:58.105224
763,RedGrid5,2,0.685382,-0.0408271105449694,-0.0784819854722826,-0.0588001620184537,-0.0784819854722826,0.0,0 days 00:11:58.054935
764,RedGrid75,2,0.685382,-0.0408271105449694,-0.0784819854722826,-0.0588001620184537,-0.0784819854722826,0.0,0 days 00:11:50.499030
765,ExpGrad.1,0,0.7064,-0.0815930530218818,-0.0985106331248224,-0.0985106331248224,-0.0727604350151914,-0.0716650630380576,0 days 00:03:43.751085
766,ExpGrad.01,0,0.687037,-0.014185048806401,-0.01805015412527,-0.01805015412527,-0.0142165617377257,-0.0107841671191966,0 days 00:06:31.912907
767,RedGrid25,0,0.686812,-0.0790694630780246,-0.1108655042398077,-0.1108655042398077,-0.0032547451739768,-0.0931355076720653,0 days 00:12:12.658400
768,RedGrid5,0,0.686812,-0.0790694630780246,-0.1108655042398077,-0.1108655042398077,-0.0032547451739768,-0.0931355076720653,0 days 00:12:08.068149
769,RedGrid75,0,0.664658,-0.0543355902492141,-0.1115194590187815,-0.1115194590187815,0.0,-0.0343067464832498,0 days 00:12:11.557454
770,ExpGrad.1,0,0.706933,-0.0833977771761456,-0.1006740962414598,-0.1006740962414598,-0.0740113855469994,-0.0735008673259154,0 days 00:03:56.143313
771,ExpGrad.01,0,0.687883,-0.0159246115421112,-0.0221351945634011,-0.0221351945634011,-0.0129329682170871,-0.0121550981527146,0 days 00:07:16.156295
772,RedGrid25,0,0.683736,-0.1156045099313235,-0.1498317519647576,-0.1498317519647576,-0.0949191831581598,-0.097153192490568,0 days 00:15:11.012218
773,RedGrid5,0,0.683736,-0.1156045099313235,-0.1498317519647576,-0.1498317519647576,-0.0949191831581598,-0.097153192490568,0 days 00:14:57.629258
774,RedGrid75,0,0.683736,-0.1156045099313235,-0.1498317519647576,-0.1498317519647576,-0.0949191831581598,-0.097153192490568,0 days 00:14:40.187022
775,ExpGrad.1,0,0.705806,-0.0816000823507022,-0.0991304348348746,-0.0991304348348746,-0.0730327892990297,-0.0709593523329283,0 days 00:03:30.836849
776,ExpGrad.01,0,0.688047,-0.0119176350888652,-0.0170339551929454,-0.0170339551929454,-0.0120561775383337,-0.0073526181785792,0 days 00:08:58.348169
777,RedGrid25,0,0.686232,-0.0775329538769178,-0.111483192744742,-0.111483192744742,-0.002160704469682,-0.0894339307401634,0 days 00:11:59.009405
778,RedGrid5,0,0.686232,-0.0775329538769178,-0.111483192744742,-0.111483192744742,-0.002160704469682,-0.0894339307401634,0 days 00:12:00.619312
779,RedGrid75,0,0.662971,-0.0518436153550051,-0.1092797639468703,-0.1092797639468703,0.0,-0.0301286207127405,0 days 00:11:56.844680
780,ExpGrad.1,1,0.709032,-0.0316757273422875,-0.1129743515856807,-0.1129743515856807,-0.0457873663134211,-0.0213212070097454,0 days 00:03:07.836671
781,ExpGrad.01,1,0.602038,-0.0119065246174628,-0.0170687671949721,-0.0082838703749262,-0.0170687671949721,-0.0091575064115269,0 days 00:05:02.437174
782,RedGrid25,1,0.704647,-0.0624458744954459,-0.1366109628773771,-0.1366109628773771,-0.0627818028248289,-0.0599503748195394,0 days 00:14:00.876497
783,RedGrid5,1,0.704647,-0.0624458744954459,-0.1366109628773771,-0.1366109628773771,-0.0627818028248289,-0.0599503748195394,0 days 00:13:49.936391
784,RedGrid75,1,0.699387,-0.0086607987002109,-0.1063453683082056,-0.1063453683082056,0.0,-0.0104205330263994,0 days 00:14:02.371126
785,ExpGrad.1,2,0.709766,-0.0607522025255067,-0.0938418346255042,-0.0938418346255042,-0.0512467749919923,-0.037687372377208,0 days 00:02:33.613326
786,ExpGrad.01,2,0.618232,-0.0043546834925837,-0.0102240456981238,-0.0102240456981238,0.0,-0.0020651985801906,0 days 00:03:25.330221
787,RedGrid25,2,0.717673,-0.0738879179692542,-0.0961357841406672,-0.0961357841406672,-0.0787164644729803,-0.0508054840777018,0 days 00:11:06.805114
788,RedGrid5,2,0.676127,-0.0244685193705908,-0.0654954433297625,-0.0654954433297625,0.0,-0.004433874986483,0 days 00:11:09.712583
789,RedGrid75,2,0.676127,-0.0244685193705908,-0.0654954433297625,-0.0654954433297625,0.0,-0.004433874986483,0 days 00:11:10.786102
790,ExpGrad.1,0,0.706316,-0.0797573162924141,-0.0984196468176451,-0.0984196468176451,-0.0674011979545966,-0.0702130264413721,0 days 00:03:51.826814
791,ExpGrad.01,0,0.684942,-0.0125020459225082,-0.0170272291046618,-0.0170272291046618,-0.0081358860805711,-0.0109457525496267,0 days 00:06:37.756696
792,RedGrid25,0,0.685897,-0.1278433593856641,-0.1588191789415867,-0.1588191789415867,-0.1047740753029204,-0.1134182790624508,0 days 00:15:35.578334
793,RedGrid5,0,0.685897,-0.1278433593856641,-0.1588191789415867,-0.1588191789415867,-0.1047740753029204,-0.1134182790624508,0 days 00:15:40.554849
794,RedGrid75,0,0.667551,-0.0536115210953821,-0.111892918563189,-0.111892918563189,0.0,-0.0321170397774722,0 days 00:15:02.496001
795,ExpGrad.1,1,0.711562,-0.033349137845828,-0.1153691018326265,-0.1153691018326265,-0.0302023474921789,-0.0326072536518471,0 days 00:02:38.380048
796,ExpGrad.01,1,0.59069,-4.0449092213441335e-05,-0.0021164942993238,-0.0021164942993238,0.0,0.0,0 days 00:03:56.205566
797,RedGrid25,1,0.70527,-0.0671669458786906,-0.1415800597845999,-0.1415800597845999,-0.0703499832419656,-0.0631559576900551,0 days 00:14:07.269967
798,RedGrid5,1,0.700492,-0.009423700041894,-0.1052893161578823,-0.1052893161578823,0.0,-0.0117329127435457,0 days 00:13:58.653904
799,RedGrid75,1,0.700492,-0.009423700041894,-0.1052893161578823,-0.1052893161578823,0.0,-0.0117329127435457,0 days 00:13:58.885840
800,ExpGrad.1,2,0.714376,-0.0608821017712177,-0.0924217957527653,-0.0924217957527653,-0.0409264774353497,-0.0461048472265195,0 days 00:03:08.734346
801,ExpGrad.01,2,0.627527,-0.0049915815999037,-0.0143302767231562,-0.0143302767231562,0.0,0.0,0 days 00:03:43.074467
802,RedGrid25,2,0.717575,-0.0819910447603466,-0.0968943108958897,-0.0968943108958897,-0.0919981849315189,-0.0619510025285974,0 days 00:11:21.983207
803,RedGrid5,2,0.684703,-0.0564534570158603,-0.067653354168139,-0.056115902864711,-0.067653354168139,-0.0492310627301768,0 days 00:11:25.684826
804,RedGrid75,2,0.652405,-0.0139024340775898,-0.0367528145130092,-0.0367528145130092,0.0,-0.0028233022801785,0 days 00:11:10.120708
805,ExpGrad.1,1,0.710823,-0.0299917302158973,-0.1149392045338856,-0.1149392045338856,-0.0273639202544239,-0.0288679929231748,0 days 00:02:28.824488
806,ExpGrad.01,1,0.603174,-0.0120995071469056,-0.022287240634647,-0.022287240634647,-0.0121869451310431,-0.011741915148581,0 days 00:03:30.692780
807,RedGrid25,1,0.698957,-0.044795541846562,-0.1237672074562604,-0.1237672074562604,0.0,-0.0671918008101248,0 days 00:12:27.904611
808,RedGrid5,1,0.683163,-0.0008323223287274,-0.0434349390386322,-0.0434349390386322,0.0,0.0,0 days 00:12:24.936785
809,RedGrid75,1,0.683163,-0.0008323223287274,-0.0434349390386322,-0.0434349390386322,0.0,0.0,0 days 00:12:22.409354
810,ExpGrad.1,1,0.710744,-0.0458409417478818,-0.1305934219433945,-0.1305934219433945,-0.0555632471154768,-0.0378709938207815,0 days 00:03:51.747765
811,ExpGrad.01,1,0.574297,0.0,0.0,0.0,0.0,0.0,0 days 00:05:03.508638
812,RedGrid25,1,0.707052,-0.0674074265650146,-0.1493170648187729,-0.1493170648187729,-0.0721817319582237,-0.0622611116216449,0 days 00:14:08.071619
813,RedGrid5,1,0.707052,-0.0674074265650146,-0.1493170648187729,-0.1493170648187729,-0.0721817319582237,-0.0622611116216449,0 days 00:13:55.388152
814,RedGrid75,1,0.707052,-0.0674074265650146,-0.1493170648187729,-0.1493170648187729,-0.0721817319582237,-0.0622611116216449,0 days 00:14:07.820365
815,ExpGrad.1,2,0.701589,-0.0485444625798476,-0.0780860202647341,-0.0780860202647341,-0.0336562899716247,-0.0324983504458351,0 days 00:02:31.550146
816,ExpGrad.01,2,0.60974,-0.0028766313832634,-0.0083302631710436,-0.0083302631710436,0.0,0.0,0 days 00:03:13.955327
817,RedGrid25,2,0.72625,-0.0977605428952228,-0.1215130129723303,-0.1215130129723303,-0.1057236191895263,-0.0715397029005532,0 days 00:10:31.846907
818,RedGrid5,2,0.683741,-0.0284813658426189,-0.0683810465448608,-0.0683810465448608,0.0,-0.012403629136199,0 days 00:10:41.232496
819,RedGrid75,2,0.609499,-0.0092745072962515,-0.0292826661662882,-0.0046212814128349,-0.0292826661662882,0.0,0 days 00:10:27.008367
820,ExpGrad.1,1,0.710664,-0.0290041891100238,-0.1155305679773879,-0.1155305679773879,-0.0230297716339107,-0.0296110712487909,0 days 00:02:36.144082
821,ExpGrad.01,1,0.596732,-0.0090862681892383,-0.0214935006712533,-0.0214935006712533,0.0,-0.0137149631636265,0 days 00:03:39.770193
822,RedGrid25,1,0.706624,-0.0639120801489492,-0.1429511987876697,-0.1429511987876697,-0.0676591583914528,-0.0593867342572227,0 days 00:11:53.062176
823,RedGrid5,1,0.706624,-0.0639120801489492,-0.1429511987876697,-0.1429511987876697,-0.0676591583914528,-0.0593867342572227,0 days 00:11:58.478506
824,RedGrid75,1,0.706624,-0.0639120801489492,-0.1429511987876697,-0.1429511987876697,-0.0676591583914528,-0.0593867342572227,0 days 00:11:54.637583
825,ExpGrad.1,0,0.706768,-0.0758438298418809,-0.0934049836431858,-0.0934049836431858,-0.0651286257116073,-0.0663842026894899,0 days 00:03:21.716951
826,ExpGrad.01,0,0.686846,-0.0102877784789068,-0.0160794828911698,-0.0160794828911698,-0.006432021575374,-0.0073461547295757,0 days 00:05:39.800810
827,RedGrid25,0,0.683058,-0.1122018787974634,-0.1476607195259272,-0.1476607195259272,-0.0929571745540563,-0.0917776733706098,0 days 00:12:18.097669
828,RedGrid5,0,0.683058,-0.1122018787974634,-0.1476607195259272,-0.1476607195259272,-0.0929571745540563,-0.0917776733706098,0 days 00:12:10.058326
829,RedGrid75,0,0.683058,-0.1122018787974634,-0.1476607195259272,-0.1476607195259272,-0.0929571745540563,-0.0917776733706098,0 days 00:12:13.180249
830,ExpGrad.1,2,0.706397,-0.049809996456093,-0.081250651478743,-0.081250651478743,-0.0359854753970943,-0.0315081015132532,0 days 00:04:30.804429
831,ExpGrad.01,2,0.629672,-0.0051103412031248,-0.011312062165987,-0.011312062165987,-0.0045958135470757,0.0,0 days 00:04:42.639699
832,RedGrid25,2,0.730493,-0.0975843490505423,-0.1245853935742586,-0.1245853935742586,-0.1034736172645882,-0.0698222243575414,0 days 00:12:00.474604
833,RedGrid5,2,0.68515,-0.0300520692720316,-0.0732591844384089,-0.0732591844384089,0.0,-0.0123966294921233,0 days 00:11:15.744833
834,RedGrid75,2,0.631392,-0.0189586984605314,-0.037352016003839,-0.0148770052586254,-0.037352016003839,-0.0100788405646657,0 days 00:11:04.597226
835,ExpGrad.1,1,0.711272,-0.0388583012761582,-0.1116774462586629,-0.1116774462586629,-0.0452026712780018,-0.0331530383536208,0 days 00:02:50.045297
836,ExpGrad.01,1,0.600722,-0.0003013429442002,-0.0120600027578143,-0.0120600027578143,0.0,-0.000111195153597,0 days 00:03:24.963199
837,RedGrid25,1,0.704401,-0.0685172702410751,-0.1358819833158773,-0.1358819833158773,-0.0723093888132122,-0.0643847380010694,0 days 00:13:50.522758
838,RedGrid5,1,0.699705,-0.0132630611699101,-0.1033567095579795,-0.1033567095579795,0.0,-0.0178468861863437,0 days 00:13:44.033100
839,RedGrid75,1,0.699705,-0.0132630611699101,-0.1033567095579795,-0.1033567095579795,0.0,-0.0178468861863437,0 days 00:13:49.433641
840,ExpGrad.1,0,0.706447,-0.0813358465999497,-0.0980589947887442,-0.0980589947887442,-0.0726343575587681,-0.071494347699481,0 days 00:03:35.184292
841,ExpGrad.01,0,0.685048,-0.0126335464843548,-0.0165413714677321,-0.0165413714677321,-0.0112717840735445,-0.0099626653668489,0 days 00:06:36.712813
842,RedGrid25,0,0.685302,-0.1270383445642479,-0.1547487198351441,-0.1547487198351441,-0.1085778991353182,-0.1129646973345037,0 days 00:12:44.916947
843,RedGrid5,0,0.685302,-0.1270383445642479,-0.1547487198351441,-0.1547487198351441,-0.1085778991353182,-0.1129646973345037,0 days 00:12:39.803891
844,RedGrid75,0,0.66812,-0.0553362924784708,-0.1113726140009705,-0.1113726140009705,-0.0046500607798525,-0.0342570272689192,0 days 00:12:38.094830
845,ExpGrad.1,2,0.714239,-0.0599753487555851,-0.0960227913300499,-0.0960227913300499,-0.0405965309534555,-0.0407122154838832,0 days 00:03:49.302869
846,ExpGrad.01,2,0.635769,-0.0117535601959201,-0.0210417798415482,-0.0210417798415482,-0.0091043498624701,-0.0052172177002878,0 days 00:04:27.098752
847,RedGrid25,2,0.720747,-0.0792352535635233,-0.1046856040794376,-0.1046856040794376,-0.0730685021019793,-0.0605923179792308,0 days 00:12:21.991181
848,RedGrid5,2,0.678577,-0.0407903150883736,-0.0750143922426885,-0.0543298272160299,-0.0750143922426885,-0.00570643879224,0 days 00:12:20.330657
849,RedGrid75,2,0.654488,-0.0317306098912402,-0.0693657662644378,-0.0389668528541658,-0.0693657662644378,0.0,0 days 00:12:11.715510
850,ExpGrad.1,1,0.71213,-0.0405124204317741,-0.113263761520401,-0.113263761520401,-0.0353211492086599,-0.0411228747527735,0 days 00:02:33.309421
851,ExpGrad.01,1,0.614649,-0.0150608140745869,-0.0273117427397039,-0.0273117427397039,-0.018559176610253,-0.0127368669482755,0 days 00:05:51.877820
852,RedGrid25,1,0.704785,-0.0651540451025324,-0.1304974551594179,-0.1304974551594179,-0.0743406285237391,-0.0580160613258579,0 days 00:13:24.147262
853,RedGrid5,1,0.69992,-0.0064985935697479,-0.0959469646991127,-0.0959469646991127,0.0,-0.0073134667534461,0 days 00:13:57.810707
854,RedGrid75,1,0.69992,-0.0064985935697479,-0.0959469646991127,-0.0959469646991127,0.0,-0.0073134667534461,0 days 00:13:40.128498
855,ExpGrad.1,2,0.698017,-0.0509560303257057,-0.0814112854497011,-0.0814112854497011,-0.0370784659352919,-0.0330587214190227,0 days 00:02:03.967659
856,ExpGrad.01,2,0.633105,-0.0051808635808582,-0.0113678882321966,-0.0113678882321966,-0.0046907921888573,0.0,0 days 00:03:44.063855
857,RedGrid25,2,0.730301,-0.0968443855495002,-0.1195550392170696,-0.1195550392170696,-0.1019809657804879,-0.0732265519128929,0 days 00:10:51.138036
858,RedGrid5,2,0.65946,-0.013937088355178,-0.0399866123048588,-0.0399866123048588,0.0,0.0,0 days 00:10:48.113602
859,RedGrid75,2,0.65946,-0.013937088355178,-0.0399866123048588,-0.0399866123048588,0.0,0.0,0 days 00:10:42.172441
860,ExpGrad.1,1,0.710054,-0.0296100059309916,-0.1125080244346803,-0.1125080244346803,-0.0245491743955347,-0.0298638775841899,0 days 00:02:31.582738
861,ExpGrad.01,1,0.582352,-0.0001206206038367,-0.0062106568320815,-0.0062106568320815,0.0,0.0,0 days 00:03:21.245109
862,RedGrid25,1,0.707941,-0.0612156805638762,-0.1372686582449657,-0.1372686582449657,-0.0700086479728772,-0.0539984969015453,0 days 00:14:25.494582
863,RedGrid5,1,0.698554,-0.0018503661770836,-0.0952738501882435,-0.0952738501882435,0.0,0.0,0 days 00:14:28.478452
864,RedGrid75,1,0.698554,-0.0018503661770836,-0.0952738501882435,-0.0952738501882435,0.0,0.0,0 days 00:14:33.689123
865,ExpGrad.1,1,0.70648,-0.0156221973988778,-0.0976214459566889,-0.0976214459566889,-0.0278668518637282,-0.006332323030322,0 days 00:03:29.338078
866,ExpGrad.01,1,0.582985,-0.0071052001350987,-0.0086784854844086,-0.0032815053848848,-0.0086784854844086,-0.0063517808292865,0 days 00:04:00.706431
867,RedGrid25,1,0.699136,-0.0435131367030856,-0.111378746821537,-0.111378746821537,0.0,-0.0655123482876834,0 days 00:14:07.171263
868,RedGrid5,1,0.683479,-0.0007368577122546,-0.0380740958658709,-0.0380740958658709,0.0,0.0,0 days 00:14:08.441099
869,RedGrid75,1,0.683479,-0.0007368577122546,-0.0380740958658709,-0.0380740958658709,0.0,0.0,0 days 00:14:43.116186
870,ExpGrad.1,1,0.709689,-0.0252933102512996,-0.1034444000584868,-0.1034444000584868,-0.0288703341442552,-0.0208646475612245,0 days 00:03:38.384569
871,ExpGrad.01,1,0.596638,-0.0080305157190118,-0.0139333179886957,-0.0139333179886957,-0.0045991296001046,-0.0097476080253808,0 days 00:04:20.457455
872,RedGrid25,1,0.706149,-0.0635461928076651,-0.1283048876201856,-0.1283048876201856,-0.0655944633769859,-0.0603840185994982,0 days 00:11:35.833789
873,RedGrid5,1,0.706149,-0.0635461928076651,-0.1283048876201856,-0.1283048876201856,-0.0655944633769859,-0.0603840185994982,0 days 00:11:44.656738
874,RedGrid75,1,0.706149,-0.0635461928076651,-0.1283048876201856,-0.1283048876201856,-0.0655944633769859,-0.0603840185994982,0 days 00:11:43.933184
875,ExpGrad.1,2,0.683058,-0.0412899746838,-0.0645613252575983,-0.0645613252575983,-0.0413400033783524,-0.0200552806362478,0 days 00:03:18.575202
876,ExpGrad.01,2,0.612552,-0.0037926074554637,-0.0062725477789942,-0.0062725477789942,-0.0060535965866855,0.0,0 days 00:03:32.787392
877,RedGrid25,2,0.70428,-0.0527346855691157,-0.0736851426314794,-0.0703793472179001,-0.0736851426314794,-0.0224521232395423,0 days 00:10:34.813743
878,RedGrid5,2,0.668854,-0.0290395016252171,-0.0448055248389531,-0.0448055248389531,-0.0391942237772268,-0.0077897037048904,0 days 00:10:43.952897
879,RedGrid75,2,0.668854,-0.0290395016252171,-0.0448055248389531,-0.0448055248389531,-0.0391942237772268,-0.0077897037048904,0 days 00:10:47.659237
880,ExpGrad.1,0,0.706979,-0.0823033282025093,-0.0999642157992627,-0.0999642157992627,-0.0732827881828438,-0.0717770349058538,0 days 00:03:24.049296
881,ExpGrad.01,0,0.690475,-0.016829703815037,-0.0224648414936073,-0.0224648414936073,-0.0140913888119924,-0.013393520559405,0 days 00:08:54.935972
882,RedGrid25,0,0.696382,-0.0647618692841294,-0.0805827364818891,-0.0591642278483734,-0.0805827364818891,-0.0609170984811784,0 days 00:11:29.570975
883,RedGrid5,0,0.696382,-0.0647618692841294,-0.0805827364818891,-0.0591642278483734,-0.0805827364818891,-0.0609170984811784,0 days 00:11:29.689254
884,RedGrid75,0,0.696382,-0.0647618692841294,-0.0805827364818891,-0.0591642278483734,-0.0805827364818891,-0.0609170984811784,0 days 00:11:42.021856
885,ExpGrad.1,2,0.713334,-0.054994734869342,-0.081263649827301,-0.081263649827301,-0.0499518877017895,-0.035159542625908,0 days 00:02:24.587824
886,ExpGrad.01,2,0.628662,-0.0056700896309242,-0.0125717333083594,-0.0068434942925688,-0.0125717333083594,0.0,0 days 00:04:00.638391
887,RedGrid25,2,0.710085,-0.0625629507864693,-0.0795078378623173,-0.0795078378623173,-0.0733184290059129,-0.040364760727609,0 days 00:12:30.214263
888,RedGrid5,2,0.690368,-0.0352924915847186,-0.063221160148234,-0.063221160148234,0.0,-0.0342958321724841,0 days 00:12:26.940602
889,RedGrid75,2,0.690368,-0.0352924915847186,-0.063221160148234,-0.063221160148234,0.0,-0.0342958321724841,0 days 00:12:11.078910
890,ExpGrad.1,0,0.706814,-0.0832501696009528,-0.1002469257774127,-0.1002469257774127,-0.075086434582729,-0.0728449886838366,0 days 00:03:21.718221
891,ExpGrad.01,0,0.685537,-0.014406699131534,-0.0181802748620437,-0.0181802748620437,-0.013396380543222,-0.0116522686092556,0 days 00:05:46.885822
892,RedGrid25,0,0.686323,-0.1242750455249563,-0.1536394683338386,-0.1536394683338386,-0.1030285328108043,-0.110254534550732,0 days 00:12:42.507127
893,RedGrid5,0,0.686323,-0.1242750455249563,-0.1536394683338386,-0.1536394683338386,-0.1030285328108043,-0.110254534550732,0 days 00:12:55.255217
894,RedGrid75,0,0.667828,-0.0522136502760219,-0.1100277232847569,-0.1100277232847569,0.0,-0.0303599571513221,0 days 00:12:44.020847
895,ExpGrad.1,1,0.709084,-0.0266203409012549,-0.1051841726885259,-0.1051841726885259,-0.0415215446840163,-0.0159438181239762,0 days 00:04:16.549780
896,ExpGrad.01,1,0.607691,-0.0056747058103392,-0.0139820934610775,-0.0139820934610775,-0.0115912498598929,-0.002141009126901,0 days 00:04:27.151438
897,RedGrid25,1,0.696967,-0.0017930219886289,-0.0921901867125413,-0.0921901867125413,0.0,0.0,0 days 00:14:22.733601
898,RedGrid5,1,0.693421,-0.001525771101569,-0.0784491900413377,-0.0784491900413377,0.0,0.0,0 days 00:14:28.103825
899,RedGrid75,1,0.69005,-0.0012569825970473,-0.0646291350865245,-0.0646291350865245,0.0,0.0,0 days 00:14:27.109430
900,ExpGrad.1,2,0.711723,-0.0541374473620033,-0.0852378664097368,-0.0852378664097368,-0.0365557895239985,-0.0382426781409837,0 days 00:02:25.396905
901,ExpGrad.01,2,0.623057,-0.0047869001955451,-0.0056318919423256,-0.0035963988313176,-0.0056318919423256,-0.0052801965656144,0 days 00:03:19.535265
902,RedGrid25,2,0.720084,-0.0755714641317394,-0.1137667931575341,-0.1137667931575341,-0.0492166979438233,-0.0592390552637636,0 days 00:11:18.253671
903,RedGrid5,2,0.68297,-0.0276428460176888,-0.0728054056170613,-0.0728054056170613,0.0,-0.0059749742553666,0 days 00:11:24.297704
904,RedGrid75,2,0.638197,-0.0123724834650826,-0.0206796439658046,-0.0123460769953699,0.0,-0.0206796439658046,0 days 00:11:14.150450
905,ExpGrad.1,0,0.706619,-0.0761596359267372,-0.094931039718787,-0.094931039718787,-0.064129802511655,-0.0663164735676498,0 days 00:03:22.399813
906,ExpGrad.01,0,0.686978,-0.0128727661780348,-0.0187101224291257,-0.0187101224291257,-0.010480728768177,-0.0090657489713383,0 days 00:08:55.608200
907,RedGrid25,0,0.689962,-0.0170485240943544,-0.0245524429857365,-0.0245524429857365,0.0,-0.0198835089947283,0 days 00:13:09.289159
908,RedGrid5,0,0.689962,-0.0170485240943544,-0.0245524429857365,-0.0245524429857365,0.0,-0.0198835089947283,0 days 00:13:11.055170
909,RedGrid75,0,0.689962,-0.0170485240943544,-0.0245524429857365,-0.0245524429857365,0.0,-0.0198835089947283,0 days 00:13:05.271811
910,ExpGrad.1,0,0.707078,-0.0765649780342209,-0.0951766168794595,-0.0951766168794595,-0.0637304307651561,-0.0673438678327644,0 days 00:03:21.086652
911,ExpGrad.01,0,0.688515,-0.0160269053455742,-0.0226816050056144,-0.0226816050056144,-0.0137444734025578,-0.0114560898223831,0 days 00:07:37.796278
912,RedGrid25,0,0.686995,-0.1247806619054507,-0.1543015461183809,-0.1543015461183809,-0.1018820942146381,-0.1115577700812316,0 days 00:12:49.246083
913,RedGrid5,0,0.686995,-0.1247806619054507,-0.1543015461183809,-0.1543015461183809,-0.1018820942146381,-0.1115577700812316,0 days 00:12:51.098437
914,RedGrid75,0,0.669047,-0.053223944944634,-0.1105755204258679,-0.1105755204258679,0.0,-0.0323603800183669,0 days 00:12:50.300794
915,ExpGrad.1,2,0.671955,-0.0336773028639864,-0.0658627389519409,-0.0658627389519409,-0.0124889869268192,-0.01939347012238,0 days 00:03:39.051987
916,ExpGrad.01,2,0.625494,-0.0141854226175552,-0.0200353522211418,-0.0200353522211418,-0.0119951757045525,-0.0104783090511896,0 days 00:07:17.060762
917,RedGrid25,2,0.668321,-0.0292357610864445,-0.0571593181846225,-0.039729173694148,-0.0571593181846225,-0.001280702525818,0 days 00:12:34.890475
918,RedGrid5,2,0.668321,-0.0292357610864445,-0.0571593181846225,-0.039729173694148,-0.0571593181846225,-0.001280702525818,0 days 00:12:06.055895
919,RedGrid75,2,0.668321,-0.0292357610864445,-0.0571593181846225,-0.039729173694148,-0.0571593181846225,-0.001280702525818,0 days 00:11:29.794778
920,ExpGrad.1,2,0.716521,-0.061917725333842,-0.0968723370480983,-0.0968723370480983,-0.0343432130256503,-0.0495311841984548,0 days 00:02:00.329411
921,ExpGrad.01,2,0.618177,-0.0104214758413599,-0.0153422717153082,-0.0153422717153082,0.0,-0.0130702637436909,0 days 00:03:59.521495
922,RedGrid25,2,0.726319,-0.0816294582786348,-0.1108104911948293,-0.1108104911948293,-0.0825603301397542,-0.0552016134631923,0 days 00:11:18.078709
923,RedGrid5,2,0.692025,-0.0459857807835254,-0.0809137482260348,-0.0809137482260348,0.0,-0.0459892476145484,0 days 00:11:17.696710
924,RedGrid75,2,0.692025,-0.0459857807835254,-0.0809137482260348,-0.0809137482260348,0.0,-0.0459892476145484,0 days 00:11:13.833355
925,ExpGrad.1,2,0.707033,-0.0488510920818669,-0.0888210531240842,-0.0888210531240842,-0.0312777178881868,-0.0250880712267693,0 days 00:02:18.444465
926,ExpGrad.01,2,0.626098,-0.0053352781067524,-0.0102173039790947,-0.0077311288898684,-0.0102173039790947,0.0,0 days 00:04:38.700796
927,RedGrid25,2,0.724189,-0.0967492049949545,-0.1105687174176962,-0.1105687174176962,-0.0948036208943411,-0.0858116618866755,0 days 00:10:49.579258
928,RedGrid5,2,0.653306,-0.0137209478493014,-0.0394631646051215,-0.0394631646051215,0.0,0.0,0 days 00:10:53.457509
929,RedGrid75,2,0.653306,-0.0137209478493014,-0.0394631646051215,-0.0394631646051215,0.0,0.0,0 days 00:10:50.397593
930,ExpGrad.1,2,0.719404,-0.0702354655481669,-0.1010044740676349,-0.1010044740676349,-0.0797696611619746,-0.0364126110493467,0 days 00:02:27.546537
931,ExpGrad.01,2,0.62728,-0.0054105078434029,-0.01450546149933,-0.01450546149933,-0.0013567019749014,0.0,0 days 00:04:00.701108
932,RedGrid25,2,0.726957,-0.0928578471710255,-0.1180079285120481,-0.1180079285120481,-0.0895538732908359,-0.0726190018969093,0 days 00:10:09.343866
933,RedGrid5,2,0.683345,-0.0306736139494279,-0.0750255336948378,-0.0750255336948378,0.0,-0.0115682801378129,0 days 00:09:53.641979
934,RedGrid75,2,0.662268,-0.0202952310539474,-0.0582176527407883,-0.0582176527407883,0.0,0.0,0 days 00:09:46.561571
935,ExpGrad.1,0,0.705967,-0.0826215423820083,-0.100105829368518,-0.100105829368518,-0.0732951014430807,-0.0724316780053349,0 days 00:03:26.097805
936,ExpGrad.01,0,0.685141,-0.0137290665564993,-0.0174067933165581,-0.0174067933165581,-0.0109533591758879,-0.0120374133485671,0 days 00:06:28.650195
937,RedGrid25,0,0.682462,-0.1169425298103127,-0.1525649172903318,-0.1525649172903318,-0.0987224561490949,-0.0957479954599261,0 days 00:12:50.296760
938,RedGrid5,0,0.682462,-0.1169425298103127,-0.1525649172903318,-0.1525649172903318,-0.0987224561490949,-0.0957479954599261,0 days 00:12:50.663806
939,RedGrid75,0,0.682462,-0.1169425298103127,-0.1525649172903318,-0.1525649172903318,-0.0987224561490949,-0.0957479954599261,0 days 00:12:47.497475
940,ExpGrad.1,2,0.705785,-0.0514282306257555,-0.0808856343685021,-0.0808856343685021,-0.0607464655453774,-0.0186802252971211,0 days 00:02:24.624718
941,ExpGrad.01,2,0.630263,-0.0078673126152628,-0.0103784850422344,-0.0103784850422344,-0.0034113303284902,-0.0086556030466706,0 days 00:04:36.823927
942,RedGrid25,2,0.717457,-0.070365138571216,-0.103028034032771,-0.103028034032771,-0.0804793600283841,-0.0342022126786119,0 days 00:11:11.641842
943,RedGrid5,2,0.682999,-0.0284740426371226,-0.069254217250041,-0.069254217250041,0.0,-0.0113495687684034,0 days 00:11:10.070377
944,RedGrid75,2,0.635826,-0.0094574612828046,-0.0215129503963654,-0.0108384031594358,-0.0215129503963654,0.0,0 days 00:11:10.279050
945,ExpGrad.1,2,0.711235,-0.0607672024734061,-0.0976939279035032,-0.0976939279035032,-0.0253137230670593,-0.0511262299737813,0 days 00:02:34.720342
946,ExpGrad.01,2,0.622751,-0.0080163920130911,-0.0179275044975648,-0.0095755421095141,-0.0179275044975648,0.0,0 days 00:03:37.703011
947,RedGrid25,2,0.691295,-0.0461605387430409,-0.0844506593958545,-0.0844506593958545,0.0,-0.042432233179288,0 days 00:12:38.193041
948,RedGrid5,2,0.691295,-0.0461605387430409,-0.0844506593958545,-0.0844506593958545,0.0,-0.042432233179288,0 days 00:11:45.697626
949,RedGrid75,2,0.678718,-0.0354571535785296,-0.0617742986760956,-0.0617742986760956,0.0,-0.0353830137309607,0 days 00:11:41.272676
950,ExpGrad.1,1,0.710583,-0.0300911196993107,-0.1117823894992597,-0.1117823894992597,-0.0301131501935083,-0.0275866836228817,0 days 00:01:49.717985
951,ExpGrad.01,1,0.605709,-0.0033901874093279,-0.0132028100060684,-0.0132028100060684,-0.0005915152413269,-0.0046424839142273,0 days 00:02:48.443509
952,RedGrid25,1,0.705731,-0.0453881576432341,-0.1245266620444752,-0.1245266620444752,-0.043813075447472,-0.0438470825183078,0 days 00:08:56.807871
953,RedGrid5,1,0.705731,-0.0453881576432341,-0.1245266620444752,-0.1245266620444752,-0.043813075447472,-0.0438470825183078,0 days 00:09:35.407363
954,RedGrid75,1,0.705731,-0.0453881576432341,-0.1245266620444752,-0.1245266620444752,-0.043813075447472,-0.0438470825183078,0 days 00:09:35.684286
955,ExpGrad.1,1,0.711661,-0.031700365276435,-0.1078941757078733,-0.1078941757078733,-0.0230734946741996,-0.0341059020218137,0 days 00:05:03.538108
956,ExpGrad.01,1,0.588095,-5.150370273207674e-05,-0.002624032152449,-0.002624032152449,0.0,0.0,0 days 00:04:57.918753
957,RedGrid25,1,0.707436,-0.0698278151462761,-0.137780712152395,-0.137780712152395,-0.0804860898001341,-0.0618143903114896,0 days 00:15:50.997839
958,RedGrid5,1,0.70009,-0.0018429519320594,-0.0938954845693122,-0.0938954845693122,0.0,0.0,0 days 00:16:51.785669
959,RedGrid75,1,0.70009,-0.0018429519320594,-0.0938954845693122,-0.0938954845693122,0.0,0.0,0 days 00:15:48.262626
960,ExpGrad.1,0,0.706234,-0.0780195764974469,-0.0953453146607321,-0.0953453146607321,-0.0674829312909094,-0.0686190045517759,0 days 00:03:24.006978
961,ExpGrad.01,0,0.688565,-0.0162790269827119,-0.0199125597940447,-0.0199125597940447,-0.0176835417653292,-0.0123098966618662,0 days 00:06:56.343084
962,RedGrid25,0,0.682244,-0.1138413007390595,-0.1486332541916335,-0.1486332541916335,-0.0954567040738234,-0.0934306326356632,0 days 00:12:54.846006
963,RedGrid5,0,0.682244,-0.1138413007390595,-0.1486332541916335,-0.1486332541916335,-0.0954567040738234,-0.0934306326356632,0 days 00:13:00.015589
964,RedGrid75,0,0.682244,-0.1138413007390595,-0.1486332541916335,-0.1486332541916335,-0.0954567040738234,-0.0934306326356632,0 days 00:13:06.600542
965,ExpGrad.1,0,0.706449,-0.0817756173659114,-0.0995399920255426,-0.0995399920255426,-0.0727022407005876,-0.071175642871392,0 days 00:03:49.007757
966,ExpGrad.01,0,0.686348,-0.0140119681610361,-0.0184073057835335,-0.0184073057835335,-0.0121379562635655,-0.0111842223241156,0 days 00:06:45.390432
967,RedGrid25,0,0.68638,-0.080912225939473,-0.1118339288750736,-0.1118339288750736,-0.0064291120559643,-0.0949027893123205,0 days 00:13:17.337507
968,RedGrid5,0,0.68638,-0.080912225939473,-0.1118339288750736,-0.1118339288750736,-0.0064291120559643,-0.0949027893123205,0 days 00:13:24.261152
969,RedGrid75,0,0.664544,-0.0296201612235254,-0.0819427741270246,-0.0819427741270246,0.0,0.0,0 days 00:12:56.452818
970,ExpGrad.1,1,0.705665,-0.0181459577916344,-0.1063396866419782,-0.1063396866419782,-0.019484412458107,-0.0146876196634816,0 days 00:03:45.350614
971,ExpGrad.01,1,0.591096,-0.0029131036849928,-0.0080365632013343,-0.005486654712642,-0.0080365632013343,0.0,0 days 00:04:39.482673
972,RedGrid25,1,0.702711,-0.0190297838515207,-0.1200233998625027,-0.1200233998625027,-0.0038002996032413,-0.0243407069488328,0 days 00:14:49.177202
973,RedGrid5,1,0.702711,-0.0190297838515207,-0.1200233998625027,-0.1200233998625027,-0.0038002996032413,-0.0243407069488328,0 days 00:14:44.211549
974,RedGrid75,1,0.702711,-0.0190297838515207,-0.1200233998625027,-0.1200233998625027,-0.0038002996032413,-0.0243407069488328,0 days 00:14:45.459516
975,ExpGrad.1,0,0.706034,-0.081935515777414,-0.0981853264191163,-0.0981853264191163,-0.074218596571041,-0.0719925420095024,0 days 00:03:19.424605
976,ExpGrad.01,0,0.686462,-0.0133805442092487,-0.0179502951641862,-0.0179502951641862,-0.0122956694283523,-0.0099814773757552,0 days 00:06:03.387239
977,RedGrid25,0,0.686492,-0.0784704595536666,-0.1089577114909809,-0.1089577114909809,-0.003451833970785,-0.0934488782879224,0 days 00:11:14.265811
978,RedGrid5,0,0.686492,-0.0784704595536666,-0.1089577114909809,-0.1089577114909809,-0.003451833970785,-0.0934488782879224,0 days 00:11:36.122090
979,RedGrid75,0,0.664005,-0.0535829079208284,-0.1093535110300764,-0.1093535110300764,0.0,-0.034511968576843,0 days 00:11:41.551900
980,ExpGrad.1,2,0.713826,-0.0614238740540894,-0.102287081901083,-0.102287081901083,-0.0363819422578268,-0.042130300242663,0 days 00:02:30.185070
981,ExpGrad.01,2,0.617088,-0.007356581566673,-0.0148608810018569,-0.0148608810018569,0.0,-0.0056276982019939,0 days 00:03:20.753232
982,RedGrid25,2,0.7296,-0.0968584339295811,-0.1246663394857939,-0.1246663394857939,-0.0996067297421146,-0.0707097845943527,0 days 00:11:06.017293
983,RedGrid5,2,0.687256,-0.0343881888105275,-0.0854931342807885,-0.0854931342807885,0.0,-0.0122785788729113,0 days 00:11:06.264579
984,RedGrid75,2,0.678736,-0.0350569614694702,-0.0607241861657721,-0.0607241861657721,0.0,-0.0356532783141022,0 days 00:11:04.614720
985,ExpGrad.1,2,0.722203,-0.0707185206748016,-0.1000005634628112,-0.1000005634628112,-0.0760476263099864,-0.0409286162568415,0 days 00:03:01.629093
986,ExpGrad.01,2,0.622901,-0.0045355861335128,-0.0077358826691005,-0.0071877709071737,-0.0077358826691005,0.0,0 days 00:03:37.947615
987,RedGrid25,2,0.718504,-0.0738548484071756,-0.109361429677695,-0.109361429677695,-0.0960191808016111,-0.0271159345218452,0 days 00:10:59.763008
988,RedGrid5,2,0.712693,-0.060577236910233,-0.1022425293756791,-0.1022425293756791,-0.0638804646356985,-0.0210827344821469,0 days 00:10:56.166654
989,RedGrid75,2,0.673871,-0.032570289500969,-0.0593748796996062,-0.0448278964145283,-0.0593748796996062,-0.0034855623471898,0 days 00:10:48.212456
990,ExpGrad.1,0,0.706791,-0.0813317274616126,-0.0995342172482537,-0.0995342172482537,-0.0718404254565494,-0.0705568900980653,0 days 00:03:03.033218
991,ExpGrad.01,0,0.685381,-0.0126352719768854,-0.0183017432300354,-0.0183017432300354,-0.0102454440711788,-0.0089692131087563,0 days 00:06:00.764137
992,RedGrid25,0,0.686461,-0.1201702212144597,-0.1515203177023989,-0.1515203177023989,-0.096711668461957,-0.1055389499759923,0 days 00:12:15.532253
993,RedGrid5,0,0.686461,-0.1201702212144597,-0.1515203177023989,-0.1515203177023989,-0.096711668461957,-0.1055389499759923,0 days 00:12:14.144471
994,RedGrid75,0,0.686461,-0.1201702212144597,-0.1515203177023989,-0.1515203177023989,-0.096711668461957,-0.1055389499759923,0 days 00:12:11.874221
995,ExpGrad.1,2,0.701098,-0.047466310844791,-0.0773321768610237,-0.0773321768610237,-0.0597535766974493,-0.0124906815365292,0 days 00:02:06.724288
996,ExpGrad.01,2,0.631022,-0.0052265403262461,-0.0124155746939515,-0.0124155746939515,-0.0034576951639751,0.0,0 days 00:04:19.756229
997,RedGrid25,2,0.726147,-0.0949800517529165,-0.1247828064686286,-0.1247828064686286,-0.0993746451693408,-0.0653917986754285,0 days 00:11:39.081895
998,RedGrid5,2,0.70912,-0.0662484763760378,-0.1010990510133562,-0.1010990510133562,-0.0406924132376128,-0.0523812721203686,0 days 00:10:52.722625
999,RedGrid75,2,0.640557,-0.0205834833877122,-0.0381603745483098,-0.0381603745483098,0.0,-0.0187865607157058,0 days 00:10:25.430520
1000,ExpGrad.1,0,0.706005,-0.0754018260285088,-0.0930418579727354,-0.0930418579727354,-0.0638709506493043,-0.0662712349127561,0 days 00:04:03.218128
1001,ExpGrad.01,0,0.687748,-0.0095561816739761,-0.0157787873527599,-0.0157787873527599,-0.0065112103364928,-0.0057698795970357,0 days 00:09:11.171618
1002,RedGrid25,0,0.681827,-0.110705073486845,-0.1471663699591981,-0.1471663699591981,-0.091207370002038,-0.0894347994120887,0 days 00:13:42.696345
1003,RedGrid5,0,0.681827,-0.110705073486845,-0.1471663699591981,-0.1471663699591981,-0.091207370002038,-0.0894347994120887,0 days 00:13:50.212203
1004,RedGrid75,0,0.681827,-0.110705073486845,-0.1471663699591981,-0.1471663699591981,-0.091207370002038,-0.0894347994120887,0 days 00:13:43.511634
1005,ExpGrad.1,1,0.712558,-0.0566080110866926,-0.1248879429043217,-0.1248879429043217,-0.0590325381937103,-0.053161863589485,0 days 00:02:43.592486
1006,ExpGrad.01,1,0.579218,-0.0005022704030873,-0.0106957300994526,-0.0106957300994526,-0.0008422627265357,0.0,0 days 00:03:08.677160
1007,RedGrid25,1,0.707635,-0.0701130015477143,-0.1361275864223021,-0.1361275864223021,-0.0827278793480431,-0.0610749978220398,0 days 00:12:23.969306
1008,RedGrid5,1,0.707635,-0.0701130015477143,-0.1361275864223021,-0.1361275864223021,-0.0827278793480431,-0.0610749978220398,0 days 00:13:00.048989
1009,RedGrid75,1,0.707635,-0.0701130015477143,-0.1361275864223021,-0.1361275864223021,-0.0827278793480431,-0.0610749978220398,0 days 00:13:00.998019
1010,ExpGrad.1,2,0.71495,-0.0584464802015037,-0.0924334662288631,-0.0924334662288631,-0.0450071596793364,-0.0376525363275805,0 days 00:04:01.263859
1011,ExpGrad.01,2,0.629831,-0.0114546570406297,-0.0168853918076549,-0.0168853918076549,-0.0066164910968909,-0.0099467600969311,0 days 00:04:44.191773
1012,RedGrid25,2,0.695402,-0.0644357034126667,-0.0762867180607594,-0.0762867180607594,-0.0729474172345864,-0.0482837436585422,0 days 00:15:52.291643
1013,RedGrid5,2,0.680152,-0.034645255325179,-0.0571815978384949,-0.0571815978384949,0.0,-0.0382130940471724,0 days 00:14:46.000222
1014,RedGrid75,2,0.680152,-0.034645255325179,-0.0571815978384949,-0.0571815978384949,0.0,-0.0382130940471724,0 days 00:15:17.803856
1015,ExpGrad.1,1,0.710978,-0.0271559511700641,-0.116535398929821,-0.116535398929821,-0.0274525573391002,-0.0241911034668829,0 days 00:02:29.810182
1016,ExpGrad.01,1,0.575069,-0.0001638982109818,-0.0082900130334813,-0.0082900130334813,0.0,0.0,0 days 00:02:49.258927
1017,RedGrid25,1,0.699456,-0.0143795878445907,-0.1138935371944189,-0.1138935371944189,0.0,-0.0192214786091686,0 days 00:11:52.728202
1018,RedGrid5,1,0.699456,-0.0143795878445907,-0.1138935371944189,-0.1138935371944189,0.0,-0.0192214786091686,0 days 00:12:04.349907
1019,RedGrid75,1,0.699456,-0.0143795878445907,-0.1138935371944189,-0.1138935371944189,0.0,-0.0192214786091686,0 days 00:12:07.347622
1020,ExpGrad.1,0,0.706945,-0.0803591482199252,-0.0980289836585603,-0.0980289836585603,-0.0698912306043002,-0.0706346022923721,0 days 00:03:19.960457
1021,ExpGrad.01,0,0.690148,-0.0136667008151715,-0.0197346781176255,-0.0197346781176255,-0.0105429374285663,-0.0100654498129943,0 days 00:08:23.980395
1022,RedGrid25,0,0.6828,-0.1116500704429585,-0.1468498523728891,-0.1468498523728891,-0.090838346247576,-0.0922550486103432,0 days 00:11:13.559881
1023,RedGrid5,0,0.6828,-0.1116500704429585,-0.1468498523728891,-0.1468498523728891,-0.090838346247576,-0.0922550486103432,0 days 00:11:11.158491
1024,RedGrid75,0,0.6828,-0.1116500704429585,-0.1468498523728891,-0.1468498523728891,-0.090838346247576,-0.0922550486103432,0 days 00:11:09.177578
1025,ExpGrad.1,0,0.705967,-0.0819539099037887,-0.0994005024552016,-0.0994005024552016,-0.0735258669382309,-0.0712943243825887,0 days 00:03:02.303823
1026,ExpGrad.01,0,0.686073,-0.0145182455359948,-0.019078307525704,-0.019078307525704,-0.0131333392317718,-0.0112775624229275,0 days 00:06:31.497930
1027,RedGrid25,0,0.686369,-0.1214357600463431,-0.1516909119909575,-0.1516909119909575,-0.0999918718337993,-0.1067450402381108,0 days 00:11:52.832881
1028,RedGrid5,0,0.686369,-0.1214357600463431,-0.1516909119909575,-0.1516909119909575,-0.0999918718337993,-0.1067450402381108,0 days 00:11:49.352648
1029,RedGrid75,0,0.686369,-0.1214357600463431,-0.1516909119909575,-0.1516909119909575,-0.0999918718337993,-0.1067450402381108,0 days 00:11:49.146912
1030,ExpGrad.1,1,0.712649,-0.0469429770574181,-0.1195697054667185,-0.1195697054667185,-0.0415153009171943,-0.047715973553804,0 days 00:02:26.379398
1031,ExpGrad.01,1,0.615213,-0.0059993470291246,-0.0214851473234635,-0.0214851473234635,-0.0023477616568205,-0.0075450262196262,0 days 00:04:10.931849
1032,RedGrid25,1,0.699496,-0.0453745062507783,-0.1137098044342865,-0.1137098044342865,0.0,-0.0683944017777622,0 days 00:12:19.996868
1033,RedGrid5,1,0.699496,-0.0453745062507783,-0.1137098044342865,-0.1137098044342865,0.0,-0.0683944017777622,0 days 00:13:04.443368
1034,RedGrid75,1,0.684375,-0.0008415242072813,-0.0433861728896851,-0.0433861728896851,0.0,0.0,0 days 00:12:25.405650
1035,ExpGrad.1,0,0.706807,-0.0781044892077948,-0.0955762248221665,-0.0955762248221665,-0.0671096433205143,-0.0688346229595137,0 days 00:03:03.585908
1036,ExpGrad.01,0,0.684111,-0.0147935283522888,-0.0183602793864271,-0.0183602793864271,-0.0104106402913259,-0.0140827364997285,0 days 00:05:50.554480
1037,RedGrid25,0,0.694165,-0.0358588977952797,-0.042950695627535,-0.0381882570545549,-0.0193223148216856,-0.042950695627535,0 days 00:12:42.183553
1038,RedGrid5,0,0.694165,-0.0358588977952797,-0.042950695627535,-0.0381882570545549,-0.0193223148216856,-0.042950695627535,0 days 00:12:53.682818
1039,RedGrid75,0,0.694165,-0.0358588977952797,-0.042950695627535,-0.0381882570545549,-0.0193223148216856,-0.042950695627535,0 days 00:12:49.660213
1040,ExpGrad.1,0,0.706775,-0.0837178636004379,-0.1008869403518791,-0.1008869403518791,-0.0741313145283421,-0.0738900364356955,0 days 00:02:59.093524
1041,ExpGrad.01,0,0.684898,-0.0137377047234649,-0.0184754237622215,-0.0184754237622215,-0.0128607052637972,-0.0100515685393048,0 days 00:06:00.105058
1042,RedGrid25,0,0.690515,-0.0204241335357982,-0.0262207454434657,-0.0262207454434657,-0.007648843797935,-0.0223609746765026,0 days 00:12:26.808910
1043,RedGrid5,0,0.690515,-0.0204241335357982,-0.0262207454434657,-0.0262207454434657,-0.007648843797935,-0.0223609746765026,0 days 00:12:22.400816
1044,RedGrid75,0,0.690515,-0.0204241335357982,-0.0262207454434657,-0.0262207454434657,-0.007648843797935,-0.0223609746765026,0 days 00:12:21.177360
1045,ExpGrad.1,0,0.706881,-0.0833907260583934,-0.1004822900459272,-0.1004822900459272,-0.0749318792482195,-0.073110369727926,0 days 00:03:29.061588
1046,ExpGrad.01,0,0.685942,-0.0153453596735936,-0.0199144845936771,-0.0199144845936771,-0.0147601798273102,-0.0116708690178711,0 days 00:06:02.147594
1047,RedGrid25,0,0.682648,-0.1140407269110031,-0.1499068817771488,-0.1499068817771488,-0.0940898897671936,-0.0936835003128209,0 days 00:12:59.139798
1048,RedGrid5,0,0.682648,-0.1140407269110031,-0.1499068817771488,-0.1499068817771488,-0.0940898897671936,-0.0936835003128209,0 days 00:12:54.014857
1049,RedGrid75,0,0.682648,-0.1140407269110031,-0.1499068817771488,-0.1499068817771488,-0.0940898897671936,-0.0936835003128209,0 days 00:13:04.503002
1050,ExpGrad.1,0,0.706321,-0.0803054959607403,-0.0982258845547366,-0.0982258845547366,-0.0711011387328008,-0.0696716662217057,0 days 00:03:52.689610
1051,ExpGrad.01,0,0.687554,-0.0120276232535082,-0.0182311304244967,-0.0182311304244967,-0.0105358575107541,-0.0074095180746297,0 days 00:08:26.041908
1052,RedGrid25,0,0.685738,-0.1228175500844899,-0.1536129547573583,-0.1536129547573583,-0.0994011041705538,-0.1087457763262509,0 days 00:15:15.208588
1053,RedGrid5,0,0.685738,-0.1228175500844899,-0.1536129547573583,-0.1536129547573583,-0.0994011041705538,-0.1087457763262509,0 days 00:15:10.557507
1054,RedGrid75,0,0.685738,-0.1228175500844899,-0.1536129547573583,-0.1536129547573583,-0.0994011041705538,-0.1087457763262509,0 days 00:15:11.229764
1055,ExpGrad.1,0,0.707246,-0.0839975889071834,-0.1015734998266242,-0.1015734998266242,-0.0752681123741418,-0.0734021018402623,0 days 00:03:01.281213
1056,ExpGrad.01,0,0.685358,-0.0146147366509226,-0.0188785858446804,-0.0188785858446804,-0.0149393912275057,-0.0106923914988541,0 days 00:06:05.180504
1057,RedGrid25,0,0.686522,-0.0814798433134952,-0.1129019416031423,-0.1129019416031423,-0.0061284594617496,-0.0956074650134962,0 days 00:10:59.478777
1058,RedGrid5,0,0.686522,-0.0814798433134952,-0.1129019416031423,-0.1129019416031423,-0.0061284594617496,-0.0956074650134962,0 days 00:11:01.064908
1059,RedGrid75,0,0.686522,-0.0814798433134952,-0.1129019416031423,-0.1129019416031423,-0.0061284594617496,-0.0956074650134962,0 days 00:10:57.704701
1060,ExpGrad.1,2,0.704718,-0.0477715264647993,-0.0853603345601489,-0.0853603345601489,-0.0261725850161596,-0.0289273379092715,0 days 00:02:50.315842
1061,ExpGrad.01,2,0.62582,-0.007237927549527,-0.0104413983683829,-0.0104413983683829,-0.0047383826934523,-0.0060677986875347,0 days 00:03:46.601568
1062,RedGrid25,2,0.723526,-0.0777029950552288,-0.1060010702022656,-0.1060010702022656,-0.0609812785573552,-0.0638216886623983,0 days 00:12:46.417902
1063,RedGrid5,2,0.66245,-0.0153379907258972,-0.0442500700881591,-0.0442500700881591,0.0,0.0,0 days 00:12:00.771229
1064,RedGrid75,2,0.66245,-0.0153379907258972,-0.0442500700881591,-0.0442500700881591,0.0,0.0,0 days 00:11:56.520371
1065,ExpGrad.1,1,0.712249,-0.0482127357602374,-0.1249217684368146,-0.1249217684368146,-0.0468416926351452,-0.0465717443137244,0 days 00:03:02.862141
1066,ExpGrad.01,1,0.582431,-0.009469031392288,-0.0123739483396333,-0.0074226684706311,-0.0043214887191715,-0.0123739483396333,0 days 00:04:27.852932
1067,RedGrid25,1,0.706886,-0.063996978764208,-0.1350697620373028,-0.1350697620373028,-0.0725401371081458,-0.057060461501156,0 days 00:15:04.275022
1068,RedGrid5,1,0.706886,-0.063996978764208,-0.1350697620373028,-0.1350697620373028,-0.0725401371081458,-0.057060461501156,0 days 00:15:07.957799
1069,RedGrid75,1,0.706886,-0.063996978764208,-0.1350697620373028,-0.1350697620373028,-0.0725401371081458,-0.057060461501156,0 days 00:15:03.174262
1070,ExpGrad.1,2,0.709148,-0.0558214204362741,-0.0864944097380029,-0.0864944097380029,-0.052766880322105,-0.0306852303505739,0 days 00:02:54.748465
1071,ExpGrad.01,2,0.625566,-0.0036962930172393,-0.0106639315135312,-0.0106639315135312,0.0,0.0,0 days 00:03:51.273681
1072,RedGrid25,2,0.726062,-0.094880550421037,-0.1298003067949409,-0.1298003067949409,-0.0954448063053682,-0.0635535622588207,0 days 00:13:21.151612
1073,RedGrid5,2,0.675756,-0.0316062155236173,-0.0517117883569513,-0.0517117883569513,0.0,-0.0349841936250039,0 days 00:13:10.098863
1074,RedGrid75,2,0.675756,-0.0316062155236173,-0.0517117883569513,-0.0517117883569513,0.0,-0.0349841936250039,0 days 00:13:28.863453
1075,ExpGrad.1,0,0.706646,-0.0807204845428439,-0.097970882799889,-0.097970882799889,-0.071603956655177,-0.0706132608053536,0 days 00:03:27.536597
1076,ExpGrad.01,0,0.685814,-0.0110833441067888,-0.0164839203036117,-0.0164839203036117,-0.0084393143743071,-0.0078027350728051,0 days 00:07:00.416473
1077,RedGrid25,0,0.686018,-0.1196117255218562,-0.1501213771307341,-0.1501213771307341,-0.0955805617456216,-0.1061149294613761,0 days 00:15:24.395512
1078,RedGrid5,0,0.686018,-0.1196117255218562,-0.1501213771307341,-0.1501213771307341,-0.0955805617456216,-0.1061149294613761,0 days 00:15:31.732923
1079,RedGrid75,0,0.686018,-0.1196117255218562,-0.1501213771307341,-0.1501213771307341,-0.0955805617456216,-0.1061149294613761,0 days 00:15:04.939961
1080,ExpGrad.1,2,0.696271,-0.0330808573068545,-0.0684402698958994,-0.0684402698958994,-0.0273709984218679,-0.0052827069892185,0 days 00:02:24.262631
1081,ExpGrad.01,2,0.640399,-0.0075946931945379,-0.0146955341950396,-0.0146955341950396,-0.0094394284038004,0.0,0 days 00:05:39.367524
1082,RedGrid25,2,0.726238,-0.0911497399682127,-0.1149725699651592,-0.1149725699651592,-0.1054702081369434,-0.060200021058472,0 days 00:10:43.121697
1083,RedGrid5,2,0.63755,-0.0058659841271513,-0.0168317377013338,-0.0168317377013338,0.0,0.0,0 days 00:10:44.108598
1084,RedGrid75,2,0.63755,-0.0058659841271513,-0.0168317377013338,-0.0168317377013338,0.0,0.0,0 days 00:10:43.142575
1085,ExpGrad.1,0,0.706474,-0.0767890190381058,-0.0963863410929424,-0.0963863410929424,-0.0636206138569098,-0.0669285783039942,0 days 00:03:47.587204
1086,ExpGrad.01,0,0.689038,-0.0137213957886164,-0.0199469830069186,-0.0199469830069186,-0.0089113723901512,-0.0109351611990591,0 days 00:07:31.212756
1087,RedGrid25,0,0.694772,-0.0369117099093223,-0.042749082149908,-0.0403673701867908,-0.0208736592398505,-0.042749082149908,0 days 00:14:17.786728
1088,RedGrid5,0,0.694772,-0.0369117099093223,-0.042749082149908,-0.0403673701867908,-0.0208736592398505,-0.042749082149908,0 days 00:14:17.611284
1089,RedGrid75,0,0.694772,-0.0369117099093223,-0.042749082149908,-0.0403673701867908,-0.0208736592398505,-0.042749082149908,0 days 00:14:03.358092
1090,ExpGrad.1,2,0.717298,-0.0660599659390501,-0.0996710348122068,-0.0996710348122068,-0.0513579283225391,-0.0455988671144251,0 days 00:02:16.745871
1091,ExpGrad.01,2,0.614701,-0.0077050873123145,-0.0113685803186588,-0.0113685803186588,-0.003901824223825,-0.0069432741585182,0 days 00:02:55.086026
1092,RedGrid25,2,0.729789,-0.0980933020151994,-0.1242835202239923,-0.1242835202239923,-0.1006195778232346,-0.0728206644435591,0 days 00:10:34.758478
1093,RedGrid5,2,0.672192,-0.0315154779345094,-0.0512422408698718,-0.0453360176110403,-0.0512422408698718,-0.0059068166584581,0 days 00:10:31.307780
1094,RedGrid75,2,0.672192,-0.0315154779345094,-0.0512422408698718,-0.0453360176110403,-0.0512422408698718,-0.0059068166584581,0 days 00:10:32.946002
1095,ExpGrad.1,0,0.70738,-0.077053248628584,-0.0943315520162098,-0.0943315520162098,-0.0665733638059004,-0.0677180569747247,0 days 00:03:22.258068
1096,ExpGrad.01,0,0.68218,-0.0115189661169087,-0.0141873629388955,-0.0141873629388955,-0.0128021743010576,-0.0084654997257995,0 days 00:06:03.484722
1097,RedGrid25,0,0.683693,-0.1139859509249363,-0.1478726450898997,-0.1478726450898997,-0.0958769574863487,-0.0943197111696639,0 days 00:12:05.551193
1098,RedGrid5,0,0.683693,-0.1139859509249363,-0.1478726450898997,-0.1478726450898997,-0.0958769574863487,-0.0943197111696639,0 days 00:12:38.593592
1099,RedGrid75,0,0.683693,-0.1139859509249363,-0.1478726450898997,-0.1478726450898997,-0.0958769574863487,-0.0943197111696639,0 days 00:12:36.870163
1100,ExpGrad.1,1,0.710293,-0.0461446365719837,-0.121480432855449,-0.121480432855449,-0.0565875672508857,-0.0380368514053988,0 days 00:02:17.890897
1101,ExpGrad.01,1,0.600489,-0.003171480374565,-0.0169114852221056,-0.0169114852221056,-0.0080636947716511,-3.989905386209136e-05,0 days 00:03:42.451655
1102,RedGrid25,1,0.705413,-0.0537018318958155,-0.133033556364976,-0.133033556364976,-0.0536606904126505,-0.0512706405533749,0 days 00:11:25.915239
1103,RedGrid5,1,0.684494,-0.0009677635420074,-0.0495624002701964,-0.0495624002701964,0.0,0.0,0 days 00:11:33.108540
1104,RedGrid75,1,0.684494,-0.0009677635420074,-0.0495624002701964,-0.0495624002701964,0.0,0.0,0 days 00:11:04.112521
1105,ExpGrad.1,1,0.710988,-0.0355384379587564,-0.1117064632370007,-0.1117064632370007,-0.0284119195945048,-0.0371235422677272,0 days 00:02:11.079459
1106,ExpGrad.01,1,0.612131,-0.0033620559832114,-0.0223374745057065,-0.0223374745057065,-0.0060433703174377,-0.0013003350636219,0 days 00:08:02.112893
1107,RedGrid25,1,0.704663,-0.0669185059843654,-0.1402232174007345,-0.1402232174007345,-0.0694526766773123,-0.0632665690633668,0 days 00:13:28.576659
1108,RedGrid5,1,0.699146,-0.0106469498925184,-0.0994476559934063,-0.0994476559934063,0.0,-0.0137839545870563,0 days 00:13:26.865493
1109,RedGrid75,1,0.699146,-0.0106469498925184,-0.0994476559934063,-0.0994476559934063,0.0,-0.0137839545870563,0 days 00:13:31.926435
1110,ExpGrad.1,2,0.717047,-0.0652098061886281,-0.0903475039369085,-0.0903475039369085,-0.0533280440682674,-0.0509406686379189,0 days 00:03:39.759680
1111,ExpGrad.01,2,0.61886,-0.0040786859451649,-0.0091829865686938,-0.0091829865686938,0.0,-0.0022791008363236,0 days 00:05:05.514430
1112,RedGrid25,2,0.729445,-0.0990491995068857,-0.1150056490016174,-0.1150056490016174,-0.1099538544753935,-0.0778365403551186,0 days 00:14:10.930856
1113,RedGrid5,2,0.684152,-0.030462236186892,-0.0722240782922062,-0.0722240782922062,0.0,-0.0138221782566623,0 days 00:14:10.574475
1114,RedGrid75,2,0.681414,-0.0289199484187418,-0.0699272379256517,-0.0699272379256517,0.0,-0.0119269503038272,0 days 00:14:42.600745
1115,ExpGrad.1,0,0.705772,-0.0822135106690712,-0.0990606718928482,-0.0990606718928482,-0.0738385824932298,-0.0720384107403482,0 days 00:03:24.378403
1116,ExpGrad.01,0,0.685971,-0.0138689224243959,-0.0185358518248808,-0.0185358518248808,-0.0131257649430313,-0.0101779620643919,0 days 00:05:47.978828
1117,RedGrid25,0,0.693677,-0.0352648558729446,-0.041157573026066,-0.0378844802933586,-0.020450457105538,-0.041157573026066,0 days 00:13:06.869312
1118,RedGrid5,0,0.693677,-0.0352648558729446,-0.041157573026066,-0.0378844802933586,-0.020450457105538,-0.041157573026066,0 days 00:13:09.946260
1119,RedGrid75,0,0.693677,-0.0352648558729446,-0.041157573026066,-0.0378844802933586,-0.020450457105538,-0.041157573026066,0 days 00:13:10.611747
1120,ExpGrad.1,2,0.669471,-0.0442062864179851,-0.0582624668539564,-0.0582624668539564,-0.0446314964616862,-0.0310372862164233,0 days 00:02:29.927819
1121,ExpGrad.01,2,0.627379,-0.0108640817423792,-0.0166016684504797,-0.0166016684504797,-0.0081624374003859,-0.0074049608529644,0 days 00:03:52.039234
1122,RedGrid25,2,0.704296,-0.0545348409322493,-0.0876699716256422,-0.0767974071185647,-0.0876699716256422,-0.0120417094719747,0 days 00:11:02.148253
1123,RedGrid5,2,0.649697,-0.0262821658880428,-0.0591924348150963,-0.0310245783668262,-0.0591924348150963,0.0,0 days 00:11:07.554140
1124,RedGrid75,2,0.649697,-0.0262821658880428,-0.0591924348150963,-0.0310245783668262,-0.0591924348150963,0.0,0 days 00:10:57.337317
1125,ExpGrad.1,1,0.711752,-0.0374607991762306,-0.1165973987461284,-0.1165973987461284,-0.0409411297330165,-0.0330994474859119,0 days 00:03:56.580639
1126,ExpGrad.01,1,0.589094,-0.0071786998333034,-0.0128368762656959,-0.0083728327342605,-0.0128368762656959,-0.004009842611488,0 days 00:03:46.154550
1127,RedGrid25,1,0.70599,-0.0627725142476895,-0.1390689243369152,-0.1390689243369152,-0.062833429403888,-0.0603913844216268,0 days 00:15:06.421448
1128,RedGrid5,1,0.70599,-0.0627725142476895,-0.1390689243369152,-0.1390689243369152,-0.062833429403888,-0.0603913844216268,0 days 00:14:57.815375
1129,RedGrid75,1,0.70599,-0.0627725142476895,-0.1390689243369152,-0.1390689243369152,-0.062833429403888,-0.0603913844216268,0 days 00:15:03.059568
1130,ExpGrad.1,2,0.718988,-0.0639503737050539,-0.0952579833145734,-0.0952579833145734,-0.0624856924051699,-0.0373632324942692,0 days 00:02:49.309175
1131,ExpGrad.01,2,0.635303,-0.0043885035636827,-0.0095489532121483,-0.0095489532121483,-0.0041563714117811,0.0,0 days 00:03:15.871483
1132,RedGrid25,2,0.718959,-0.0786858621517404,-0.0899392938717154,-0.0899392938717154,-0.0894753847973892,-0.061662522557257,0 days 00:11:05.489424
1133,RedGrid5,2,0.696586,-0.0407779817007949,-0.0920684948754462,-0.0920684948754462,0.0,-0.022544246509739,0 days 00:11:02.434547
1134,RedGrid75,2,0.669718,-0.0193607910288313,-0.0345559100938922,-0.0345559100938922,-0.0284353379872379,0.0,0 days 00:11:15.085380
1135,ExpGrad.1,2,0.711169,-0.0583365893448807,-0.0905219944767252,-0.0905219944767252,-0.0530211754407386,-0.0331487244529632,0 days 00:02:09.511154
1136,ExpGrad.01,2,0.619349,-0.0031885915830275,-0.0091568484518946,-0.0091568484518946,0.0,0.0,0 days 00:03:54.732699
1137,RedGrid25,2,0.715844,-0.0658138995827157,-0.098189363061483,-0.098189363061483,-0.0773845612340252,-0.0290956025483385,0 days 00:11:44.147400
1138,RedGrid5,2,0.715844,-0.0658138995827157,-0.098189363061483,-0.098189363061483,-0.0773845612340252,-0.0290956025483385,0 days 00:11:44.675573
1139,RedGrid75,2,0.679082,-0.0332683942193344,-0.0558453023305517,-0.0558453023305517,0.0,-0.0354737480035151,0 days 00:11:31.879357
1140,ExpGrad.1,0,0.706574,-0.0843362988180944,-0.1018846049567866,-0.1018846049567866,-0.0763684800725912,-0.0733348079257942,0 days 00:02:58.992394
1141,ExpGrad.01,0,0.687987,-0.013737240798858,-0.019562665958275,-0.019562665958275,-0.0116903464853946,-0.0097548042242909,0 days 00:06:17.841001
1142,RedGrid25,0,0.690417,-0.0236482703574451,-0.0295576615451175,-0.0295576615451175,-0.0109095290986412,-0.0254967269493613,0 days 00:13:15.063359
1143,RedGrid5,0,0.690417,-0.0236482703574451,-0.0295576615451175,-0.0295576615451175,-0.0109095290986412,-0.0254967269493613,0 days 00:13:25.983770
1144,RedGrid75,0,0.690417,-0.0236482703574451,-0.0295576615451175,-0.0295576615451175,-0.0109095290986412,-0.0254967269493613,0 days 00:13:11.338211
1145,ExpGrad.1,0,0.706597,-0.078000879946486,-0.0956073466171947,-0.0956073466171947,-0.0661568656723927,-0.0690757477906705,0 days 00:03:18.852423
1146,ExpGrad.01,0,0.687183,-0.0146931629291792,-0.0196995444934394,-0.0196995444934394,-0.0130352674568416,-0.0112112302988419,0 days 00:07:36.969350
1147,RedGrid25,0,0.68646,-0.1232466270258117,-0.1531956099727778,-0.1531956099727778,-0.0986181008328231,-0.1105391348751722,0 days 00:12:08.240870
1148,RedGrid5,0,0.68646,-0.1232466270258117,-0.1531956099727778,-0.1531956099727778,-0.0986181008328231,-0.1105391348751722,0 days 00:12:40.873955
1149,RedGrid75,0,0.68646,-0.1232466270258117,-0.1531956099727778,-0.1531956099727778,-0.0986181008328231,-0.1105391348751722,0 days 00:12:35.859383
1150,ExpGrad.1,1,0.709723,-0.0203211484790685,-0.116724345612249,-0.116724345612249,-0.0123129316984254,-0.0217865034741477,0 days 00:02:42.834167
1151,ExpGrad.01,1,0.594861,-0.0003717596889178,-0.0190686331984125,-0.0190686331984125,0.0,0.0,0 days 00:03:16.324425
1152,RedGrid25,1,0.705717,-0.0604142012394371,-0.1396345379104994,-0.1396345379104994,-0.0611268183078781,-0.0575687416881681,0 days 00:13:26.755740
1153,RedGrid5,1,0.705717,-0.0604142012394371,-0.1396345379104994,-0.1396345379104994,-0.0611268183078781,-0.0575687416881681,0 days 00:13:38.844226
1154,RedGrid75,1,0.705717,-0.0604142012394371,-0.1396345379104994,-0.1396345379104994,-0.0611268183078781,-0.0575687416881681,0 days 00:13:46.962361
1155,ExpGrad.1,0,0.706286,-0.0779910564999022,-0.0956183615134218,-0.0956183615134218,-0.0671201263241132,-0.0685164113168217,0 days 00:03:21.967460
1156,ExpGrad.01,0,0.685255,-0.0127355164104651,-0.018192753254271,-0.018192753254271,-0.0115591964450229,-0.0085953229940729,0 days 00:07:06.694158
1157,RedGrid25,0,0.687912,-0.1325706257001487,-0.1560152891433077,-0.1560152891433077,-0.1348716110619907,-0.1107294268164512,0 days 00:11:24.334467
1158,RedGrid5,0,0.687912,-0.1325706257001487,-0.1560152891433077,-0.1560152891433077,-0.1348716110619907,-0.1107294268164512,0 days 00:11:23.913199
1159,RedGrid75,0,0.660685,-0.0488693804049493,-0.1072945269031503,-0.1072945269031503,0.0,-0.0245437251431378,0 days 00:11:23.840495
1160,ExpGrad.1,2,0.717635,-0.0603974109279795,-0.0906215628087939,-0.0906215628087939,-0.0485887982704267,-0.0412090534853622,0 days 00:02:26.738033
1161,ExpGrad.01,2,0.627177,-0.0047957974415129,-0.0118930348519096,-0.0118930348519096,0.0,-0.0016453247373788,0 days 00:03:12.028457
1162,RedGrid25,2,0.715819,-0.0654395632803559,-0.0854574615623243,-0.0854574615623243,-0.0694308266033111,-0.0448166234706582,0 days 00:11:22.915494
1163,RedGrid5,2,0.680762,-0.0352261685916911,-0.0477117698801527,-0.0477117698801527,0.0,-0.0476325884961368,0 days 00:11:21.727263
1164,RedGrid75,2,0.674047,-0.0256695134716735,-0.0486819985021182,-0.0371024315156966,-0.0486819985021182,0.0,0 days 00:11:21.589499
1165,ExpGrad.1,1,0.712087,-0.0432569047118531,-0.1203072619937045,-0.1203072619937045,-0.0397821860702476,-0.0428049553479642,0 days 00:02:39.317641
1166,ExpGrad.01,1,0.603513,-0.0004027355151247,-0.0207288456657073,-0.0207288456657073,0.0,0.0,0 days 00:03:22.804915
1167,RedGrid25,1,0.699719,-0.0140218463467219,-0.1105954035079245,-0.1105954035079245,-0.0012375050601871,-0.0181055735625588,0 days 00:13:44.768468
1168,RedGrid5,1,0.699719,-0.0140218463467219,-0.1105954035079245,-0.1105954035079245,-0.0012375050601871,-0.0181055735625588,0 days 00:13:58.392771
1169,RedGrid75,1,0.699719,-0.0140218463467219,-0.1105954035079245,-0.1105954035079245,-0.0012375050601871,-0.0181055735625588,0 days 00:14:07.858610
1170,ExpGrad.1,2,0.707801,-0.0548064188955358,-0.0898879536258241,-0.0898879536258241,-0.0362040348454344,-0.0362705705813442,0 days 00:02:41.915970
1171,ExpGrad.01,2,0.629496,-0.0042488408902507,-0.0125454617704071,-0.0028411532320598,-0.0125454617704071,0.0,0 days 00:05:28.283258
1172,RedGrid25,2,0.71025,-0.059139185979224,-0.1097648293669773,-0.1097648293669773,-0.0143356741440077,-0.0442656973534081,0 days 00:12:01.137720
1173,RedGrid5,2,0.696279,-0.0443534501776258,-0.0851096996557165,-0.0851096996557165,0.0,-0.0378575938965253,0 days 00:12:01.839665
1174,RedGrid75,2,0.626357,-0.0050127373694992,-0.0160802843313908,-0.0023895838038469,-0.0160802843313908,0.0,0 days 00:11:54.687370
1175,ExpGrad.1,0,0.706579,-0.0822202601389368,-0.0984689560223192,-0.0984689560223192,-0.0723606867564887,-0.0733956905330717,0 days 00:03:51.862194
1176,ExpGrad.01,0,0.684963,-0.012472036019464,-0.015242031804058,-0.015242031804058,-0.0127367475437788,-0.0098853309101312,0 days 00:08:42.496915
1177,RedGrid25,0,0.685912,-0.0793467095425386,-0.1112083758485503,-0.1112083758485503,-0.0019197799361813,-0.0943615505734993,0 days 00:14:55.959750
1178,RedGrid5,0,0.685912,-0.0793467095425386,-0.1112083758485503,-0.1112083758485503,-0.0019197799361813,-0.0943615505734993,0 days 00:14:50.908861
1179,RedGrid75,0,0.664055,-0.0545365390475767,-0.1103912749524522,-0.1103912749524522,0.0,-0.0356870755077866,0 days 00:14:50.279580
1180,ExpGrad.1,0,0.706482,-0.0838617050957515,-0.1012138226071103,-0.1012138226071103,-0.0753795144227554,-0.0733689660732812,0 days 00:03:38.364636
1181,ExpGrad.01,0,0.68672,-0.0104734560326563,-0.0150730253630503,-0.0150730253630503,-0.0079451146701235,-0.0078474985643742,0 days 00:08:38.693408
1182,RedGrid25,0,0.693829,-0.0369383502239416,-0.043460875503171,-0.0393424297996191,-0.0213923882343655,-0.043460875503171,0 days 00:13:35.455072
1183,RedGrid5,0,0.693829,-0.0369383502239416,-0.043460875503171,-0.0393424297996191,-0.0213923882343655,-0.043460875503171,0 days 00:13:36.618077
1184,RedGrid75,0,0.693829,-0.0369383502239416,-0.043460875503171,-0.0393424297996191,-0.0213923882343655,-0.043460875503171,0 days 00:13:25.787725
1185,ExpGrad.1,2,0.723134,-0.0743665328441533,-0.1045031756704705,-0.1045031756704705,-0.0680335669425856,-0.0516971277380674,0 days 00:02:16.601026
1186,ExpGrad.01,2,0.635846,-0.0126271517098387,-0.0136923764645955,-0.0136923764645955,-0.0103472571334221,-0.0132140033628994,0 days 00:02:58.558193
1187,RedGrid25,2,0.731408,-0.0994508485875024,-0.1205231678100729,-0.1205231678100729,-0.1113438151687437,-0.0725806292106346,0 days 00:12:13.982669
1188,RedGrid5,2,0.679827,-0.0365406369585176,-0.0530283009896082,-0.0530283009896082,0.0,-0.0464693985635342,0 days 00:12:27.375676
1189,RedGrid75,2,0.677365,-0.0342377178313228,-0.0498743254157935,-0.0498743254157935,0.0,-0.0433725954708937,0 days 00:12:32.276912
1190,ExpGrad.1,0,0.706386,-0.0821478860977075,-0.0997124789488492,-0.0997124789488492,-0.0735967188670064,-0.07144543762949,0 days 00:03:32.354117
1191,ExpGrad.01,0,0.68602,-0.0112077536042952,-0.015792932698238,-0.015792932698238,-0.009297798473058,-0.0082353811434563,0 days 00:07:56.563054
1192,RedGrid25,0,0.683089,-0.1141559850718276,-0.1492256339280747,-0.1492256339280747,-0.0959895406882248,-0.0933928717033086,0 days 00:13:13.823072
1193,RedGrid5,0,0.683089,-0.1141559850718276,-0.1492256339280747,-0.1492256339280747,-0.0959895406882248,-0.0933928717033086,0 days 00:13:12.960457
1194,RedGrid75,0,0.683089,-0.1141559850718276,-0.1492256339280747,-0.1492256339280747,-0.0959895406882248,-0.0933928717033086,0 days 00:13:34.870402
1195,ExpGrad.1,2,0.72416,-0.0781272705873957,-0.1115914348416913,-0.1115914348416913,-0.0714608662981635,-0.0528692432521648,0 days 00:02:29.323204
1196,ExpGrad.01,2,0.624251,-0.0056832806846493,-0.012490739233403,-0.012490739233403,-0.0051512665658982,0.0,0 days 00:03:18.768691
1197,RedGrid25,2,0.73027,-0.097505207009488,-0.1246842172575682,-0.1246842172575682,-0.1000522437275441,-0.0717244824910652,0 days 00:11:40.148265
1198,RedGrid5,2,0.696399,-0.048258176224,-0.0856096049803051,-0.0856096049803051,0.0,-0.0470675802167512,0 days 00:11:49.143923
1199,RedGrid75,2,0.664128,-0.0143619328689775,-0.0412779073470675,-0.0412779073470675,0.0,0.0,0 days 00:11:30.901071
1200,ExpGrad.1,0,0.706057,-0.0845969721925453,-0.101954932332266,-0.101954932332266,-0.0749842795752472,-0.0746774723636563,0 days 00:03:24.816218
1201,ExpGrad.01,0,0.689188,-0.0149339961461172,-0.021005520741494,-0.021005520741494,-0.0128350209169005,-0.0107632098672142,0 days 00:06:37.116017
1202,RedGrid25,0,0.681817,-0.1177331938110808,-0.1525693889756777,-0.1525693889756777,-0.0987345770952483,-0.097662653129532,0 days 00:12:11.183554
1203,RedGrid5,0,0.681817,-0.1177331938110808,-0.1525693889756777,-0.1525693889756777,-0.0987345770952483,-0.097662653129532,0 days 00:12:11.598600
1204,RedGrid75,0,0.681817,-0.1177331938110808,-0.1525693889756777,-0.1525693889756777,-0.0987345770952483,-0.097662653129532,0 days 00:12:07.267162
1205,ExpGrad.1,0,0.706683,-0.0695435394455824,-0.0888424003637605,-0.0888424003637605,-0.0528408566471916,-0.0618883749729337,0 days 00:04:01.692799
1206,ExpGrad.01,0,0.690006,-0.0101614730854713,-0.0174584214865242,-0.0174584214865242,-0.0034711312226074,-0.0074744248326559,0 days 00:08:23.775466
1207,RedGrid25,0,0.682535,-0.1127446366719436,-0.147162955894767,-0.147162955894767,-0.0916747187315282,-0.094270787998914,0 days 00:14:47.768095
1208,RedGrid5,0,0.682535,-0.1127446366719436,-0.147162955894767,-0.147162955894767,-0.0916747187315282,-0.094270787998914,0 days 00:14:27.400116
1209,RedGrid75,0,0.682535,-0.1127446366719436,-0.147162955894767,-0.147162955894767,-0.0916747187315282,-0.094270787998914,0 days 00:14:18.771818
1210,ExpGrad.1,1,0.7113,-0.0222937000025078,-0.0988548582852439,-0.0988548582852439,-0.0117632463982053,-0.0257206449153567,0 days 00:02:51.577734
1211,ExpGrad.01,1,0.602049,-0.0116543426230675,-0.0151216904941752,-0.0148002073150373,-0.0051847542834528,-0.0151216904941752,0 days 00:05:18.271005
1212,RedGrid25,1,0.702352,-0.0109723653157042,-0.1001911922617756,-0.1001911922617756,0.0,-0.0142500508965784,0 days 00:13:56.408013
1213,RedGrid5,1,0.702352,-0.0109723653157042,-0.1001911922617756,-0.1001911922617756,0.0,-0.0142500508965784,0 days 00:13:58.156555
1214,RedGrid75,1,0.702352,-0.0109723653157042,-0.1001911922617756,-0.1001911922617756,0.0,-0.0142500508965784,0 days 00:13:50.989067
1215,ExpGrad.1,0,0.707947,-0.0833104239842564,-0.1007510302508994,-0.1007510302508994,-0.0736522009121021,-0.073320714996223,0 days 00:03:51.353812
1216,ExpGrad.01,0,0.685895,-0.0099437110566322,-0.0142770518034825,-0.0142770518034825,-0.0097523201860399,-0.0062371189577838,0 days 00:10:04.044901
1217,RedGrid25,0,0.683525,-0.1148317174536948,-0.1487375125982308,-0.1487375125982308,-0.0971978897284764,-0.0947775078867382,0 days 00:15:34.163931
1218,RedGrid5,0,0.683525,-0.1148317174536948,-0.1487375125982308,-0.1487375125982308,-0.0971978897284764,-0.0947775078867382,0 days 00:15:45.260124
1219,RedGrid75,0,0.683525,-0.1148317174536948,-0.1487375125982308,-0.1487375125982308,-0.0971978897284764,-0.0947775078867382,0 days 00:15:16.910531
1220,ExpGrad.1,1,0.708585,-0.0065582432149215,-0.0952656501141098,-0.0952656501141098,-0.0005162314748089,-0.0071489484427694,0 days 00:03:37.829795
1221,ExpGrad.01,1,0.593212,-0.0060952977555953,-0.0135778389331283,-0.0135778389331283,-0.0043004090628695,-0.0068565991203862,0 days 00:05:37.767940
1222,RedGrid25,1,0.68869,-0.0011272534770053,-0.0575365300811605,-0.0575365300811605,0.0,0.0,0 days 00:14:57.711541
1223,RedGrid5,1,0.68869,-0.0011272534770053,-0.0575365300811605,-0.0575365300811605,0.0,0.0,0 days 00:14:55.300982
1224,RedGrid75,1,0.68869,-0.0011272534770053,-0.0575365300811605,-0.0575365300811605,0.0,0.0,0 days 00:14:51.347115
1225,ExpGrad.1,1,0.710756,-0.0311093214799849,-0.1101869804757691,-0.1101869804757691,-0.0231266572201155,-0.033038376590351,0 days 00:02:28.986979
1226,ExpGrad.01,1,0.593625,-0.0001366861248261,-0.0069116851305501,-0.0069116851305501,0.0,0.0,0 days 00:04:10.044551
1227,RedGrid25,1,0.696829,-0.0018627914614854,-0.094194111231379,-0.094194111231379,0.0,0.0,0 days 00:12:25.318920
1228,RedGrid5,1,0.696829,-0.0018627914614854,-0.094194111231379,-0.094194111231379,0.0,0.0,0 days 00:13:18.605874
1229,RedGrid75,1,0.696829,-0.0018627914614854,-0.094194111231379,-0.094194111231379,0.0,0.0,0 days 00:12:28.672769
1230,ExpGrad.1,0,0.705788,-0.0729805137618896,-0.0914242162232564,-0.0914242162232564,-0.0596487834543537,-0.064164398147148,0 days 00:03:24.857306
1231,ExpGrad.01,0,0.684899,-0.0135708645257892,-0.0185628519455457,-0.0185628519455457,-0.0113566489349811,-0.0104109367245019,0 days 00:05:27.358771
1232,RedGrid25,0,0.690835,-0.0198523485273173,-0.026652505593631,-0.026652505593631,-0.0036639603533884,-0.0228583114326098,0 days 00:13:13.317931
1233,RedGrid5,0,0.690835,-0.0198523485273173,-0.026652505593631,-0.026652505593631,-0.0036639603533884,-0.0228583114326098,0 days 00:13:11.435338
1234,RedGrid75,0,0.690835,-0.0198523485273173,-0.026652505593631,-0.026652505593631,-0.0036639603533884,-0.0228583114326098,0 days 00:13:29.961828
1235,ExpGrad.1,1,0.710694,-0.0378381177703871,-0.1102134770690771,-0.1102134770690771,-0.0454894958052733,-0.0313666155700124,0 days 00:02:50.843018
1236,ExpGrad.01,1,0.599962,-0.0070486957443102,-0.0126661193351256,-0.0094011670377807,-0.0126661193351256,-0.0038754567720369,0 days 00:06:16.995251
1237,RedGrid25,1,0.707652,-0.0569818691755611,-0.1341577605120145,-0.1341577605120145,-0.0654815478919235,-0.0498930439060321,0 days 00:15:16.814389
1238,RedGrid5,1,0.707652,-0.0569818691755611,-0.1341577605120145,-0.1341577605120145,-0.0654815478919235,-0.0498930439060321,0 days 00:16:06.244798
1239,RedGrid75,1,0.707652,-0.0569818691755611,-0.1341577605120145,-0.1341577605120145,-0.0654815478919235,-0.0498930439060321,0 days 00:15:08.842605
1240,ExpGrad.1,2,0.712382,-0.0586579361805725,-0.0932448423288946,-0.0932448423288946,-0.0330266689687402,-0.0448602097515971,0 days 00:03:14.821046
1241,ExpGrad.01,2,0.638669,-0.010990178684211,-0.0195574083037489,-0.0195574083037489,0.0,-0.0106647535204023,0 days 00:04:57.722033
1242,RedGrid25,2,0.729811,-0.0937367338622378,-0.1160417902758832,-0.1160417902758832,-0.1029154931979551,-0.0677101762905798,0 days 00:14:13.666722
1243,RedGrid5,2,0.68146,-0.0297645062303465,-0.0732743388321132,-0.0732743388321132,0.0,-0.0107553331361632,0 days 00:14:11.873055
1244,RedGrid75,2,0.68146,-0.0297645062303465,-0.0732743388321132,-0.0732743388321132,0.0,-0.0107553331361632,0 days 00:14:00.692894
1245,ExpGrad.1,0,0.707377,-0.0800619632024278,-0.0972697722897842,-0.0972697722897842,-0.0692254806985882,-0.0709205654952562,0 days 00:03:45.504230
1246,ExpGrad.01,0,0.686385,-0.0111340835484133,-0.0161509970593165,-0.0161509970593165,-0.0086212547107616,-0.0081094466252092,0 days 00:06:56.183460
1247,RedGrid25,0,0.694601,-0.0341972649405224,-0.0416183551505933,-0.0372023142159686,-0.0160864803619308,-0.0416183551505933,0 days 00:12:26.994610
1248,RedGrid5,0,0.694601,-0.0341972649405224,-0.0416183551505933,-0.0372023142159686,-0.0160864803619308,-0.0416183551505933,0 days 00:12:37.090197
1249,RedGrid75,0,0.694601,-0.0341972649405224,-0.0416183551505933,-0.0372023142159686,-0.0160864803619308,-0.0416183551505933,0 days 00:13:48.878671
1250,ExpGrad.1,1,0.710505,-0.0279329865355663,-0.1049885589890297,-0.1049885589890297,-0.030736931884895,-0.0239654636480156,0 days 00:03:20.804494
1251,ExpGrad.01,1,0.591058,-0.0016001420991014,-0.0043585694536714,-0.0039919209881696,-0.0043585694536714,0.0,0 days 00:03:52.821733
1252,RedGrid25,1,0.699343,-0.0435751370247561,-0.1157898356365887,-0.1157898356365887,0.0,-0.0654020836326131,0 days 00:14:04.648847
1253,RedGrid5,1,0.694726,-0.0436796145467837,-0.1131395614894266,-0.1131395614894266,0.0,-0.0656507428793593,0 days 00:14:01.220329
1254,RedGrid75,1,0.682714,-0.0006518582044578,-0.0329202811140191,-0.0329202811140191,0.0,0.0,0 days 00:14:07.469774
1255,ExpGrad.1,1,0.711431,-0.0376279965837155,-0.1115804174569295,-0.1115804174569295,-0.030783993932826,-0.0391486495934979,0 days 00:02:48.109893
1256,ExpGrad.01,1,0.572329,-0.0061189586342402,-0.0133016263241565,-0.0133016263241565,0.0,-0.0092871112600567,0 days 00:02:27.342178
1257,RedGrid25,1,0.700944,-0.0165457387302251,-0.1155049498083081,-0.1155049498083081,-0.0090532573352052,-0.0176581047804915,0 days 00:13:42.577049
1258,RedGrid5,1,0.700944,-0.0165457387302251,-0.1155049498083081,-0.1155049498083081,-0.0090532573352052,-0.0176581047804915,0 days 00:13:46.828522
1259,RedGrid75,1,0.700944,-0.0165457387302251,-0.1155049498083081,-0.1155049498083081,-0.0090532573352052,-0.0176581047804915,0 days 00:13:45.389676
1260,ExpGrad.1,2,0.708193,-0.0612624426975401,-0.094397488099241,-0.094397488099241,-0.0096248813811598,-0.0662753591971486,0 days 00:03:14.368874
1261,ExpGrad.01,2,0.623661,-0.0100147944677952,-0.0243308254460412,-0.0243308254460412,-0.0060630251066464,0.0,0 days 00:04:05.738615
1262,RedGrid25,2,0.676702,-0.036573390814131,-0.0594708061072958,-0.0594708061072958,0.0,-0.0406280745297679,0 days 00:13:13.158303
1263,RedGrid5,2,0.676702,-0.036573390814131,-0.0594708061072958,-0.0594708061072958,0.0,-0.0406280745297679,0 days 00:13:59.268997
1264,RedGrid75,2,0.676702,-0.036573390814131,-0.0594708061072958,-0.0594708061072958,0.0,-0.0406280745297679,0 days 00:13:55.213062
1265,ExpGrad.1,1,0.710488,-0.0306232266876913,-0.1192599260131328,-0.1192599260131328,-0.0215717559845177,-0.0329144066939117,0 days 00:02:22.766821
1266,ExpGrad.01,1,0.596498,-0.0079963036453994,-0.011322044642308,-0.008705815597425,-0.0019407259952407,-0.011322044642308,0 days 00:03:47.408221
1267,RedGrid25,1,0.70555,-0.0606427885674312,-0.1454803165378314,-0.1454803165378314,-0.0679053934134557,-0.0540319960378803,0 days 00:13:27.520234
1268,RedGrid5,1,0.70555,-0.0606427885674312,-0.1454803165378314,-0.1454803165378314,-0.0679053934134557,-0.0540319960378803,0 days 00:13:47.429297
1269,RedGrid75,1,0.70555,-0.0606427885674312,-0.1454803165378314,-0.1454803165378314,-0.0679053934134557,-0.0540319960378803,0 days 00:13:53.082418
1270,ExpGrad.1,2,0.709969,-0.0523504647727934,-0.0892969473692507,-0.0892969473692507,-0.0320790974733006,-0.0325676932921166,0 days 00:02:54.223393
1271,ExpGrad.01,2,0.617472,-0.0128371881092601,-0.0151025659948348,-0.0136601629297404,-0.0151025659948348,-0.010588922628623,0 days 00:02:49.084931
1272,RedGrid25,2,0.720478,-0.0791875857994351,-0.1173389491729746,-0.1173389491729746,-0.0976603367634915,-0.0325427672563289,0 days 00:12:16.470831
1273,RedGrid5,2,0.702266,-0.0514060302924522,-0.0847920041230461,-0.0847920041230461,-0.0340818720672676,-0.032868607131521,0 days 00:12:25.993084
1274,RedGrid75,2,0.676685,-0.0336716715224923,-0.0556538008395893,-0.0556538008395893,0.0,-0.036279460788008,0 days 00:12:29.720557
1275,ExpGrad.1,2,0.696024,-0.0480454488525546,-0.0725047533911427,-0.0725047533911427,-0.0591105660025798,-0.0189599735995901,0 days 00:04:18.216147
1276,ExpGrad.01,2,0.606398,-0.0064227758117517,-0.0143129552506378,-0.007699068295035,-0.0143129552506378,0.0,0 days 00:04:03.276312
1277,RedGrid25,2,0.71452,-0.0689749087761256,-0.0951619495003848,-0.0951619495003848,-0.0877265156255843,-0.0332034415921312,0 days 00:13:37.086015
1278,RedGrid5,2,0.668122,-0.0225263524847654,-0.0650194860498509,-0.0650194860498509,0.0,0.0,0 days 00:13:33.137207
1279,RedGrid75,2,0.668122,-0.0225263524847654,-0.0650194860498509,-0.0650194860498509,0.0,0.0,0 days 00:13:29.770257
1280,ExpGrad.1,1,0.712408,-0.0525330752778166,-0.1308219393920686,-0.1308219393920686,-0.0592621213400212,-0.0463795218370827,0 days 00:02:49.810969
1281,ExpGrad.01,1,0.608917,-0.0017733436784111,-0.0215980550063957,-0.0215980550063957,-0.0038657497226219,0.0,0 days 00:04:34.967313
1282,RedGrid25,1,0.705793,-0.0608390719672867,-0.14385029789494,-0.14385029789494,-0.0639316512463273,-0.0565528907871926,0 days 00:14:22.422088
1283,RedGrid5,1,0.705793,-0.0608390719672867,-0.14385029789494,-0.14385029789494,-0.0639316512463273,-0.0565528907871926,0 days 00:14:40.758737
1284,RedGrid75,1,0.705793,-0.0608390719672867,-0.14385029789494,-0.14385029789494,-0.0639316512463273,-0.0565528907871926,0 days 00:14:38.969245
1285,ExpGrad.1,2,0.690533,-0.0441458355249619,-0.0616287900167437,-0.0616287900167437,-0.03329169796431,-0.0356463220768922,0 days 00:03:11.278175
1286,ExpGrad.01,2,0.627018,-0.0052837201699611,-0.0150663444059217,-0.0150663444059217,0.0,0.0,0 days 00:06:40.367361
1287,RedGrid25,2,0.725907,-0.0790893504989847,-0.103327954777176,-0.103327954777176,-0.0847159215673792,-0.0534879767040086,0 days 00:14:32.949496
1288,RedGrid5,2,0.719342,-0.0777398298416299,-0.0912628803728523,-0.0869354665450313,-0.0912628803728523,-0.0604160129108328,0 days 00:14:50.756102
1289,RedGrid75,2,0.651715,-0.0320767395711732,-0.0593725858546024,-0.0593725858546024,0.0,-0.0289185740058625,0 days 00:13:49.930266
1290,ExpGrad.1,0,0.707293,-0.0800325968379525,-0.0974787450005632,-0.0974787450005632,-0.0707701292802831,-0.0698678927739981,0 days 00:03:50.091722
1291,ExpGrad.01,0,0.687154,-0.012083677625807,-0.0178773564070459,-0.0178773564070459,-0.0092000551619763,-0.008601713540697,0 days 00:07:18.536712
1292,RedGrid25,0,0.683438,-0.1135408927604415,-0.1480925015594322,-0.1480925015594322,-0.0949611631414493,-0.0935403175515762,0 days 00:15:15.395960
1293,RedGrid5,0,0.683438,-0.1135408927604415,-0.1480925015594322,-0.1480925015594322,-0.0949611631414493,-0.0935403175515762,0 days 00:15:15.111863
1294,RedGrid75,0,0.683438,-0.1135408927604415,-0.1480925015594322,-0.1480925015594322,-0.0949611631414493,-0.0935403175515762,0 days 00:14:37.393422
1295,ExpGrad.1,0,0.706575,-0.085064228658181,-0.1028024921648994,-0.1028024921648994,-0.076030697084459,-0.0744861896961908,0 days 00:03:29.281001
1296,ExpGrad.01,0,0.684869,-0.01223597934949,-0.0185380629180859,-0.0185380629180859,-0.0107848442754717,-0.0075022235683054,0 days 00:05:24.351504
1297,RedGrid25,0,0.686836,-0.1239097958958359,-0.1541108030244885,-0.1541108030244885,-0.1013279076675189,-0.1098953367012449,0 days 00:12:29.524944
1298,RedGrid5,0,0.686836,-0.1239097958958359,-0.1541108030244885,-0.1541108030244885,-0.1013279076675189,-0.1098953367012449,0 days 00:12:32.252469
1299,RedGrid75,0,0.686836,-0.1239097958958359,-0.1541108030244885,-0.1541108030244885,-0.1013279076675189,-0.1098953367012449,0 days 00:12:29.397034
1300,ExpGrad.1,2,0.715105,-0.0625520570448873,-0.1020652282748451,-0.1020652282748451,-0.0394687672677008,-0.0425868517098492,0 days 00:03:24.810012
1301,ExpGrad.01,2,0.619875,-0.0039000431113696,-0.0067762473474256,-0.0067762473474256,0.0,-0.0039275745221984,0 days 00:04:21.803863
1302,RedGrid25,2,0.720334,-0.081538247949085,-0.1038174630702251,-0.1038174630702251,-0.0824865454003533,-0.0609658691385544,0 days 00:13:23.096957
1303,RedGrid5,2,0.688839,-0.0472546597876008,-0.109445609781541,-0.109445609781541,0.0,-0.0231176869107903,0 days 00:14:03.487696
1304,RedGrid75,2,0.660588,-0.0292449825348373,-0.054779957585803,-0.054779957585803,0.0,-0.0259006462509041,0 days 00:14:04.939593
1305,ExpGrad.1,1,0.711713,-0.0353747336596171,-0.1061477665551179,-0.1061477665551179,-0.0439583955568475,-0.0284187362906934,0 days 00:03:29.656660
1306,ExpGrad.01,1,0.604166,-0.0153850344200498,-0.0162180542930194,-0.0158582725791684,-0.0138476410063799,-0.0162180542930194,0 days 00:03:44.346891
1307,RedGrid25,1,0.706111,-0.0546418391344341,-0.1263565107254444,-0.1263565107254444,-0.053843361787866,-0.0528305618980089,0 days 00:14:02.235638
1308,RedGrid5,1,0.699245,-0.0018598902073419,-0.09376699849109,-0.09376699849109,0.0,0.0,0 days 00:14:15.990521
1309,RedGrid75,1,0.699245,-0.0018598902073419,-0.09376699849109,-0.09376699849109,0.0,0.0,0 days 00:14:29.985305
1310,ExpGrad.1,1,0.70763,-0.0237870994370726,-0.1012972838527787,-0.1012972838527787,-0.0351721945908029,-0.0150994453742758,0 days 00:02:30.565915
1311,ExpGrad.01,1,0.575263,-3.056555864172899e-05,-0.0015623979992127,-0.0015623979992127,0.0,0.0,0 days 00:02:12.832466
1312,RedGrid25,1,0.707437,-0.0583009437650056,-0.1300260692488878,-0.1300260692488878,-0.0550885003154492,-0.0578534092816905,0 days 00:11:21.624533
1313,RedGrid5,1,0.682998,-0.0008066253091767,-0.0412316942721148,-0.0412316942721148,0.0,0.0,0 days 00:11:19.779788
1314,RedGrid75,1,0.682998,-0.0008066253091767,-0.0412316942721148,-0.0412316942721148,0.0,0.0,0 days 00:11:21.803999
1315,ExpGrad.1,1,0.71033,-0.0198742303762087,-0.1089719990795607,-0.1089719990795607,-0.0172922326641173,-0.018562068330422,0 days 00:03:09.175984
1316,ExpGrad.01,1,0.591054,0.0,0.0,0.0,0.0,0.0,0 days 00:05:10.075491
1317,RedGrid25,1,0.701471,-0.0089743355330866,-0.1072469116013306,-0.1072469116013306,0.0,-0.0109337286048399,0 days 00:13:52.144326
1318,RedGrid5,1,0.701471,-0.0089743355330866,-0.1072469116013306,-0.1072469116013306,0.0,-0.0109337286048399,0 days 00:14:10.293510
1319,RedGrid75,1,0.701471,-0.0089743355330866,-0.1072469116013306,-0.1072469116013306,0.0,-0.0109337286048399,0 days 00:14:21.217377
1320,ExpGrad.1,2,0.716241,-0.0559861767840468,-0.1021247782254953,-0.1021247782254953,-0.0411041368079158,-0.0249686001043403,0 days 00:02:58.382799
1321,ExpGrad.01,2,0.618966,-0.0051680758088603,-0.0121862739199196,-0.0121862739199196,-0.003582073760341,0.0,0 days 00:03:16.084862
1322,RedGrid25,2,0.731818,-0.0919179347561366,-0.122887724143377,-0.122887724143377,-0.0943171749289361,-0.0628728492819501,0 days 00:11:40.530603
1323,RedGrid5,2,0.693044,-0.0413404770545072,-0.1021541236323949,-0.1021541236323949,0.0,-0.014881006419704,0 days 00:11:49.967575
1324,RedGrid75,2,0.660736,-0.0158166744358494,-0.0455066267996757,-0.0455066267996757,0.0,0.0,0 days 00:11:46.549403
1325,ExpGrad.1,0,0.706318,-0.0838049949624138,-0.100092785679265,-0.100092785679265,-0.0770731526077754,-0.0731951321229912,0 days 00:03:22.555461
1326,ExpGrad.01,0,0.684966,-0.0129828553285483,-0.0169721740174449,-0.0169721740174449,-0.0123463568773807,-0.0098219238502412,0 days 00:07:58.647885
1327,RedGrid25,0,0.682954,-0.1176941012040127,-0.1513481929673948,-0.1513481929673948,-0.1000862327604651,-0.0978261341109388,0 days 00:15:47.426264
1328,RedGrid5,0,0.682954,-0.1176941012040127,-0.1513481929673948,-0.1513481929673948,-0.1000862327604651,-0.0978261341109388,0 days 00:15:41.973472
1329,RedGrid75,0,0.682954,-0.1176941012040127,-0.1513481929673948,-0.1513481929673948,-0.1000862327604651,-0.0978261341109388,0 days 00:15:55.921115
1330,ExpGrad.1,2,0.694642,-0.0545294145594343,-0.0817891527648254,-0.0817891527648254,-0.0490434370368527,-0.0341888299714545,0 days 00:02:25.643204
1331,ExpGrad.01,2,0.624902,-0.0090924651930687,-0.0175252600287196,-0.0175252600287196,-0.0058744238472994,-0.0038104580534571,0 days 00:03:43.843242
1332,RedGrid25,2,0.711372,-0.0822218892905792,-0.1160124054642999,-0.082360070813798,-0.1160124054642999,-0.059653751277812,0 days 00:10:55.993745
1333,RedGrid5,2,0.65667,-0.0215981386843384,-0.0302455251843962,-0.0302455251843962,0.0,-0.0283369563206847,0 days 00:11:01.104379
1334,RedGrid75,2,0.627311,-0.0057054136191833,-0.0164973618951445,-0.0164973618951445,0.0,0.0,0 days 00:10:56.288756
1335,ExpGrad.1,2,0.707022,-0.0614587018732098,-0.0923966137730658,-0.0858485400368628,-0.0923966137730658,-0.0193357156600129,0 days 00:02:04.798920
1336,ExpGrad.01,2,0.620183,-0.0042902245922828,-0.010099459743897,-0.010099459743897,-0.0026994067403603,-0.000220718866547,0 days 00:03:25.535157
1337,RedGrid25,2,0.714538,-0.0805890759688286,-0.0956938885002657,-0.0956938885002657,-0.0860458122916694,-0.0636227654330579,0 days 00:11:36.949336
1338,RedGrid5,2,0.665208,-0.031959892414561,-0.055146256826803,-0.0448059038891264,-0.055146256826803,-0.0051870118226764,0 days 00:11:44.824781
1339,RedGrid75,2,0.665208,-0.031959892414561,-0.055146256826803,-0.0448059038891264,-0.055146256826803,-0.0051870118226764,0 days 00:11:26.589722
1340,ExpGrad.1,0,0.70633,-0.0789013320947095,-0.0963892182499569,-0.0963892182499569,-0.0697401385485286,-0.0686407914377115,0 days 00:03:06.238734
1341,ExpGrad.01,0,0.684316,-0.0112958448529369,-0.0155477257398922,-0.0155477257398922,-0.0098623930595808,-0.0083622341549233,0 days 00:06:17.541185
1342,RedGrid25,0,0.684587,-0.0781929051189644,-0.1123689158335095,-0.1123689158335095,0.0,-0.0914727049633777,0 days 00:11:43.228835
1343,RedGrid5,0,0.682311,-0.0760747016145981,-0.1106511934180083,-0.1106511934180083,0.0,-0.0878324723856637,0 days 00:11:53.094483
1344,RedGrid75,0,0.663832,-4.611971307037956e-05,-0.0001278427415074,-0.0001278427415074,0.0,0.0,0 days 00:11:51.214132
1345,ExpGrad.1,1,0.708204,-0.0155870520248188,-0.1038631114928351,-0.1038631114928351,-0.0158829667536894,-0.0127125465500507,0 days 00:03:50.123764
1346,ExpGrad.01,1,0.59698,-0.0001665022796944,-0.0085991511349626,-0.0085991511349626,0.0,0.0,0 days 00:04:23.355865
1347,RedGrid25,1,0.706803,-0.0562868419024058,-0.1390001059359288,-0.1390001059359288,-0.053309986525958,-0.05539934984245,0 days 00:13:32.228550
1348,RedGrid5,1,0.706803,-0.0562868419024058,-0.1390001059359288,-0.1390001059359288,-0.053309986525958,-0.05539934984245,0 days 00:13:32.308621
1349,RedGrid75,1,0.706803,-0.0562868419024058,-0.1390001059359288,-0.1390001059359288,-0.053309986525958,-0.05539934984245,0 days 00:13:31.784110
1350,ExpGrad.1,1,0.710282,-0.031627365685131,-0.1083514313858735,-0.1083514313858735,-0.0248113646132035,-0.0330221949225668,0 days 00:03:03.411546
1351,ExpGrad.01,1,0.601306,-0.0065434368646728,-0.0176421622695923,-0.0176421622695923,-0.0059905558527658,-0.0065056785134609,0 days 00:04:36.135082
1352,RedGrid25,1,0.699719,-0.0029068808651884,-0.0919334959440961,-0.0919334959440961,0.0,-0.0017589612407958,0 days 00:14:54.279835
1353,RedGrid5,1,0.699719,-0.0029068808651884,-0.0919334959440961,-0.0919334959440961,0.0,-0.0017589612407958,0 days 00:14:50.889778
1354,RedGrid75,1,0.699719,-0.0029068808651884,-0.0919334959440961,-0.0919334959440961,0.0,-0.0017589612407958,0 days 00:14:50.283448
1355,ExpGrad.1,0,0.706296,-0.0764825822439431,-0.095436034716548,-0.095436034716548,-0.0649495578304022,-0.0662261110416702,0 days 00:03:50.501613
1356,ExpGrad.01,0,0.687605,-0.0146244320238182,-0.0204358599018227,-0.0204358599018227,-0.0124168073134696,-0.0107447969127996,0 days 00:08:06.872536
1357,RedGrid25,0,0.68314,-0.1139632323731126,-0.1496969699038129,-0.1496969699038129,-0.0952050306039243,-0.0929750022499577,0 days 00:15:09.790861
1358,RedGrid5,0,0.68314,-0.1139632323731126,-0.1496969699038129,-0.1496969699038129,-0.0952050306039243,-0.0929750022499577,0 days 00:15:12.973726
1359,RedGrid75,0,0.66812,-0.0600143880708163,-0.1170222185571635,-0.1170222185571635,-0.0079237367789575,-0.0387901288910148,0 days 00:15:10.655238
1360,ExpGrad.1,1,0.707545,-0.021449794194973,-0.104396179115637,-0.104396179115637,-0.0385373527323955,-0.0094362031353506,0 days 00:03:49.536106
1361,ExpGrad.01,1,0.591446,-0.000159686528562,-0.0082410053312959,-0.0082410053312959,0.0,0.0,0 days 00:04:50.841387
1362,RedGrid25,1,0.701351,-0.0188801684983157,-0.114047801034519,-0.114047801034519,-0.0066285115888365,-0.02274530440103,0 days 00:13:14.839578
1363,RedGrid5,1,0.701351,-0.0188801684983157,-0.114047801034519,-0.114047801034519,-0.0066285115888365,-0.02274530440103,0 days 00:15:49.239008
1364,RedGrid75,1,0.701351,-0.0188801684983157,-0.114047801034519,-0.114047801034519,-0.0066285115888365,-0.02274530440103,0 days 00:15:04.705156
1365,ExpGrad.1,0,0.706511,-0.0805806640686383,-0.098892263784047,-0.098892263784047,-0.0711890070609596,-0.0696744496023752,0 days 00:03:12.686638
1366,ExpGrad.01,0,0.687414,-0.0127373506749813,-0.0177096888886327,-0.0177096888886327,-0.0143370666516376,-0.0074789705392226,0 days 00:06:17.632401
1367,RedGrid25,0,0.683197,-0.1136526759485834,-0.1484650528752509,-0.1484650528752509,-0.0960383917358935,-0.0927857573210898,0 days 00:12:57.922206
1368,RedGrid5,0,0.683197,-0.1136526759485834,-0.1484650528752509,-0.1484650528752509,-0.0960383917358935,-0.0927857573210898,0 days 00:12:57.010550
1369,RedGrid75,0,0.669074,-0.0597152140168771,-0.1152735721971,-0.1152735721971,-0.0083431130222039,-0.0392873214693026,0 days 00:12:56.734290
1370,ExpGrad.1,1,0.709607,-0.0208149000216802,-0.1074207438468077,-0.1074207438468077,-0.0161201514638134,-0.0207162310928658,0 days 00:03:01.603163
1371,ExpGrad.01,1,0.602708,-0.0070356456061284,-0.0177941832758929,-0.0177941832758929,-0.0117184926201364,-0.0041069385069587,0 days 00:05:38.851500
1372,RedGrid25,1,0.700265,-0.004495203140196,-0.1054827120866703,-0.1054827120866703,0.0,-0.0038378752380024,0 days 00:14:20.750584
1373,RedGrid5,1,0.700265,-0.004495203140196,-0.1054827120866703,-0.1054827120866703,0.0,-0.0038378752380024,0 days 00:14:10.008246
1374,RedGrid75,1,0.700265,-0.004495203140196,-0.1054827120866703,-0.1054827120866703,0.0,-0.0038378752380024,0 days 00:13:53.642177
1375,ExpGrad.1,2,0.684837,-0.045750134571791,-0.0651753762442154,-0.0651753762442154,-0.0648839537234495,-0.0160718574557505,0 days 00:02:32.600023
1376,ExpGrad.01,2,0.616665,-0.0049698118536472,-0.0098903981557421,-0.0098903981557421,-0.0022348869827945,-0.0024167653866345,0 days 00:04:09.605970
1377,RedGrid25,2,0.730297,-0.0997228984056972,-0.1201715407926827,-0.1201715407926827,-0.1089067096045088,-0.0756567209167055,0 days 00:12:59.909902
1378,RedGrid5,2,0.672618,-0.033274342361755,-0.0588686572570836,-0.0461687285684651,-0.0588686572570836,-0.0051310604020553,0 days 00:12:55.274076
1379,RedGrid75,2,0.672618,-0.033274342361755,-0.0588686572570836,-0.0461687285684651,-0.0588686572570836,-0.0051310604020553,0 days 00:13:10.219982
1380,ExpGrad.1,1,0.709912,-0.0225325508069983,-0.1095205194360697,-0.1095205194360697,-0.0181644324244667,-0.0222641532886721,0 days 00:02:24.874295
1381,ExpGrad.01,1,0.589617,-0.0022857987316152,-0.0112964322735029,-0.0112964322735029,0.0,-0.0032728186477238,0 days 00:04:01.897044
1382,RedGrid25,1,0.700564,-0.0106112284844989,-0.1129854899680766,-0.1129854899680766,0.0,-0.0133234935156572,0 days 00:13:39.032881
1383,RedGrid5,1,0.700564,-0.0106112284844989,-0.1129854899680766,-0.1129854899680766,0.0,-0.0133234935156572,0 days 00:12:52.286089
1384,RedGrid75,1,0.700564,-0.0106112284844989,-0.1129854899680766,-0.1129854899680766,0.0,-0.0133234935156572,0 days 00:13:10.441622
1385,ExpGrad.1,0,0.705951,-0.0815348304258965,-0.0992754548285878,-0.0992754548285878,-0.0726424333717922,-0.0708249235520183,0 days 00:03:19.238975
1386,ExpGrad.01,0,0.682022,-0.0097680893660344,-0.0147709228810613,-0.0147709228810613,-0.0079455745235444,-0.0063674442760732,0 days 00:05:41.899096
1387,RedGrid25,0,0.682192,-0.116568610831251,-0.1502170427906473,-0.1502170427906473,-0.0989538561413153,-0.0966709966804216,0 days 00:11:46.600147
1388,RedGrid5,0,0.682192,-0.116568610831251,-0.1502170427906473,-0.1502170427906473,-0.0989538561413153,-0.0966709966804216,0 days 00:11:41.525642
1389,RedGrid75,0,0.682192,-0.116568610831251,-0.1502170427906473,-0.1502170427906473,-0.0989538561413153,-0.0966709966804216,0 days 00:12:30.726078
1390,ExpGrad.1,2,0.65648,-0.0271434870689304,-0.0569715222620721,-0.0569715222620721,-0.0282820052600948,0.0,0 days 00:02:17.203828
1391,ExpGrad.01,2,0.61537,-0.007193796062196,-0.0130746459115714,-0.0130746459115714,0.0,-0.0067840852293693,0 days 00:03:30.231414
1392,RedGrid25,2,0.706441,-0.0798857156933396,-0.1516940908665378,-0.0976479393970493,-0.1516940908665378,-0.0163368575193268,0 days 00:10:57.613872
1393,RedGrid5,2,0.603445,-0.0054777045976005,-0.0209738385067012,0.0,-0.0209738385067012,0.0,0 days 00:11:02.947875
1394,RedGrid75,2,0.603445,-0.0054777045976005,-0.0209738385067012,0.0,-0.0209738385067012,0.0,0 days 00:10:52.520250
1395,ExpGrad.1,1,0.711146,-0.0434423162045875,-0.1146627413405229,-0.1146627413405229,-0.0440795408158175,-0.0408886799027706,0 days 00:03:16.023465
1396,ExpGrad.01,1,0.57857,-0.0016768935765353,-0.0162268484822902,-0.0162268484822902,-0.0038867321287119,0.0,0 days 00:02:58.933166
1397,RedGrid25,1,0.707169,-0.0648480254334347,-0.1336548918659187,-0.1336548918659187,-0.0728564860550927,-0.0582743892622038,0 days 00:14:07.464260
1398,RedGrid5,1,0.707169,-0.0648480254334347,-0.1336548918659187,-0.1336548918659187,-0.0728564860550927,-0.0582743892622038,0 days 00:13:54.332121
1399,RedGrid75,1,0.707169,-0.0648480254334347,-0.1336548918659187,-0.1336548918659187,-0.0728564860550927,-0.0582743892622038,0 days 00:13:39.972497
1400,ExpGrad.1,2,0.715559,-0.0603611174849721,-0.0988368781409726,-0.0988368781409726,-0.0532602418645967,-0.0308199416837016,0 days 00:03:21.335564
1401,ExpGrad.01,2,0.636028,-0.0072697723070882,-0.0131016318713167,-0.0131016318713167,0.0,-0.006913084714074,0 days 00:04:38.034576
1402,RedGrid25,2,0.70228,-0.0447983282628263,-0.0791290651139495,-0.0791290651139495,-0.0661759213980008,0.0,0 days 00:10:49.100135
1403,RedGrid5,2,0.651779,-0.0157548059542545,-0.0262393632944922,-0.025612082240805,-0.0262393632944922,0.0,0 days 00:10:52.897197
1404,RedGrid75,2,0.651779,-0.0157548059542545,-0.0262393632944922,-0.025612082240805,-0.0262393632944922,0.0,0 days 00:10:49.967236
1405,ExpGrad.1,1,0.709806,-0.0309382329245847,-0.1072092172813308,-0.1072092172813308,-0.0328189317718095,-0.0275146408515822,0 days 00:03:17.621153
1406,ExpGrad.01,1,0.585657,-0.01041327425463,-0.0145811973148122,-0.0126323715471442,-0.0027930696200012,-0.0145811973148122,0 days 00:03:44.921469
1407,RedGrid25,1,0.697984,-0.0416325925296776,-0.1069858872970543,-0.1069858872970543,-0.0327540025077826,-0.0445319247013129,0 days 00:13:16.533637
1408,RedGrid5,1,0.697984,-0.0416325925296776,-0.1069858872970543,-0.1069858872970543,-0.0327540025077826,-0.0445319247013129,0 days 00:12:58.774356
1409,RedGrid75,1,0.697984,-0.0416325925296776,-0.1069858872970543,-0.1069858872970543,-0.0327540025077826,-0.0445319247013129,0 days 00:13:13.261331
1410,ExpGrad.1,1,0.712235,-0.0496288504721486,-0.1258749088479815,-0.1258749088479815,-0.0527822669265667,-0.0455245570699878,0 days 00:01:52.426245
1411,ExpGrad.01,1,0.597115,-0.0002162984727011,-0.011034608274158,-0.011034608274158,0.0,0.0,0 days 00:02:16.988613
1412,RedGrid25,1,0.70792,-0.0532835153926207,-0.1315104582509792,-0.1315104582509792,-0.0634899068797311,-0.0452280441355967,0 days 00:08:40.744595
1413,RedGrid5,1,0.70792,-0.0532835153926207,-0.1315104582509792,-0.1315104582509792,-0.0634899068797311,-0.0452280441355967,0 days 00:08:42.208720
1414,RedGrid75,1,0.695182,-0.0017600252150366,-0.089788839273977,-0.089788839273977,0.0,0.0,0 days 00:08:40.244194
1415,ExpGrad.1,1,0.710468,-0.0267058636577821,-0.1163281323320662,-0.1163281323320662,-0.0266078989561652,-0.0240107987859058,0 days 00:02:41.296010
1416,ExpGrad.01,1,0.597632,-0.0003766928021497,-0.0194633945122102,-0.0194633945122102,0.0,0.0,0 days 00:03:54.460050
1417,RedGrid25,1,0.700268,-0.0472177175346407,-0.1255051354134238,-0.1255051354134238,0.0,-0.0709933993549424,0 days 00:12:36.131583
1418,RedGrid5,1,0.684149,-0.0008961641376978,-0.0463040335789916,-0.0463040335789916,0.0,0.0,0 days 00:12:34.493670
1419,RedGrid75,1,0.684149,-0.0008961641376978,-0.0463040335789916,-0.0463040335789916,0.0,0.0,0 days 00:12:34.641424
1420,ExpGrad.1,0,0.706164,-0.0848523369331419,-0.1014146651123363,-0.1014146651123363,-0.0757520323187619,-0.075317774899605,0 days 00:03:24.481869
1421,ExpGrad.01,0,0.684414,-0.0125475378026172,-0.0162373970068574,-0.0162373970068574,-0.0072348824346918,-0.0122389063677191,0 days 00:05:47.537456
1422,RedGrid25,0,0.693172,-0.0358970055350132,-0.0433303187999639,-0.0392668936757842,-0.0170843535562671,-0.0433303187999639,0 days 00:13:20.140908
1423,RedGrid5,0,0.693172,-0.0358970055350132,-0.0433303187999639,-0.0392668936757842,-0.0170843535562671,-0.0433303187999639,0 days 00:13:31.528045
1424,RedGrid75,0,0.693172,-0.0358970055350132,-0.0433303187999639,-0.0392668936757842,-0.0170843535562671,-0.0433303187999639,0 days 00:13:24.157448
1425,ExpGrad.1,1,0.707312,-0.0179907715503982,-0.1041779856794232,-0.1041779856794232,-0.0244746305493493,-0.01172595102897,0 days 00:03:26.232047
1426,ExpGrad.01,1,0.583656,-5.174215591479692e-05,-0.0026505320513384,-0.0026505320513384,0.0,0.0,0 days 00:02:43.799642
1427,RedGrid25,1,0.698066,-0.0087224038447158,-0.1069831084417705,-0.1069831084417705,0.0,-0.010519438727946,0 days 00:13:53.116891
1428,RedGrid5,1,0.698066,-0.0087224038447158,-0.1069831084417705,-0.1069831084417705,0.0,-0.010519438727946,0 days 00:13:59.419909
1429,RedGrid75,1,0.698066,-0.0087224038447158,-0.1069831084417705,-0.1069831084417705,0.0,-0.010519438727946,0 days 00:13:59.322964
1430,ExpGrad.1,1,0.712344,-0.036379777359842,-0.125613179403612,-0.125613179403612,-0.0397322916368514,-0.0317522220838559,0 days 00:02:52.957343
1431,ExpGrad.01,1,0.603751,-0.0048739857095882,-0.030658980858883,-0.030658980858883,-0.0055264924623317,-0.003711911371067,0 days 00:04:27.187756
1432,RedGrid25,1,0.706607,-0.0633122310904971,-0.1406558199285311,-0.1406558199285311,-0.0628132365095582,-0.0611865944158519,0 days 00:13:56.609995
1433,RedGrid5,1,0.706607,-0.0633122310904971,-0.1406558199285311,-0.1406558199285311,-0.0628132365095582,-0.0611865944158519,0 days 00:14:04.400818
1434,RedGrid75,1,0.70132,-0.0122054389010735,-0.109504356905455,-0.109504356905455,0.0,-0.015942224772479,0 days 00:13:56.339107
1435,ExpGrad.1,1,0.711283,-0.0568281621374124,-0.1256096906663584,-0.1256096906663584,-0.062776293822227,-0.0513986740160159,0 days 00:02:50.086994
1436,ExpGrad.01,1,0.616067,-0.0023114454588384,-0.0209949747932898,-0.0209949747932898,-0.0054406827353319,0.0,0 days 00:05:28.872138
1437,RedGrid25,1,0.690271,-0.0013969433471318,-0.0710612270288476,-0.0710612270288476,0.0,0.0,0 days 00:13:38.577570
1438,RedGrid5,1,0.690271,-0.0013969433471318,-0.0710612270288476,-0.0710612270288476,0.0,0.0,0 days 00:13:38.782499
1439,RedGrid75,1,0.684253,-0.0009193989011583,-0.0467689789850269,-0.0467689789850269,0.0,0.0,0 days 00:13:38.486739
1440,ExpGrad.1,0,0.706888,-0.0819633485339756,-0.1000774608692279,-0.1000774608692279,-0.0728193676843789,-0.0711479490790968,0 days 00:03:38.536997
1441,ExpGrad.01,0,0.690091,-0.0144648664860978,-0.0214114296336189,-0.0214114296336189,-0.0117898667621888,-0.0098570749404848,0 days 00:09:01.512381
1442,RedGrid25,0,0.682793,-0.1138707441146311,-0.1491173300505404,-0.1491173300505404,-0.0947758059426824,-0.0935468409548888,0 days 00:12:44.404321
1443,RedGrid5,0,0.682793,-0.1138707441146311,-0.1491173300505404,-0.1491173300505404,-0.0947758059426824,-0.0935468409548888,0 days 00:12:55.183970
1444,RedGrid75,0,0.682793,-0.1138707441146311,-0.1491173300505404,-0.1491173300505404,-0.0947758059426824,-0.0935468409548888,0 days 00:13:46.544493
1445,ExpGrad.1,1,0.713017,-0.0543151342145214,-0.1291191905086636,-0.1291191905086636,-0.0551858549536011,-0.0515266236842216,0 days 00:02:22.402841
1446,ExpGrad.01,1,0.596444,-0.00411531299909,-0.016421099547998,-0.016421099547998,0.0,-0.0060138205831376,0 days 00:06:35.121699
1447,RedGrid25,1,0.70791,-0.0680180139316709,-0.1344245357349834,-0.1344245357349834,-0.072001181951658,-0.0637656034255848,0 days 00:13:53.097923
1448,RedGrid5,1,0.699527,-0.0017966297328169,-0.0923161671150365,-0.0923161671150365,0.0,0.0,0 days 00:14:24.946904
1449,RedGrid75,1,0.699527,-0.0017966297328169,-0.0923161671150365,-0.0923161671150365,0.0,0.0,0 days 00:14:21.468625
1450,ExpGrad.1,2,0.703893,-0.0563928180630226,-0.0820166692420855,-0.0820166692420855,-0.0596410374651403,-0.0315579454327906,0 days 00:02:54.629030
1451,ExpGrad.01,2,0.624282,-0.0055969929009921,-0.0085811215637224,-0.0033565420083687,-0.0040808821395651,-0.0085811215637224,0 days 00:03:52.189417
1452,RedGrid25,2,0.730283,-0.0995561479282157,-0.1217627039040719,-0.1217627039040719,-0.1090373724414438,-0.0736364830760128,0 days 00:12:15.394552
1453,RedGrid5,2,0.684248,-0.0311247840416516,-0.0738527969029067,-0.0738527969029067,0.0,-0.0138141156484234,0 days 00:12:26.466458
1454,RedGrid75,2,0.655696,-0.0222225894714322,-0.048713258981839,-0.0254762253375645,-0.048713258981839,-0.0018685646667974,0 days 00:12:25.647089
1455,ExpGrad.1,0,0.706474,-0.0828662125466002,-0.1015306639876081,-0.1015306639876081,-0.0722355046657849,-0.0723464821508574,0 days 00:03:33.057136
1456,ExpGrad.01,0,0.68675,-0.0109501831323734,-0.0174526020020978,-0.0174526020020978,-0.0090151400607995,-0.0063057542593848,0 days 00:05:39.859905
1457,RedGrid25,0,0.69033,-0.0215826290224085,-0.0282438774220058,-0.0282438774220058,-0.0051880389904259,-0.0248070402877992,0 days 00:13:35.976758
1458,RedGrid5,0,0.69033,-0.0215826290224085,-0.0282438774220058,-0.0282438774220058,-0.0051880389904259,-0.0248070402877992,0 days 00:13:24.707626
1459,RedGrid75,0,0.69033,-0.0215826290224085,-0.0282438774220058,-0.0282438774220058,-0.0051880389904259,-0.0248070402877992,0 days 00:14:02.447357
1460,ExpGrad.1,0,0.705592,-0.0832074863056704,-0.1018811027921176,-0.1018811027921176,-0.0722438615613974,-0.0728940435601611,0 days 00:03:22.627099
1461,ExpGrad.01,0,0.686324,-0.0141686865977763,-0.0194801410506083,-0.0194801410506083,-0.0102013660069684,-0.0117054831968114,0 days 00:07:11.901563
1462,RedGrid25,0,0.689949,-0.0206146059579548,-0.0282407723790968,-0.0282407723790968,-0.0047825027938793,-0.0226936973209229,0 days 00:13:55.834126
1463,RedGrid5,0,0.689949,-0.0206146059579548,-0.0282407723790968,-0.0282407723790968,-0.0047825027938793,-0.0226936973209229,0 days 00:13:46.879438
1464,RedGrid75,0,0.689949,-0.0206146059579548,-0.0282407723790968,-0.0282407723790968,-0.0047825027938793,-0.0226936973209229,0 days 00:14:48.698745
1465,ExpGrad.1,2,0.641147,-0.0504921161896093,-0.0643148585446247,-0.0643148585446247,-0.0531064355529378,-0.0366136214715274,0 days 00:05:10.928004
1466,ExpGrad.01,2,0.611478,-0.0024927417899093,-0.0072286695739536,-0.0072286695739536,0.0,0.0,0 days 00:04:38.879142
1467,RedGrid25,2,0.645392,-0.0133334157836958,-0.0386653994339225,-0.0386653994339225,0.0,0.0,0 days 00:13:42.032684
1468,RedGrid5,2,0.645392,-0.0133334157836958,-0.0386653994339225,-0.0386653994339225,0.0,0.0,0 days 00:14:14.060793
1469,RedGrid75,2,0.645392,-0.0133334157836958,-0.0386653994339225,-0.0386653994339225,0.0,0.0,0 days 00:13:57.492851
1470,ExpGrad.1,2,0.707701,-0.0503814116215785,-0.0795120569052541,-0.0795120569052541,-0.0363343266595606,-0.0338042570750519,0 days 00:04:35.806276
1471,ExpGrad.01,2,0.61932,-0.0037671427777038,-0.0105914723237067,-0.0105914723237067,0.0,-0.0002015462288269,0 days 00:03:52.007094
1472,RedGrid25,2,0.723889,-0.087651940784254,-0.1103714313076648,-0.1103714313076648,-0.0845220275768687,-0.0695013745352965,0 days 00:11:54.073818
1473,RedGrid5,2,0.696727,-0.0429926086386719,-0.1003012020817212,-0.1003012020817212,-0.0106252263277547,-0.0135383361137026,0 days 00:12:11.367624
1474,RedGrid75,2,0.666599,-0.0305037934925011,-0.0512596212151467,-0.045358014801597,-0.0512596212151467,-0.0034217401043287,0 days 00:11:44.173442
1475,ExpGrad.1,1,0.709729,-0.0282632610900559,-0.107522517194346,-0.107522517194346,-0.028466699267751,-0.0256546665459274,0 days 00:03:25.671242
1476,ExpGrad.01,1,0.60246,-0.0145398897767158,-0.0246919989038125,-0.0246919989038125,-0.0146360218263494,-0.0141669988734411,0 days 00:05:23.775006
1477,RedGrid25,1,0.705927,-0.0637716183179113,-0.1421063476786017,-0.1421063476786017,-0.0655927934499583,-0.0602972564931413,0 days 00:14:41.347701
1478,RedGrid5,1,0.705927,-0.0637716183179113,-0.1421063476786017,-0.1421063476786017,-0.0655927934499583,-0.0602972564931413,0 days 00:14:37.821342
1479,RedGrid75,1,0.701648,-0.0082720382344072,-0.1039508808951494,-0.1039508808951494,0.0,-0.0098347278956073,0 days 00:14:40.363421
1480,ExpGrad.1,0,0.707393,-0.077061977377999,-0.09560877700265,-0.09560877700265,-0.0650298969950279,-0.0674483563079965,0 days 00:03:28.885034
1481,ExpGrad.01,0,0.688137,-0.0121834689330058,-0.0184754482964299,-0.0184754482964299,-0.0107794017831485,-0.0074379299078914,0 days 00:07:07.834888
1482,RedGrid25,0,0.685566,-0.0779349191335101,-0.1121762423220982,-0.1121762423220982,0.0,-0.0910687130290091,0 days 00:14:02.811564
1483,RedGrid5,0,0.682708,-0.0766500346275192,-0.1108441278374211,-0.1108441278374211,0.0,-0.0891131645017049,0 days 00:14:31.316780
1484,RedGrid75,0,0.665581,-0.0005036730710192,-0.0013953771913112,-0.0013953771913112,0.0,0.0,0 days 00:14:28.875122
1485,ExpGrad.1,1,0.711944,-0.0475721491561172,-0.1158200914947538,-0.1158200914947538,-0.0484894915278339,-0.0449559893226814,0 days 00:03:11.114169
1486,ExpGrad.01,1,0.59346,-0.0013219781082577,-0.0116788813033904,-0.0116788813033904,0.0,-0.0017324959279118,0 days 00:03:43.425079
1487,RedGrid25,1,0.705576,-0.0639542349382623,-0.1327660251541777,-0.1327660251541777,-0.0701868845234032,-0.0583831272381246,0 days 00:13:52.736299
1488,RedGrid5,1,0.699942,-0.004792229133334,-0.0936144638916819,-0.0936144638916819,0.0,-0.0046956391092779,0 days 00:13:55.814194
1489,RedGrid75,1,0.699942,-0.004792229133334,-0.0936144638916819,-0.0936144638916819,0.0,-0.0046956391092779,0 days 00:14:27.055067
1490,ExpGrad.1,1,0.706605,-0.0186423995313522,-0.0957626495134382,-0.0957626495134382,0.0,-0.0265726736077359,0 days 00:02:45.482112
1491,ExpGrad.01,1,0.59785,-0.0020680121776497,-0.0066816066544426,-0.0066816066544426,0.0,-0.0030687935522007,0 days 00:05:30.399448
1492,RedGrid25,1,0.700711,-0.00788746670347,-0.1108245572801965,-0.1108245572801965,0.0,-0.0090829939781941,0 days 00:13:52.929164
1493,RedGrid5,1,0.700711,-0.00788746670347,-0.1108245572801965,-0.1108245572801965,0.0,-0.0090829939781941,0 days 00:13:52.859649
1494,RedGrid75,1,0.700711,-0.00788746670347,-0.1108245572801965,-0.1108245572801965,0.0,-0.0090829939781941,0 days 00:13:51.467992
1495,ExpGrad.1,0,0.706344,-0.0849035269046404,-0.1027868556041844,-0.1027868556041844,-0.0757544505812846,-0.0742355319807883,0 days 00:03:51.161961
1496,ExpGrad.01,0,0.685979,-0.0138768789687764,-0.0189157058124911,-0.0189157058124911,-0.0098242270127235,-0.0116912729817341,0 days 00:07:17.984978
1497,RedGrid25,0,0.693367,-0.0348997955698677,-0.0411008737994419,-0.0386240518939655,-0.0178499933394742,-0.0411008737994419,0 days 00:16:54.041095
1498,RedGrid5,0,0.693367,-0.0348997955698677,-0.0411008737994419,-0.0386240518939655,-0.0178499933394742,-0.0411008737994419,0 days 00:17:14.659145
1499,RedGrid75,0,0.693367,-0.0348997955698677,-0.0411008737994419,-0.0386240518939655,-0.0178499933394742,-0.0411008737994419,0 days 00:16:42.966021
