,method,k_set,accuracy,mean_unfairness,max_unfairness,A_unfairness,B_unfairness,C_unfairness,runtime
0,ExpGrad.1,2,0.711932,-0.0551108714963629,-0.097836033521523,-0.097836033521523,-0.0178098984362558,-0.0417845701744113,0 days 00:01:59.416724
1,ExpGrad.01,2,0.627025,-0.0065716902873194,-0.0169860429755939,-0.0169860429755939,-0.0024780413793391,0.0,0 days 00:03:09.676794
2,RedGrid25,2,0.720432,-0.0834346632771075,-0.1063879070253273,-0.1063879070253273,-0.0745291031562315,-0.0688729639859386,0 days 00:11:23.984574
3,RedGrid5,2,0.685637,-0.0336383429402502,-0.079011811718598,-0.079011811718598,0.0,-0.015513612374867,0 days 00:11:28.655622
4,RedGrid75,2,0.685637,-0.0336383429402502,-0.079011811718598,-0.079011811718598,0.0,-0.015513612374867,0 days 00:11:24.172966
5,ExpGrad.1,2,0.704933,-0.0524503267345196,-0.0837457697054619,-0.0837457697054619,-0.0499302755337264,-0.0265232334250868,0 days 00:03:26.629087
6,ExpGrad.01,2,0.623009,-0.0115644186540287,-0.0135557314726698,-0.0135557314726698,-0.0122120527722084,-0.0093750037677468,0 days 00:05:51.201828
7,RedGrid25,2,0.730988,-0.1015490668789147,-0.1240121233290546,-0.1240121233290546,-0.1066373103945108,-0.0783324193649305,0 days 00:13:54.032289
8,RedGrid5,2,0.685706,-0.0457953871496758,-0.0795166280017183,-0.0795166280017183,0.0,-0.0466336141088066,0 days 00:13:53.357351
9,RedGrid75,2,0.685706,-0.0457953871496758,-0.0795166280017183,-0.0795166280017183,0.0,-0.0466336141088066,0 days 00:13:45.845466
10,ExpGrad.1,0,0.707012,-0.0820603292282459,-0.0996493197052745,-0.0996493197052745,-0.0735377880361461,-0.0713241969925203,0 days 00:03:40.619314
11,ExpGrad.01,0,0.688334,-0.01068998391117,-0.0165321828221988,-0.0165321828221988,-0.0089386735445499,-0.0065262558955623,0 days 00:08:30.988820
12,RedGrid25,0,0.68218,-0.1146857943022992,-0.1487730847321647,-0.1487730847321647,-0.0976986565968457,-0.0941398186445537,0 days 00:12:24.593744
13,RedGrid5,0,0.68218,-0.1146857943022992,-0.1487730847321647,-0.1487730847321647,-0.0976986565968457,-0.0941398186445537,0 days 00:12:36.399312
14,RedGrid75,0,0.68218,-0.1146857943022992,-0.1487730847321647,-0.1487730847321647,-0.0976986565968457,-0.0941398186445537,0 days 00:12:32.800468
15,ExpGrad.1,1,0.711901,-0.043962804514612,-0.1195238710817812,-0.1195238710817812,-0.0519205142521944,-0.0372106527669873,0 days 00:03:47.265455
16,ExpGrad.01,1,0.589649,-0.0001650215184649,-0.0084614573660288,-0.0084614573660288,0.0,0.0,0 days 00:03:27.370862
17,RedGrid25,1,0.707448,-0.0659792486261911,-0.1416106282950205,-0.1416106282950205,-0.0660654687461441,-0.0635923691429393,0 days 00:14:55.208425
18,RedGrid5,1,0.707448,-0.0659792486261911,-0.1416106282950205,-0.1416106282950205,-0.0660654687461441,-0.0635923691429393,0 days 00:14:53.559447
19,RedGrid75,1,0.707448,-0.0659792486261911,-0.1416106282950205,-0.1416106282950205,-0.0660654687461441,-0.0635923691429393,0 days 00:14:50.775857
20,ExpGrad.1,2,0.71772,-0.0704352635865854,-0.0975132689533936,-0.0975132689533936,-0.0893968813870273,-0.034105758676034,0 days 00:02:57.162145
21,ExpGrad.01,2,0.613913,-0.0039897427333993,-0.0095345532921,-0.0095345532921,-0.0003753462529665,-0.0015311717117156,0 days 00:02:42.661272
22,RedGrid25,2,0.717719,-0.0721172135861231,-0.1100157769876573,-0.1100157769876573,-0.0927628826556739,-0.0251852339428685,0 days 00:09:22.757723
23,RedGrid5,2,0.703076,-0.0529380461443567,-0.0768672405480028,-0.0768672405480028,-0.0734557387252307,-0.0183345592337793,0 days 00:09:04.648345
24,RedGrid75,2,0.635812,-0.0226843663349633,-0.0614498370592342,-0.0191826748011114,-0.0614498370592342,0.0,0 days 00:09:17.959610
25,ExpGrad.1,1,0.711178,-0.0417838530703004,-0.1235366482440576,-0.1235366482440576,-0.0466057194730503,-0.0365861180533579,0 days 00:02:24.366236
26,ExpGrad.01,1,0.603181,-0.0003969159308839,-0.0202752756542652,-0.0202752756542652,0.0,0.0,0 days 00:03:01.826953
27,RedGrid25,1,0.707198,-0.0716277448589625,-0.1457259892148576,-0.1457259892148576,-0.0728504642232333,-0.0686554671533417,0 days 00:12:09.589716
28,RedGrid5,1,0.707198,-0.0716277448589625,-0.1457259892148576,-0.1457259892148576,-0.0728504642232333,-0.0686554671533417,0 days 00:12:10.604880
29,RedGrid75,1,0.683107,-0.0009985654035881,-0.0510087583823442,-0.0510087583823442,0.0,0.0,0 days 00:12:07.081872
30,ExpGrad.1,2,0.70308,-0.052913791920127,-0.0843751300484474,-0.0843751300484474,-0.0208941415149097,-0.0460309870442879,0 days 00:03:30.861580
31,ExpGrad.01,2,0.619516,-0.0038326084165346,-0.0109691613427039,-0.0109691613427039,0.0,0.0,0 days 00:05:44.973990
32,RedGrid25,2,0.721974,-0.0936709233811105,-0.1239937748410908,-0.1239937748410908,-0.0874623718142174,-0.070715188419049,0 days 00:14:24.214191
33,RedGrid5,2,0.659752,-0.0133311838822084,-0.0381546693532068,-0.0381546693532068,0.0,0.0,0 days 00:14:09.172108
34,RedGrid75,2,0.659752,-0.0133311838822084,-0.0381546693532068,-0.0381546693532068,0.0,0.0,0 days 00:14:12.037295
35,ExpGrad.1,0,0.70622,-0.0760324223346282,-0.0940173010448438,-0.0940173010448438,-0.0640733000521518,-0.0668932615965804,0 days 00:04:02.614018
36,ExpGrad.01,0,0.687839,-0.0112042267340122,-0.0179407515347229,-0.0179407515347229,-0.0068190225322273,-0.0077288003500221,0 days 00:08:01.712904
37,RedGrid25,0,0.694372,-0.037582593015566,-0.0449831687713166,-0.0399541802642523,-0.0204651898550374,-0.0449831687713166,0 days 00:16:49.833727
38,RedGrid5,0,0.694372,-0.037582593015566,-0.0449831687713166,-0.0399541802642523,-0.0204651898550374,-0.0449831687713166,0 days 00:16:47.169950
39,RedGrid75,0,0.694372,-0.037582593015566,-0.0449831687713166,-0.0399541802642523,-0.0204651898550374,-0.0449831687713166,0 days 00:16:37.046810
40,ExpGrad.1,0,0.706271,-0.0822273445419731,-0.0994171445996541,-0.0994171445996541,-0.0726582453919667,-0.0724395269580429,0 days 00:03:29.958118
41,ExpGrad.01,0,0.685072,-0.0145669498861102,-0.0193010737305139,-0.0193010737305139,-0.0116476546893808,-0.0120284082913449,0 days 00:06:23.219279
42,RedGrid25,0,0.693326,-0.0347387179609452,-0.042482106901896,-0.0378831477851724,-0.0157521814174029,-0.042482106901896,0 days 00:13:39.764903
43,RedGrid5,0,0.693326,-0.0347387179609452,-0.042482106901896,-0.0378831477851724,-0.0157521814174029,-0.042482106901896,0 days 00:13:40.020043
44,RedGrid75,0,0.693326,-0.0347387179609452,-0.042482106901896,-0.0378831477851724,-0.0157521814174029,-0.042482106901896,0 days 00:13:26.890026
45,ExpGrad.1,1,0.70856,-0.0098556481562917,-0.0925662085483578,-0.0925662085483578,-0.0123399757102735,-0.0059274960589086,0 days 00:03:24.646007
46,ExpGrad.01,1,0.574911,-0.0018883405281395,-0.0053947228593114,0.0,-0.0053947228593114,0.0,0 days 00:03:53.519065
47,RedGrid25,1,0.706352,-0.0634569420709382,-0.13661777330668,-0.13661777330668,-0.0604267693754392,-0.0628844208354919,0 days 00:10:42.374370
48,RedGrid5,1,0.695592,-0.0025301592661864,-0.0922233680631378,-0.0922233680631378,0.0,-0.0011705600746115,0 days 00:10:43.506866
49,RedGrid75,1,0.680964,-0.0009919492550356,-0.0510472684429983,-0.0510472684429983,0.0,0.0,0 days 00:11:17.306559
50,ExpGrad.1,2,0.706113,-0.0449090099247218,-0.0836124222780231,-0.0836124222780231,-0.0081661609473827,-0.0350428485872493,0 days 00:02:39.080353
51,ExpGrad.01,2,0.599529,-0.0071303547053764,-0.0130799494987881,-0.0130799494987881,0.0,-0.006609423928381,0 days 00:02:26.422506
52,RedGrid25,2,0.72537,-0.0897024427449653,-0.1211363808994661,-0.1211363808994661,-0.0782430720934111,-0.0693399665842993,0 days 00:08:20.339759
53,RedGrid5,2,0.666502,-0.0209396440638721,-0.0601546381243556,-0.0601546381243556,0.0,0.0,0 days 00:08:19.837062
54,RedGrid75,2,0.666502,-0.0209396440638721,-0.0601546381243556,-0.0601546381243556,0.0,0.0,0 days 00:08:18.065941
55,ExpGrad.1,2,0.699666,-0.0387850805010265,-0.0737532470428455,-0.0737532470428455,-0.0143159971829316,-0.0242508330280015,0 days 00:03:41.025381
56,ExpGrad.01,2,0.61701,-0.0026107493901964,-0.0062000328997623,-0.0062000328997623,-0.0017445842951933,0.0,0 days 00:04:24.173996
57,RedGrid25,2,0.709426,-0.0603342425581709,-0.1030096605836787,-0.1030096605836787,-0.0203540885954816,-0.0494766285734118,0 days 00:14:32.074697
58,RedGrid5,2,0.656063,-0.0133771210941836,-0.0385865908127209,-0.0385865908127209,0.0,0.0,0 days 00:15:17.365556
59,RedGrid75,2,0.656063,-0.0133771210941836,-0.0385865908127209,-0.0385865908127209,0.0,0.0,0 days 00:14:03.672643
60,ExpGrad.1,1,0.712812,-0.0511680842681412,-0.1321739454098314,-0.1321739454098314,-0.0645395768139293,-0.0412485677454527,0 days 00:02:41.915402
61,ExpGrad.01,1,0.601262,-0.0069638409709402,-0.016842386590138,-0.016842386590138,-0.0100057237720464,-0.0049727599348098,0 days 00:03:09.363012
62,RedGrid25,1,0.704947,-0.036246053021543,-0.1316158728506435,-0.1316158728506435,-0.0308275550081505,-0.0362844972323602,0 days 00:11:48.035071
63,RedGrid5,1,0.704947,-0.036246053021543,-0.1316158728506435,-0.1316158728506435,-0.0308275550081505,-0.0362844972323602,0 days 00:11:41.786242
64,RedGrid75,1,0.704947,-0.036246053021543,-0.1316158728506435,-0.1316158728506435,-0.0308275550081505,-0.0362844972323602,0 days 00:11:44.891240
65,ExpGrad.1,0,0.706218,-0.0792733112470012,-0.0969938722891244,-0.0969938722891244,-0.0698780907528193,-0.0689172346525179,0 days 00:03:54.748230
66,ExpGrad.01,0,0.686472,-0.0127229932687852,-0.017066202619646,-0.017066202619646,-0.0140249896983469,-0.0081857935339441,0 days 00:09:09.342623
67,RedGrid25,0,0.683042,-0.1099532728668219,-0.1454676485778027,-0.1454676485778027,-0.0882770184408536,-0.0907770924880451,0 days 00:14:58.708877
68,RedGrid5,0,0.683042,-0.1099532728668219,-0.1454676485778027,-0.1454676485778027,-0.0882770184408536,-0.0907770924880451,0 days 00:14:53.278327
69,RedGrid75,0,0.683042,-0.1099532728668219,-0.1454676485778027,-0.1454676485778027,-0.0882770184408536,-0.0907770924880451,0 days 00:14:56.166501
70,ExpGrad.1,0,0.707393,-0.0827955264269535,-0.1004567184362191,-0.1004567184362191,-0.0739473809158681,-0.0721866858030443,0 days 00:03:24.934107
71,ExpGrad.01,0,0.68759,-0.0133294601055364,-0.0186638979625723,-0.0186638979625723,-0.0124770745521497,-0.0091202412483551,0 days 00:09:50.767432
72,RedGrid25,0,0.687389,-0.080157826020457,-0.1135537552996778,-0.1135537552996778,-0.0052555233782646,-0.0922135611232584,0 days 00:14:58.643240
73,RedGrid5,0,0.687389,-0.080157826020457,-0.1135537552996778,-0.1135537552996778,-0.0052555233782646,-0.0922135611232584,0 days 00:15:06.929223
74,RedGrid75,0,0.687389,-0.080157826020457,-0.1135537552996778,-0.1135537552996778,-0.0052555233782646,-0.0922135611232584,0 days 00:14:46.249864
75,ExpGrad.1,2,0.694253,-0.0438569613038655,-0.0735188620478289,-0.0735188620478289,-0.0276764949229094,-0.0280400524926999,0 days 00:01:54.469117
76,ExpGrad.01,2,0.61353,-0.0045083971307531,-0.0085462643489978,-0.0033740650408886,0.0,-0.0085462643489978,0 days 00:03:20.729005
77,RedGrid25,2,0.71604,-0.0738893101254535,-0.0977134560734057,-0.0977134560734057,-0.0686948807444192,-0.0559616397289048,0 days 00:09:06.210375
78,RedGrid5,2,0.675394,-0.031497754075978,-0.0522998932837944,-0.0449444483117348,-0.0522998932837944,-0.0054875939330718,0 days 00:08:49.648422
79,RedGrid75,2,0.643569,-0.0081295539813512,-0.0232358866281568,-0.0232358866281568,0.0,0.0,0 days 00:09:01.690596
80,ExpGrad.1,0,0.706248,-0.0769610112703522,-0.0962220268556405,-0.0962220268556405,-0.0634469328571939,-0.0674730619624048,0 days 00:03:21.199174
81,ExpGrad.01,0,0.683294,-0.0093680113927704,-0.0141383475503639,-0.0141383475503639,-0.0044474199700298,-0.0078889334209574,0 days 00:06:02.987842
82,RedGrid25,0,0.686273,-0.1251644556227008,-0.1553862642540592,-0.1553862642540592,-0.1031546103046477,-0.1107229014737324,0 days 00:12:34.556231
83,RedGrid5,0,0.686273,-0.1251644556227008,-0.1553862642540592,-0.1553862642540592,-0.1031546103046477,-0.1107229014737324,0 days 00:12:41.098559
84,RedGrid75,0,0.668288,-0.0519277428841113,-0.1104613430222635,-0.1104613430222635,0.0,-0.0291032093100777,0 days 00:12:47.538300
85,ExpGrad.1,0,0.706363,-0.0854431194412673,-0.1035865068301467,-0.1035865068301467,-0.0765324499492822,-0.0744601146014354,0 days 00:03:58.513947
86,ExpGrad.01,0,0.68466,-0.0137963195055211,-0.0206630460833924,-0.0206630460833924,-0.0095451711131373,-0.0101251073114962,0 days 00:06:32.808374
87,RedGrid25,0,0.682568,-0.1141387176174713,-0.1498436604435652,-0.1498436604435652,-0.0939676902589288,-0.0939810808938254,0 days 00:15:04.093815
88,RedGrid5,0,0.682568,-0.1141387176174713,-0.1498436604435652,-0.1498436604435652,-0.0939676902589288,-0.0939810808938254,0 days 00:15:04.779141
89,RedGrid75,0,0.682568,-0.1141387176174713,-0.1498436604435652,-0.1498436604435652,-0.0939676902589288,-0.0939810808938254,0 days 00:15:03.010921
90,ExpGrad.1,2,0.710321,-0.0562810833464713,-0.0885536592742452,-0.0885536592742452,-0.0407944298167484,-0.0375131504285657,0 days 00:02:53.119698
91,ExpGrad.01,2,0.638534,-0.0094466356139661,-0.013556290176822,-0.0100879355841516,-0.013556290176822,-0.0060764363995792,0 days 00:04:32.112604
92,RedGrid25,2,0.715921,-0.0702642025493761,-0.0879157461025894,-0.0879157461025894,-0.0599471595760598,-0.0612519808503141,0 days 00:13:04.616152
93,RedGrid5,2,0.715921,-0.0702642025493761,-0.0879157461025894,-0.0879157461025894,-0.0599471595760598,-0.0612519808503141,0 days 00:12:32.685042
94,RedGrid75,2,0.658364,-0.0271513006316766,-0.0557229192967616,-0.0286624666731597,-0.0557229192967616,-0.0063942783747088,0 days 00:12:02.036198
95,ExpGrad.1,0,0.707258,-0.0818826655680013,-0.0996834377690176,-0.0996834377690176,-0.0732803849488331,-0.071042143179075,0 days 00:03:13.785792
96,ExpGrad.01,0,0.686366,-0.012755421702857,-0.0185254445437811,-0.0185254445437811,-0.0097489897896879,-0.0093620068996582,0 days 00:07:55.753947
97,RedGrid25,0,0.683125,-0.1146445004647557,-0.1495975248284645,-0.1495975248284645,-0.0963404504200519,-0.094139076005949,0 days 00:12:24.534460
98,RedGrid5,0,0.683125,-0.1146445004647557,-0.1495975248284645,-0.1495975248284645,-0.0963404504200519,-0.094139076005949,0 days 00:12:04.298072
99,RedGrid75,0,0.683125,-0.1146445004647557,-0.1495975248284645,-0.1495975248284645,-0.0963404504200519,-0.094139076005949,0 days 00:12:20.119435
100,ExpGrad.1,1,0.710063,-0.0254960723618047,-0.1057587434147041,-0.1057587434147041,-0.0150748191808074,-0.0287622802743261,0 days 00:02:16.914842
101,ExpGrad.01,1,0.617046,-0.0131447087479565,-0.0276523838182085,-0.0276523838182085,-0.0120093528342725,-0.0133214449716491,0 days 00:05:09.832356
102,RedGrid25,1,0.704315,-0.0641091928895572,-0.1364993699030602,-0.1364993699030602,-0.0637522441010356,-0.0620568729133689,0 days 00:11:48.118322
103,RedGrid5,1,0.704315,-0.0641091928895572,-0.1364993699030602,-0.1364993699030602,-0.0637522441010356,-0.0620568729133689,0 days 00:11:39.731691
104,RedGrid75,1,0.698442,-0.0079917370257369,-0.0993465913874858,-0.0993465913874858,0.0,-0.009570292430851,0 days 00:11:41.967806
105,ExpGrad.1,0,0.706756,-0.0785787074636953,-0.095896089635589,-0.095896089635589,-0.0679416955690164,-0.0692396469129456,0 days 00:03:46.842370
106,ExpGrad.01,0,0.684723,-0.0123598660219045,-0.0162605598275439,-0.0162605598275439,-0.0108618958474554,-0.0097585934807161,0 days 00:05:30.951455
107,RedGrid25,0,0.694049,-0.0375788333460059,-0.0436877635884929,-0.0383288920386202,-0.0253654877562242,-0.0436877635884929,0 days 00:16:21.828128
108,RedGrid5,0,0.694049,-0.0375788333460059,-0.0436877635884929,-0.0383288920386202,-0.0253654877562242,-0.0436877635884929,0 days 00:16:36.940450
109,RedGrid75,0,0.694049,-0.0375788333460059,-0.0436877635884929,-0.0383288920386202,-0.0253654877562242,-0.0436877635884929,0 days 00:16:34.464481
110,ExpGrad.1,1,0.709615,-0.0242252719986246,-0.106472621082405,-0.106472621082405,-0.0308396778568449,-0.0180074339303595,0 days 00:03:00.143460
111,ExpGrad.01,1,0.60091,-0.0085183964057385,-0.0174452160671763,-0.0174452160671763,-0.0099952866629668,-0.0074239644009109,0 days 00:06:18.957119
112,RedGrid25,1,0.708292,-0.070250805065024,-0.1358087752178802,-0.1358087752178802,-0.0787048189316782,-0.0635357698637301,0 days 00:14:52.276059
113,RedGrid5,1,0.700204,-0.0019633724257287,-0.0998602815727751,-0.0998602815727751,0.0,0.0,0 days 00:14:49.816340
114,RedGrid75,1,0.700204,-0.0019633724257287,-0.0998602815727751,-0.0998602815727751,0.0,0.0,0 days 00:14:23.938938
115,ExpGrad.1,1,0.711196,-0.0336050613287858,-0.1096667708968068,-0.1096667708968068,-0.0406291595805387,-0.0273430628823062,0 days 00:02:59.750715
116,ExpGrad.01,1,0.614999,-0.0034715069922474,-0.0153918639021626,-0.0153918639021626,-0.00814952612274,-0.0005003945274632,0 days 00:02:49.880372
117,RedGrid25,1,0.704346,-0.0748984112960094,-0.140262972643597,-0.140262972643597,-0.0787773837205007,-0.0707170173355588,0 days 00:09:52.183080
118,RedGrid5,1,0.682288,-0.0007477283829204,-0.0383305578717808,-0.0383305578717808,0.0,0.0,0 days 00:09:52.120596
119,RedGrid75,1,0.682288,-0.0007477283829204,-0.0383305578717808,-0.0383305578717808,0.0,0.0,0 days 00:09:30.223331
120,ExpGrad.1,0,0.706894,-0.0810868408662588,-0.0996852278355393,-0.0996852278355393,-0.0710865939317327,-0.0703438591791852,0 days 00:03:49.401006
121,ExpGrad.01,0,0.687738,-0.0116398132573043,-0.0173489913272174,-0.0173489913272174,-0.0086743530785581,-0.0082842008520327,0 days 00:06:14.287664
122,RedGrid25,0,0.685364,-0.123701476141009,-0.1543622896162998,-0.1543622896162998,-0.1030057580966132,-0.1083238338276803,0 days 00:14:59.034103
123,RedGrid5,0,0.685364,-0.123701476141009,-0.1543622896162998,-0.1543622896162998,-0.1030057580966132,-0.1083238338276803,0 days 00:14:56.763345
124,RedGrid75,0,0.685364,-0.123701476141009,-0.1543622896162998,-0.1543622896162998,-0.1030057580966132,-0.1083238338276803,0 days 00:14:42.774650
125,ExpGrad.1,1,0.710869,-0.0390185084601769,-0.1124252892154932,-0.1124252892154932,-0.0492021550453355,-0.0311095866504164,0 days 00:02:08.888792
126,ExpGrad.01,1,0.584833,-0.0002491076576728,-0.0127573919652742,-0.0127573919652742,0.0,0.0,0 days 00:02:27.986672
127,RedGrid25,1,0.70607,-0.0606476159439175,-0.1361190405402206,-0.1361190405402206,-0.059164216094829,-0.0591336959225448,0 days 00:09:47.843522
128,RedGrid5,1,0.70607,-0.0606476159439175,-0.1361190405402206,-0.1361190405402206,-0.059164216094829,-0.0591336959225448,0 days 00:09:29.059618
129,RedGrid75,1,0.70607,-0.0606476159439175,-0.1361190405402206,-0.1361190405402206,-0.059164216094829,-0.0591336959225448,0 days 00:09:27.423866
130,ExpGrad.1,2,0.712893,-0.0580860201804075,-0.0976672538705124,-0.0976672538705124,-0.0553625245905089,-0.0240282711039407,0 days 00:01:57.354145
131,ExpGrad.01,2,0.62698,-0.0072291404911271,-0.0132526825036125,-0.0132526825036125,-0.0049823764304031,-0.0033071256894991,0 days 00:03:36.865610
132,RedGrid25,2,0.717945,-0.0693714229869532,-0.1101744623054606,-0.1101744623054606,-0.0857455200894397,-0.021061901643408,0 days 00:10:41.403581
133,RedGrid5,2,0.701736,-0.0501134516449139,-0.0843654147348268,-0.0843654147348268,-0.0731858596778436,-0.0031413701800444,0 days 00:10:43.794632
134,RedGrid75,2,0.670571,-0.0377211382936868,-0.0642752693938632,-0.0528940805024208,-0.0642752693938632,-0.0056730135997638,0 days 00:10:43.345557
135,ExpGrad.1,2,0.709799,-0.0668216021476065,-0.0972669561268445,-0.0972669561268445,-0.050811753558328,-0.0501286274433098,0 days 00:02:22.424191
136,ExpGrad.01,2,0.632259,-0.0097209579562529,-0.0143143455392482,-0.0143143455392482,0.0,-0.0120078258200119,0 days 00:04:37.844265
137,RedGrid25,2,0.657792,-0.014893688973081,-0.0399791274886814,-0.0399791274886814,0.0,-0.0022593047217895,0 days 00:10:27.917721
138,RedGrid5,2,0.657792,-0.014893688973081,-0.0399791274886814,-0.0399791274886814,0.0,-0.0022593047217895,0 days 00:10:25.757934
139,RedGrid75,2,0.657792,-0.014893688973081,-0.0399791274886814,-0.0399791274886814,0.0,-0.0022593047217895,0 days 00:10:24.879268
140,ExpGrad.1,2,0.702676,-0.0467101089015815,-0.0795535443907562,-0.0795535443907562,-0.023274978852433,-0.0329195996971218,0 days 00:03:14.450091
141,ExpGrad.01,2,0.630432,-0.0060466796132011,-0.0131479844406905,-0.0131479844406905,0.0,-0.0037186300521233,0 days 00:05:00.150967
142,RedGrid25,2,0.702629,-0.0519418858939711,-0.0757992629967776,-0.0756488637511104,-0.0757992629967776,-0.0147797290763614,0 days 00:12:27.012936
143,RedGrid5,2,0.702629,-0.0519418858939711,-0.0757992629967776,-0.0756488637511104,-0.0757992629967776,-0.0147797290763614,0 days 00:12:16.571581
144,RedGrid75,2,0.654934,-0.0255837074522419,-0.0574889393670661,-0.0303752975787319,-0.0574889393670661,0.0,0 days 00:12:03.667203
145,ExpGrad.1,1,0.710843,-0.0304159742596264,-0.1189533618559745,-0.1189533618559745,-0.0370166775981017,-0.0240102244855886,0 days 00:03:27.716728
146,ExpGrad.01,1,0.592424,-0.005569212329656,-0.008569848079151,-0.0048914709952379,-0.008569848079151,-0.0039302685361414,0 days 00:05:04.308879
147,RedGrid25,1,0.700941,-0.0134746824331244,-0.1191606694724738,-0.1191606694724738,0.0,-0.0176417015001153,0 days 00:14:22.333551
148,RedGrid5,1,0.700941,-0.0134746824331244,-0.1191606694724738,-0.1191606694724738,0.0,-0.0176417015001153,0 days 00:14:21.881885
149,RedGrid75,1,0.700941,-0.0134746824331244,-0.1191606694724738,-0.1191606694724738,0.0,-0.0176417015001153,0 days 00:14:08.568063
150,ExpGrad.1,0,0.706434,-0.083645640321283,-0.1016572158874642,-0.1016572158874642,-0.0735730143030487,-0.0734101462095629,0 days 00:03:51.107236
151,ExpGrad.01,0,0.684061,-0.0122309024117229,-0.0171385658659045,-0.0171385658659045,-0.0078651735122536,-0.0103460238150706,0 days 00:09:41.017577
152,RedGrid25,0,0.695833,-0.0679870092912914,-0.0827767134871501,-0.062720712500507,-0.0827767134871501,-0.0643749465596531,0 days 00:15:16.493337
153,RedGrid5,0,0.695833,-0.0679870092912914,-0.0827767134871501,-0.062720712500507,-0.0827767134871501,-0.0643749465596531,0 days 00:15:17.245387
154,RedGrid75,0,0.695833,-0.0679870092912914,-0.0827767134871501,-0.062720712500507,-0.0827767134871501,-0.0643749465596531,0 days 00:15:06.632159
155,ExpGrad.1,1,0.711816,-0.0442565092985623,-0.1137075895987516,-0.1137075895987516,-0.0504103543568044,-0.0387263641522989,0 days 00:02:10.669526
156,ExpGrad.01,1,0.596315,-0.0001123430645468,-0.0057958649952099,-0.0057958649952099,0.0,0.0,0 days 00:04:57.931884
157,RedGrid25,1,0.705988,-0.0671303019665607,-0.1396147260207177,-0.1396147260207177,-0.0732983089489985,-0.061499257985683,0 days 00:11:33.510004
158,RedGrid5,1,0.705988,-0.0671303019665607,-0.1396147260207177,-0.1396147260207177,-0.0732983089489985,-0.061499257985683,0 days 00:11:37.427698
159,RedGrid75,1,0.701177,-0.0095122241043193,-0.1040845102041985,-0.1040845102041985,0.0,-0.011864402800098,0 days 00:12:13.330532
160,ExpGrad.1,1,0.70941,-0.0249411251066273,-0.1088806819135032,-0.1088806819135032,-0.0297893857208431,-0.0196445111005729,0 days 00:02:35.669634
161,ExpGrad.01,1,0.604776,-0.0011199750445898,-0.020765433018777,-0.020765433018777,-0.0020388037173079,0.0,0 days 00:04:27.522372
162,RedGrid25,1,0.694051,-0.0016649671513139,-0.0849190106818914,-0.0849190106818914,0.0,0.0,0 days 00:11:34.170180
163,RedGrid5,1,0.694051,-0.0016649671513139,-0.0849190106818914,-0.0849190106818914,0.0,0.0,0 days 00:11:13.876733
164,RedGrid75,1,0.684018,-0.000960690194593,-0.0489984807401477,-0.0489984807401477,0.0,0.0,0 days 00:11:28.496289
165,ExpGrad.1,0,0.705773,-0.0825424402381462,-0.100290910711139,-0.100290910711139,-0.0732709456929471,-0.0721496552580885,0 days 00:03:35.962822
166,ExpGrad.01,0,0.687857,-0.0157468764740575,-0.0204859650031037,-0.0204859650031037,-0.0152683340390405,-0.0118662032242348,0 days 00:07:13.815604
167,RedGrid25,0,0.681735,-0.1130822981673227,-0.1481078094662081,-0.1481078094662081,-0.0945293132190093,-0.0927146547581511,0 days 00:13:28.308869
168,RedGrid5,0,0.681735,-0.1130822981673227,-0.1481078094662081,-0.1481078094662081,-0.0945293132190093,-0.0927146547581511,0 days 00:13:19.388281
169,RedGrid75,0,0.681735,-0.1130822981673227,-0.1481078094662081,-0.1481078094662081,-0.0945293132190093,-0.0927146547581511,0 days 00:13:02.388973
170,ExpGrad.1,1,0.711023,-0.0335287217360029,-0.105358906996402,-0.105358906996402,-0.0352782811586488,-0.0303441223457496,0 days 00:02:11.998746
171,ExpGrad.01,1,0.599316,-0.0002769281037255,-0.0142125878856574,-0.0142125878856574,0.0,0.0,0 days 00:02:52.317824
172,RedGrid25,1,0.707796,-0.0607553223719468,-0.1260410902341728,-0.1260410902341728,-0.0634796918206904,-0.0572335311941827,0 days 00:10:22.999246
173,RedGrid5,1,0.707796,-0.0607553223719468,-0.1260410902341728,-0.1260410902341728,-0.0634796918206904,-0.0572335311941827,0 days 00:10:24.442124
174,RedGrid75,1,0.707796,-0.0607553223719468,-0.1260410902341728,-0.1260410902341728,-0.0634796918206904,-0.0572335311941827,0 days 00:10:08.265979
175,ExpGrad.1,1,0.71302,-0.0547146742315477,-0.137950876985024,-0.137950876985024,-0.0561221245046228,-0.0513343301315598,0 days 00:02:46.957453
176,ExpGrad.01,1,0.596203,-0.0093998386518341,-0.0145605944214029,-0.0094504401205016,-5.335151518437442e-05,-0.0145605944214029,0 days 00:04:17.223863
177,RedGrid25,1,0.706344,-0.0692817853867646,-0.1491285470658967,-0.1491285470658967,-0.0758940277811296,-0.0631326772150318,0 days 00:13:20.122475
178,RedGrid5,1,0.702569,-0.0099722817092616,-0.116709242337138,-0.116709242337138,0.0,-0.0121423790943143,0 days 00:13:13.354191
179,RedGrid75,1,0.702569,-0.0099722817092616,-0.116709242337138,-0.116709242337138,0.0,-0.0121423790943143,0 days 00:13:06.076367
180,ExpGrad.1,1,0.708456,-0.028052970666716,-0.0968187253132373,-0.0968187253132373,-0.0321575060158124,-0.0236557195260822,0 days 00:02:10.022543
181,ExpGrad.01,1,0.59146,-0.0072563206396821,-0.0162208265345769,-0.0162208265345769,-0.0081266542852727,-0.0064977470333552,0 days 00:02:36.456084
182,RedGrid25,1,0.705932,-0.054552187493625,-0.1202259875119386,-0.1202259875119386,-0.055358875715923,-0.0520737402034965,0 days 00:12:48.413840
183,RedGrid5,1,0.705932,-0.054552187493625,-0.1202259875119386,-0.1202259875119386,-0.055358875715923,-0.0520737402034965,0 days 00:12:57.363572
184,RedGrid75,1,0.705932,-0.054552187493625,-0.1202259875119386,-0.1202259875119386,-0.055358875715923,-0.0520737402034965,0 days 00:12:41.124258
185,ExpGrad.1,0,0.707068,-0.0816694378072153,-0.0975875717573063,-0.0975875717573063,-0.0730064607323891,-0.0724554275144147,0 days 00:03:59.661252
186,ExpGrad.01,0,0.688015,-0.0126868424457959,-0.0175486037774809,-0.0175486037774809,-0.0078102637095746,-0.0111118469117721,0 days 00:08:32.809947
187,RedGrid25,0,0.686425,-0.1240877043578288,-0.1529714636251199,-0.1529714636251199,-0.1028013005254171,-0.1104613602086763,0 days 00:16:17.528481
188,RedGrid5,0,0.686425,-0.1240877043578288,-0.1529714636251199,-0.1529714636251199,-0.1028013005254171,-0.1104613602086763,0 days 00:16:31.561603
189,RedGrid75,0,0.667849,-0.0516804439781795,-0.1083013193575144,-0.1083013193575144,0.0,-0.0304974809308457,0 days 00:15:57.676414
190,ExpGrad.1,2,0.693588,-0.0487593570696974,-0.0788526634501181,-0.0788526634501181,-0.025187255140942,-0.0377019865899661,0 days 00:02:50.072880
191,ExpGrad.01,2,0.612755,-0.003225038556824,-0.0050389846747232,-0.0050389846747232,0.0,-0.0037679578477645,0 days 00:03:06.128149
192,RedGrid25,2,0.711886,-0.0652277628839593,-0.0877386355428884,-0.0877386355428884,-0.0830904733945868,-0.0331620334555068,0 days 00:12:23.619584
193,RedGrid5,2,0.711886,-0.0652277628839593,-0.0877386355428884,-0.0877386355428884,-0.0830904733945868,-0.0331620334555068,0 days 00:12:12.536218
194,RedGrid75,2,0.665031,-0.0272202304604962,-0.0468991642887857,-0.0429379883113191,-0.0468991642887857,0.0,0 days 00:12:05.347936
195,ExpGrad.1,1,0.712633,-0.0450571210026803,-0.1223811057519469,-0.1223811057519469,-0.0458788544937081,-0.0421826806074329,0 days 00:03:12.208235
196,ExpGrad.01,1,0.584249,-0.0123618592190697,-0.0159876076935274,-0.0159876076935274,-0.0145562021139465,-0.0110366986761498,0 days 00:04:12.817390
197,RedGrid25,1,0.707587,-0.0682122258943103,-0.1341721750218327,-0.1341721750218327,-0.0679798759692248,-0.0662755822318299,0 days 00:14:53.353733
198,RedGrid5,1,0.707587,-0.0682122258943103,-0.1341721750218327,-0.1341721750218327,-0.0679798759692248,-0.0662755822318299,0 days 00:14:52.524478
199,RedGrid75,1,0.707587,-0.0682122258943103,-0.1341721750218327,-0.1341721750218327,-0.0679798759692248,-0.0662755822318299,0 days 00:14:50.578080
200,ExpGrad.1,0,0.707099,-0.0727377393204524,-0.090694192620502,-0.090694192620502,-0.0598903379723364,-0.064103293476879,0 days 00:03:54.259738
201,ExpGrad.01,0,0.689685,-0.012183092010224,-0.0185322159554421,-0.0185322159554421,-0.0107328730385559,-0.0074165472144062,0 days 00:10:09.080938
202,RedGrid25,0,0.686725,-0.1252548904200863,-0.1540856650048561,-0.1540856650048561,-0.1033938529923568,-0.1120748722557771,0 days 00:15:38.584787
203,RedGrid5,0,0.686725,-0.1252548904200863,-0.1540856650048561,-0.1540856650048561,-0.1033938529923568,-0.1120748722557771,0 days 00:15:37.585953
204,RedGrid75,0,0.686725,-0.1252548904200863,-0.1540856650048561,-0.1540856650048561,-0.1033938529923568,-0.1120748722557771,0 days 00:15:31.148811
205,ExpGrad.1,0,0.707031,-0.084314288336322,-0.1023350125502667,-0.1023350125502667,-0.0754079514475777,-0.0734265016557128,0 days 00:03:21.848672
206,ExpGrad.01,0,0.689836,-0.0162449712080505,-0.0224548276016498,-0.0224548276016498,-0.0140208482431937,-0.0120244372910367,0 days 00:06:27.394699
207,RedGrid25,0,0.683084,-0.117026968576946,-0.1514219287695961,-0.1514219287695961,-0.1003022669421603,-0.0960940705120765,0 days 00:11:36.996086
208,RedGrid5,0,0.683084,-0.117026968576946,-0.1514219287695961,-0.1514219287695961,-0.1003022669421603,-0.0960940705120765,0 days 00:11:38.589478
209,RedGrid75,0,0.683084,-0.117026968576946,-0.1514219287695961,-0.1514219287695961,-0.1003022669421603,-0.0960940705120765,0 days 00:11:33.179179
210,ExpGrad.1,2,0.712191,-0.0650200053566751,-0.0949784500150909,-0.0949784500150909,-0.0650160923372767,-0.0383104824275309,0 days 00:01:51.633179
211,ExpGrad.01,2,0.624961,-0.0135438566471089,-0.0160185483701291,-0.0130308996385209,-0.0105335785798034,-0.0160185483701291,0 days 00:03:15.896282
212,RedGrid25,2,0.70968,-0.0564952271284139,-0.0922534231724533,-0.0922534231724533,-0.0638523738722897,-0.0196814467667854,0 days 00:07:58.605781
213,RedGrid5,2,0.70968,-0.0564952271284139,-0.0922534231724533,-0.0922534231724533,-0.0638523738722897,-0.0196814467667854,0 days 00:08:02.820877
214,RedGrid75,2,0.682281,-0.0310845765705578,-0.0765771784538399,-0.0765771784538399,0.0,-0.011352688710354,0 days 00:07:57.490766
215,ExpGrad.1,1,0.711826,-0.0560747075691311,-0.1204003870753616,-0.1204003870753616,-0.057165746376589,-0.0534961957930586,0 days 00:02:51.062982
216,ExpGrad.01,1,0.605005,-0.0012152908327742,-0.0042169214039952,-0.0042169214039952,-0.0007711519644389,-0.0013680013289744,0 days 00:03:41.279043
217,RedGrid25,1,0.704572,-0.0618647719602708,-0.125040637934766,-0.125040637934766,-0.0649304894651034,-0.0582325134715006,0 days 00:14:10.220916
218,RedGrid5,1,0.698762,-0.0053841970369417,-0.0931298363534595,-0.0931298363534595,0.0,-0.0056572152584984,0 days 00:14:09.535666
219,RedGrid75,1,0.698762,-0.0053841970369417,-0.0931298363534595,-0.0931298363534595,0.0,-0.0056572152584984,0 days 00:14:06.250031
220,ExpGrad.1,1,0.711245,-0.0363597227918696,-0.1140422375658235,-0.1140422375658235,-0.0363576442047741,-0.0339349116604571,0 days 00:03:11.964465
221,ExpGrad.01,1,0.599488,-0.0012054005716798,-0.0178090043414942,-0.0178090043414942,0.0,-0.0013550613933654,0 days 00:05:02.549722
222,RedGrid25,1,0.700281,-0.0135862444464361,-0.1094021017881545,-0.1094021017881545,-0.0048331699688038,-0.0154459994847105,0 days 00:14:16.301678
223,RedGrid5,1,0.700281,-0.0135862444464361,-0.1094021017881545,-0.1094021017881545,-0.0048331699688038,-0.0154459994847105,0 days 00:14:15.239580
224,RedGrid75,1,0.700281,-0.0135862444464361,-0.1094021017881545,-0.1094021017881545,-0.0048331699688038,-0.0154459994847105,0 days 00:14:08.916861
225,ExpGrad.1,1,0.711284,-0.0325471581961373,-0.1178141539652716,-0.1178141539652716,-0.0225079262445718,-0.0354955072562068,0 days 00:02:22.057695
226,ExpGrad.01,1,0.587167,-0.0040360814767302,-0.0105603783272565,-0.0105603783272565,0.0,-0.0060703236473157,0 days 00:05:03.361054
227,RedGrid25,1,0.701219,-0.011413118767844,-0.106978438001327,-0.106978438001327,0.0,-0.0148068753592217,0 days 00:14:28.452656
228,RedGrid5,1,0.701219,-0.011413118767844,-0.106978438001327,-0.106978438001327,0.0,-0.0148068753592217,0 days 00:14:28.610492
229,RedGrid75,1,0.701219,-0.011413118767844,-0.106978438001327,-0.106978438001327,0.0,-0.0148068753592217,0 days 00:14:28.521876
230,ExpGrad.1,1,0.706415,-0.0116018012302456,-0.0832858085015938,-0.0832858085015938,-0.0227912458568747,-0.0031851025646696,0 days 00:02:23.503871
231,ExpGrad.01,1,0.606483,-2.423925089765718e-05,-0.0012371357073737,-0.0012371357073737,0.0,0.0,0 days 00:03:51.063900
232,RedGrid25,1,0.706744,-0.0690612924643133,-0.1343501166518597,-0.1343501166518597,-0.0715137533906227,-0.0656775382994601,0 days 00:11:20.868877
233,RedGrid5,1,0.696107,-0.0030749960104067,-0.0895736874982947,-0.0895736874982947,0.0,-0.0020913302491706,0 days 00:11:18.973066
234,RedGrid75,1,0.696107,-0.0030749960104067,-0.0895736874982947,-0.0895736874982947,0.0,-0.0020913302491706,0 days 00:11:17.864613
235,ExpGrad.1,0,0.70736,-0.0786638741457828,-0.097114963354127,-0.097114963354127,-0.0675067692626651,-0.0686749680066045,0 days 00:04:02.925550
236,ExpGrad.01,0,0.686067,-0.0127482039286118,-0.0174749435236967,-0.0174749435236967,-0.0120338092694023,-0.0090052038215764,0 days 00:09:59.061470
237,RedGrid25,0,0.683547,-0.1143447581955794,-0.1488011376189981,-0.1488011376189981,-0.0943823489940561,-0.0952089290401584,0 days 00:15:13.601478
238,RedGrid5,0,0.683547,-0.1143447581955794,-0.1488011376189981,-0.1488011376189981,-0.0943823489940561,-0.0952089290401584,0 days 00:15:23.913490
239,RedGrid75,0,0.683547,-0.1143447581955794,-0.1488011376189981,-0.1488011376189981,-0.0943823489940561,-0.0952089290401584,0 days 00:15:22.552171
240,ExpGrad.1,2,0.708929,-0.059669003864904,-0.087008464147521,-0.087008464147521,-0.0449747537939531,-0.0453246643281916,0 days 00:03:56.559254
241,ExpGrad.01,2,0.627411,-0.0077413789014721,-0.0106861134026522,-0.0106861134026522,-0.0077274201188982,-0.0051607468251381,0 days 00:02:31.668924
242,RedGrid25,2,0.720705,-0.098226282295042,-0.1044397785421165,-0.1044397785421165,-0.0937789409639887,-0.0956974845181936,0 days 00:08:36.055808
243,RedGrid5,2,0.720705,-0.098226282295042,-0.1044397785421165,-0.1044397785421165,-0.0937789409639887,-0.0956974845181936,0 days 00:08:32.380334
244,RedGrid75,2,0.661071,-0.0276834454476967,-0.0522037818386488,-0.0407553881087809,-0.0522037818386488,0.0,0 days 00:08:29.977714
245,ExpGrad.1,0,0.70616,-0.0836719110159175,-0.1003371276827411,-0.1003371276827411,-0.0760572212638521,-0.07328076471322,0 days 00:03:37.510505
246,ExpGrad.01,0,0.688651,-0.011897888042022,-0.0173956955069468,-0.0173956955069468,-0.0109820853509992,-0.0075866728858464,0 days 00:10:48.285741
247,RedGrid25,0,0.682709,-0.1173394601904398,-0.1506681630229513,-0.1506681630229513,-0.0985764760682096,-0.0985138142190406,0 days 00:15:27.886201
248,RedGrid5,0,0.682709,-0.1173394601904398,-0.1506681630229513,-0.1506681630229513,-0.0985764760682096,-0.0985138142190406,0 days 00:15:25.830309
249,RedGrid75,0,0.682709,-0.1173394601904398,-0.1506681630229513,-0.1506681630229513,-0.0985764760682096,-0.0985138142190406,0 days 00:15:25.295475
250,ExpGrad.1,2,0.712502,-0.0530631570041639,-0.0912719737606873,-0.0912719737606873,-0.0405096475771578,-0.0270268591623952,0 days 00:03:42.661518
251,ExpGrad.01,2,0.628634,-0.0119059267947451,-0.0179650685153375,-0.0113727725050054,-0.0179650685153375,-0.0083428884054099,0 days 00:04:53.005923
252,RedGrid25,2,0.698733,-0.0623124858532488,-0.0751045127205569,-0.0708767021456795,-0.0751045127205569,-0.0460629885459216,0 days 00:12:37.271960
253,RedGrid5,2,0.686521,-0.0278184555619354,-0.0747010573334766,-0.0747010573334766,0.0,-0.0041562287038693,0 days 00:13:28.168668
254,RedGrid75,2,0.683799,-0.0259291749807367,-0.0724949009309491,-0.0724949009309491,0.0,-0.0012916399454608,0 days 00:12:38.710900
255,ExpGrad.1,0,0.706778,-0.0814796029034894,-0.0985231381216719,-0.0985231381216719,-0.0713124311720347,-0.0721677550264154,0 days 00:03:26.815742
256,ExpGrad.01,0,0.685393,-0.0137080375697594,-0.0179338052194104,-0.0179338052194104,-0.0128635905997281,-0.0104739816650253,0 days 00:06:33.050921
257,RedGrid25,0,0.694454,-0.0551303632121894,-0.0771251203627135,-0.0505751877891972,-0.0771251203627135,-0.0469790387263747,0 days 00:11:36.709048
258,RedGrid5,0,0.694454,-0.0551303632121894,-0.0771251203627135,-0.0505751877891972,-0.0771251203627135,-0.0469790387263747,0 days 00:12:22.334296
259,RedGrid75,0,0.694454,-0.0551303632121894,-0.0771251203627135,-0.0505751877891972,-0.0771251203627135,-0.0469790387263747,0 days 00:11:45.228184
260,ExpGrad.1,2,0.706239,-0.0556928155780282,-0.0915500717651234,-0.0915500717651234,-0.0274419445519767,-0.0424591130806806,0 days 00:02:21.140502
261,ExpGrad.01,2,0.589807,-0.00787117716554,-0.0133860203056125,-0.0100203391657576,-0.0133860203056125,-0.0021946467658002,0 days 00:02:40.510887
262,RedGrid25,2,0.724662,-0.0997206025949454,-0.1299432772352711,-0.1299432772352711,-0.0991233105924905,-0.0728392351893512,0 days 00:10:47.465953
263,RedGrid5,2,0.685105,-0.0528581148458511,-0.0596130904049591,-0.056600674031723,-0.0596130904049591,-0.0449028482155023,0 days 00:10:49.530993
264,RedGrid75,2,0.619372,-0.0098606498350667,-0.0189934981911435,0.0,-0.0189934981911435,-0.0125758444713305,0 days 00:10:49.521300
265,ExpGrad.1,1,0.71205,-0.0477401942645741,-0.1210057355398112,-0.1210057355398112,-0.0558010254303289,-0.0410246383833994,0 days 00:02:40.407371
266,ExpGrad.01,1,0.603806,-0.0002745422174497,-0.0140885249690469,-0.0140885249690469,0.0,0.0,0 days 00:03:38.345198
267,RedGrid25,1,0.70483,-0.0650510154184596,-0.1369239339297125,-0.1369239339297125,-0.0690342311629211,-0.0606318967413527,0 days 00:14:51.386021
268,RedGrid5,1,0.70483,-0.0650510154184596,-0.1369239339297125,-0.1369239339297125,-0.0690342311629211,-0.0606318967413527,0 days 00:15:03.395698
269,RedGrid75,1,0.699216,-0.0083257965780366,-0.1004880465877407,-0.1004880465877407,0.0,-0.0100830837609142,0 days 00:15:04.941940
270,ExpGrad.1,2,0.702363,-0.0597933436321894,-0.088778350589706,-0.088778350589706,-0.0791465892709908,-0.0210517997221237,0 days 00:02:07.751693
271,ExpGrad.01,2,0.617062,-0.0067111228632615,-0.0118896100829924,-0.0118896100829924,-0.0098554780716209,0.0,0 days 00:03:08.617729
272,RedGrid25,2,0.728804,-0.096059881419451,-0.1342090114276938,-0.1342090114276938,-0.09875786410536,-0.060368618305809,0 days 00:10:39.533182
273,RedGrid5,2,0.681391,-0.0272054325686315,-0.0718194021549657,-0.0718194021549657,0.0,-0.0058613679182371,0 days 00:10:38.561789
274,RedGrid75,2,0.681391,-0.0272054325686315,-0.0718194021549657,-0.0718194021549657,0.0,-0.0058613679182371,0 days 00:10:39.174579
275,ExpGrad.1,1,0.711383,-0.0336964446535134,-0.1074113888138372,-0.1074113888138372,-0.0368096992014415,-0.0296782807962271,0 days 00:02:42.326716
276,ExpGrad.01,1,0.587068,-0.0018598211826866,-0.0046732956913234,-0.001379892560163,-0.0046732956913234,-0.0003232247610042,0 days 00:03:44.518987
277,RedGrid25,1,0.707261,-0.0552606513840557,-0.1400147196249259,-0.1400147196249259,-0.0547898810355298,-0.0528743871410571,0 days 00:13:47.685430
278,RedGrid5,1,0.694858,-0.0017629534312027,-0.0893776497554272,-0.0893776497554272,0.0,0.0,0 days 00:13:49.338876
279,RedGrid75,1,0.694858,-0.0017629534312027,-0.0893776497554272,-0.0893776497554272,0.0,0.0,0 days 00:13:47.928669
280,ExpGrad.1,0,0.706492,-0.0841571630633365,-0.101697965339477,-0.101697965339477,-0.0750693787415256,-0.0737382324965018,0 days 00:04:08.195222
281,ExpGrad.01,0,0.685674,-0.0129639054381929,-0.0188818891705541,-0.0188818891705541,-0.0098831358220046,-0.0094568389502625,0 days 00:07:02.616703
282,RedGrid25,0,0.687343,-0.0828167785848496,-0.1149487473828344,-0.1149487473828344,-0.0088382046592894,-0.0953755767415655,0 days 00:15:44.415920
283,RedGrid5,0,0.687343,-0.0828167785848496,-0.1149487473828344,-0.1149487473828344,-0.0088382046592894,-0.0953755767415655,0 days 00:15:25.319421
284,RedGrid75,0,0.687343,-0.0828167785848496,-0.1149487473828344,-0.1149487473828344,-0.0088382046592894,-0.0953755767415655,0 days 00:15:30.045356
285,ExpGrad.1,2,0.694941,-0.0591297398011073,-0.0962889674617868,-0.0962889674617868,-0.0264971695007921,-0.0475711129604572,0 days 00:03:18.012214
286,ExpGrad.01,2,0.611017,-0.0067449946557587,-0.0143381958679073,-0.0143381958679073,-0.0066130467639458,0.0,0 days 00:04:19.072868
287,RedGrid25,2,0.645384,-0.0335817852676557,-0.0650279927042301,-0.0650279927042301,0.0,-0.0278010949170824,0 days 00:14:31.655991
288,RedGrid5,2,0.645384,-0.0335817852676557,-0.0650279927042301,-0.0650279927042301,0.0,-0.0278010949170824,0 days 00:14:18.799000
289,RedGrid75,2,0.628252,-0.0165969780003726,-0.0474060845797265,-0.0474060845797265,0.0,0.0,0 days 00:14:14.160088
290,ExpGrad.1,0,0.707346,-0.08239685040279,-0.0992994900347662,-0.0992994900347662,-0.073983602716966,-0.0721588559401235,0 days 00:03:14.730746
291,ExpGrad.01,0,0.688014,-0.0123806203310263,-0.0174541050743802,-0.0174541050743802,-0.010875359900796,-0.0087434806990871,0 days 00:06:37.720410
292,RedGrid25,0,0.695406,-0.0396060323372356,-0.0462885720758485,-0.0403797182471616,-0.0262898147578011,-0.0462885720758485,0 days 00:12:05.672559
293,RedGrid5,0,0.695406,-0.0396060323372356,-0.0462885720758485,-0.0403797182471616,-0.0262898147578011,-0.0462885720758485,0 days 00:12:16.043136
294,RedGrid75,0,0.695406,-0.0396060323372356,-0.0462885720758485,-0.0403797182471616,-0.0262898147578011,-0.0462885720758485,0 days 00:12:24.307622
295,ExpGrad.1,0,0.707308,-0.0828934554359249,-0.0994125939823574,-0.0994125939823574,-0.075132172399416,-0.0726667378904937,0 days 00:03:54.364465
296,ExpGrad.01,0,0.684984,-0.0113922341739871,-0.0161169827507167,-0.0161169827507167,-0.0114323009520167,-0.0072153657238898,0 days 00:07:07.455961
297,RedGrid25,0,0.6871,-0.0818297594321427,-0.1136986551197678,-0.1136986551197678,-0.0073613539715036,-0.0950569476712193,0 days 00:15:07.641407
298,RedGrid5,0,0.6871,-0.0818297594321427,-0.1136986551197678,-0.1136986551197678,-0.0073613539715036,-0.0950569476712193,0 days 00:15:02.761583
299,RedGrid75,0,0.6871,-0.0818297594321427,-0.1136986551197678,-0.1136986551197678,-0.0073613539715036,-0.0950569476712193,0 days 00:15:03.112344
300,ExpGrad.1,0,0.70633,-0.0763350044019949,-0.094008673610602,-0.094008673610602,-0.0654568522485437,-0.0668307584276328,0 days 00:02:49.108469
301,ExpGrad.01,0,0.683269,-0.011206358103235,-0.0155220442701848,-0.0155220442701848,-0.0059235847017015,-0.0103478923263563,0 days 00:06:22.981498
302,RedGrid25,0,0.687128,-0.0801439013635803,-0.1108911124249887,-0.1108911124249887,-0.0070903774915717,-0.0937466364583249,0 days 00:12:33.887603
303,RedGrid5,0,0.687128,-0.0801439013635803,-0.1108911124249887,-0.1108911124249887,-0.0070903774915717,-0.0937466364583249,0 days 00:12:44.022713
304,RedGrid75,0,0.687128,-0.0801439013635803,-0.1108911124249887,-0.1108911124249887,-0.0070903774915717,-0.0937466364583249,0 days 00:12:35.919898
305,ExpGrad.1,2,0.712417,-0.0656508639563348,-0.0918467395167387,-0.0866467610760305,-0.0918467395167387,-0.0298555923021804,0 days 00:02:49.516653
306,ExpGrad.01,2,0.61715,-0.0034010561449321,-0.0105145530632392,-0.001893184389744,-0.0105145530632392,0.0,0 days 00:04:39.058348
307,RedGrid25,2,0.713732,-0.0616031432075428,-0.0894066127112493,-0.0894066127112493,-0.089042052558157,-0.0190155820229189,0 days 00:14:15.008809
308,RedGrid5,2,0.713732,-0.0616031432075428,-0.0894066127112493,-0.0894066127112493,-0.089042052558157,-0.0190155820229189,0 days 00:14:25.454020
309,RedGrid75,2,0.664722,-0.0277977235816088,-0.0600556414559146,-0.0322156049972311,-0.0600556414559146,-0.0025088622942841,0 days 00:14:13.283045
310,ExpGrad.1,1,0.711663,-0.0545331434962092,-0.120371411160998,-0.120371411160998,-0.0562990842039969,-0.051532907870795,0 days 00:03:09.462414
311,ExpGrad.01,1,0.601078,-0.0085561656985242,-0.0137801306035435,-0.0137801306035435,-0.0002846565293984,-0.0129827095642966,0 days 00:03:13.481221
312,RedGrid25,1,0.703432,-0.0801929708272861,-0.1420791095825355,-0.1420791095825355,-0.0883906728429999,-0.0737473684349975,0 days 00:13:34.569096
313,RedGrid5,1,0.703432,-0.0801929708272861,-0.1420791095825355,-0.1420791095825355,-0.0883906728429999,-0.0737473684349975,0 days 00:13:32.100994
314,RedGrid75,1,0.700908,-0.0270329819283638,-0.115009970827569,-0.115009970827569,-0.0174934839219951,-0.0296225213458338,0 days 00:13:30.116772
315,ExpGrad.1,2,0.67146,-0.0315330735878482,-0.069904527610488,-0.069904527610488,0.0,-0.0182226672489974,0 days 00:03:30.229556
316,ExpGrad.01,2,0.620979,-0.0047363182350305,-0.0069954915842094,-0.0069954915842094,0.0,-0.0058636403316053,0 days 00:04:26.825632
317,RedGrid25,2,0.687622,-0.0298404948919209,-0.0750298592546978,-0.0750298592546978,0.0,-0.0093238736827895,0 days 00:13:43.819414
318,RedGrid5,2,0.685129,-0.0274949488413258,-0.0711575654600202,-0.0711575654600202,0.0,-0.0067840249247542,0 days 00:13:41.556846
319,RedGrid75,2,0.588873,-0.0021919318278866,-0.0084421540895759,0.0,-0.0084421540895759,0.0,0 days 00:13:41.745325
320,ExpGrad.1,0,0.706552,-0.0814622095348773,-0.0988425712302997,-0.0988425712302997,-0.0729508672037068,-0.070924173638571,0 days 00:03:25.329488
321,ExpGrad.01,0,0.684978,-0.0121937541225431,-0.017201840425257,-0.017201840425257,-0.0133636411610816,-0.0071565697039651,0 days 00:06:28.594996
322,RedGrid25,0,0.691341,-0.0223295151902419,-0.0276738065290867,-0.0276738065290867,-0.0090166394895635,-0.0249965312051517,0 days 00:16:58.797827
323,RedGrid5,0,0.691341,-0.0223295151902419,-0.0276738065290867,-0.0276738065290867,-0.0090166394895635,-0.0249965312051517,0 days 00:16:57.106020
324,RedGrid75,0,0.691341,-0.0223295151902419,-0.0276738065290867,-0.0276738065290867,-0.0090166394895635,-0.0249965312051517,0 days 00:16:44.621159
325,ExpGrad.1,2,0.721011,-0.0798197002954044,-0.1081562859530738,-0.1081562859530738,-0.0959797529987574,-0.0440205048736266,0 days 00:02:41.932934
326,ExpGrad.01,2,0.625795,-0.0114047334062426,-0.0157900235843075,-0.0155087773809164,-0.0157900235843075,-0.0048705686672555,0 days 00:03:58.419419
327,RedGrid25,2,0.707281,-0.0593319143348766,-0.094440381849994,-0.094440381849994,-0.0906966753734181,-0.0074926882686873,0 days 00:12:23.422652
328,RedGrid5,2,0.69662,-0.0583935953685919,-0.1002432615660318,-0.076863141521272,-0.1002432615660318,-0.0143951134596808,0 days 00:12:15.139765
329,RedGrid75,2,0.66946,-0.0178951867459259,-0.0513814227647539,-0.0513814227647539,0.0,0.0,0 days 00:12:04.827000
330,ExpGrad.1,1,0.708293,-0.0227758823862701,-0.0924576318156578,-0.0924576318156578,-0.0285173550085776,-0.0174222352711508,0 days 00:02:57.366642
331,ExpGrad.01,1,0.602588,-0.0107081839044833,-0.0162712850052519,-0.0120532871113147,-0.000570369100584,-0.0162712850052519,0 days 00:04:41.238465
332,RedGrid25,1,0.705871,-0.0642578783126939,-0.1279776306852713,-0.1279776306852713,-0.0675357118884947,-0.0604528233764157,0 days 00:14:34.076658
333,RedGrid5,1,0.705871,-0.0642578783126939,-0.1279776306852713,-0.1279776306852713,-0.0675357118884947,-0.0604528233764157,0 days 00:14:20.624342
334,RedGrid75,1,0.705871,-0.0642578783126939,-0.1279776306852713,-0.1279776306852713,-0.0675357118884947,-0.0604528233764157,0 days 00:14:12.755571
335,ExpGrad.1,0,0.706543,-0.0784036710598639,-0.0962983521559983,-0.0962983521559983,-0.0677456870168536,-0.0685405301399324,0 days 00:03:55.897183
336,ExpGrad.01,0,0.686871,-0.0124217541799798,-0.0192560431814194,-0.0192560431814194,-0.0127923166397946,-0.0062108224566362,0 days 00:10:52.490101
337,RedGrid25,0,0.690068,-0.021006443713407,-0.0269937741269316,-0.0269937741269316,-0.0082668773117906,-0.0227548271584889,0 days 00:16:39.164895
338,RedGrid5,0,0.690068,-0.021006443713407,-0.0269937741269316,-0.0269937741269316,-0.0082668773117906,-0.0227548271584889,0 days 00:16:38.869462
339,RedGrid75,0,0.690068,-0.021006443713407,-0.0269937741269316,-0.0269937741269316,-0.0082668773117906,-0.0227548271584889,0 days 00:16:17.776182
340,ExpGrad.1,1,0.707312,-0.0097877697760324,-0.1013037088971293,-0.1013037088971293,-0.0049930254620476,-0.0096254386099716,0 days 00:02:41.397282
341,ExpGrad.01,1,0.588059,-0.0001260337321906,-0.0064628626587528,-0.0064628626587528,0.0,0.0,0 days 00:03:50.783576
342,RedGrid25,1,0.701317,-0.0155800210700316,-0.1172407110813792,-0.1172407110813792,-0.0044710396305395,-0.0186226158901919,0 days 00:14:56.231748
343,RedGrid5,1,0.701317,-0.0155800210700316,-0.1172407110813792,-0.1172407110813792,-0.0044710396305395,-0.0186226158901919,0 days 00:14:55.772380
344,RedGrid75,1,0.701317,-0.0155800210700316,-0.1172407110813792,-0.1172407110813792,-0.0044710396305395,-0.0186226158901919,0 days 00:14:44.469933
345,ExpGrad.1,0,0.706592,-0.0840386085400784,-0.1024952458291514,-0.1024952458291514,-0.0751861514229237,-0.0727739670053477,0 days 00:03:59.482150
346,ExpGrad.01,0,0.685958,-0.0162117214080711,-0.0220670160096583,-0.0220670160096583,-0.0105970710002132,-0.0141910466461447,0 days 00:07:41.050573
347,RedGrid25,0,0.690066,-0.0224354438131113,-0.0289321711801318,-0.0289321711801318,-0.0071875941876234,-0.0251840820017544,0 days 00:16:44.550088
348,RedGrid5,0,0.690066,-0.0224354438131113,-0.0289321711801318,-0.0289321711801318,-0.0071875941876234,-0.0251840820017544,0 days 00:16:51.648548
349,RedGrid75,0,0.690066,-0.0224354438131113,-0.0289321711801318,-0.0289321711801318,-0.0071875941876234,-0.0251840820017544,0 days 00:16:27.000198
350,ExpGrad.1,2,0.705575,-0.0456846078042279,-0.0839453575263222,-0.0839453575263222,-0.0165827686613232,-0.0306117274772007,0 days 00:01:52.669874
351,ExpGrad.01,2,0.629582,-0.0080135729631351,-0.0171421110565853,-0.0171421110565853,0.0,-0.0051345113765125,0 days 00:04:17.847756
352,RedGrid25,2,0.730244,-0.0978706136123077,-0.1255545518768497,-0.1255545518768497,-0.1093513319062591,-0.0651617992103834,0 days 00:09:13.136027
353,RedGrid5,2,0.694319,-0.0413622991848847,-0.0930228202898831,-0.0930228202898831,0.0,-0.0223965061401546,0 days 00:08:55.902025
354,RedGrid75,2,0.645668,-0.0228346915259276,-0.0465737688313672,-0.0305012781165089,-0.0465737688313672,0.0,0 days 00:09:07.818032
355,ExpGrad.1,1,0.710002,-0.0433868819673514,-0.1153390846088527,-0.1153390846088527,-0.0643540672573974,-0.029588829599738,0 days 00:01:56.251022
356,ExpGrad.01,1,0.583251,-0.0008197965986011,-0.0073977734838178,-0.0073977734838178,-0.0019357644324798,0.0,0 days 00:02:39.699134
357,RedGrid25,1,0.705128,-0.0687937424939942,-0.1398333528630584,-0.1398333528630584,-0.0755944657122118,-0.0628360494939725,0 days 00:10:39.898362
358,RedGrid5,1,0.705128,-0.0687937424939942,-0.1398333528630584,-0.1398333528630584,-0.0755944657122118,-0.0628360494939725,0 days 00:10:25.367912
359,RedGrid75,1,0.705128,-0.0687937424939942,-0.1398333528630584,-0.1398333528630584,-0.0755944657122118,-0.0628360494939725,0 days 00:10:08.516111
360,ExpGrad.1,0,0.706506,-0.0769560427575766,-0.0951666000965268,-0.0951666000965268,-0.0655481159436557,-0.0673066865608975,0 days 00:03:43.348006
361,ExpGrad.01,0,0.687879,-0.013951186124405,-0.0191631483243838,-0.0191631483243838,-0.0087228916652914,-0.012278816058092,0 days 00:07:05.632507
362,RedGrid25,0,0.682495,-0.1135373635926904,-0.1482005719066788,-0.1482005719066788,-0.0931830105749916,-0.0944153798338242,0 days 00:15:40.941557
363,RedGrid5,0,0.682495,-0.1135373635926904,-0.1482005719066788,-0.1482005719066788,-0.0931830105749916,-0.0944153798338242,0 days 00:15:37.472019
364,RedGrid75,0,0.682495,-0.1135373635926904,-0.1482005719066788,-0.1482005719066788,-0.0931830105749916,-0.0944153798338242,0 days 00:15:23.609278
365,ExpGrad.1,2,0.718366,-0.0631055591185437,-0.1056942445498613,-0.1056942445498613,-0.0529367872795709,-0.0318641480179597,0 days 00:01:52.990782
366,ExpGrad.01,2,0.63153,-0.0084208283064203,-0.0139814953608291,-0.0084200774115856,0.0,-0.0139814953608291,0 days 00:02:30.660934
367,RedGrid25,2,0.702038,-0.0528278223888699,-0.0812372740623115,-0.0760856164535395,-0.0812372740623115,-0.0133423799285016,0 days 00:08:51.632096
368,RedGrid5,2,0.667383,-0.0194359698366062,-0.0556438867917319,-0.0556438867917319,0.0,0.0,0 days 00:08:48.899614
369,RedGrid75,2,0.667383,-0.0194359698366062,-0.0556438867917319,-0.0556438867917319,0.0,0.0,0 days 00:08:43.689225
370,ExpGrad.1,2,0.715322,-0.0577303759997897,-0.0952571500539699,-0.0952571500539699,-0.0273807056820684,-0.0445161089625172,0 days 00:02:57.682941
371,ExpGrad.01,2,0.624076,-0.0077188568760974,-0.0128021496523041,-0.0128021496523041,0.0,-0.0083037891491514,0 days 00:03:26.404530
372,RedGrid25,2,0.70923,-0.0532156170686654,-0.0978548626863783,-0.0978548626863783,-0.0027383280573788,-0.046959867091662,0 days 00:10:41.929017
373,RedGrid5,2,0.677588,-0.0327851439762396,-0.0572447441887549,-0.0572447441887549,0.0,-0.0327321320527159,0 days 00:10:41.058661
374,RedGrid75,2,0.677588,-0.0327851439762396,-0.0572447441887549,-0.0572447441887549,0.0,-0.0327321320527159,0 days 00:10:40.489384
375,ExpGrad.1,1,0.710513,-0.0407123046590968,-0.1208658072490577,-0.1208658072490577,-0.0341121404826468,-0.0418754037400633,0 days 00:02:49.159123
376,ExpGrad.01,1,0.599148,-0.013946987721385,-0.0166461473195121,-0.0135557757847356,-0.0090996925994075,-0.0166461473195121,0 days 00:06:39.592619
377,RedGrid25,1,0.705675,-0.0712002643904703,-0.1440628988227786,-0.1440628988227786,-0.076909560049277,-0.0657669133478066,0 days 00:14:56.781007
378,RedGrid5,1,0.698288,-0.0019792396490992,-0.1007886402169434,-0.1007886402169434,0.0,0.0,0 days 00:14:56.284129
379,RedGrid75,1,0.698288,-0.0019792396490992,-0.1007886402169434,-0.1007886402169434,0.0,0.0,0 days 00:14:43.386041
380,ExpGrad.1,0,0.706778,-0.084260313326497,-0.1007022420680112,-0.1007022420680112,-0.0758215122720644,-0.0744543220009785,0 days 00:03:53.333187
381,ExpGrad.01,0,0.686026,-0.0135876444892029,-0.0177801657785184,-0.0177801657785184,-0.0076223803701844,-0.0132019848280721,0 days 00:08:36.542876
382,RedGrid25,0,0.685567,-0.1257242626561273,-0.1541349457307981,-0.1541349457307981,-0.1046914415935205,-0.1123575522749753,0 days 00:15:31.987356
383,RedGrid5,0,0.685567,-0.1257242626561273,-0.1541349457307981,-0.1541349457307981,-0.1046914415935205,-0.1123575522749753,0 days 00:15:30.614344
384,RedGrid75,0,0.666738,-0.0509117508020661,-0.1074176792398818,-0.1074176792398818,0.0,-0.0293618798866786,0 days 00:15:28.050929
385,ExpGrad.1,1,0.71327,-0.0544011529627199,-0.1250586245709972,-0.1250586245709972,-0.0563113142524396,-0.0511679681480526,0 days 00:02:57.951075
386,ExpGrad.01,1,0.600025,-0.0084987507350906,-0.0115007123516721,-0.0110876495408686,-0.0029415849783417,-0.0115007123516721,0 days 00:04:12.526457
387,RedGrid25,1,0.706362,-0.066622624863254,-0.1332555924909194,-0.1332555924909194,-0.0710988456670896,-0.0620903063639659,0 days 00:12:56.716554
388,RedGrid5,1,0.706362,-0.066622624863254,-0.1332555924909194,-0.1332555924909194,-0.0710988456670896,-0.0620903063639659,0 days 00:12:58.593192
389,RedGrid75,1,0.706362,-0.066622624863254,-0.1332555924909194,-0.1332555924909194,-0.0710988456670896,-0.0620903063639659,0 days 00:12:41.735655
390,ExpGrad.1,0,0.706214,-0.0813139698371625,-0.0994643617778868,-0.0994643617778868,-0.071885570920395,-0.0706432402391715,0 days 00:03:50.124725
391,ExpGrad.01,0,0.683147,-0.0088238623959628,-0.014029639368723,-0.014029639368723,-0.0050467693206189,-0.0063582402191378,0 days 00:07:44.391537
392,RedGrid25,0,0.695597,-0.0662839992661855,-0.0848690863560063,-0.0604836524883435,-0.0848690863560063,-0.0610598985958917,0 days 00:14:46.655223
393,RedGrid5,0,0.695597,-0.0662839992661855,-0.0848690863560063,-0.0604836524883435,-0.0848690863560063,-0.0610598985958917,0 days 00:14:44.611488
394,RedGrid75,0,0.695597,-0.0662839992661855,-0.0848690863560063,-0.0604836524883435,-0.0848690863560063,-0.0610598985958917,0 days 00:14:43.525116
395,ExpGrad.1,1,0.71216,-0.0499182402823543,-0.130799281170677,-0.130799281170677,-0.0489486949804026,-0.0479010712452652,0 days 00:01:54.065574
396,ExpGrad.01,1,0.612452,-0.0003996294936902,-0.0200716725438979,-0.0200716725438979,0.0,0.0,0 days 00:03:19.906930
397,RedGrid25,1,0.699089,-0.0115059409455453,-0.1170432298594746,-0.1170432298594746,-0.0014628547371109,-0.0137495383722586,0 days 00:08:35.648290
398,RedGrid5,1,0.699089,-0.0115059409455453,-0.1170432298594746,-0.1170432298594746,-0.0014628547371109,-0.0137495383722586,0 days 00:08:32.024913
399,RedGrid75,1,0.699089,-0.0115059409455453,-0.1170432298594746,-0.1170432298594746,-0.0014628547371109,-0.0137495383722586,0 days 00:08:31.739252
400,ExpGrad.1,2,0.700598,-0.0500910375830478,-0.0927471165665086,-0.0927471165665086,-0.0029355412293478,-0.0437366565656278,0 days 00:03:22.927497
401,ExpGrad.01,2,0.60805,-0.0087480945904616,-0.0186195053399721,-0.0186195053399721,0.0,-0.0058376363206384,0 days 00:04:00.721910
402,RedGrid25,2,0.658987,-0.0184224219652219,-0.0531111240740986,-0.0531111240740986,0.0,0.0,0 days 00:13:49.566213
403,RedGrid5,2,0.658987,-0.0184224219652219,-0.0531111240740986,-0.0531111240740986,0.0,0.0,0 days 00:13:32.671979
404,RedGrid75,2,0.658987,-0.0184224219652219,-0.0531111240740986,-0.0531111240740986,0.0,0.0,0 days 00:13:29.835497
405,ExpGrad.1,0,0.7061,-0.0798940042689087,-0.0973023495168632,-0.0973023495168632,-0.0697935445615014,-0.070204440431033,0 days 00:03:28.181975
406,ExpGrad.01,0,0.685617,-0.0123262549689034,-0.0167671040314214,-0.0167671040314214,-0.0068079193450326,-0.0114789991513044,0 days 00:06:50.748218
407,RedGrid25,0,0.686279,-0.0782538933358697,-0.1101298328341441,-0.1101298328341441,-0.0028527632918214,-0.0919377299923436,0 days 00:11:15.364798
408,RedGrid5,0,0.686279,-0.0782538933358697,-0.1101298328341441,-0.1101298328341441,-0.0028527632918214,-0.0919377299923436,0 days 00:11:37.258689
409,RedGrid75,0,0.664533,-0.0531289773472202,-0.109243539333084,-0.109243539333084,0.0,-0.0332554506331521,0 days 00:11:41.932533
410,ExpGrad.1,1,0.709137,-0.03218308726059,-0.1142970396898095,-0.1142970396898095,-0.0354442700740982,-0.0278712962263392,0 days 00:01:52.449766
411,ExpGrad.01,1,0.600279,-0.0061281238209111,-0.0179278147449066,-0.0179278147449066,0.0,-0.0091510493842006,0 days 00:04:21.490053
412,RedGrid25,1,0.701216,-0.014380334820776,-0.1128984409218892,-0.1128984409218892,-0.0068596911801589,-0.0155202963884611,0 days 00:11:06.182200
413,RedGrid5,1,0.701216,-0.014380334820776,-0.1128984409218892,-0.1128984409218892,-0.0068596911801589,-0.0155202963884611,0 days 00:11:08.037932
414,RedGrid75,1,0.701216,-0.014380334820776,-0.1128984409218892,-0.1128984409218892,-0.0068596911801589,-0.0155202963884611,0 days 00:11:14.176609
415,ExpGrad.1,0,0.706395,-0.0771846413209783,-0.0954908649431975,-0.0954908649431975,-0.0655489774012452,-0.067525425823283,0 days 00:03:34.853566
416,ExpGrad.01,0,0.68574,-0.0143651377580189,-0.0187375497886023,-0.0187375497886023,-0.013407343085374,-0.0110503235274198,0 days 00:06:07.754688
417,RedGrid25,0,0.682736,-0.1144386499789935,-0.1488441600434149,-0.1488441600434149,-0.0968006087803001,-0.0939440309676321,0 days 00:14:50.883152
418,RedGrid5,0,0.682736,-0.1144386499789935,-0.1488441600434149,-0.1488441600434149,-0.0968006087803001,-0.0939440309676321,0 days 00:14:51.903443
419,RedGrid75,0,0.682736,-0.1144386499789935,-0.1488441600434149,-0.1488441600434149,-0.0968006087803001,-0.0939440309676321,0 days 00:15:00.909787
420,ExpGrad.1,2,0.708073,-0.0552816205266353,-0.0795970882766985,-0.0795970882766985,-0.0546151917404515,-0.0341328429493617,0 days 00:02:47.271877
421,ExpGrad.01,2,0.624818,-0.0080122541418103,-0.0087180693288342,-0.0078264803151913,-0.0087180693288342,-0.0077112937919691,0 days 00:04:08.106575
422,RedGrid25,2,0.713165,-0.0606085333421143,-0.0931382679200256,-0.0931382679200256,-0.0538988816069159,-0.03615572135843,0 days 00:11:40.135472
423,RedGrid5,2,0.684403,-0.0288625061565329,-0.0722453633447688,-0.0722453633447688,0.0,-0.0093965274691523,0 days 00:12:53.776140
424,RedGrid75,2,0.626127,-0.0043354003775491,-0.0072741740714759,-0.007033520279326,-0.0072741740714759,0.0,0 days 00:11:26.461090
425,ExpGrad.1,0,0.707192,-0.081356063901427,-0.0981058367792437,-0.0981058367792437,-0.0725731925035303,-0.0715092968183195,0 days 00:03:31.644635
426,ExpGrad.01,0,0.686013,-0.0114586321610436,-0.0169967923711968,-0.0169967923711968,-0.0059652821945272,-0.0096330453847188,0 days 00:06:24.428439
427,RedGrid25,0,0.690759,-0.0205610241536442,-0.025975304507684,-0.025975304507684,-0.0040043394744259,-0.0249546182950747,0 days 00:16:27.119761
428,RedGrid5,0,0.690759,-0.0205610241536442,-0.025975304507684,-0.025975304507684,-0.0040043394744259,-0.0249546182950747,0 days 00:16:39.155038
429,RedGrid75,0,0.690759,-0.0205610241536442,-0.025975304507684,-0.025975304507684,-0.0040043394744259,-0.0249546182950747,0 days 00:16:38.529983
430,ExpGrad.1,2,0.699066,-0.0540944938786662,-0.0931949984264288,-0.0931949984264288,-0.0342424768978861,-0.0327227337371612,0 days 00:03:33.022479
431,ExpGrad.01,2,0.628381,-0.0100981094785391,-0.0130067541372155,-0.0130067541372155,-0.0049622088921659,-0.0109444342420375,0 days 00:04:35.828770
432,RedGrid25,2,0.693095,-0.0519743867077624,-0.0931828067255833,-0.0931828067255833,0.0,-0.050124124077939,0 days 00:12:01.875273
433,RedGrid5,2,0.693095,-0.0519743867077624,-0.0931828067255833,-0.0931828067255833,0.0,-0.050124124077939,0 days 00:12:05.498098
434,RedGrid75,2,0.662632,-0.0337430590126554,-0.0572685474442061,-0.0572685474442061,0.0,-0.0353973763369989,0 days 00:11:50.596067
435,ExpGrad.1,2,0.722749,-0.0711474057735825,-0.100163501307915,-0.100163501307915,-0.0856686684003266,-0.035566669257535,0 days 00:02:56.452061
436,ExpGrad.01,2,0.617156,-0.0067232870101149,-0.0101788252409966,-0.0086956924256887,-0.0101788252409966,-0.0026616558182269,0 days 00:03:08.752010
437,RedGrid25,2,0.720666,-0.0762959390261218,-0.1185553956673824,-0.1185553956673824,-0.0819958191238645,-0.0347585268056929,0 days 00:10:47.201835
438,RedGrid5,2,0.693999,-0.0631517117971411,-0.0748712154924201,-0.0668851036165868,-0.0748712154924201,-0.0520167980550114,0 days 00:11:12.661468
439,RedGrid75,2,0.654881,-0.0257407480970871,-0.0610999150816077,-0.0282104282586189,-0.0610999150816077,0.0,0 days 00:11:14.809963
440,ExpGrad.1,1,0.705233,-0.0182956177767134,-0.1021294622274862,-0.1021294622274862,-0.0250978012539613,-0.0119299530315916,0 days 00:01:51.588831
441,ExpGrad.01,1,0.589756,-0.010009416390746,-0.0118735390172168,-0.0118735390172168,-0.0100531221617727,-0.0099274216174923,0 days 00:02:37.695614
442,RedGrid25,1,0.702314,-0.0128557289120472,-0.1149936310419887,-0.1149936310419887,-0.0091895994543832,-0.0117191618040155,0 days 00:11:33.039593
443,RedGrid5,1,0.702314,-0.0128557289120472,-0.1149936310419887,-0.1149936310419887,-0.0091895994543832,-0.0117191618040155,0 days 00:11:35.098370
444,RedGrid75,1,0.702314,-0.0128557289120472,-0.1149936310419887,-0.1149936310419887,-0.0091895994543832,-0.0117191618040155,0 days 00:11:43.213417
445,ExpGrad.1,2,0.70438,-0.0497219070538813,-0.081024646688175,-0.081024646688175,-0.0413424761477653,-0.0273441920559769,0 days 00:03:27.557352
446,ExpGrad.01,2,0.63447,-0.0063116973177086,-0.011949541647761,-0.011949541647761,-0.006238774143642,-0.0013251203729215,0 days 00:03:38.351264
447,RedGrid25,2,0.719138,-0.0751545858059905,-0.1143629652417712,-0.1143629652417712,-0.0779319003007762,-0.0382888279281102,0 days 00:11:01.783268
448,RedGrid5,2,0.655944,-0.0263825414653336,-0.0577575976811932,-0.030748309450089,-0.0577575976811932,-0.001595669723599,0 days 00:10:52.824006
449,RedGrid75,2,0.621297,-0.01072813420235,-0.0340490648021956,-0.0053561456569278,-0.0340490648021956,0.0,0 days 00:10:59.197406
450,ExpGrad.1,0,0.706012,-0.081226691774759,-0.0982518559709969,-0.0982518559709969,-0.0720199373416162,-0.0713425168265806,0 days 00:03:27.827416
451,ExpGrad.01,0,0.686841,-0.012181866105001,-0.0174428251970113,-0.0174428251970113,-0.0106173656867403,-0.0084184375808392,0 days 00:06:39.306767
452,RedGrid25,0,0.686001,-0.1252850843945493,-0.1545096383663887,-0.1545096383663887,-0.1016667805880635,-0.1126459101781156,0 days 00:13:36.761776
453,RedGrid5,0,0.686001,-0.1252850843945493,-0.1545096383663887,-0.1545096383663887,-0.1016667805880635,-0.1126459101781156,0 days 00:13:47.543223
454,RedGrid75,0,0.686001,-0.1252850843945493,-0.1545096383663887,-0.1545096383663887,-0.1016667805880635,-0.1126459101781156,0 days 00:12:46.474913
455,ExpGrad.1,2,0.710369,-0.0577328139768262,-0.0884150406569008,-0.0884150406569008,-0.0402994436690991,-0.0420986998758298,0 days 00:03:07.506979
456,ExpGrad.01,2,0.609485,-0.0049238972920798,-0.0075790739893122,-0.0056692614568583,0.0,-0.0075790739893122,0 days 00:03:39.364977
457,RedGrid25,2,0.716678,-0.0675391803134671,-0.1131225098444147,-0.1131225098444147,-0.0536898848928866,-0.0361854180776268,0 days 00:13:46.077499
458,RedGrid5,2,0.687228,-0.0372383381571379,-0.0879780459438094,-0.0879780459438094,0.0,-0.0170544669861954,0 days 00:13:46.717465
459,RedGrid75,2,0.623803,-0.0151410966976942,-0.0437679786239422,-0.0104763646311559,-0.0437679786239422,0.0,0 days 00:13:48.615105
460,ExpGrad.1,1,0.702896,-0.0286128881775762,-0.1075673700534697,-0.1075673700534697,-0.0222711779172667,-0.0297256263420966,0 days 00:03:07.744767
461,ExpGrad.01,1,0.59302,-0.0145707439374879,-0.017403787249891,-0.0168880384102843,-0.017403787249891,-0.0129238698164249,0 days 00:04:05.305881
462,RedGrid25,1,0.701691,-0.0093198113968902,-0.1120631533995945,-0.1120631533995945,-0.0066347188220254,-0.0076707498556085,0 days 00:13:36.224112
463,RedGrid5,1,0.701691,-0.0093198113968902,-0.1120631533995945,-0.1120631533995945,-0.0066347188220254,-0.0076707498556085,0 days 00:13:01.494028
464,RedGrid75,1,0.701691,-0.0093198113968902,-0.1120631533995945,-0.1120631533995945,-0.0066347188220254,-0.0076707498556085,0 days 00:12:59.855051
465,ExpGrad.1,2,0.69183,-0.0407878897853769,-0.07214181221421,-0.07214181221421,-0.0109416287418967,-0.032767978307131,0 days 00:02:17.974009
466,ExpGrad.01,2,0.633011,-0.0075860175840541,-0.010318318863644,-0.010318318863644,0.0,-0.0102070588270377,0 days 00:03:15.954226
467,RedGrid25,2,0.696938,-0.0492810070379404,-0.0901402084281551,-0.0901402084281551,0.0,-0.0457468916264622,0 days 00:09:03.046782
468,RedGrid5,2,0.686489,-0.0394041268914922,-0.0661662975441721,-0.0661662975441721,0.0,-0.0418349021792813,0 days 00:09:00.390341
469,RedGrid75,2,0.660722,-0.0189390686265914,-0.0544012937689257,-0.0544012937689257,0.0,0.0,0 days 00:08:58.420159
470,ExpGrad.1,2,0.711126,-0.0520245604107222,-0.0975517716870462,-0.0975517716870462,-0.0421955870822619,-0.0183017227151655,0 days 00:02:07.081262
471,ExpGrad.01,2,0.617709,-0.0100514585502841,-0.021928443461296,-0.021928443461296,-0.0093772842369128,0.0,0 days 00:02:44.557956
472,RedGrid25,2,0.725524,-0.0824489690479337,-0.1162041179591756,-0.1162041179591756,-0.0732884078220042,-0.0586886658562356,0 days 00:10:37.699224
473,RedGrid5,2,0.696578,-0.0446236004042478,-0.0960805387955954,-0.0960805387955954,0.0,-0.0287446352045089,0 days 00:10:35.740108
474,RedGrid75,2,0.608092,-0.0024205462361491,-0.006975656956524,-0.006975656956524,0.0,0.0,0 days 00:10:39.565683
475,ExpGrad.1,0,0.706895,-0.0826659159857722,-0.1008746759295657,-0.1008746759295657,-0.0732917204203147,-0.071851752765107,0 days 00:03:30.159404
476,ExpGrad.01,0,0.686188,-0.0113222218422227,-0.0178489386629183,-0.0178489386629183,-0.0076562211433693,-0.0076149495760651,0 days 00:06:50.218449
477,RedGrid25,0,0.686746,-0.0781130384895306,-0.1114649165814505,-0.1114649165814505,-0.000903166673346,-0.0914599906057747,0 days 00:14:58.325543
478,RedGrid5,0,0.686746,-0.0781130384895306,-0.1114649165814505,-0.1114649165814505,-0.000903166673346,-0.0914599906057747,0 days 00:14:59.015584
479,RedGrid75,0,0.664354,-0.0524375113269985,-0.1091604428127434,-0.1091604428127434,0.0,-0.0315807377710078,0 days 00:14:54.765333
480,ExpGrad.1,0,0.707184,-0.0809990251547826,-0.0991105138081531,-0.0991105138081531,-0.0707586067589168,-0.0708229555365244,0 days 00:04:02.721448
481,ExpGrad.01,0,0.685788,-0.0117000348470074,-0.0169965711330758,-0.0169965711330758,-0.0089149842724023,-0.0086081324228013,0 days 00:07:37.391725
482,RedGrid25,0,0.691202,-0.0178683212441332,-0.024506965171456,-0.024506965171456,-0.0038226552808262,-0.0198328887122759,0 days 00:17:14.363189
483,RedGrid5,0,0.691202,-0.0178683212441332,-0.024506965171456,-0.024506965171456,-0.0038226552808262,-0.0198328887122759,0 days 00:16:52.020751
484,RedGrid75,0,0.691202,-0.0178683212441332,-0.024506965171456,-0.024506965171456,-0.0038226552808262,-0.0198328887122759,0 days 00:16:58.056201
485,ExpGrad.1,2,0.709544,-0.054152330414978,-0.0840333002515667,-0.0840333002515667,-0.0203988424687769,-0.0502461296503756,0 days 00:02:36.382732
486,ExpGrad.01,2,0.619458,-0.0108357643366305,-0.0138462495297992,-0.0138462495297992,-0.0028043816637486,-0.0135432425695862,0 days 00:03:47.260196
487,RedGrid25,2,0.718026,-0.0720984066392517,-0.1047716113141413,-0.1047716113141413,-0.0764781562021624,-0.0401787016809779,0 days 00:12:55.815155
488,RedGrid5,2,0.68285,-0.027786257980303,-0.0687463351293855,-0.0687463351293855,0.0,-0.0100549641442996,0 days 00:12:56.898033
489,RedGrid75,2,0.658127,-0.0119830337948752,-0.0345351301240227,-0.0345351301240227,0.0,0.0,0 days 00:13:27.700130
490,ExpGrad.1,1,0.710064,-0.0271553732992302,-0.1159063592796801,-0.1159063592796801,-0.023286506942558,-0.0265730032580447,0 days 00:03:25.296237
491,ExpGrad.01,1,0.581735,-0.0041403669100118,-0.0112773341942749,-0.0112773341942749,-0.0051736830885236,-0.0033462114743159,0 days 00:03:02.218591
492,RedGrid25,1,0.707473,-0.0660380205633627,-0.140977831396164,-0.140977831396164,-0.0713644692580086,-0.0607695871974013,0 days 00:12:09.433233
493,RedGrid5,1,0.707473,-0.0660380205633627,-0.140977831396164,-0.140977831396164,-0.0713644692580086,-0.0607695871974013,0 days 00:12:11.084119
494,RedGrid75,1,0.699171,-0.0019541348601194,-0.1006888513303227,-0.1006888513303227,0.0,0.0,0 days 00:12:10.247385
495,ExpGrad.1,1,0.710902,-0.0332566669939055,-0.105276652348782,-0.105276652348782,-0.0361310541254635,-0.0294357547342485,0 days 00:01:41.093189
496,ExpGrad.01,1,0.597255,-0.0071307996290091,-0.0226275101403339,-0.0226275101403339,0.0,-0.0106065502053339,0 days 00:03:07.057106
497,RedGrid25,1,0.705232,-0.0711357372939758,-0.137246530536845,-0.137246530536845,-0.0745091210258247,-0.0672207728864194,0 days 00:09:07.982740
498,RedGrid5,1,0.705232,-0.0711357372939758,-0.137246530536845,-0.137246530536845,-0.0745091210258247,-0.0672207728864194,0 days 00:09:05.914345
499,RedGrid75,1,0.70083,-0.0153283093332563,-0.1067944451572609,-0.1067944451572609,0.0,-0.0210017267579215,0 days 00:09:02.160067
500,ExpGrad.1,2,0.703237,-0.052503183181772,-0.090801986931536,-0.090801986931536,-0.0355462729143951,-0.0299014542760353,0 days 00:01:30.068497
501,ExpGrad.01,2,0.63871,-0.0063718893249861,-0.0144194973567667,-0.0144194973567667,-0.0045313512494098,-0.0004684495999442,0 days 00:04:35.526365
502,RedGrid25,2,0.715625,-0.0630917941533503,-0.1024587897548507,-0.1024587897548507,-0.06505713044816,-0.0268638799057838,0 days 00:08:31.894721
503,RedGrid5,2,0.680497,-0.023533860302699,-0.0678531600511114,-0.0678531600511114,0.0,0.0,0 days 00:08:26.207382
504,RedGrid75,2,0.680497,-0.023533860302699,-0.0678531600511114,-0.0678531600511114,0.0,0.0,0 days 00:08:27.841420
505,ExpGrad.1,1,0.712677,-0.042071929001167,-0.1206710717972207,-0.1206710717972207,-0.035183087129841,-0.0434719514222118,0 days 00:02:29.535965
506,ExpGrad.01,1,0.596245,-0.0003220391307932,-0.0166176072854255,-0.0166176072854255,0.0,0.0,0 days 00:03:44.603052
507,RedGrid25,1,0.700466,-0.0150252398582298,-0.1105014866358962,-0.1105014866358962,0.0,-0.0204107764189461,0 days 00:12:26.111201
508,RedGrid5,1,0.700466,-0.0150252398582298,-0.1105014866358962,-0.1105014866358962,0.0,-0.0204107764189461,0 days 00:12:20.892379
509,RedGrid75,1,0.700466,-0.0150252398582298,-0.1105014866358962,-0.1105014866358962,0.0,-0.0204107764189461,0 days 00:11:41.834692
510,ExpGrad.1,1,0.708261,-0.016892654999637,-0.1053804939855064,-0.1053804939855064,-0.0267394824787706,-0.0086480479397959,0 days 00:03:23.106130
511,ExpGrad.01,1,0.596643,-0.0002770156884982,-0.014031974807969,-0.014031974807969,0.0,0.0,0 days 00:03:45.305734
512,RedGrid25,1,0.700925,-0.0045590559215734,-0.104737325452438,-0.104737325452438,0.0,-0.0039539350690221,0 days 00:13:53.828396
513,RedGrid5,1,0.700925,-0.0045590559215734,-0.104737325452438,-0.104737325452438,0.0,-0.0039539350690221,0 days 00:13:55.355291
514,RedGrid75,1,0.700925,-0.0045590559215734,-0.104737325452438,-0.104737325452438,0.0,-0.0039539350690221,0 days 00:13:52.306064
515,ExpGrad.1,2,0.712112,-0.0578298009901825,-0.0933484009919007,-0.0933484009919007,-0.0569719642546313,-0.0267317283754868,0 days 00:02:05.664033
516,ExpGrad.01,2,0.611699,-0.0041853210461881,-0.0095656440819494,-0.0095656440819494,-0.0032735119503549,0.0,0 days 00:03:43.591348
517,RedGrid25,2,0.716275,-0.0684076164046763,-0.1038188838107445,-0.1038188838107445,-0.0954416046516963,-0.0186629655404141,0 days 00:08:53.557521
518,RedGrid5,2,0.683476,-0.0309550694439237,-0.0743853140607249,-0.0743853140607249,0.0,-0.0130258588660853,0 days 00:08:40.900745
519,RedGrid75,2,0.683476,-0.0309550694439237,-0.0743853140607249,-0.0743853140607249,0.0,-0.0130258588660853,0 days 00:08:18.917036
520,ExpGrad.1,2,0.700079,-0.0433006703336309,-0.0770169741666599,-0.0770169741666599,-0.0248079841804531,-0.0257993321389644,0 days 00:02:13.143054
521,ExpGrad.01,2,0.631328,-0.0091868059328105,-0.0141430542949932,-0.01047146419748,0.0,-0.0141430542949932,0 days 00:03:14.722698
522,RedGrid25,2,0.720007,-0.0786591281845233,-0.0995836767150368,-0.0995836767150368,-0.0702919130395291,-0.0657363403875349,0 days 00:09:06.355694
523,RedGrid5,2,0.664157,-0.0195003778949783,-0.0562382426253839,-0.0562382426253839,0.0,0.0,0 days 00:09:07.036564
524,RedGrid75,2,0.664157,-0.0195003778949783,-0.0562382426253839,-0.0562382426253839,0.0,0.0,0 days 00:09:02.085335
525,ExpGrad.1,0,0.706807,-0.082542108326,-0.099109870650997,-0.099109870650997,-0.0733015805275093,-0.0730924017955614,0 days 00:03:59.607687
526,ExpGrad.01,0,0.687409,-0.0131021256076439,-0.018303812711974,-0.018303812711974,-0.0112922912955768,-0.0095316035943754,0 days 00:08:10.583884
527,RedGrid25,0,0.683063,-0.1136174582760867,-0.1486991699740191,-0.1486991699740191,-0.0943279044909767,-0.0934548068259945,0 days 00:15:35.226125
528,RedGrid5,0,0.683063,-0.1136174582760867,-0.1486991699740191,-0.1486991699740191,-0.0943279044909767,-0.0934548068259945,0 days 00:15:42.027182
529,RedGrid75,0,0.683063,-0.1136174582760867,-0.1486991699740191,-0.1486991699740191,-0.0943279044909767,-0.0934548068259945,0 days 00:15:38.660593
530,ExpGrad.1,2,0.715756,-0.0688816123711996,-0.0969059926004971,-0.0932662030840004,-0.0969059926004971,-0.0285117298974354,0 days 00:02:11.577035
531,ExpGrad.01,2,0.631736,-0.0089298881870776,-0.013225232438433,-0.013225232438433,-0.0099978987185901,-0.0044057521322584,0 days 00:04:04.002787
532,RedGrid25,2,0.718682,-0.0827908707958267,-0.0987249444767262,-0.0939968337379498,-0.0987249444767262,-0.0621955490243047,0 days 00:10:46.875076
533,RedGrid5,2,0.702982,-0.0539213672565328,-0.080412621154012,-0.0760285481264422,-0.080412621154012,-0.0165967825749056,0 days 00:10:43.820976
534,RedGrid75,2,0.669647,-0.0310168945253093,-0.0595954116991044,-0.0444390163764595,-0.0595954116991044,0.0,0 days 00:10:51.418816
535,ExpGrad.1,2,0.714537,-0.061160796950389,-0.0947299534112895,-0.0947299534112895,-0.0704674782816655,-0.0254707116492438,0 days 00:02:51.654742
536,ExpGrad.01,2,0.614523,-0.0081980584935529,-0.0175044355745346,-0.0105595741318536,-0.0175044355745346,0.0,0 days 00:04:28.965338
537,RedGrid25,2,0.724166,-0.0834210627120092,-0.1142303596956257,-0.1142303596956257,-0.0865678838086427,-0.0542115277707449,0 days 00:14:25.806408
538,RedGrid5,2,0.693062,-0.0628210504450295,-0.0733657079633904,-0.0674730345036948,-0.0733657079633904,-0.0517912367524286,0 days 00:13:38.695013
539,RedGrid75,2,0.67119,-0.0255737239373037,-0.0650465543612791,-0.0650465543612791,0.0,-0.0076121922636445,0 days 00:13:40.088234
540,ExpGrad.1,0,0.706487,-0.078678884140233,-0.0978109395261861,-0.0978109395261861,-0.0650099966317008,-0.0694809611062396,0 days 00:03:59.807067
541,ExpGrad.01,0,0.686881,-0.0154905330398154,-0.0224001454965525,-0.0224001454965525,-0.0147341591146411,-0.0098546039362806,0 days 00:07:24.492543
542,RedGrid25,0,0.682129,-0.1166272296782541,-0.1519646443667183,-0.1519646443667183,-0.0972848279829533,-0.0963698757344115,0 days 00:15:35.830356
543,RedGrid5,0,0.682129,-0.1166272296782541,-0.1519646443667183,-0.1519646443667183,-0.0972848279829533,-0.0963698757344115,0 days 00:15:35.770974
544,RedGrid75,0,0.682129,-0.1166272296782541,-0.1519646443667183,-0.1519646443667183,-0.0972848279829533,-0.0963698757344115,0 days 00:15:29.220010
545,ExpGrad.1,0,0.705967,-0.0779517285049522,-0.0967380149324647,-0.0967380149324647,-0.0668887346885114,-0.0675977493132246,0 days 00:03:31.174550
546,ExpGrad.01,0,0.687792,-0.0089112418800616,-0.0152647535476916,-0.0152647535476916,-0.0085833598907208,-0.0035169762088237,0 days 00:12:56.636883
547,RedGrid25,0,0.684242,-0.0750222091127232,-0.1067512137262085,-0.1067512137262085,0.0,-0.0887691448076105,0 days 00:14:59.077708
548,RedGrid5,0,0.664551,-0.0530424816613631,-0.1117805201230137,-0.1117805201230137,0.0,-0.0308995514627369,0 days 00:14:55.405438
549,RedGrid75,0,0.664551,-0.0530424816613631,-0.1117805201230137,-0.1117805201230137,0.0,-0.0308995514627369,0 days 00:14:43.827948
550,ExpGrad.1,1,0.708241,-0.0127756783758545,-0.0972835617859327,-0.0972835617859327,-0.0078305887684029,-0.0129425190649129,0 days 00:02:38.658431
551,ExpGrad.01,1,0.600723,-0.0143157803120785,-0.0247467617957641,-0.0247467617957641,-0.0096476772640466,-0.0165760394474595,0 days 00:03:03.212828
552,RedGrid25,1,0.70666,-0.0700687938519488,-0.1397473582567463,-0.1397473582567463,-0.0699350911174052,-0.0680296644686936,0 days 00:12:17.237006
553,RedGrid5,1,0.697689,-0.0017175024575988,-0.0896177906369535,-0.0896177906369535,0.0,0.0,0 days 00:12:14.265441
554,RedGrid75,1,0.697689,-0.0017175024575988,-0.0896177906369535,-0.0896177906369535,0.0,0.0,0 days 00:12:21.556524
555,ExpGrad.1,1,0.711161,-0.0331041183266475,-0.1149384025586,-0.1149384025586,-0.0314474881931305,-0.0315182297543974,0 days 00:02:24.639002
556,ExpGrad.01,1,0.588936,0.0,0.0,0.0,0.0,0.0,0 days 00:03:10.985345
557,RedGrid25,1,0.708809,-0.079828682488445,-0.1416098255637847,-0.1416098255637847,-0.0898104914014948,-0.0724323940116259,0 days 00:13:05.953063
558,RedGrid5,1,0.700681,-0.0018259995107951,-0.0945790203258029,-0.0945790203258029,0.0,0.0,0 days 00:13:06.837614
559,RedGrid75,1,0.700681,-0.0018259995107951,-0.0945790203258029,-0.0945790203258029,0.0,0.0,0 days 00:13:09.823399
560,ExpGrad.1,0,0.706855,-0.0808546580669037,-0.0987630059046636,-0.0987630059046636,-0.0720851100278727,-0.0699704001501658,0 days 00:03:25.313784
561,ExpGrad.01,0,0.689222,-0.01256908704293,-0.0175206260766745,-0.0175206260766745,-0.0106038775853404,-0.009305990173642,0 days 00:10:00.555514
562,RedGrid25,0,0.691184,-0.0243048357529977,-0.0293045810320033,-0.0293045810320033,-0.0128146195875408,-0.0262576520964075,0 days 00:16:12.223792
563,RedGrid5,0,0.691184,-0.0243048357529977,-0.0293045810320033,-0.0293045810320033,-0.0128146195875408,-0.0262576520964075,0 days 00:16:30.341687
564,RedGrid75,0,0.691184,-0.0243048357529977,-0.0293045810320033,-0.0293045810320033,-0.0128146195875408,-0.0262576520964075,0 days 00:16:16.000132
565,ExpGrad.1,2,0.710084,-0.0539806926249129,-0.0859042296249545,-0.0859042296249545,-0.0547799609726261,-0.0251623842826545,0 days 00:03:26.844731
566,ExpGrad.01,2,0.632483,-0.0105540094607559,-0.0119991541815899,-0.0119991541815899,-0.010992832002068,-0.0089790826476526,0 days 00:05:56.114414
567,RedGrid25,2,0.718425,-0.069655485516425,-0.1027451200967903,-0.1027451200967903,-0.0864690366744556,-0.029051338441213,0 days 00:13:41.898211
568,RedGrid5,2,0.684209,-0.0294249142785754,-0.0732015356062907,-0.0732015356062907,0.0,-0.0103997360963896,0 days 00:13:36.513595
569,RedGrid75,2,0.684209,-0.0294249142785754,-0.0732015356062907,-0.0732015356062907,0.0,-0.0103997360963896,0 days 00:13:22.928775
570,ExpGrad.1,0,0.706839,-0.0818038989975701,-0.1004609756013689,-0.1004609756013689,-0.0719703632069322,-0.0708776148231125,0 days 00:03:53.591298
571,ExpGrad.01,0,0.687098,-0.0092309491511523,-0.0148600864725346,-0.0148600864725346,-0.007128402183825,-0.00545548438454,0 days 00:07:53.314712
572,RedGrid25,0,0.682555,-0.1156928665857989,-0.1506577813107597,-0.1506577813107597,-0.097306614920313,-0.0951924947988439,0 days 00:15:18.853411
573,RedGrid5,0,0.682555,-0.1156928665857989,-0.1506577813107597,-0.1506577813107597,-0.097306614920313,-0.0951924947988439,0 days 00:15:16.874511
574,RedGrid75,0,0.682555,-0.1156928665857989,-0.1506577813107597,-0.1506577813107597,-0.097306614920313,-0.0951924947988439,0 days 00:15:16.486342
575,ExpGrad.1,2,0.712744,-0.0704899407234768,-0.1038800090827053,-0.1038800090827053,-0.0562377857848513,-0.0502652519928647,0 days 00:02:08.624089
576,ExpGrad.01,2,0.611616,-0.0035140391914957,-0.0075495919166062,-0.0075495919166062,-0.0033767856622147,0.0,0 days 00:03:04.966127
577,RedGrid25,2,0.730854,-0.0927267931056416,-0.115990181645497,-0.115990181645497,-0.0951025529585165,-0.0703328081055724,0 days 00:11:10.381511
578,RedGrid5,2,0.657014,-0.0167236169541552,-0.0306995985079095,-0.0306995985079095,-0.0229970601380042,0.0,0 days 00:11:11.237346
579,RedGrid75,2,0.657014,-0.0167236169541552,-0.0306995985079095,-0.0306995985079095,-0.0229970601380042,0.0,0 days 00:11:10.444381
580,ExpGrad.1,0,0.706677,-0.0770770352301298,-0.0957779433930907,-0.0957779433930907,-0.0646879248905087,-0.0675302583178002,0 days 00:04:02.137079
581,ExpGrad.01,0,0.688752,-0.0107381085555362,-0.0161192866911922,-0.0161192866911922,-0.0087307424784019,-0.0071297858001351,0 days 00:09:08.797250
582,RedGrid25,0,0.686831,-0.1243085630216066,-0.1537557102367468,-0.1537557102367468,-0.1028566054111714,-0.1103505294273862,0 days 00:15:31.236228
583,RedGrid5,0,0.686831,-0.1243085630216066,-0.1537557102367468,-0.1537557102367468,-0.1028566054111714,-0.1103505294273862,0 days 00:15:39.604574
584,RedGrid75,0,0.668966,-0.0520199225715435,-0.1105116586081278,-0.1105116586081278,-2.4106942650758967e-05,-0.0294840111701368,0 days 00:15:37.975114
585,ExpGrad.1,2,0.686601,-0.0509338855036324,-0.0857106126532372,-0.0857106126532372,-0.0302507202736156,-0.0335233146887068,0 days 00:03:09.987676
586,ExpGrad.01,2,0.618294,-0.0058348271189232,-0.0166704739262259,-0.0166704739262259,0.0,0.0,0 days 00:03:26.018829
587,RedGrid25,2,0.709932,-0.0955708015778302,-0.1012954753397972,-0.1012954753397972,-0.0817703221222299,-0.099698361453804,0 days 00:13:47.298045
588,RedGrid5,2,0.670966,-0.0202492058489001,-0.0572440531999569,-0.0572440531999569,0.0,-0.0005487499305232,0 days 00:14:22.139874
589,RedGrid75,2,0.670966,-0.0202492058489001,-0.0572440531999569,-0.0572440531999569,0.0,-0.0005487499305232,0 days 00:14:03.013976
590,ExpGrad.1,0,0.70667,-0.081255407445605,-0.0969906581643885,-0.0969906581643885,-0.0741142529932746,-0.0713538955611799,0 days 00:03:47.383535
591,ExpGrad.01,0,0.687637,-0.0105699496860424,-0.0150509263783146,-0.0150509263783146,-0.0083541820500655,-0.0078505478087903,0 days 00:06:19.197818
592,RedGrid25,0,0.695086,-0.0397848393709421,-0.0466358699610952,-0.0403801053011729,-0.0263897263218269,-0.0466358699610952,0 days 00:15:55.586981
593,RedGrid5,0,0.695086,-0.0397848393709421,-0.0466358699610952,-0.0403801053011729,-0.0263897263218269,-0.0466358699610952,0 days 00:15:55.293454
594,RedGrid75,0,0.695086,-0.0397848393709421,-0.0466358699610952,-0.0403801053011729,-0.0263897263218269,-0.0466358699610952,0 days 00:15:48.313083
595,ExpGrad.1,2,0.722842,-0.0713996477895849,-0.1089339957920363,-0.1089339957920363,-0.0582284290208582,-0.0470744788316099,0 days 00:02:34.935799
596,ExpGrad.01,2,0.622454,-0.009849800946804,-0.0206371575207333,-0.0206371575207333,-0.0084519982877179,-0.0012637056916756,0 days 00:04:59.092719
597,RedGrid25,2,0.719311,-0.0830482701115085,-0.1038020553109684,-0.1038020553109684,-0.0879980244414367,-0.0614262170795652,0 days 00:14:03.074248
598,RedGrid5,2,0.692309,-0.041979870005044,-0.0730251568795041,-0.0730251568795041,-0.0638077014477981,0.0,0 days 00:13:52.269228
599,RedGrid75,2,0.692309,-0.041979870005044,-0.0730251568795041,-0.0730251568795041,-0.0638077014477981,0.0,0 days 00:14:01.503961
600,ExpGrad.1,2,0.698629,-0.0430635206182504,-0.0822732770999094,-0.0822732770999094,-0.0079649153237036,-0.0316198622732663,0 days 00:02:12.300362
601,ExpGrad.01,2,0.625759,-0.0094318632386867,-0.0193792835188812,-0.0193792835188812,-0.0006893745334893,-0.0064205784877046,0 days 00:04:15.701084
602,RedGrid25,2,0.695957,-0.0455547486755673,-0.0843316915063934,-0.0843316915063934,0.0,-0.0414728014645662,0 days 00:10:52.864204
603,RedGrid5,2,0.695957,-0.0455547486755673,-0.0843316915063934,-0.0843316915063934,0.0,-0.0414728014645662,0 days 00:10:52.032497
604,RedGrid75,2,0.668979,-0.0279743751075671,-0.0470824296086208,-0.0450969584228052,-0.0470824296086208,0.0,0 days 00:10:50.392477
605,ExpGrad.1,1,0.702984,-0.0038920150748799,-0.0883058002970889,-0.0883058002970889,-2.2298500678696875e-05,-0.0034378998979179,0 days 00:03:07.194099
606,ExpGrad.01,1,0.610041,-0.0042759125091526,-0.0252866170049275,-0.0252866170049275,-0.0005685998328098,-0.0056808625762837,0 days 00:06:19.621294
607,RedGrid25,1,0.706932,-0.064520495126721,-0.1396055396259343,-0.1396055396259343,-0.0691647971199403,-0.0596434088708019,0 days 00:14:57.742591
608,RedGrid5,1,0.706932,-0.064520495126721,-0.1396055396259343,-0.1396055396259343,-0.0691647971199403,-0.0596434088708019,0 days 00:14:31.063466
609,RedGrid75,1,0.706932,-0.064520495126721,-0.1396055396259343,-0.1396055396259343,-0.0691647971199403,-0.0596434088708019,0 days 00:14:17.616989
610,ExpGrad.1,0,0.706731,-0.0834014878157824,-0.1010781516911105,-0.1010781516911105,-0.0746853408395612,-0.0726869546669437,0 days 00:03:46.535320
611,ExpGrad.01,0,0.686999,-0.0151752037311382,-0.020499416048656,-0.020499416048656,-0.0144053253629738,-0.0109204255910376,0 days 00:07:09.551650
612,RedGrid25,0,0.694396,-0.0392009041223454,-0.0452104672658063,-0.0414644449226484,-0.024756134242901,-0.0452104672658063,0 days 00:15:58.673073
613,RedGrid5,0,0.694396,-0.0392009041223454,-0.0452104672658063,-0.0414644449226484,-0.024756134242901,-0.0452104672658063,0 days 00:15:58.962090
614,RedGrid75,0,0.694396,-0.0392009041223454,-0.0452104672658063,-0.0414644449226484,-0.024756134242901,-0.0452104672658063,0 days 00:15:51.394399
615,ExpGrad.1,1,0.711549,-0.0305118603898736,-0.1072432771438789,-0.1072432771438789,-0.0192042186874112,-0.034371011702458,0 days 00:02:55.745099
616,ExpGrad.01,1,0.598194,-0.0128021553767323,-0.0258861758931626,-0.0258861758931626,-0.0092180325254884,-0.0143790494534077,0 days 00:03:17.894044
617,RedGrid25,1,0.707088,-0.0676389803623325,-0.1324538259568464,-0.1324538259568464,-0.074277134267092,-0.061915708729605,0 days 00:12:59.670607
618,RedGrid5,1,0.697735,-0.0015976231997674,-0.0805222216312068,-0.0805222216312068,0.0,0.0,0 days 00:12:55.832467
619,RedGrid75,1,0.68924,-0.0010956477867147,-0.0550550405407024,-0.0550550405407024,-9.472241065067166e-06,0.0,0 days 00:12:49.925628
620,ExpGrad.1,1,0.711102,-0.039275128657832,-0.1115676412452055,-0.1115676412452055,-0.0410885977361207,-0.0360305659195582,0 days 00:02:28.916360
621,ExpGrad.01,1,0.581959,0.0,0.0,0.0,0.0,0.0,0 days 00:04:23.219863
622,RedGrid25,1,0.705499,-0.0701656992155788,-0.1365765973126044,-0.1365765973126044,-0.0723720097352257,-0.0668868403026694,0 days 00:12:39.461451
623,RedGrid5,1,0.70161,-0.0151381051978926,-0.1008717941088396,-0.1008717941088396,0.0,-0.0208329700423546,0 days 00:12:20.116447
624,RedGrid75,1,0.70161,-0.0151381051978926,-0.1008717941088396,-0.1008717941088396,0.0,-0.0208329700423546,0 days 00:12:24.238062
625,ExpGrad.1,1,0.711285,-0.0349631633340633,-0.1207350877103834,-0.1207350877103834,-0.0376887189465257,-0.0308218602969391,0 days 00:01:56.507105
626,ExpGrad.01,1,0.597722,-0.0133831919949344,-0.0226975543590619,-0.0226975543590619,-0.0167246256616394,-0.011250652511465,0 days 00:02:32.417719
627,RedGrid25,1,0.707689,-0.0654077868817906,-0.1481549939370812,-0.1481549939370812,-0.0701369366017997,-0.0602522953152879,0 days 00:09:10.427762
628,RedGrid5,1,0.707689,-0.0654077868817906,-0.1481549939370812,-0.1481549939370812,-0.0701369366017997,-0.0602522953152879,0 days 00:09:10.654006
629,RedGrid75,1,0.699679,-0.0020227961616062,-0.104240368901726,-0.104240368901726,0.0,0.0,0 days 00:09:09.343532
630,ExpGrad.1,1,0.711047,-0.0283786705166759,-0.1145357162351403,-0.1145357162351403,-0.0222985462185466,-0.0290770228095611,0 days 00:02:28.794908
631,ExpGrad.01,1,0.584548,-0.002471207721122,-0.0095689042719969,-0.0095689042719969,0.0,-0.0036184310164499,0 days 00:04:17.037857
632,RedGrid25,1,0.707218,-0.0756017055102584,-0.1460355183341526,-0.1460355183341526,-0.090167987943971,-0.0653677164943814,0 days 00:13:43.661273
633,RedGrid5,1,0.699575,-0.0041753656777715,-0.1082197314142904,-0.1082197314142904,-0.0023460109326688,-0.0019696778142954,0 days 00:13:35.132776
634,RedGrid75,1,0.699575,-0.0041753656777715,-0.1082197314142904,-0.1082197314142904,-0.0023460109326688,-0.0019696778142954,0 days 00:13:00.463738
635,ExpGrad.1,2,0.712433,-0.0589809169620753,-0.0986404020691854,-0.0986404020691854,-0.0270235527981258,-0.0449927186736286,0 days 00:02:27.843246
636,ExpGrad.01,2,0.636234,-0.0095271387971085,-0.0110668515410941,-0.0093954283919724,-0.0110668515410941,-0.0086334653644185,0 days 00:05:33.546518
637,RedGrid25,2,0.697617,-0.0421071973229653,-0.0745720733334138,-0.0745720733334138,-0.0477749414529819,-0.0097842712411695,0 days 00:10:36.997996
638,RedGrid5,2,0.642593,-0.0141710101247842,-0.0296729037520317,-0.0187162842246315,-0.0296729037520317,0.0,0 days 00:10:38.153967
639,RedGrid75,2,0.642593,-0.0141710101247842,-0.0296729037520317,-0.0187162842246315,-0.0296729037520317,0.0,0 days 00:10:35.218780
640,ExpGrad.1,2,0.71378,-0.0567249290533964,-0.0978445668249891,-0.0978445668249891,-0.030211396414572,-0.0377628965262373,0 days 00:02:35.188610
641,ExpGrad.01,2,0.617656,-0.0086663596157775,-0.0178838101208391,-0.0178838101208391,-0.0095236287906271,0.0,0 days 00:04:58.760609
642,RedGrid25,2,0.713021,-0.0598565611550137,-0.0930070485447942,-0.0930070485447942,-0.0626348899175574,-0.0288860036433944,0 days 00:14:11.727072
643,RedGrid5,2,0.697703,-0.0405497672019208,-0.0765358701575324,-0.0765358701575324,-0.054238451814556,0.0,0 days 00:13:58.373177
644,RedGrid75,2,0.697703,-0.0405497672019208,-0.0765358701575324,-0.0765358701575324,-0.054238451814556,0.0,0 days 00:13:59.203468
645,ExpGrad.1,2,0.668141,-0.0182952422598233,-0.0429408202579224,-0.0429408202579224,0.0,-0.0085806466827023,0 days 00:03:12.848047
646,ExpGrad.01,2,0.624014,-0.0033390701726417,-0.009594601593515,-0.009594601593515,0.0,0.0,0 days 00:04:46.801814
647,RedGrid25,2,0.6436,-0.0113932806268036,-0.0327378529966055,-0.0327378529966055,0.0,0.0,0 days 00:14:13.164591
648,RedGrid5,2,0.6436,-0.0113932806268036,-0.0327378529966055,-0.0327378529966055,0.0,0.0,0 days 00:14:20.730963
649,RedGrid75,2,0.6436,-0.0113932806268036,-0.0327378529966055,-0.0327378529966055,0.0,0.0,0 days 00:14:10.483969
650,ExpGrad.1,2,0.706235,-0.0512610604428619,-0.0868565625894601,-0.0868565625894601,-0.0397819994782129,-0.0273357372383366,0 days 00:02:33.544597
651,ExpGrad.01,2,0.624177,-0.0046921263541286,-0.0109053941932109,-0.0109053941932109,-0.0030186688151409,-0.0002946788038953,0 days 00:04:07.738052
652,RedGrid25,2,0.721481,-0.0797542458298582,-0.1053019521922642,-0.1053019521922642,-0.0800533522841296,-0.0568627482974827,0 days 00:14:11.889401
653,RedGrid5,2,0.677123,-0.023434327168903,-0.0615955854545632,-0.0615955854545632,0.0,-0.0052392650788188,0 days 00:13:36.901821
654,RedGrid75,2,0.677123,-0.023434327168903,-0.0615955854545632,-0.0615955854545632,0.0,-0.0052392650788188,0 days 00:13:06.057530
655,ExpGrad.1,0,0.707512,-0.0812625006078637,-0.0987119294262759,-0.0987119294262759,-0.0731124177939311,-0.0704607409865989,0 days 00:03:30.445808
656,ExpGrad.01,0,0.689347,-0.011602876440237,-0.0171593855087425,-0.0171593855087425,-0.0105522851613049,-0.0073056203645559,0 days 00:08:21.785528
657,RedGrid25,0,0.691958,-0.0245826332260551,-0.0288748072322062,-0.0288748072322062,-0.0156276031960713,-0.0257843995449637,0 days 00:16:21.656406
658,RedGrid5,0,0.691958,-0.0245826332260551,-0.0288748072322062,-0.0288748072322062,-0.0156276031960713,-0.0257843995449637,0 days 00:16:23.494012
659,RedGrid75,0,0.691958,-0.0245826332260551,-0.0288748072322062,-0.0288748072322062,-0.0156276031960713,-0.0257843995449637,0 days 00:16:23.649758
660,ExpGrad.1,0,0.707013,-0.0799955795254574,-0.0975308306156044,-0.0975308306156044,-0.0702707974752917,-0.0700201461167808,0 days 00:03:50.651397
661,ExpGrad.01,0,0.684141,-0.008322912972009,-0.0135739455935384,-0.0135739455935384,-0.0045429139898123,-0.00581599697594,0 days 00:05:50.546074
662,RedGrid25,0,0.69118,-0.0187228182176592,-0.0248539576642907,-0.0248539576642907,-0.0030579834897864,-0.0220223628452802,0 days 00:15:55.275006
663,RedGrid5,0,0.69118,-0.0187228182176592,-0.0248539576642907,-0.0248539576642907,-0.0030579834897864,-0.0220223628452802,0 days 00:15:55.008635
664,RedGrid75,0,0.69118,-0.0187228182176592,-0.0248539576642907,-0.0248539576642907,-0.0030579834897864,-0.0220223628452802,0 days 00:15:49.490515
665,ExpGrad.1,2,0.694505,-0.0621148178459451,-0.0896289175007034,-0.0896289175007034,-0.0390285192084819,-0.0531677995410466,0 days 00:02:12.793820
666,ExpGrad.01,2,0.60277,-0.003353631905733,-0.0093170659657521,-0.0093170659657521,-0.0004582015958565,0.0,0 days 00:02:34.129882
667,RedGrid25,2,0.720666,-0.0804023176699911,-0.1064155735878182,-0.1064155735878182,-0.0959320858235036,-0.0468811284816041,0 days 00:10:38.699428
668,RedGrid5,2,0.720666,-0.0804023176699911,-0.1064155735878182,-0.1064155735878182,-0.0959320858235036,-0.0468811284816041,0 days 00:10:37.571987
669,RedGrid75,2,0.638009,-0.0156389586286021,-0.0225582113259569,-0.0196618536749003,0.0,-0.0225582113259569,0 days 00:10:37.703444
670,ExpGrad.1,0,0.705667,-0.0830692079907595,-0.1002466457506161,-0.1002466457506161,-0.0745685386591018,-0.0726899325165576,0 days 00:03:58.638788
671,ExpGrad.01,0,0.688723,-0.0131771335010461,-0.0189028796112707,-0.0189028796112707,-0.0114100257152581,-0.0091251036310655,0 days 00:08:42.144617
672,RedGrid25,0,0.693426,-0.0368870671434209,-0.0436339000328032,-0.0389622376166151,-0.0214553580762669,-0.0436339000328032,0 days 00:16:43.286379
673,RedGrid5,0,0.693426,-0.0368870671434209,-0.0436339000328032,-0.0389622376166151,-0.0214553580762669,-0.0436339000328032,0 days 00:16:43.347647
674,RedGrid75,0,0.693426,-0.0368870671434209,-0.0436339000328032,-0.0389622376166151,-0.0214553580762669,-0.0436339000328032,0 days 00:16:32.664709
675,ExpGrad.1,2,0.706727,-0.0521582924859473,-0.0828798988504174,-0.0828798988504174,-0.0573382574614628,-0.0212474185084396,0 days 00:02:28.538093
676,ExpGrad.01,2,0.623184,-0.0032922587696774,-0.0074599584372061,-0.0074599584372061,-0.0026518034188519,0.0,0 days 00:03:08.133215
677,RedGrid25,2,0.713108,-0.0578967027405964,-0.0880007124112917,-0.0880007124112917,-0.0566762031416548,-0.0318313637314365,0 days 00:10:24.977979
678,RedGrid5,2,0.689626,-0.0365326201821198,-0.0598102075179459,-0.0575088132164848,-0.0598102075179459,-0.0021833358754725,0 days 00:10:25.802837
679,RedGrid75,2,0.660947,-0.0150647677332981,-0.0432510433948986,-0.0432510433948986,0.0,0.0,0 days 00:10:25.423801
680,ExpGrad.1,2,0.712215,-0.0579545685533615,-0.0940265146644604,-0.0940265146644604,-0.0567825967130296,-0.0261335173380347,0 days 00:02:05.130451
681,ExpGrad.01,2,0.629503,-0.0086647709258494,-0.0190497981441614,-0.0190497981441614,-1.856126530164204e-05,-0.0051615014234626,0 days 00:02:45.948496
682,RedGrid25,2,0.720048,-0.0736639029051675,-0.0996146004742067,-0.0996146004742067,-0.0854213678728804,-0.042190898868043,0 days 00:10:43.069636
683,RedGrid5,2,0.675834,-0.0341165035646226,-0.0561647805294701,-0.0561647805294701,0.0,-0.0374105693004419,0 days 00:10:50.389929
684,RedGrid75,2,0.641837,-0.015777266189954,-0.0320222893875353,-0.0209914815088405,-0.0320222893875353,0.0,0 days 00:10:48.310220
685,ExpGrad.1,0,0.706853,-0.0830200497678435,-0.1013107785942809,-0.1013107785942809,-0.0711488999952648,-0.0735585939540132,0 days 00:03:59.116271
686,ExpGrad.01,0,0.687319,-0.0149640138750898,-0.0211109531743716,-0.0211109531743716,-0.0116955528985448,-0.0113830751431549,0 days 00:08:46.499297
687,RedGrid25,0,0.69069,-0.0210732310228702,-0.0273107595659337,-0.0273107595659337,-0.0044737078486939,-0.0248309167754819,0 days 00:16:07.179000
688,RedGrid5,0,0.69069,-0.0210732310228702,-0.0273107595659337,-0.0273107595659337,-0.0044737078486939,-0.0248309167754819,0 days 00:16:15.370993
689,RedGrid75,0,0.69069,-0.0210732310228702,-0.0273107595659337,-0.0273107595659337,-0.0044737078486939,-0.0248309167754819,0 days 00:16:08.442130
690,ExpGrad.1,1,0.710962,-0.0293727684746597,-0.1181792948110186,-0.1181792948110186,-0.0250591927789906,-0.0290235768537668,0 days 00:01:56.767615
691,ExpGrad.01,1,0.592227,0.0,0.0,0.0,0.0,0.0,0 days 00:02:39.095904
692,RedGrid25,1,0.704986,-0.0619326424180694,-0.141312390309434,-0.141312390309434,-0.0609708628945946,-0.0600254288263322,0 days 00:10:21.154373
693,RedGrid5,1,0.6985,-0.0064298283533594,-0.1079127555258832,-0.1079127555258832,0.0,-0.0068578635225569,0 days 00:10:05.955400
694,RedGrid75,1,0.6985,-0.0064298283533594,-0.1079127555258832,-0.1079127555258832,0.0,-0.0068578635225569,0 days 00:09:53.327455
695,ExpGrad.1,1,0.707556,-0.0186715381079787,-0.1028436583659692,-0.1028436583659692,-0.0217404602465375,-0.014357297520345,0 days 00:02:02.843086
696,ExpGrad.01,1,0.593746,-0.0015980119356428,-0.0042045674616715,-0.0042045674616715,-0.0010602350760628,-0.0018157967156379,0 days 00:03:09.295473
697,RedGrid25,1,0.701741,-0.0048272997847742,-0.1086451178274049,-0.1086451178274049,0.0,-0.004288414894141,0 days 00:12:29.427629
698,RedGrid5,1,0.701741,-0.0048272997847742,-0.1086451178274049,-0.1086451178274049,0.0,-0.004288414894141,0 days 00:12:25.819246
699,RedGrid75,1,0.701741,-0.0048272997847742,-0.1086451178274049,-0.1086451178274049,0.0,-0.004288414894141,0 days 00:12:24.123886
700,ExpGrad.1,2,0.70278,-0.0527817158904861,-0.0836707281994417,-0.0836707281994417,-0.0685405599724876,-0.0143422861524685,0 days 00:03:17.072195
701,ExpGrad.01,2,0.621701,-0.00663574775574,-0.0189764936034209,-0.0189764936034209,0.0,0.0,0 days 00:05:02.128335
702,RedGrid25,2,0.717238,-0.0687354768588723,-0.1129236851955225,-0.1129236851955225,-0.0906089105852026,-0.0141981370861519,0 days 00:13:16.015751
703,RedGrid5,2,0.667465,-0.0221866469582192,-0.0634479759601789,-0.0634479759601789,0.0,0.0,0 days 00:13:12.219527
704,RedGrid75,2,0.667465,-0.0221866469582192,-0.0634479759601789,-0.0634479759601789,0.0,0.0,0 days 00:13:09.250994
705,ExpGrad.1,1,0.706275,-0.0153287473622524,-0.0949534525535436,-0.0949534525535436,-0.0136436262247219,-0.0137784826600861,0 days 00:03:54.160588
706,ExpGrad.01,1,0.588987,-2.932682961100875e-05,-0.0014904028809524,-0.0014904028809524,0.0,0.0,0 days 00:06:13.524534
707,RedGrid25,1,0.707921,-0.0502940798081337,-0.1271532031520423,-0.1271532031520423,-0.0542854421772939,-0.0456961442843357,0 days 00:14:27.465175
708,RedGrid5,1,0.707921,-0.0502940798081337,-0.1271532031520423,-0.1271532031520423,-0.0542854421772939,-0.0456961442843357,0 days 00:14:26.041110
709,RedGrid75,1,0.707921,-0.0502940798081337,-0.1271532031520423,-0.1271532031520423,-0.0542854421772939,-0.0456961442843357,0 days 00:14:16.795284
710,ExpGrad.1,2,0.721035,-0.067945337850103,-0.0976241137892325,-0.0976241137892325,-0.0533062533987306,-0.0512311638439793,0 days 00:03:52.216147
711,ExpGrad.01,2,0.615893,-0.0086943945162754,-0.0127472292159185,-0.0127472292159185,-0.0014956573363235,-0.0099243652259174,0 days 00:04:19.792977
712,RedGrid25,2,0.705667,-0.0529537220467804,-0.0967919917762589,-0.0967919917762589,-0.0056866230151989,-0.0455878813323551,0 days 00:14:25.568850
713,RedGrid5,2,0.700086,-0.0420467617589539,-0.0801993618164663,-0.0801993618164663,0.0,-0.036250980576498,0 days 00:13:44.102331
714,RedGrid75,2,0.700086,-0.0420467617589539,-0.0801993618164663,-0.0801993618164663,0.0,-0.036250980576498,0 days 00:13:05.714502
715,ExpGrad.1,1,0.70415,-0.0074358360789111,-0.0948219019656061,-0.0948219019656061,-0.0104157457004739,-0.003072550215564,0 days 00:02:57.862482
716,ExpGrad.01,1,0.58892,-0.0001814969475371,-0.0092521808968143,-0.0092521808968143,0.0,0.0,0 days 00:03:43.276987
717,RedGrid25,1,0.706626,-0.0586556673144365,-0.1304128763045186,-0.1304128763045186,-0.0589796867018898,-0.0562467054470317,0 days 00:11:22.892769
718,RedGrid5,1,0.697595,-0.0034196204761208,-0.0933686575127249,-0.0933686575127249,0.0,-0.0025155501930475,0 days 00:11:30.955851
719,RedGrid75,1,0.697595,-0.0034196204761208,-0.0933686575127249,-0.0933686575127249,0.0,-0.0025155501930475,0 days 00:11:31.004090
720,ExpGrad.1,1,0.711277,-0.0330329039785048,-0.1102063216136279,-0.1102063216136279,-0.0335077255278655,-0.030348018971485,0 days 00:03:33.285937
721,ExpGrad.01,1,0.604014,-0.0001465901584352,-0.0074126586553672,-0.0074126586553672,0.0,0.0,0 days 00:06:23.295119
722,RedGrid25,1,0.707267,-0.0653533312526903,-0.1314303995629003,-0.1314303995629003,-0.0733958602815076,-0.0588153548613047,0 days 00:14:31.062044
723,RedGrid5,1,0.698712,-0.0017978373820592,-0.0909116612828584,-0.0909116612828584,0.0,0.0,0 days 00:14:45.257328
724,RedGrid75,1,0.698712,-0.0017978373820592,-0.0909116612828584,-0.0909116612828584,0.0,0.0,0 days 00:14:43.580680
725,ExpGrad.1,0,0.707004,-0.0820437876212134,-0.0989038447944524,-0.0989038447944524,-0.0743756073526232,-0.0714949350165108,0 days 00:03:35.004036
726,ExpGrad.01,0,0.687123,-0.0109036510213998,-0.0158318800270587,-0.0158318800270587,-0.0107975361606618,-0.0066383103754138,0 days 00:07:58.758195
727,RedGrid25,0,0.683706,-0.1119504375708416,-0.1467276317880146,-0.1467276317880146,-0.0925323007909751,-0.0921844951350244,0 days 00:15:41.573569
728,RedGrid5,0,0.683706,-0.1119504375708416,-0.1467276317880146,-0.1467276317880146,-0.0925323007909751,-0.0921844951350244,0 days 00:16:06.569397
729,RedGrid75,0,0.683706,-0.1119504375708416,-0.1467276317880146,-0.1467276317880146,-0.0925323007909751,-0.0921844951350244,0 days 00:16:07.653059
730,ExpGrad.1,0,0.706548,-0.0806341479529458,-0.0980944273368138,-0.0980944273368138,-0.0707630909755762,-0.0707702878211686,0 days 00:02:56.180982
731,ExpGrad.01,0,0.686041,-0.0134696899943735,-0.018988706958291,-0.018988706958291,-0.0123239654384279,-0.0092551452392167,0 days 00:05:22.107098
732,RedGrid25,0,0.684794,-0.0757363578400666,-0.1100914284898121,-0.1100914284898121,0.0,-0.0876073697543738,0 days 00:12:15.903316
733,RedGrid5,0,0.67777,-0.0327946883457519,-0.0492440859382482,-0.0348041727603253,0.0,-0.0492440859382482,0 days 00:12:21.324604
734,RedGrid75,0,0.67777,-0.0327946883457519,-0.0492440859382482,-0.0348041727603253,0.0,-0.0492440859382482,0 days 00:12:15.272931
735,ExpGrad.1,1,0.707179,-0.0136064136154183,-0.0993715163577952,-0.0993715163577952,-0.0161197990125608,-0.0095238196672152,0 days 00:03:01.100714
736,ExpGrad.01,1,0.587515,-0.0133652033446088,-0.0167474470611542,-0.0159991580785717,-0.007117942086024,-0.0167474470611542,0 days 00:05:02.548019
737,RedGrid25,1,0.704632,-0.0398574038462686,-0.1242338583221216,-0.1242338583221216,-0.0338511784552632,-0.0405434331790773,0 days 00:14:19.359092
738,RedGrid5,1,0.694806,-0.0016270673508049,-0.0823146045164455,-0.0823146045164455,0.0,0.0,0 days 00:14:20.485729
739,RedGrid75,1,0.694806,-0.0016270673508049,-0.0823146045164455,-0.0823146045164455,0.0,0.0,0 days 00:14:18.384161
740,ExpGrad.1,2,0.717584,-0.0650419873811663,-0.103084391549662,-0.103084391549662,-0.0639782438307894,-0.0321205185146569,0 days 00:01:44.893369
741,ExpGrad.01,2,0.613828,-0.0094339895099704,-0.0155752727485257,-0.0155752727485257,0.0,-0.0103233029055462,0 days 00:02:49.901363
742,RedGrid25,2,0.731005,-0.0969423226247755,-0.1272900771164077,-0.1272900771164077,-0.1011144803188155,-0.0673167991564719,0 days 00:09:02.173268
743,RedGrid5,2,0.710268,-0.0516999525973885,-0.0981870389936236,-0.0981870389936236,-0.0578034374612412,-0.0065117450959352,0 days 00:08:55.881857
744,RedGrid75,2,0.67912,-0.0285074411030906,-0.0737157421776419,-0.0737157421776419,0.0,-0.0076323956672699,0 days 00:08:51.745998
745,ExpGrad.1,1,0.711679,-0.0321131332348126,-0.112815284169955,-0.112815284169955,-0.0247873843397785,-0.0336673467798553,0 days 00:02:18.301772
746,ExpGrad.01,1,0.593822,-0.0002131523703349,-0.0109222880196709,-0.0109222880196709,0.0,0.0,0 days 00:03:56.919401
747,RedGrid25,1,0.699125,-0.0472261465575031,-0.1186330471485933,-0.1186330471485933,0.0,-0.0711159560640857,0 days 00:10:15.139292
748,RedGrid5,1,0.699125,-0.0472261465575031,-0.1186330471485933,-0.1186330471485933,0.0,-0.0711159560640857,0 days 00:10:17.153531
749,RedGrid75,1,0.677955,-0.000496650949309,-0.0254492347660595,-0.0254492347660595,0.0,0.0,0 days 00:09:55.501331
750,ExpGrad.1,1,0.706624,-0.0120344598360424,-0.0956829166428652,-0.0956829166428652,-0.0160817946320749,-0.0072180535211051,0 days 00:03:02.230020
751,ExpGrad.01,1,0.590588,-0.0038161274217954,-0.0113681564663128,-0.0113681564663128,0.0,-0.0056959862252047,0 days 00:03:16.764313
752,RedGrid25,1,0.699759,-0.0437694205078517,-0.1133911543440206,-0.1133911543440206,0.0,-0.0658540611235078,0 days 00:11:26.133724
753,RedGrid5,1,0.684265,-0.0008363055088223,-0.0430257719753645,-0.0430257719753645,0.0,0.0,0 days 00:11:19.749424
754,RedGrid75,1,0.684265,-0.0008363055088223,-0.0430257719753645,-0.0430257719753645,0.0,0.0,0 days 00:11:22.722446
755,ExpGrad.1,0,0.706825,-0.084019184575032,-0.1009510114059575,-0.1009510114059575,-0.0745840538788713,-0.0743841708642738,0 days 00:03:28.270209
756,ExpGrad.01,0,0.689296,-0.0121946510476239,-0.0180818154421846,-0.0180818154421846,-0.0096306843012303,-0.0084487622358701,0 days 00:06:57.587712
757,RedGrid25,0,0.696241,-0.0617728938128904,-0.0781622088195511,-0.0578691358219872,-0.0781622088195511,-0.0561433700460382,0 days 00:11:53.709685
758,RedGrid5,0,0.696241,-0.0617728938128904,-0.0781622088195511,-0.0578691358219872,-0.0781622088195511,-0.0561433700460382,0 days 00:12:08.051841
759,RedGrid75,0,0.696241,-0.0617728938128904,-0.0781622088195511,-0.0578691358219872,-0.0781622088195511,-0.0561433700460382,0 days 00:11:48.177401
760,ExpGrad.1,2,0.712841,-0.0570503127246577,-0.0946423029788144,-0.0946423029788144,-0.0393280019054247,-0.0358478642419805,0 days 00:03:24.127150
761,ExpGrad.01,2,0.636378,-0.0129202324149303,-0.0175806227259085,-0.0175806227259085,0.0,-0.0174411403455559,0 days 00:04:03.668381
762,RedGrid25,2,0.71805,-0.0783674566583802,-0.0937671869723298,-0.0937671869723298,-0.0901472720612617,-0.056987351405899,0 days 00:11:54.530118
763,RedGrid5,2,0.678273,-0.0356176758410804,-0.0601574788883555,-0.0601574788883555,0.0,-0.0378108164838812,0 days 00:12:10.382586
764,RedGrid75,2,0.662601,-0.0217690885033046,-0.0544109969232093,-0.0544109969232093,0.0,-0.0076125867454768,0 days 00:12:01.579560
765,ExpGrad.1,0,0.7071,-0.0835464241394973,-0.1010901777308291,-0.1010901777308291,-0.0746231513052406,-0.0730735826856699,0 days 00:03:44.729505
766,ExpGrad.01,0,0.686833,-0.01311239089747,-0.0186126327977589,-0.0186126327977589,-0.0086910973387495,-0.0107304348586549,0 days 00:08:09.850492
767,RedGrid25,0,0.694011,-0.0536680935279351,-0.0791770972718645,-0.0497379192230519,-0.0791770972718645,-0.0429620371542204,0 days 00:15:27.961814
768,RedGrid5,0,0.694011,-0.0536680935279351,-0.0791770972718645,-0.0497379192230519,-0.0791770972718645,-0.0429620371542204,0 days 00:15:22.862908
769,RedGrid75,0,0.694011,-0.0536680935279351,-0.0791770972718645,-0.0497379192230519,-0.0791770972718645,-0.0429620371542204,0 days 00:15:26.417847
770,ExpGrad.1,0,0.706951,-0.0820351302769619,-0.1008681505851255,-0.1008681505851255,-0.0730444333901442,-0.0704797581625944,0 days 00:04:00.003872
771,ExpGrad.01,0,0.683614,-0.0094848984793116,-0.0153619719169317,-0.0153619719169317,-0.0049778027478533,-0.0068210723677545,0 days 00:08:35.662808
772,RedGrid25,0,0.68678,-0.125383007918705,-0.1552597830622666,-0.1552597830622666,-0.1042731513931802,-0.1108430233569177,0 days 00:15:51.654718
773,RedGrid5,0,0.68678,-0.125383007918705,-0.1552597830622666,-0.1552597830622666,-0.1042731513931802,-0.1108430233569177,0 days 00:15:51.767024
774,RedGrid75,0,0.667583,-0.0512268586952103,-0.1094041299205397,-0.1094041299205397,0.0,-0.0285184308337209,0 days 00:15:38.026075
775,ExpGrad.1,0,0.705825,-0.0840705761067656,-0.1023515894959684,-0.1023515894959684,-0.0730914931772229,-0.0741026780553703,0 days 00:03:54.077023
776,ExpGrad.01,0,0.683027,-0.0137449629943884,-0.0192104792351091,-0.0192104792351091,-0.011182825482534,-0.0103651445340192,0 days 00:06:44.231015
777,RedGrid25,0,0.69331,-0.0387822933515534,-0.0450047189849904,-0.0420960344941298,-0.0223222580721228,-0.0450047189849904,0 days 00:16:46.327132
778,RedGrid5,0,0.69331,-0.0387822933515534,-0.0450047189849904,-0.0420960344941298,-0.0223222580721228,-0.0450047189849904,0 days 00:16:45.233736
779,RedGrid75,0,0.69331,-0.0387822933515534,-0.0450047189849904,-0.0420960344941298,-0.0223222580721228,-0.0450047189849904,0 days 00:16:39.766136
780,ExpGrad.1,1,0.710833,-0.0378409273317166,-0.1258783403132631,-0.1258783403132631,-0.0501559346620605,-0.0283059836257526,0 days 00:02:18.372185
781,ExpGrad.01,1,0.601668,-0.0021716588211505,-0.0165614615186761,-0.0165614615186761,-0.0052904517798654,0.0,0 days 00:04:17.042369
782,RedGrid25,1,0.706076,-0.0671242812016401,-0.1481090886160118,-0.1481090886160118,-0.0599025155847264,-0.0686383570284829,0 days 00:11:22.684893
783,RedGrid5,1,0.706076,-0.0671242812016401,-0.1481090886160118,-0.1481090886160118,-0.0599025155847264,-0.0686383570284829,0 days 00:11:20.688340
784,RedGrid75,1,0.706076,-0.0671242812016401,-0.1481090886160118,-0.1481090886160118,-0.0599025155847264,-0.0686383570284829,0 days 00:11:24.276321
785,ExpGrad.1,2,0.697915,-0.043773433534398,-0.0829051936975872,-0.0829051936975872,0.0,-0.0380875349462577,0 days 00:02:19.104211
786,ExpGrad.01,2,0.615077,-0.005453089350977,-0.0101542170383599,-0.0040614619453944,-0.0101542170383599,-0.00353159001339,0 days 00:03:00.380323
787,RedGrid25,2,0.686613,-0.0309291411436779,-0.069387552102263,-0.069387552102263,0.0,-0.0171749377684363,0 days 00:11:16.857912
788,RedGrid5,2,0.686613,-0.0309291411436779,-0.069387552102263,-0.069387552102263,0.0,-0.0171749377684363,0 days 00:11:19.846708
789,RedGrid75,2,0.686613,-0.0309291411436779,-0.069387552102263,-0.069387552102263,0.0,-0.0171749377684363,0 days 00:11:25.775645
790,ExpGrad.1,0,0.707168,-0.0834213261192287,-0.1016821177087387,-0.1016821177087387,-0.0731622764749724,-0.0731013836499784,0 days 00:03:26.141993
791,ExpGrad.01,0,0.688561,-0.014994506614843,-0.0206533960778677,-0.0206533960778677,-0.0116106972646302,-0.0119097773064601,0 days 00:07:03.265117
792,RedGrid25,0,0.687675,-0.080917602694383,-0.1131422530781099,-0.1131422530781099,-0.0066730518195224,-0.0938072519285095,0 days 00:14:40.232147
793,RedGrid5,0,0.687675,-0.080917602694383,-0.1131422530781099,-0.1131422530781099,-0.0066730518195224,-0.0938072519285095,0 days 00:14:41.225544
794,RedGrid75,0,0.687675,-0.080917602694383,-0.1131422530781099,-0.1131422530781099,-0.0066730518195224,-0.0938072519285095,0 days 00:14:39.396062
795,ExpGrad.1,1,0.711939,-0.0415819010891576,-0.1219649129492252,-0.1219649129492252,-0.0464118299700611,-0.036407347374947,0 days 00:02:15.902142
796,ExpGrad.01,1,0.60471,-0.0009555644866389,-0.0214599376306671,-0.0214599376306671,-0.0015294125240338,0.0,0 days 00:03:55.611094
797,RedGrid25,1,0.708098,-0.0684655965592139,-0.1439537696226543,-0.1439537696226543,-0.0779154239645294,-0.0608856986894377,0 days 00:10:03.610140
798,RedGrid5,1,0.708098,-0.0684655965592139,-0.1439537696226543,-0.1439537696226543,-0.0779154239645294,-0.0608856986894377,0 days 00:10:20.312678
799,RedGrid75,1,0.701344,-0.0059726377688225,-0.1126368133285699,-0.1126368133285699,0.0,-0.0059608975947051,0 days 00:09:52.681825
800,ExpGrad.1,2,0.710415,-0.0605313540437588,-0.0929344318165246,-0.0929344318165246,-0.0731924151419926,-0.0233053712020853,0 days 00:02:32.502550
801,ExpGrad.01,2,0.608296,-0.0068383196408247,-0.0137847988311617,-0.0137847988311617,-0.0078568122767626,0.0,0 days 00:03:56.495088
802,RedGrid25,2,0.714454,-0.0687048572217842,-0.0968657004840839,-0.0968657004840839,-0.0909915294500808,-0.0287533348446244,0 days 00:11:34.101245
803,RedGrid5,2,0.706438,-0.0604553002412506,-0.092612237867542,-0.092612237867542,-0.0914679188349441,-0.0110876221087164,0 days 00:11:42.180246
804,RedGrid75,2,0.686256,-0.0363410151771141,-0.0782412739595507,-0.0782412739595507,0.0,-0.0237062465427093,0 days 00:11:35.146903
805,ExpGrad.1,1,0.712531,-0.048786277423155,-0.1183515518552266,-0.1183515518552266,-0.0526506306261992,-0.0445282485461135,0 days 00:02:54.391412
806,ExpGrad.01,1,0.599597,-0.0002555649187065,-0.0131545262231522,-0.0131545262231522,0.0,0.0,0 days 00:04:12.400010
807,RedGrid25,1,0.7079,-0.0707987607048818,-0.1338770386038772,-0.1338770386038772,-0.0736378189044814,-0.0673030431502358,0 days 00:14:39.759827
808,RedGrid5,1,0.699713,-0.0016917476875817,-0.0870782243192072,-0.0870782243192072,0.0,0.0,0 days 00:14:41.849724
809,RedGrid75,1,0.699713,-0.0016917476875817,-0.0870782243192072,-0.0870782243192072,0.0,0.0,0 days 00:14:36.511224
810,ExpGrad.1,1,0.712605,-0.0521854559109013,-0.126702911497149,-0.126702911497149,-0.0494834898384272,-0.0513566107370349,0 days 00:02:55.146218
811,ExpGrad.01,1,0.607853,-0.0065124854893793,-0.0228917923995254,-0.0228917923995254,-0.0084909337421752,-0.0049041590536064,0 days 00:03:27.934530
812,RedGrid25,1,0.705091,-0.0701072503359437,-0.1464412627258728,-0.1464412627258728,-0.0716409784449801,-0.0668733653193525,0 days 00:11:45.732314
813,RedGrid5,1,0.705091,-0.0701072503359437,-0.1464412627258728,-0.1464412627258728,-0.0716409784449801,-0.0668733653193525,0 days 00:11:43.522189
814,RedGrid75,1,0.70076,-0.0127637571576577,-0.1089810974001937,-0.1089810974001937,0.0,-0.0168356931036957,0 days 00:11:45.023345
815,ExpGrad.1,2,0.696999,-0.0601038633961722,-0.0860494089831909,-0.0851574813412494,-0.0860494089831909,-0.0207815110905273,0 days 00:02:11.338826
816,ExpGrad.01,2,0.614697,-0.0015656923370999,-0.0045311628782712,-0.0045311628782712,0.0,0.0,0 days 00:04:23.499431
817,RedGrid25,2,0.720607,-0.11048359627533,-0.1313172228151189,-0.1254743867596894,-0.1313172228151189,-0.0834185150081579,0 days 00:10:47.341125
818,RedGrid5,2,0.620146,-0.012823358497619,-0.0277110363269366,0.0,-0.0277110363269366,-0.0141865549463276,0 days 00:11:03.099517
819,RedGrid75,2,0.620146,-0.012823358497619,-0.0277110363269366,0.0,-0.0277110363269366,-0.0141865549463276,0 days 00:11:04.383273
820,ExpGrad.1,1,0.711325,-0.0386252020938698,-0.1174828006903205,-0.1174828006903205,-0.0433349851804201,-0.0335664682560719,0 days 00:02:24.419580
821,ExpGrad.01,1,0.583602,-0.0001261094910964,-0.0064555290260666,-0.0064555290260666,0.0,0.0,0 days 00:02:48.715792
822,RedGrid25,1,0.708459,-0.0662901326109806,-0.1404171765133459,-0.1404171765133459,-0.0691221957656005,-0.0624206027741922,0 days 00:12:19.070001
823,RedGrid5,1,0.700046,-0.0023223634915133,-0.1046952378303045,-0.1046952378303045,0.0,-0.0004395960276549,0 days 00:12:08.491221
824,RedGrid75,1,0.700046,-0.0023223634915133,-0.1046952378303045,-0.1046952378303045,0.0,-0.0004395960276549,0 days 00:12:11.130263
825,ExpGrad.1,0,0.706354,-0.0805475582152844,-0.0993133737195335,-0.0993133737195335,-0.0711574344303903,-0.0693012428836964,0 days 00:03:45.544427
826,ExpGrad.01,0,0.685822,-0.0125039853508909,-0.0182750979428609,-0.0182750979428609,-0.0083969918454506,-0.0097191891706417,0 days 00:09:50.543629
827,RedGrid25,0,0.690519,-0.0190684678202483,-0.0264523232997895,-0.0264523232997895,-0.0039906525395828,-0.0209343579853915,0 days 00:16:11.974608
828,RedGrid5,0,0.690519,-0.0190684678202483,-0.0264523232997895,-0.0264523232997895,-0.0039906525395828,-0.0209343579853915,0 days 00:16:09.998283
829,RedGrid75,0,0.690519,-0.0190684678202483,-0.0264523232997895,-0.0264523232997895,-0.0039906525395828,-0.0209343579853915,0 days 00:15:56.839680
830,ExpGrad.1,2,0.655024,-0.031682496952327,-0.059629053180698,-0.059629053180698,-0.0417794144047923,0.0,0 days 00:03:43.399738
831,ExpGrad.01,2,0.603033,-0.0056907748917952,-0.0146090540756368,-0.0146090540756368,-0.0023943799408985,0.0,0 days 00:03:43.209793
832,RedGrid25,2,0.696671,-0.0491049576520153,-0.0777205987183201,-0.0777205987183201,-0.0736446663169917,-0.0070352637121189,0 days 00:12:06.234769
833,RedGrid5,2,0.643908,-0.0247622281208148,-0.0622255171653101,-0.0240434245920441,-0.0622255171653101,0.0,0 days 00:12:00.390617
834,RedGrid75,2,0.584173,-0.0131435097524115,-0.049756254730085,0.0,-0.049756254730085,0.0,0 days 00:11:46.845501
835,ExpGrad.1,1,0.712646,-0.0427193502143298,-0.1113215754379116,-0.1113215754379116,-0.0459512422063194,-0.0388142412939086,0 days 00:02:23.145591
836,ExpGrad.01,1,0.612847,-0.0043172350517749,-0.0182284183729471,-0.0182284183729471,0.0,-0.0062745814302022,0 days 00:03:57.168310
837,RedGrid25,1,0.70751,-0.067986923481404,-0.1334986689917724,-0.1334986689917724,-0.076813285836941,-0.0610841986426031,0 days 00:12:40.284377
838,RedGrid5,1,0.70751,-0.067986923481404,-0.1334986689917724,-0.1334986689917724,-0.076813285836941,-0.0610841986426031,0 days 00:12:36.594514
839,RedGrid75,1,0.70751,-0.067986923481404,-0.1334986689917724,-0.1334986689917724,-0.076813285836941,-0.0610841986426031,0 days 00:12:30.743352
840,ExpGrad.1,0,0.706963,-0.0821421265359297,-0.0996446926493788,-0.0996446926493788,-0.0747724671000992,-0.0708899590632208,0 days 00:04:04.095727
841,ExpGrad.01,0,0.686017,-0.0138900198471238,-0.0190123451441471,-0.0190123451441471,-0.0129746377930649,-0.0099115566492068,0 days 00:06:38.514017
842,RedGrid25,0,0.686322,-0.0753698810432419,-0.1084450084442647,-0.1084450084442647,0.0,-0.0880287843364631,0 days 00:14:49.700631
843,RedGrid5,0,0.686322,-0.0753698810432419,-0.1084450084442647,-0.1084450084442647,0.0,-0.0880287843364631,0 days 00:14:50.785875
844,RedGrid75,0,0.664768,-0.0515356928712859,-0.1079847958031321,-0.1079847958031321,0.0,-0.0305754008132239,0 days 00:14:50.417740
845,ExpGrad.1,2,0.681111,-0.044825805214498,-0.062245130080216,-0.062245130080216,-0.045560078400054,-0.0288611227101406,0 days 00:02:59.905272
846,ExpGrad.01,2,0.621463,-0.0018441288288454,-0.0042479151573925,-0.0021119524623944,-0.0042479151573925,0.0,0 days 00:02:11.899474
847,RedGrid25,2,0.700941,-0.0507647011682372,-0.0799947312514491,-0.0693508798393393,-0.0799947312514491,-0.014722558728773,0 days 00:10:56.635799
848,RedGrid5,2,0.65257,-0.0200951262500168,-0.0426731339502892,-0.0257332172188173,-0.0426731339502892,0.0,0 days 00:10:59.941856
849,RedGrid75,2,0.65257,-0.0200951262500168,-0.0426731339502892,-0.0257332172188173,-0.0426731339502892,0.0,0 days 00:10:58.975413
850,ExpGrad.1,1,0.712394,-0.0506956869327284,-0.1218464910106151,-0.1218464910106151,-0.0604240857146322,-0.0431280348454603,0 days 00:02:36.382677
851,ExpGrad.01,1,0.606172,-0.0063321102547264,-0.0189172684936709,-0.0189172684936709,-0.0030107031314835,-0.0077738644619489,0 days 00:06:07.557425
852,RedGrid25,1,0.707765,-0.0631103252494615,-0.1297591192382793,-0.1297591192382793,-0.0636743635137583,-0.0607354396539844,0 days 00:14:40.581485
853,RedGrid5,1,0.707765,-0.0631103252494615,-0.1297591192382793,-0.1297591192382793,-0.0636743635137583,-0.0607354396539844,0 days 00:14:52.289013
854,RedGrid75,1,0.707765,-0.0631103252494615,-0.1297591192382793,-0.1297591192382793,-0.0636743635137583,-0.0607354396539844,0 days 00:14:53.806705
855,ExpGrad.1,2,0.715533,-0.0657145186131473,-0.0894163579643674,-0.0894163579643674,-0.06264936046242,-0.0463184341507457,0 days 00:02:32.550642
856,ExpGrad.01,2,0.616279,-0.0020602512071383,-0.0058845421342855,-0.0058845421342855,0.0,0.0,0 days 00:03:04.538474
857,RedGrid25,2,0.7261,-0.0961972686121938,-0.1233399253010266,-0.1233399253010266,-0.1017000729499246,-0.0678299404426617,0 days 00:11:28.990363
858,RedGrid5,2,0.7131,-0.0701624738144305,-0.1020844888818562,-0.1020844888818562,-0.0772689802162147,-0.036366631553306,0 days 00:11:56.901559
859,RedGrid75,2,0.651812,-0.0100005533086949,-0.0285638358600574,-0.0285638358600574,0.0,0.0,0 days 00:11:56.048206
860,ExpGrad.1,1,0.707594,-0.0073313285565091,-0.1004800328845798,-0.1004800328845798,-0.0019707284776703,-0.0074080417315028,0 days 00:03:25.121608
861,ExpGrad.01,1,0.60386,-0.0002367898659678,-0.0120780449937211,-0.0120780449937211,0.0,0.0,0 days 00:04:20.473641
862,RedGrid25,1,0.698345,-0.0020295550501621,-0.1035224084142997,-0.1035224084142997,0.0,0.0,0 days 00:13:52.785876
863,RedGrid5,1,0.698345,-0.0020295550501621,-0.1035224084142997,-0.1035224084142997,0.0,0.0,0 days 00:13:57.880902
864,RedGrid75,1,0.698345,-0.0020295550501621,-0.1035224084142997,-0.1035224084142997,0.0,0.0,0 days 00:13:37.054949
865,ExpGrad.1,1,0.712711,-0.0422798239864785,-0.1167037757279968,-0.1167037757279968,-0.0392627931597899,-0.0416615569016017,0 days 00:02:42.394426
866,ExpGrad.01,1,0.608295,-0.0003074571972648,-0.0158391043946773,-0.0158391043946773,0.0,0.0,0 days 00:04:30.389296
867,RedGrid25,1,0.694147,-0.0016498792231662,-0.0849959262193641,-0.0849959262193641,0.0,0.0,0 days 00:14:24.320838
868,RedGrid5,1,0.685846,-0.001012578084226,-0.0521644317534082,-0.0521644317534082,0.0,0.0,0 days 00:14:25.539736
869,RedGrid75,1,0.685846,-0.001012578084226,-0.0521644317534082,-0.0521644317534082,0.0,0.0,0 days 00:14:25.491624
870,ExpGrad.1,1,0.710861,-0.0387433289204149,-0.1113286179663751,-0.1113286179663751,-0.0558744905269862,-0.0270407101705404,0 days 00:03:11.208741
871,ExpGrad.01,1,0.582418,-0.0021823579357028,-0.006256516971795,0.0,-0.006256516971795,0.0,0 days 00:04:30.398930
872,RedGrid25,1,0.707894,-0.0543162648727618,-0.1290049809597706,-0.1290049809597706,-0.0520083262340832,-0.0532830950302144,0 days 00:13:50.181974
873,RedGrid5,1,0.707894,-0.0543162648727618,-0.1290049809597706,-0.1290049809597706,-0.0520083262340832,-0.0532830950302144,0 days 00:13:48.898994
874,RedGrid75,1,0.707894,-0.0543162648727618,-0.1290049809597706,-0.1290049809597706,-0.0520083262340832,-0.0532830950302144,0 days 00:13:49.668737
875,ExpGrad.1,2,0.713722,-0.0559311957911936,-0.0985783894765987,-0.0985783894765987,-0.0318775544407043,-0.0338692128923656,0 days 00:02:34.227932
876,ExpGrad.01,2,0.616546,-0.0077240932578176,-0.0186903041598875,-0.0186903041598875,-0.0046010259208042,0.0,0 days 00:03:49.783614
877,RedGrid25,2,0.719208,-0.0794823576329651,-0.102900983279444,-0.102900983279444,-0.081735181951134,-0.0570107657036605,0 days 00:11:29.895895
878,RedGrid5,2,0.668774,-0.0309908365179333,-0.0527071984070524,-0.0466262439732086,-0.0527071984070524,-0.0024484225227139,0 days 00:12:14.273890
879,RedGrid75,2,0.664427,-0.0249757164439612,-0.0474418487575714,-0.0474418487575714,0.0,-0.0215959013583451,0 days 00:12:04.509243
880,ExpGrad.1,0,0.706672,-0.0784171093278729,-0.0971184153959685,-0.0971184153959685,-0.0674047456293794,-0.0681012961551585,0 days 00:03:32.487645
881,ExpGrad.01,0,0.686588,-0.013750055409241,-0.0202336662191207,-0.0202336662191207,-0.0077349183478304,-0.0113896673717461,0 days 00:07:10.159101
882,RedGrid25,0,0.683828,-0.0798604377402778,-0.1142133073825192,-0.1142133073825192,0.0,-0.0939135056033921,0 days 00:14:28.310735
883,RedGrid5,0,0.683828,-0.0798604377402778,-0.1142133073825192,-0.1142133073825192,0.0,-0.0939135056033921,0 days 00:14:28.228426
884,RedGrid75,0,0.660523,-0.0490821542374715,-0.1066465615167253,-0.1066465615167253,0.0,-0.0257330905547239,0 days 00:14:26.099504
885,ExpGrad.1,2,0.710596,-0.0686699333202556,-0.0927223320375617,-0.0927223320375617,-0.0628694838111502,-0.0513252733895088,0 days 00:02:05.285059
886,ExpGrad.01,2,0.624606,-0.0082916914522338,-0.0168322463853856,-0.0084741703096492,-0.0168322463853856,-0.0025020365471049,0 days 00:03:14.939538
887,RedGrid25,2,0.713604,-0.0652238119472479,-0.0868643186100224,-0.0868643186100224,-0.0738036387834301,-0.040523769727801,0 days 00:10:45.394515
888,RedGrid5,2,0.689872,-0.0358571322090108,-0.0622064283082747,-0.0622064283082747,-0.0550773210141624,0.0,0 days 00:11:07.724343
889,RedGrid75,2,0.663079,-0.0242632106518855,-0.0473903841685711,-0.0345125894982937,-0.0473903841685711,0.0,0 days 00:11:12.893595
890,ExpGrad.1,0,0.706128,-0.0839004243057385,-0.1017552158833047,-0.1017552158833047,-0.0749471194519424,-0.0731602727748537,0 days 00:03:51.092501
891,ExpGrad.01,0,0.686098,-0.0147810831822816,-0.0190860148203642,-0.0190860148203642,-0.0145557663013117,-0.0111203045281214,0 days 00:06:57.958098
892,RedGrid25,0,0.682888,-0.1180207754829324,-0.1522343313204177,-0.1522343313204177,-0.1022507284493965,-0.0966722191212514,0 days 00:14:58.364205
893,RedGrid5,0,0.682888,-0.1180207754829324,-0.1522343313204177,-0.1522343313204177,-0.1022507284493965,-0.0966722191212514,0 days 00:14:56.147042
894,RedGrid75,0,0.682888,-0.1180207754829324,-0.1522343313204177,-0.1522343313204177,-0.1022507284493965,-0.0966722191212514,0 days 00:14:56.485886
895,ExpGrad.1,1,0.711154,-0.0374625816543604,-0.1226102680125625,-0.1226102680125625,-0.0383423055078737,-0.0343103832988479,0 days 00:02:33.608248
896,ExpGrad.01,1,0.601375,-0.0027140160214975,-0.0170298199631599,-0.0170298199631599,-0.0067993531485822,0.0,0 days 00:04:25.443218
897,RedGrid25,1,0.700446,-0.0148731000612648,-0.113969874587367,-0.113969874587367,-0.003365869305879,-0.0181553200173022,0 days 00:12:00.327050
898,RedGrid5,1,0.700446,-0.0148731000612648,-0.113969874587367,-0.113969874587367,-0.003365869305879,-0.0181553200173022,0 days 00:12:10.177917
899,RedGrid75,1,0.700446,-0.0148731000612648,-0.113969874587367,-0.113969874587367,-0.003365869305879,-0.0181553200173022,0 days 00:12:08.886272
900,ExpGrad.1,2,0.724531,-0.0733310824667836,-0.1062348862330547,-0.1062348862330547,-0.0695346606584734,-0.0465554921666937,0 days 00:03:03.787892
901,ExpGrad.01,2,0.62154,-0.0050089140486821,-0.0090698641184277,-0.0090698641184277,0.0,-0.0047190876379953,0 days 00:02:17.157650
902,RedGrid25,2,0.719624,-0.0793092025939811,-0.0903690158699513,-0.0901756790461844,-0.0903690158699513,-0.0622903910868833,0 days 00:08:58.632615
903,RedGrid5,2,0.67911,-0.0217967848433744,-0.0500046807283811,-0.0500046807283811,-0.0167989526014912,0.0,0 days 00:08:54.050596
904,RedGrid75,2,0.67911,-0.0217967848433744,-0.0500046807283811,-0.0500046807283811,-0.0167989526014912,0.0,0 days 00:08:48.022538
905,ExpGrad.1,0,0.70654,-0.0814502799183842,-0.0987612027288995,-0.0987612027288995,-0.0718227184786379,-0.0715887855524816,0 days 00:03:44.591453
906,ExpGrad.01,0,0.684083,-0.0077084755375565,-0.0131183403174114,-0.0131183403174114,-0.0065617997533455,-0.0035976722023974,0 days 00:06:18.277981
907,RedGrid25,0,0.68292,-0.113409877609937,-0.1475264695541277,-0.1475264695541277,-0.0937464005734751,-0.094355654219805,0 days 00:13:47.493064
908,RedGrid5,0,0.68292,-0.113409877609937,-0.1475264695541277,-0.1475264695541277,-0.0937464005734751,-0.094355654219805,0 days 00:14:02.847117
909,RedGrid75,0,0.68292,-0.113409877609937,-0.1475264695541277,-0.1475264695541277,-0.0937464005734751,-0.094355654219805,0 days 00:14:05.435752
910,ExpGrad.1,0,0.70743,-0.0773354844838494,-0.094820343298146,-0.094820343298146,-0.0693780587432083,-0.0663672673310924,0 days 00:03:28.821903
911,ExpGrad.01,0,0.685694,-0.0079160149954248,-0.0135778639514101,-0.0135778639514101,-0.0072393411253792,-0.0033143273345324,0 days 00:06:30.996173
912,RedGrid25,0,0.695717,-0.0364469819487036,-0.0420889682961109,-0.039100038673001,-0.0220186258671111,-0.0420889682961109,0 days 00:13:45.049059
913,RedGrid5,0,0.695717,-0.0364469819487036,-0.0420889682961109,-0.039100038673001,-0.0220186258671111,-0.0420889682961109,0 days 00:13:41.029414
914,RedGrid75,0,0.695717,-0.0364469819487036,-0.0420889682961109,-0.039100038673001,-0.0220186258671111,-0.0420889682961109,0 days 00:13:26.915575
915,ExpGrad.1,2,0.704362,-0.051808682642873,-0.0897767833537704,-0.0897767833537704,-0.0143643706026776,-0.0428223640352524,0 days 00:02:17.978949
916,ExpGrad.01,2,0.610748,-0.0100887035606455,-0.0133724289076889,-0.0115645006298487,-0.0031570865528044,-0.0133724289076889,0 days 00:03:14.056896
917,RedGrid25,2,0.730689,-0.0932520876607723,-0.1213536748942346,-0.1213536748942346,-0.0985985828109271,-0.0646679796974875,0 days 00:12:21.767166
918,RedGrid5,2,0.669832,-0.0280363879462696,-0.0468847343966721,-0.0375845618309282,-0.0468847343966721,-0.0070250282758537,0 days 00:13:14.855774
919,RedGrid75,2,0.669832,-0.0280363879462696,-0.0468847343966721,-0.0375845618309282,-0.0468847343966721,-0.0070250282758537,0 days 00:12:59.795712
920,ExpGrad.1,2,0.690276,-0.0363976070376763,-0.0756112746323727,-0.0756112746323727,0.0,-0.0251600066241692,0 days 00:02:03.389719
921,ExpGrad.01,2,0.612416,-0.0042222494118975,-0.0120080009718215,-0.0120080009718215,0.0,0.0,0 days 00:02:59.479173
922,RedGrid25,2,0.7116,-0.0667180943148462,-0.0932230966266405,-0.0932230966266405,-0.0507781237049454,-0.0533822466626456,0 days 00:10:53.147493
923,RedGrid5,2,0.681358,-0.0364648220071744,-0.0613174076996264,-0.0613174076996264,0.0,-0.0382211518542016,0 days 00:10:46.828254
924,RedGrid75,2,0.593523,-0.0017303511525242,-0.0066956717067266,0.0,-0.0066956717067266,0.0,0 days 00:10:46.378498
925,ExpGrad.1,2,0.702196,-0.0498009525393881,-0.0769751901884099,-0.0769751901884099,-0.0484604516454288,-0.0263764386722077,0 days 00:03:46.748651
926,ExpGrad.01,2,0.624949,-0.0024207019811128,-0.0069523755944842,-0.0069523755944842,0.0,0.0,0 days 00:04:27.723746
927,RedGrid25,2,0.677701,-0.0334557071681179,-0.049945685503393,-0.049945685503393,0.0,-0.0413129231751784,0 days 00:14:08.069907
928,RedGrid5,2,0.677701,-0.0334557071681179,-0.049945685503393,-0.049945685503393,0.0,-0.0413129231751784,0 days 00:13:56.268982
929,RedGrid75,2,0.677701,-0.0334557071681179,-0.049945685503393,-0.049945685503393,0.0,-0.0413129231751784,0 days 00:13:55.904041
930,ExpGrad.1,2,0.698917,-0.0446974526705858,-0.0848991221191509,-0.0848991221191509,-0.0128400194668039,-0.0297141604098498,0 days 00:02:56.406057
931,ExpGrad.01,2,0.624838,-0.005453933795363,-0.0121862856313885,-0.0121862856313885,0.0,-0.0030243499878559,0 days 00:05:39.406934
932,RedGrid25,2,0.730122,-0.0979911074467607,-0.1296432426196022,-0.1296432426196022,-0.1007958172370894,-0.0675351333529186,0 days 00:14:52.394484
933,RedGrid5,2,0.678784,-0.0271109357007596,-0.0739980989176912,-0.0739980989176912,0.0,-0.0029153216135364,0 days 00:15:29.295314
934,RedGrid75,2,0.65997,-0.0220423538622963,-0.0627887569652722,-0.0627887569652722,0.0,0.0,0 days 00:14:13.495629
935,ExpGrad.1,0,0.707348,-0.0791451721771714,-0.096384888679354,-0.096384888679354,-0.0686979408402457,-0.0698195199923383,0 days 00:03:55.368345
936,ExpGrad.01,0,0.688194,-0.0150092345696739,-0.0197524612356571,-0.0197524612356571,-0.0144184359960649,-0.0111728974358421,0 days 00:07:22.517324
937,RedGrid25,0,0.682875,-0.115176734471453,-0.1488001197048715,-0.1488001197048715,-0.095477850995156,-0.096611935374792,0 days 00:15:24.646334
938,RedGrid5,0,0.682875,-0.115176734471453,-0.1488001197048715,-0.1488001197048715,-0.095477850995156,-0.096611935374792,0 days 00:15:21.148583
939,RedGrid75,0,0.682875,-0.115176734471453,-0.1488001197048715,-0.1488001197048715,-0.095477850995156,-0.096611935374792,0 days 00:15:18.925321
940,ExpGrad.1,2,0.711821,-0.0612276107372706,-0.0890438461290794,-0.0890438461290794,-0.0704989333572792,-0.0302584518191664,0 days 00:02:16.509367
941,ExpGrad.01,2,0.613772,-0.0071208203150157,-0.0137324005186217,-0.0137324005186217,-0.0065873471482958,-0.0015677566498175,0 days 00:02:46.061372
942,RedGrid25,2,0.691726,-0.0398243004688944,-0.0668740928991383,-0.0668740928991383,-0.0635385049854316,0.0,0 days 00:11:17.225970
943,RedGrid5,2,0.691726,-0.0398243004688944,-0.0668740928991383,-0.0668740928991383,-0.0635385049854316,0.0,0 days 00:11:08.624444
944,RedGrid75,2,0.620263,-0.0162949117104526,-0.0520673356628016,-0.0080847531255158,-0.0520673356628016,0.0,0 days 00:11:11.315099
945,ExpGrad.1,2,0.719004,-0.060432401952102,-0.0935826948864337,-0.0935826948864337,-0.0478663397659691,-0.0394244373474187,0 days 00:02:37.599838
946,ExpGrad.01,2,0.625056,-0.0073749123917842,-0.0110333585591428,-0.0087664836370231,0.0,-0.0110333585591428,0 days 00:05:13.956832
947,RedGrid25,2,0.731015,-0.0902761577891784,-0.1121696951804168,-0.1121696951804168,-0.0994163677265909,-0.0648383861401293,0 days 00:11:49.792593
948,RedGrid5,2,0.696081,-0.0397085973393673,-0.0636897579753305,-0.061092967764128,-0.0636897579753305,-0.0048808967117766,0 days 00:11:50.210258
949,RedGrid75,2,0.689082,-0.0358782413523872,-0.0610790818447499,-0.0575358223275427,-0.0610790818447499,0.0,0 days 00:11:40.646212
950,ExpGrad.1,1,0.711092,-0.0356648504698722,-0.1122156079224833,-0.1122156079224833,-0.0399348899937703,-0.0309426762165069,0 days 00:03:29.198805
951,ExpGrad.01,1,0.597124,-0.000226879783892,-0.0116336081434305,-0.0116336081434305,0.0,0.0,0 days 00:03:39.415392
952,RedGrid25,1,0.708128,-0.0705801599085365,-0.1378324451370976,-0.1378324451370976,-0.0803437832636785,-0.0631106893095482,0 days 00:15:11.095199
953,RedGrid5,1,0.698141,-0.0018315164590949,-0.093913809453796,-0.093913809453796,0.0,0.0,0 days 00:15:09.875555
954,RedGrid75,1,0.698141,-0.0018315164590949,-0.093913809453796,-0.093913809453796,0.0,0.0,0 days 00:15:07.990642
955,ExpGrad.1,1,0.711889,-0.052988989793426,-0.1323451592150429,-0.1323451592150429,-0.057956211185412,-0.0478065522534629,0 days 00:02:35.998488
956,ExpGrad.01,1,0.610801,-0.010440064129839,-0.0289693687717573,-0.0289693687717573,-0.0141053017486964,-0.0078477874546365,0 days 00:03:22.365628
957,RedGrid25,1,0.704507,-0.0667944811005289,-0.1417775391056517,-0.1417775391056517,-0.0750655707740417,-0.0599239240287117,0 days 00:12:09.178692
958,RedGrid5,1,0.704507,-0.0667944811005289,-0.1417775391056517,-0.1417775391056517,-0.0750655707740417,-0.0599239240287117,0 days 00:12:11.409050
959,RedGrid75,1,0.704507,-0.0667944811005289,-0.1417775391056517,-0.1417775391056517,-0.0750655707740417,-0.0599239240287117,0 days 00:12:00.282991
960,ExpGrad.1,0,0.706383,-0.0734046071754312,-0.0921610693884045,-0.0921610693884045,-0.059984521856586,-0.0643347967037611,0 days 00:03:05.451455
961,ExpGrad.01,0,0.684872,-0.0129732350637674,-0.0178948598802568,-0.0178948598802568,-0.0106961773092664,-0.0099034177561475,0 days 00:08:58.146125
962,RedGrid25,0,0.686937,-0.079981481985659,-0.1124822619708955,-0.1124822619708955,-0.0050553622693501,-0.0929158990009433,0 days 00:14:33.817262
963,RedGrid5,0,0.686937,-0.079981481985659,-0.1124822619708955,-0.1124822619708955,-0.0050553622693501,-0.0929158990009433,0 days 00:14:27.022473
964,RedGrid75,0,0.664717,-0.0541961927868567,-0.111418822648225,-0.111418822648225,0.0,-0.0338746415377497,0 days 00:14:28.374818
965,ExpGrad.1,0,0.707278,-0.0784913074290317,-0.096190825416057,-0.096190825416057,-0.0675069670647643,-0.0690648589920148,0 days 00:03:59.227300
966,ExpGrad.01,0,0.690001,-0.0122866066533278,-0.0181500497017352,-0.0181500497017352,-0.008053585302487,-0.0094924374758113,0 days 00:13:07.889296
967,RedGrid25,0,0.686325,-0.1211809983793511,-0.1505249710041297,-0.1505249710041297,-0.0995178646528034,-0.1074621479268025,0 days 00:15:56.056282
968,RedGrid5,0,0.686325,-0.1211809983793511,-0.1505249710041297,-0.1505249710041297,-0.0995178646528034,-0.1074621479268025,0 days 00:15:52.129335
969,RedGrid75,0,0.667765,-0.0493675306802798,-0.1061995625009083,-0.1061995625009083,0.0,-0.0268963083886489,0 days 00:15:23.954243
970,ExpGrad.1,1,0.710428,-0.0341633402718331,-0.1182980233516002,-0.1182980233516002,-0.0341298474395367,-0.0316430083614396,0 days 00:02:09.195259
971,ExpGrad.01,1,0.615062,-0.006223669916222,-0.0237388939469512,-0.0237388939469512,-0.0025367535461411,-0.0077376006206421,0 days 00:03:54.587427
972,RedGrid25,1,0.700089,-0.0030884020457793,-0.1012885688549554,-0.1012885688549554,0.0,-0.0018359824224571,0 days 00:12:01.199223
973,RedGrid5,1,0.700089,-0.0030884020457793,-0.1012885688549554,-0.1012885688549554,0.0,-0.0018359824224571,0 days 00:12:01.653621
974,RedGrid75,1,0.700089,-0.0030884020457793,-0.1012885688549554,-0.1012885688549554,0.0,-0.0018359824224571,0 days 00:12:06.039268
975,ExpGrad.1,0,0.706834,-0.0835984762357091,-0.1015917562634691,-0.1015917562634691,-0.0755135377353778,-0.0722826165263536,0 days 00:03:26.877590
976,ExpGrad.01,0,0.687525,-0.013845391694752,-0.0184210452227201,-0.0184210452227201,-0.0112818353111494,-0.0112488111044919,0 days 00:06:51.534269
977,RedGrid25,0,0.691843,-0.0231692894662134,-0.0285706850787085,-0.0285706850787085,-0.0118354527868524,-0.0247036635557837,0 days 00:15:56.803129
978,RedGrid5,0,0.691843,-0.0231692894662134,-0.0285706850787085,-0.0285706850787085,-0.0118354527868524,-0.0247036635557837,0 days 00:16:08.356255
979,RedGrid75,0,0.691843,-0.0231692894662134,-0.0285706850787085,-0.0285706850787085,-0.0118354527868524,-0.0247036635557837,0 days 00:16:07.076134
980,ExpGrad.1,2,0.690543,-0.0360987657194813,-0.063835259598296,-0.063835259598296,-0.0355936469250153,-0.0119206608469607,0 days 00:03:28.457579
981,ExpGrad.01,2,0.605455,-0.0026596440995542,-0.006126038064249,-0.0030862188771487,-0.006126038064249,0.0,0 days 00:03:59.416074
982,RedGrid25,2,0.72156,-0.0839452263514,-0.1032342043172158,-0.1032342043172158,-0.0799188145737244,-0.0695510216596448,0 days 00:13:38.476076
983,RedGrid5,2,0.669913,-0.0158175853905818,-0.0455038399760835,-0.0455038399760835,0.0,0.0,0 days 00:13:40.716230
984,RedGrid75,2,0.669913,-0.0158175853905818,-0.0455038399760835,-0.0455038399760835,0.0,0.0,0 days 00:13:40.871647
985,ExpGrad.1,2,0.711102,-0.0556740440971633,-0.0920033026724581,-0.0920033026724581,-0.0220354725625967,-0.046210795017362,0 days 00:02:00.503381
986,ExpGrad.01,2,0.633305,-0.0099129359452046,-0.0155954414883021,-0.0155954414883021,-0.008434425698622,-0.005866524854348,0 days 00:04:21.036490
987,RedGrid25,2,0.705593,-0.0604347692588603,-0.0900011240360356,-0.083952934478768,-0.0900011240360356,-0.0194814613398629,0 days 00:11:09.053046
988,RedGrid5,2,0.679845,-0.0372653768278317,-0.0576864627808584,-0.0576864627808584,0.0,-0.0443978767409444,0 days 00:10:55.680228
989,RedGrid75,2,0.679845,-0.0372653768278317,-0.0576864627808584,-0.0576864627808584,0.0,-0.0443978767409444,0 days 00:10:53.547017
990,ExpGrad.1,0,0.706303,-0.0819677145325705,-0.100072893045939,-0.100072893045939,-0.0721507246307268,-0.0715027229687651,0 days 00:03:23.594923
991,ExpGrad.01,0,0.684756,-0.0133106947186058,-0.0185969714620046,-0.0185969714620046,-0.0111287730971353,-0.0098750248365733,0 days 00:06:17.847765
992,RedGrid25,0,0.686884,-0.0776571154307436,-0.1108670939537346,-0.1108670939537346,-0.0009533227697141,-0.0910637811365149,0 days 00:11:09.663186
993,RedGrid5,0,0.686884,-0.0776571154307436,-0.1108670939537346,-0.1108670939537346,-0.0009533227697141,-0.0910637811365149,0 days 00:11:06.124571
994,RedGrid75,0,0.664297,-0.0521235689594382,-0.1101962219772548,-0.1101962219772548,0.0,-0.0300186439857534,0 days 00:11:08.336471
995,ExpGrad.1,2,0.680259,-0.0653076363146703,-0.0698449780540276,-0.0698449780540276,-0.0564725897362006,-0.0671389977707979,0 days 00:02:27.514052
996,ExpGrad.01,2,0.623544,-0.0056203434035227,-0.0098558487901544,-0.0050312086499361,0.0,-0.0098558487901544,0 days 00:04:12.111136
997,RedGrid25,2,0.716454,-0.0786870756868256,-0.0931986830096376,-0.0931986830096376,-0.0919535211359293,-0.0570975380883726,0 days 00:10:45.617384
998,RedGrid5,2,0.666963,-0.0188210659542755,-0.0542065101657488,-0.0542065101657488,0.0,0.0,0 days 00:10:57.722447
999,RedGrid75,2,0.666963,-0.0188210659542755,-0.0542065101657488,-0.0542065101657488,0.0,0.0,0 days 00:10:49.922882
1000,ExpGrad.1,0,0.706277,-0.0714334534693105,-0.0899217120755813,-0.0899217120755813,-0.0575409288435289,-0.0628508187434671,0 days 00:03:59.535201
1001,ExpGrad.01,0,0.689592,-0.015899957763505,-0.0211310315113127,-0.0211310315113127,-0.0138590032072658,-0.0124253251965509,0 days 00:09:14.162096
1002,RedGrid25,0,0.686611,-0.0803633779429634,-0.1131944214154317,-0.1131944214154317,-0.0039127044823321,-0.0937900764546885,0 days 00:14:36.826791
1003,RedGrid5,0,0.686611,-0.0803633779429634,-0.1131944214154317,-0.1131944214154317,-0.0039127044823321,-0.0937900764546885,0 days 00:14:12.814176
1004,RedGrid75,0,0.664043,-0.0550165026254477,-0.1117294161066339,-0.1117294161066339,0.0,-0.0355548367383247,0 days 00:13:59.219879
1005,ExpGrad.1,1,0.711475,-0.0328904885533822,-0.1118553101575827,-0.1118553101575827,-0.0393807197882181,-0.0268508918639178,0 days 00:02:08.693587
1006,ExpGrad.01,1,0.588089,-2.6031634816081973e-05,-0.0013305807949574,-0.0013305807949574,0.0,0.0,0 days 00:02:17.599625
1007,RedGrid25,1,0.707571,-0.0546621124223322,-0.1273048783844624,-0.1273048783844624,-0.0578905533563591,-0.050623643040179,0 days 00:09:10.717825
1008,RedGrid5,1,0.707571,-0.0546621124223322,-0.1273048783844624,-0.1273048783844624,-0.0578905533563591,-0.050623643040179,0 days 00:09:20.951490
1009,RedGrid75,1,0.707571,-0.0546621124223322,-0.1273048783844624,-0.1273048783844624,-0.0578905533563591,-0.050623643040179,0 days 00:09:10.418935
1010,ExpGrad.1,2,0.70632,-0.0495317630144068,-0.0873481940452718,-0.0873481940452718,-0.015094661707117,-0.038946448589044,0 days 00:01:53.014541
1011,ExpGrad.01,2,0.619677,-0.0024483823820189,-0.007053881904772,-0.007053881904772,0.0,0.0,0 days 00:04:26.100233
1012,RedGrid25,2,0.730931,-0.0948239427180928,-0.1223553345928926,-0.1223553345928926,-0.0991866268978448,-0.0675702979274122,0 days 00:10:32.318299
1013,RedGrid5,2,0.72803,-0.0936839834178351,-0.1254455805289092,-0.1254455805289092,-0.0989087057086652,-0.0621154927303918,0 days 00:10:30.775907
1014,RedGrid75,2,0.680488,-0.0360326321406946,-0.068080438258042,-0.068080438258042,-0.0475980978153414,0.0,0 days 00:10:30.778107
1015,ExpGrad.1,1,0.71033,-0.0432169878471473,-0.1136271881623275,-0.1136271881623275,-0.0571368886767713,-0.0333319454408193,0 days 00:02:53.410572
1016,ExpGrad.01,1,0.606726,-0.0009913962831841,-0.0146644784657796,-0.0146644784657796,-0.0020152700485231,0.0,0 days 00:05:22.004133
1017,RedGrid25,1,0.703618,-0.0733386946442823,-0.1390847052051124,-0.1390847052051124,-0.0806263826819295,-0.0672646957435202,0 days 00:14:24.099689
1018,RedGrid5,1,0.703618,-0.0733386946442823,-0.1390847052051124,-0.1390847052051124,-0.0806263826819295,-0.0672646957435202,0 days 00:14:24.378352
1019,RedGrid75,1,0.699713,-0.0171093457905295,-0.1090584793807954,-0.1090584793807954,-0.0057911918338561,-0.0205042535167049,0 days 00:14:20.238351
1020,ExpGrad.1,0,0.706635,-0.0749057612621398,-0.0939408119644044,-0.0939408119644044,-0.0640205340939259,-0.064224670904627,0 days 00:03:00.861371
1021,ExpGrad.01,0,0.68507,-0.0103671940276938,-0.0154189792882246,-0.0154189792882246,-0.0058719694139584,-0.0084234059793754,0 days 00:06:03.337178
1022,RedGrid25,0,0.682992,-0.1119952347288915,-0.1473390291561785,-0.1473390291561785,-0.0935647310543268,-0.0911751414437507,0 days 00:11:54.576116
1023,RedGrid5,0,0.682992,-0.1119952347288915,-0.1473390291561785,-0.1473390291561785,-0.0935647310543268,-0.0911751414437507,0 days 00:12:04.021084
1024,RedGrid75,0,0.682992,-0.1119952347288915,-0.1473390291561785,-0.1473390291561785,-0.0935647310543268,-0.0911751414437507,0 days 00:12:13.095190
1025,ExpGrad.1,0,0.707289,-0.0819983021695297,-0.0979090143939929,-0.0979090143939929,-0.0735349823723372,-0.0727515452735254,0 days 00:03:20.644220
1026,ExpGrad.01,0,0.685962,-0.0106817084833476,-0.0146692613336277,-0.0146692613336277,-0.0097756136316325,-0.0076901856189117,0 days 00:05:26.469618
1027,RedGrid25,0,0.695067,-0.0379189025057176,-0.0449533011203356,-0.040053965087491,-0.0218679525857927,-0.0449533011203356,0 days 00:13:21.054213
1028,RedGrid5,0,0.695067,-0.0379189025057176,-0.0449533011203356,-0.040053965087491,-0.0218679525857927,-0.0449533011203356,0 days 00:13:28.032627
1029,RedGrid75,0,0.695067,-0.0379189025057176,-0.0449533011203356,-0.040053965087491,-0.0218679525857927,-0.0449533011203356,0 days 00:13:23.529948
1030,ExpGrad.1,1,0.709817,-0.0323564707100698,-0.1117294160830096,-0.1117294160830096,-0.0414169917715068,-0.0248902258082183,0 days 00:02:36.362056
1031,ExpGrad.01,1,0.591046,-8.787137412863424e-05,-0.0044846874507225,-0.0044846874507225,0.0,0.0,0 days 00:02:50.140338
1032,RedGrid25,1,0.704164,-0.0730459435127193,-0.138496351824378,-0.138496351824378,-0.0819050935980266,-0.0661228233329723,0 days 00:12:47.547276
1033,RedGrid5,1,0.704164,-0.0730459435127193,-0.138496351824378,-0.138496351824378,-0.0819050935980266,-0.0661228233329723,0 days 00:12:43.947685
1034,RedGrid75,1,0.704164,-0.0730459435127193,-0.138496351824378,-0.138496351824378,-0.0819050935980266,-0.0661228233329723,0 days 00:12:40.518600
1035,ExpGrad.1,0,0.707656,-0.0806808581604004,-0.0975892738233141,-0.0975892738233141,-0.0719242458561336,-0.0706922786442325,0 days 00:03:47.840833
1036,ExpGrad.01,0,0.687636,-0.010699458777091,-0.0156894805762753,-0.0156894805762753,-0.007319481424107,-0.0081914804243261,0 days 00:07:29.435895
1037,RedGrid25,0,0.686491,-0.1222806018751406,-0.1526647914333097,-0.1526647914333097,-0.1015201975943719,-0.1071089148712211,0 days 00:15:29.061664
1038,RedGrid5,0,0.686491,-0.1222806018751406,-0.1526647914333097,-0.1526647914333097,-0.1015201975943719,-0.1071089148712211,0 days 00:15:22.869340
1039,RedGrid75,0,0.686491,-0.1222806018751406,-0.1526647914333097,-0.1526647914333097,-0.1015201975943719,-0.1071089148712211,0 days 00:15:24.473486
1040,ExpGrad.1,0,0.706461,-0.0799122616805046,-0.0981749844201408,-0.0981749844201408,-0.0687044031881489,-0.0700959744972387,0 days 00:03:05.179386
1041,ExpGrad.01,0,0.690275,-0.0138545355782678,-0.0203296477238581,-0.0203296477238581,-0.0111843014214498,-0.0096514443543752,0 days 00:07:23.570723
1042,RedGrid25,0,0.683223,-0.1165502797451838,-0.1518909568018154,-0.1518909568018154,-0.096120951958736,-0.0968563665579994,0 days 00:12:48.565801
1043,RedGrid5,0,0.683223,-0.1165502797451838,-0.1518909568018154,-0.1518909568018154,-0.096120951958736,-0.0968563665579994,0 days 00:12:49.765298
1044,RedGrid75,0,0.683223,-0.1165502797451838,-0.1518909568018154,-0.1518909568018154,-0.096120951958736,-0.0968563665579994,0 days 00:12:42.845275
1045,ExpGrad.1,0,0.706726,-0.0849582351162601,-0.1026990154211185,-0.1026990154211185,-0.0762950036898799,-0.0741924288992148,0 days 00:04:00.626750
1046,ExpGrad.01,0,0.687501,-0.0132894794412479,-0.0182991356149454,-0.0182991356149454,-0.0095334672571819,-0.0109715111598264,0 days 00:09:22.776242
1047,RedGrid25,0,0.687483,-0.0807849239638621,-0.1139381025019768,-0.1139381025019768,-0.0078798921597392,-0.0919362196077234,0 days 00:14:56.743599
1048,RedGrid5,0,0.687483,-0.0807849239638621,-0.1139381025019768,-0.1139381025019768,-0.0078798921597392,-0.0919362196077234,0 days 00:14:55.278685
1049,RedGrid75,0,0.664089,-0.052243022080845,-0.1102949740103959,-0.1102949740103959,0.0,-0.0301891931475646,0 days 00:14:51.807969
1050,ExpGrad.1,0,0.707516,-0.0815747733542762,-0.0975551145008284,-0.0975551145008284,-0.0747851481731964,-0.0712858890197668,0 days 00:03:25.515424
1051,ExpGrad.01,0,0.688056,-0.0100920968336671,-0.0135784256998966,-0.0135784256998966,-0.0093239156005128,-0.0074510601248617,0 days 00:07:39.241174
1052,RedGrid25,0,0.691371,-0.0211265625956644,-0.0254655867883561,-0.0254655867883561,-0.008944377734272,-0.0240798933480392,0 days 00:15:40.815884
1053,RedGrid5,0,0.691371,-0.0211265625956644,-0.0254655867883561,-0.0254655867883561,-0.008944377734272,-0.0240798933480392,0 days 00:15:57.036743
1054,RedGrid75,0,0.691371,-0.0211265625956644,-0.0254655867883561,-0.0254655867883561,-0.008944377734272,-0.0240798933480392,0 days 00:15:53.868908
1055,ExpGrad.1,0,0.706956,-0.0828224654618893,-0.1009442611968914,-0.1009442611968914,-0.0736068464145294,-0.0720182994406128,0 days 00:03:48.183762
1056,ExpGrad.01,0,0.689042,-0.0158608889684634,-0.0223808399377491,-0.0223808399377491,-0.0104128935799634,-0.0131521576080287,0 days 00:11:08.525153
1057,RedGrid25,0,0.685402,-0.1263391480440768,-0.1566461783217997,-0.1566461783217997,-0.1051058678432763,-0.1114871600529303,0 days 00:15:02.233460
1058,RedGrid5,0,0.685402,-0.1263391480440768,-0.1566461783217997,-0.1566461783217997,-0.1051058678432763,-0.1114871600529303,0 days 00:14:56.759903
1059,RedGrid75,0,0.685402,-0.1263391480440768,-0.1566461783217997,-0.1566461783217997,-0.1051058678432763,-0.1114871600529303,0 days 00:14:46.541537
1060,ExpGrad.1,2,0.693119,-0.0416069758126448,-0.0784929215844034,-0.0784929215844034,-0.0184210075301885,-0.0241596547208437,0 days 00:02:24.298741
1061,ExpGrad.01,2,0.630676,-0.0034899323625749,-0.0060616916859243,-0.0054870650051029,-0.0060616916859243,0.0,0 days 00:03:39.597356
1062,RedGrid25,2,0.715578,-0.0777484685360106,-0.0916317240460604,-0.0916317240460604,-0.0862460947666258,-0.0597262824848063,0 days 00:11:45.547959
1063,RedGrid5,2,0.658418,-0.0146233393726388,-0.0419490972616738,-0.0419490972616738,0.0,0.0,0 days 00:11:47.814356
1064,RedGrid75,2,0.590982,-0.004108389002239,-0.0144039651792823,-0.0010347305711096,-0.0144039651792823,0.0,0 days 00:11:47.883349
1065,ExpGrad.1,1,0.706392,-0.004179105536473,-0.0913049043428815,-0.0913049043428815,-0.0039855943393951,-0.0015970982542095,0 days 00:02:53.074501
1066,ExpGrad.01,1,0.600942,-0.0031589283432896,-0.0240614433574864,-0.0240614433574864,0.0,-0.0042546718155805,0 days 00:03:15.503347
1067,RedGrid25,1,0.699149,-0.0452188831778904,-0.1195264674740267,-0.1195264674740267,0.0,-0.067844436974217,0 days 00:11:52.910843
1068,RedGrid5,1,0.683116,-0.0008191331783069,-0.0419907965579416,-0.0419907965579416,0.0,0.0,0 days 00:11:47.080699
1069,RedGrid75,1,0.683116,-0.0008191331783069,-0.0419907965579416,-0.0419907965579416,0.0,0.0,0 days 00:11:39.590503
1070,ExpGrad.1,2,0.710069,-0.0533273655679344,-0.0829197342193449,-0.0829197342193449,-0.0671138225902993,-0.0177814839241676,0 days 00:02:39.382756
1071,ExpGrad.01,2,0.617441,-0.0059900287933745,-0.009440936218151,-0.009440936218151,-0.0056606598035296,-0.0031367734362636,0 days 00:04:55.662809
1072,RedGrid25,2,0.711486,-0.0630596929768673,-0.1060162544698992,-0.1060162544698992,-0.0697878093663975,-0.0203209301854559,0 days 00:14:33.543993
1073,RedGrid5,2,0.662516,-0.026277576294806,-0.0531659193815769,-0.035648544492332,-0.0531659193815769,0.0,0 days 00:13:45.267725
1074,RedGrid75,2,0.662516,-0.026277576294806,-0.0531659193815769,-0.035648544492332,-0.0531659193815769,0.0,0 days 00:13:46.767898
1075,ExpGrad.1,0,0.706968,-0.0807105402292423,-0.0987319111466091,-0.0987319111466091,-0.0716735278004858,-0.0699043490869668,0 days 00:04:02.438188
1076,ExpGrad.01,0,0.68838,-0.0142128551569379,-0.0194013471360514,-0.0194013471360514,-0.0134937026966598,-0.0100597808471403,0 days 00:08:00.749256
1077,RedGrid25,0,0.691469,-0.0195176495533992,-0.0263237156593487,-0.0263237156593487,-0.0038443990729126,-0.0222214608321511,0 days 00:16:46.413023
1078,RedGrid5,0,0.691469,-0.0195176495533992,-0.0263237156593487,-0.0263237156593487,-0.0038443990729126,-0.0222214608321511,0 days 00:16:47.330350
1079,RedGrid75,0,0.691469,-0.0195176495533992,-0.0263237156593487,-0.0263237156593487,-0.0038443990729126,-0.0222214608321511,0 days 00:16:29.686406
1080,ExpGrad.1,2,0.700838,-0.0482890803852687,-0.0785947136139649,-0.0785947136139649,-0.0553272076619681,-0.0166582327237073,0 days 00:02:04.206847
1081,ExpGrad.01,2,0.632943,-0.0087004728947696,-0.0169775443734033,-0.0169775443734033,-0.01071550310063,0.0,0 days 00:02:12.052680
1082,RedGrid25,2,0.720365,-0.0855478907936055,-0.1004503557791319,-0.090894398563558,-0.1004503557791319,-0.0709182173021299,0 days 00:08:24.772181
1083,RedGrid5,2,0.686912,-0.0306057905868375,-0.0737735250616783,-0.0737735250616783,0.0,-0.0124657307372066,0 days 00:08:26.829498
1084,RedGrid75,2,0.667393,-0.0235151206258265,-0.0674447097559918,-0.0674447097559918,0.0,0.0,0 days 00:08:25.358248
1085,ExpGrad.1,0,0.706839,-0.0835991593046602,-0.1004561528613795,-0.1004561528613795,-0.0755836633201741,-0.0732778862981785,0 days 00:03:38.887826
1086,ExpGrad.01,0,0.685192,-0.0135156592271259,-0.0168369998870283,-0.0168369998870283,-0.0130889907602547,-0.0108455524068978,0 days 00:05:50.493833
1087,RedGrid25,0,0.691488,-0.0247490574158542,-0.0298573178836534,-0.0298573178836534,-0.0116608567012844,-0.0275075648063893,0 days 00:16:37.264441
1088,RedGrid5,0,0.691488,-0.0247490574158542,-0.0298573178836534,-0.0298573178836534,-0.0116608567012844,-0.0275075648063893,0 days 00:16:36.194725
1089,RedGrid75,0,0.691488,-0.0247490574158542,-0.0298573178836534,-0.0298573178836534,-0.0116608567012844,-0.0275075648063893,0 days 00:16:33.345257
1090,ExpGrad.1,2,0.705763,-0.0486522326473244,-0.07651334219079,-0.07651334219079,-0.0080481266385816,-0.050935551130477,0 days 00:01:56.425860
1091,ExpGrad.01,2,0.63255,-0.0015857964772922,-0.0030139045380241,-0.0030139045380241,-0.0014785614214645,-0.000380084181912,0 days 00:03:02.375556
1092,RedGrid25,2,0.730311,-0.0886789749356966,-0.108328478129278,-0.108328478129278,-0.0972659446845026,-0.0653469298751919,0 days 00:10:36.478282
1093,RedGrid5,2,0.707041,-0.0793044664915286,-0.0918625950947218,-0.0829382967996417,-0.0557114747931126,-0.0918625950947218,0 days 00:10:32.597731
1094,RedGrid75,2,0.625739,-0.0098001990667657,-0.0188114009959042,-0.0070677618235727,0.0,-0.0188114009959042,0 days 00:10:30.359333
1095,ExpGrad.1,0,0.706101,-0.0843043622877782,-0.1021809369620563,-0.1021809369620563,-0.0744340311334254,-0.0740436012353653,0 days 00:04:06.021921
1096,ExpGrad.01,0,0.687888,-0.0204225138862606,-0.0256282835943226,-0.0256282835943226,-0.0170508200949616,-0.0177094266989034,0 days 00:09:38.374843
1097,RedGrid25,0,0.686769,-0.1261412482121007,-0.1557565891880449,-0.1557565891880449,-0.102750895565803,-0.1130329545803898,0 days 00:15:48.802620
1098,RedGrid5,0,0.686769,-0.1261412482121007,-0.1557565891880449,-0.1557565891880449,-0.102750895565803,-0.1130329545803898,0 days 00:15:48.040601
1099,RedGrid75,0,0.686769,-0.1261412482121007,-0.1557565891880449,-0.1557565891880449,-0.102750895565803,-0.1130329545803898,0 days 00:15:35.638173
1100,ExpGrad.1,1,0.707947,-0.0142693962946683,-0.1017277746914923,-0.1017277746914923,-0.020696588354051,-0.0080437844517327,0 days 00:02:58.945555
1101,ExpGrad.01,1,0.594026,0.0,0.0,0.0,0.0,0.0,0 days 00:04:40.217297
1102,RedGrid25,1,0.697483,-0.048047565891795,-0.1081127136228413,-0.1081127136228413,-0.0442841652225006,-0.048313418935214,0 days 00:14:28.942159
1103,RedGrid5,1,0.697483,-0.048047565891795,-0.1081127136228413,-0.1081127136228413,-0.0442841652225006,-0.048313418935214,0 days 00:14:28.496228
1104,RedGrid75,1,0.697483,-0.048047565891795,-0.1081127136228413,-0.1081127136228413,-0.0442841652225006,-0.048313418935214,0 days 00:14:29.777830
1105,ExpGrad.1,1,0.711825,-0.0455984476818463,-0.1161875380220474,-0.1161875380220474,-0.0535210185191847,-0.0390446129911371,0 days 00:03:11.339078
1106,ExpGrad.01,1,0.58927,-0.0019036363772468,-0.0052641963176243,-0.0032412445382008,-0.0052641963176243,0.0,0 days 00:04:33.190098
1107,RedGrid25,1,0.706381,-0.0625367746181841,-0.1360452526829668,-0.1360452526829668,-0.0707011042319799,-0.0557595009202965,0 days 00:12:54.175487
1108,RedGrid5,1,0.706381,-0.0625367746181841,-0.1360452526829668,-0.1360452526829668,-0.0707011042319799,-0.0557595009202965,0 days 00:12:56.305834
1109,RedGrid75,1,0.706381,-0.0625367746181841,-0.1360452526829668,-0.1360452526829668,-0.0707011042319799,-0.0557595009202965,0 days 00:12:54.045908
1110,ExpGrad.1,2,0.703903,-0.041969923972193,-0.0733333603175672,-0.0733333603175672,-0.0344106634544089,-0.0193787219817362,0 days 00:02:25.973391
1111,ExpGrad.01,2,0.617662,-0.0090798012409467,-0.0110533944168912,-0.0110533944168912,-0.0071770989886879,-0.0086153536190508,0 days 00:03:27.178435
1112,RedGrid25,2,0.730479,-0.0928272263289549,-0.1151873714697128,-0.1151873714697128,-0.0952070234331344,-0.0715102276200533,0 days 00:08:52.251188
1113,RedGrid5,2,0.680275,-0.0248951697914878,-0.0664439443901691,-0.0664439443901691,0.0,-0.0049484880061885,0 days 00:08:33.158145
1114,RedGrid75,2,0.676634,-0.0228633738294917,-0.0639107124612772,-0.0639107124612772,0.0,-0.0019961658173031,0 days 00:08:07.206585
1115,ExpGrad.1,0,0.707306,-0.082674522648444,-0.1003961957213113,-0.1003961957213113,-0.0736859701445993,-0.0720992500025256,0 days 00:03:06.432923
1116,ExpGrad.01,0,0.68589,-0.0133810463834496,-0.017499995195652,-0.017499995195652,-0.0113900273549226,-0.0108687974091674,0 days 00:06:21.709534
1117,RedGrid25,0,0.691432,-0.0218976190282833,-0.027233562799284,-0.027233562799284,-0.0073506758303729,-0.025264447980329,0 days 00:12:46.592539
1118,RedGrid5,0,0.691432,-0.0218976190282833,-0.027233562799284,-0.027233562799284,-0.0073506758303729,-0.025264447980329,0 days 00:12:42.218109
1119,RedGrid75,0,0.691432,-0.0218976190282833,-0.027233562799284,-0.027233562799284,-0.0073506758303729,-0.025264447980329,0 days 00:12:42.592267
1120,ExpGrad.1,2,0.72072,-0.0649866765068419,-0.1049274082821871,-0.1049274082821871,-0.0416866421530716,-0.0448267523032699,0 days 00:02:53.555515
1121,ExpGrad.01,2,0.620932,-0.0070826745904016,-0.0147888020475889,-0.0038329835709086,0.0,-0.0147888020475889,0 days 00:03:32.856709
1122,RedGrid25,2,0.715538,-0.0720832577550411,-0.0978337725627304,-0.0978337725627304,-0.0463088522312575,-0.0663501809601266,0 days 00:11:25.533891
1123,RedGrid5,2,0.686967,-0.0298683872524789,-0.072797656215141,-0.072797656215141,0.0,-0.0114597597009642,0 days 00:11:25.633564
1124,RedGrid75,2,0.627905,-0.0030197112177067,-0.0086488244895314,-0.0086488244895314,0.0,0.0,0 days 00:11:23.068629
1125,ExpGrad.1,1,0.712712,-0.0520972081550153,-0.1285088193655691,-0.1285088193655691,-0.0534875140321355,-0.0489586980062852,0 days 00:01:57.758533
1126,ExpGrad.01,1,0.614278,-0.0054002905292416,-0.0298595647191607,-0.0298595647191607,-0.0046591105097538,-0.0050498306544362,0 days 00:02:28.955551
1127,RedGrid25,1,0.704138,-0.0670765225367891,-0.1464301662746501,-0.1464301662746501,-0.0701033238600717,-0.0629441987635074,0 days 00:09:02.794530
1128,RedGrid5,1,0.704138,-0.0670765225367891,-0.1464301662746501,-0.1464301662746501,-0.0701033238600717,-0.0629441987635074,0 days 00:08:57.424058
1129,RedGrid75,1,0.704138,-0.0670765225367891,-0.1464301662746501,-0.1464301662746501,-0.0701033238600717,-0.0629441987635074,0 days 00:08:59.758981
1130,ExpGrad.1,2,0.715617,-0.0592953773186336,-0.0973515116998515,-0.0973515116998515,-0.0342636295866938,-0.0419636828723465,0 days 00:02:35.299797
1131,ExpGrad.01,2,0.623071,-0.0044265400599185,-0.0088419070421691,-0.0088419070421691,-0.0032132203421171,-0.0012813316873048,0 days 00:03:18.825922
1132,RedGrid25,2,0.7151,-0.0714083446472498,-0.0917042643941681,-0.0917042643941681,-0.0850188769995338,-0.0440789803638054,0 days 00:11:13.014240
1133,RedGrid5,2,0.683251,-0.0307666106127353,-0.0779282020396506,-0.0779282020396506,0.0,-0.0091174537665913,0 days 00:10:56.643046
1134,RedGrid75,2,0.683251,-0.0307666106127353,-0.0779282020396506,-0.0779282020396506,0.0,-0.0091174537665913,0 days 00:10:56.499471
1135,ExpGrad.1,2,0.709562,-0.0523354243623022,-0.0803757218381257,-0.0803757218381257,-0.0669872623345666,-0.0177024276184074,0 days 00:01:35.499522
1136,ExpGrad.01,2,0.634085,-0.0051769570842498,-0.0121828807884289,-0.0121828807884289,-0.0036059852357687,0.0,0 days 00:03:49.152575
1137,RedGrid25,2,0.709618,-0.0623397728424203,-0.0825587620779519,-0.0825587620779519,-0.0453889504395869,-0.0556494558165652,0 days 00:08:38.756694
1138,RedGrid5,2,0.709618,-0.0623397728424203,-0.0825587620779519,-0.0825587620779519,-0.0453889504395869,-0.0556494558165652,0 days 00:08:33.966650
1139,RedGrid75,2,0.65537,-0.0107067946726559,-0.0307768168359187,-0.0307768168359187,0.0,0.0,0 days 00:08:36.174859
1140,ExpGrad.1,0,0.706988,-0.0807000440271602,-0.0975551062027704,-0.0975551062027704,-0.0723974640674133,-0.070495468474613,0 days 00:03:34.101474
1141,ExpGrad.01,0,0.687736,-0.0129045348018782,-0.017551792109583,-0.017551792109583,-0.0123444431930601,-0.0091369833777631,0 days 00:07:41.503902
1142,RedGrid25,0,0.685853,-0.1221982772238134,-0.1508394663616492,-0.1508394663616492,-0.1005481902650369,-0.1090189312117535,0 days 00:14:24.646064
1143,RedGrid5,0,0.685853,-0.1221982772238134,-0.1508394663616492,-0.1508394663616492,-0.1005481902650369,-0.1090189312117535,0 days 00:13:55.046240
1144,RedGrid75,0,0.667699,-0.0526064999804743,-0.1089547477390364,-0.1089547477390364,-0.0002787975000869,-0.0320478252014638,0 days 00:14:11.195550
1145,ExpGrad.1,0,0.70679,-0.0815767921123658,-0.0983569751036773,-0.0983569751036773,-0.0733903627550657,-0.0713321701577952,0 days 00:03:20.750116
1146,ExpGrad.01,0,0.685267,-0.0074635719540871,-0.0129520521036373,-0.0129520521036373,-0.0032122658993111,-0.004981216431655,0 days 00:05:25.676972
1147,RedGrid25,0,0.682198,-0.112644392031574,-0.1468409384072387,-0.1468409384072387,-0.0934845004553235,-0.0931335437447257,0 days 00:14:27.321046
1148,RedGrid5,0,0.682198,-0.112644392031574,-0.1468409384072387,-0.1468409384072387,-0.0934845004553235,-0.0931335437447257,0 days 00:14:31.121175
1149,RedGrid75,0,0.682198,-0.112644392031574,-0.1468409384072387,-0.1468409384072387,-0.0934845004553235,-0.0931335437447257,0 days 00:14:31.298702
1150,ExpGrad.1,1,0.708566,-0.0263932327514162,-0.1056379447807672,-0.1056379447807672,-0.0310220042812227,-0.021364791583859,0 days 00:02:39.463943
1151,ExpGrad.01,1,0.583883,-0.001252196690543,-0.0035892760244035,0.0,-0.0035892760244035,0.0,0 days 00:03:36.519631
1152,RedGrid25,1,0.700891,-0.0061891034071731,-0.1006467386145895,-0.1006467386145895,0.0,-0.0066631954607571,0 days 00:12:49.690249
1153,RedGrid5,1,0.700891,-0.0061891034071731,-0.1006467386145895,-0.1006467386145895,0.0,-0.0066631954607571,0 days 00:12:45.680179
1154,RedGrid75,1,0.700891,-0.0061891034071731,-0.1006467386145895,-0.1006467386145895,0.0,-0.0066631954607571,0 days 00:12:39.806850
1155,ExpGrad.1,0,0.70702,-0.085193505048285,-0.1020119961576321,-0.1020119961576321,-0.0765154154157427,-0.0752174188651285,0 days 00:02:56.920253
1156,ExpGrad.01,0,0.687671,-0.0156699035292231,-0.0200040009663056,-0.0200040009663056,-0.0107854331621436,-0.0145641059120198,0 days 00:06:45.303463
1157,RedGrid25,0,0.683713,-0.1163184816265202,-0.1501332112932702,-0.1501332112932702,-0.097870296914122,-0.0968142640371257,0 days 00:12:20.891171
1158,RedGrid5,0,0.683713,-0.1163184816265202,-0.1501332112932702,-0.1501332112932702,-0.097870296914122,-0.0968142640371257,0 days 00:12:27.104806
1159,RedGrid75,0,0.683713,-0.1163184816265202,-0.1501332112932702,-0.1501332112932702,-0.097870296914122,-0.0968142640371257,0 days 00:12:31.952065
1160,ExpGrad.1,2,0.714497,-0.0572799168760404,-0.1018128535653336,-0.1018128535653336,-0.0324414612143552,-0.0350145866662488,0 days 00:04:05.621553
1161,ExpGrad.01,2,0.624473,-0.005817747372787,-0.0169395835276894,-0.0169395835276894,0.0,0.0,0 days 00:04:02.520419
1162,RedGrid25,2,0.71467,-0.0590308559551005,-0.1004588349487048,-0.1004588349487048,-0.0618736915939074,-0.0210110399517347,0 days 00:13:47.322912
1163,RedGrid5,2,0.71467,-0.0590308559551005,-0.1004588349487048,-0.1004588349487048,-0.0618736915939074,-0.0210110399517347,0 days 00:13:49.119222
1164,RedGrid75,2,0.655852,-0.0134976441718098,-0.0393012030644208,-0.0393012030644208,0.0,0.0,0 days 00:13:45.760036
1165,ExpGrad.1,1,0.710473,-0.0332772591134021,-0.1064990029027767,-0.1064990029027767,-0.042685950429353,-0.0258024557995746,0 days 00:02:46.369157
1166,ExpGrad.01,1,0.613323,-0.0001693176874775,-0.0086620646779733,-0.0086620646779733,0.0,0.0,0 days 00:03:58.221340
1167,RedGrid25,1,0.697831,-0.0109683650599115,-0.0964733335413187,-0.0964733335413187,0.0,-0.0143905126434972,0 days 00:13:37.990765
1168,RedGrid5,1,0.697831,-0.0109683650599115,-0.0964733335413187,-0.0964733335413187,0.0,-0.0143905126434972,0 days 00:13:32.185092
1169,RedGrid75,1,0.697831,-0.0109683650599115,-0.0964733335413187,-0.0964733335413187,0.0,-0.0143905126434972,0 days 00:13:23.317112
1170,ExpGrad.1,2,0.716945,-0.0654137928141113,-0.0979182588351696,-0.0979182588351696,-0.0549679689677424,-0.0434713010278006,0 days 00:03:41.885137
1171,ExpGrad.01,2,0.625848,-0.0054952206647624,-0.0157675017822929,-0.0157675017822929,0.0,0.0,0 days 00:03:19.437553
1172,RedGrid25,2,0.726448,-0.0867372608247328,-0.1175133433614114,-0.1175133433614114,-0.0800808982648267,-0.0638401792971842,0 days 00:10:34.806484
1173,RedGrid5,2,0.669754,-0.0243776870989143,-0.0699471865151984,-0.0699471865151984,0.0,0.0,0 days 00:10:34.160566
1174,RedGrid75,2,0.66065,-0.0185887393198311,-0.0521534160576949,-0.0521534160576949,0.0,-0.0010483930863043,0 days 00:10:31.783261
1175,ExpGrad.1,0,0.70667,-0.0822790857638331,-0.0995059361988097,-0.0995059361988097,-0.0742004608820715,-0.0716524549151664,0 days 00:03:47.806344
1176,ExpGrad.01,0,0.667143,-0.0133977771150987,-0.0155492446262117,-0.0155492446262117,-0.0121613597684305,-0.0121966571866326,0 days 00:04:32.210583
1177,RedGrid25,0,0.683194,-0.1150669587032831,-0.1495560296637976,-0.1495560296637976,-0.0956752686574837,-0.0955748895878358,0 days 00:14:37.165574
1178,RedGrid5,0,0.683194,-0.1150669587032831,-0.1495560296637976,-0.1495560296637976,-0.0956752686574837,-0.0955748895878358,0 days 00:14:49.128887
1179,RedGrid75,0,0.683194,-0.1150669587032831,-0.1495560296637976,-0.1495560296637976,-0.0956752686574837,-0.0955748895878358,0 days 00:14:54.148448
1180,ExpGrad.1,0,0.707026,-0.0709502603243229,-0.0893631266649721,-0.0893631266649721,-0.0569070202526662,-0.0625315658547615,0 days 00:03:24.962661
1181,ExpGrad.01,0,0.687984,-0.0099589882612674,-0.0153419698615849,-0.0153419698615849,-0.007483145118,-0.006597075962304,0 days 00:07:18.535598
1182,RedGrid25,0,0.683414,-0.1122224919223823,-0.1455380881687753,-0.1455380881687753,-0.0953867458413085,-0.0922514222665379,0 days 00:12:42.085694
1183,RedGrid5,0,0.683414,-0.1122224919223823,-0.1455380881687753,-0.1455380881687753,-0.0953867458413085,-0.0922514222665379,0 days 00:12:41.784240
1184,RedGrid75,0,0.683414,-0.1122224919223823,-0.1455380881687753,-0.1455380881687753,-0.0953867458413085,-0.0922514222665379,0 days 00:12:35.442590
1185,ExpGrad.1,2,0.714897,-0.0603553678343094,-0.0992280681748546,-0.0992280681748546,-0.0444431053029672,-0.0365082971968162,0 days 00:01:55.288124
1186,ExpGrad.01,2,0.627771,-0.0082017222318237,-0.0127605725714002,-0.0025754517117856,-0.0088525972027266,-0.0127605725714002,0 days 00:02:20.286589
1187,RedGrid25,2,0.715899,-0.0720570082535675,-0.0978421003889659,-0.0978421003889659,-0.05648938130538,-0.059598305650115,0 days 00:08:18.244218
1188,RedGrid5,2,0.682092,-0.0341465600362988,-0.0584099508630771,-0.0584099508630771,0.0,-0.0354906967586624,0 days 00:08:13.684752
1189,RedGrid75,2,0.682092,-0.0341465600362988,-0.0584099508630771,-0.0584099508630771,0.0,-0.0354906967586624,0 days 00:08:06.646516
1190,ExpGrad.1,0,0.706294,-0.0730798889106229,-0.0910744649853736,-0.0910744649853736,-0.0601887134545714,-0.0643907973265877,0 days 00:04:01.294582
1191,ExpGrad.01,0,0.688183,-0.011577832328161,-0.0162680519732356,-0.0162680519732356,-0.0101070845158097,-0.0082689145180212,0 days 00:08:59.685084
1192,RedGrid25,0,0.687484,-0.079214442997154,-0.110745631901484,-0.110745631901484,-0.0069592049979543,-0.0914376923434296,0 days 00:15:15.567460
1193,RedGrid5,0,0.687484,-0.079214442997154,-0.110745631901484,-0.110745631901484,-0.0069592049979543,-0.0914376923434296,0 days 00:15:11.072363
1194,RedGrid75,0,0.687484,-0.079214442997154,-0.110745631901484,-0.110745631901484,-0.0069592049979543,-0.0914376923434296,0 days 00:15:15.250042
1195,ExpGrad.1,2,0.701964,-0.0440103295567881,-0.0634964647736755,-0.0634964647736755,-0.0090269157684083,-0.0501076551816738,0 days 00:02:31.037347
1196,ExpGrad.01,2,0.618711,-0.0030335003103367,-0.0066135453185868,-0.0027774260021571,-0.0066135453185868,-0.0008599456121746,0 days 00:03:02.593926
1197,RedGrid25,2,0.724234,-0.0933585567826563,-0.1114631176256804,-0.1114631176256804,-0.0967807725400713,-0.0749212095610176,0 days 00:11:47.906376
1198,RedGrid5,2,0.684791,-0.0282730272426294,-0.066104479508759,-0.066104479508759,0.0,-0.0135123139253918,0 days 00:11:56.091096
1199,RedGrid75,2,0.684791,-0.0282730272426294,-0.066104479508759,-0.066104479508759,0.0,-0.0135123139253918,0 days 00:11:54.285121
1200,ExpGrad.1,0,0.707007,-0.0792008537658194,-0.0972881682660937,-0.0972881682660937,-0.0672397021847464,-0.0699274101509019,0 days 00:03:15.143431
1201,ExpGrad.01,0,0.688457,-0.0139290597191602,-0.0185585384311711,-0.0185585384311711,-0.010812442780393,-0.0115861250551863,0 days 00:07:25.111713
1202,RedGrid25,0,0.682866,-0.1160827449362031,-0.1514153426073895,-0.1514153426073895,-0.0966029404217346,-0.09580988543008,0 days 00:12:53.049519
1203,RedGrid5,0,0.682866,-0.1160827449362031,-0.1514153426073895,-0.1514153426073895,-0.0966029404217346,-0.09580988543008,0 days 00:12:59.072155
1204,RedGrid75,0,0.682866,-0.1160827449362031,-0.1514153426073895,-0.1514153426073895,-0.0966029404217346,-0.09580988543008,0 days 00:12:59.356380
1205,ExpGrad.1,0,0.706188,-0.0750201936032003,-0.0929778404686552,-0.0929778404686552,-0.0618125215848808,-0.0665731188062533,0 days 00:03:52.517392
1206,ExpGrad.01,0,0.685959,-0.0124921006180708,-0.0172146238259023,-0.0172146238259023,-0.0106902904856688,-0.0093455145737558,0 days 00:06:07.543141
1207,RedGrid25,0,0.693374,-0.0371225395098134,-0.0437187411215284,-0.0388526368573292,-0.0224618689071831,-0.0437187411215284,0 days 00:16:00.429588
1208,RedGrid5,0,0.693374,-0.0371225395098134,-0.0437187411215284,-0.0388526368573292,-0.0224618689071831,-0.0437187411215284,0 days 00:15:59.886294
1209,RedGrid75,0,0.693374,-0.0371225395098134,-0.0437187411215284,-0.0388526368573292,-0.0224618689071831,-0.0437187411215284,0 days 00:15:58.080414
1210,ExpGrad.1,1,0.711121,-0.0330960742112756,-0.1112987417853664,-0.1112987417853664,-0.0369337376352533,-0.0285666065117679,0 days 00:03:13.540998
1211,ExpGrad.01,1,0.614554,-0.0108711727346798,-0.0136924792524888,-0.0136924792524888,-0.0071973694082101,-0.0128170933081783,0 days 00:05:44.127438
1212,RedGrid25,1,0.700281,-0.0117411501889229,-0.1089170872218015,-0.1089170872218015,0.0,-0.0152477232208454,0 days 00:14:31.841003
1213,RedGrid5,1,0.700281,-0.0117411501889229,-0.1089170872218015,-0.1089170872218015,0.0,-0.0152477232208454,0 days 00:14:34.328493
1214,RedGrid75,1,0.700281,-0.0117411501889229,-0.1089170872218015,-0.1089170872218015,0.0,-0.0152477232208454,0 days 00:14:26.591180
1215,ExpGrad.1,0,0.70732,-0.0828005507147618,-0.1005563331359365,-0.1005563331359365,-0.0737951397581929,-0.072206389005768,0 days 00:03:11.970163
1216,ExpGrad.01,0,0.687036,-0.0159798447065772,-0.0212681426380819,-0.0212681426380819,-0.0124229183284884,-0.0133104698238103,0 days 00:06:14.450593
1217,RedGrid25,0,0.683318,-0.1145098677085634,-0.1494325247852558,-0.1494325247852558,-0.094317746637182,-0.0950505235527143,0 days 00:12:05.780835
1218,RedGrid5,0,0.683318,-0.1145098677085634,-0.1494325247852558,-0.1494325247852558,-0.094317746637182,-0.0950505235527143,0 days 00:12:06.887665
1219,RedGrid75,0,0.683318,-0.1145098677085634,-0.1494325247852558,-0.1494325247852558,-0.094317746637182,-0.0950505235527143,0 days 00:12:09.193452
1220,ExpGrad.1,1,0.711386,-0.0315769344318187,-0.11188800022187,-0.11188800022187,-0.029864055981213,-0.030078154203454,0 days 00:02:41.741742
1221,ExpGrad.01,1,0.589901,-0.0045250252621366,-0.0107746878285668,-0.0107746878285668,0.0,-0.0068336666028599,0 days 00:03:42.090488
1222,RedGrid25,1,0.705588,-0.0642190904990534,-0.1384787234058428,-0.1384787234058428,-0.0727503097104343,-0.0572473556227735,0 days 00:15:09.654497
1223,RedGrid5,1,0.700375,-0.0056111966238345,-0.1023767076744784,-0.1023767076744784,0.0,-0.0057643306013777,0 days 00:15:09.651355
1224,RedGrid75,1,0.700375,-0.0056111966238345,-0.1023767076744784,-0.1023767076744784,0.0,-0.0057643306013777,0 days 00:14:56.623297
1225,ExpGrad.1,1,0.706234,-0.0168306638742451,-0.0941718530688922,-0.0941718530688922,-0.0139004260784368,-0.0160641047376602,0 days 00:03:10.287355
1226,ExpGrad.01,1,0.589109,-0.0015802629758898,-0.0088399342569098,-0.0088399342569098,0.0,-0.0022309943577384,0 days 00:05:53.978408
1227,RedGrid25,1,0.701458,-0.0096302122393585,-0.0986915328671232,-0.0986915328671232,0.0,-0.0122113398435012,0 days 00:12:45.515725
1228,RedGrid5,1,0.701458,-0.0096302122393585,-0.0986915328671232,-0.0986915328671232,0.0,-0.0122113398435012,0 days 00:12:31.715505
1229,RedGrid75,1,0.701458,-0.0096302122393585,-0.0986915328671232,-0.0986915328671232,0.0,-0.0122113398435012,0 days 00:12:20.188565
1230,ExpGrad.1,0,0.70647,-0.0809096827396703,-0.0991204052580451,-0.0991204052580451,-0.0720092428984547,-0.0699094646885314,0 days 00:04:05.669880
1231,ExpGrad.01,0,0.685033,-0.0103116333681325,-0.0165253608678006,-0.0165253608678006,-0.0058598771363068,-0.0073406572606538,0 days 00:08:20.838476
1232,RedGrid25,0,0.690948,-0.0233129868477717,-0.0296767285805814,-0.0296767285805814,-0.0123185030540178,-0.0238291799901567,0 days 00:17:18.998895
1233,RedGrid5,0,0.690948,-0.0233129868477717,-0.0296767285805814,-0.0296767285805814,-0.0123185030540178,-0.0238291799901567,0 days 00:17:03.934896
1234,RedGrid75,0,0.690948,-0.0233129868477717,-0.0296767285805814,-0.0296767285805814,-0.0123185030540178,-0.0238291799901567,0 days 00:16:59.325791
1235,ExpGrad.1,1,0.709656,-0.02571032150992,-0.1147013382964309,-0.1147013382964309,-0.027036439433042,-0.0221872157616208,0 days 00:02:39.514872
1236,ExpGrad.01,1,0.597202,-0.0017879210234154,-0.005116899172517,0.0,-0.005116899172517,0.0,0 days 00:04:32.293549
1237,RedGrid25,1,0.70772,-0.0639292234507158,-0.1394427943693899,-0.1394427943693899,-0.0671025100701024,-0.0598052766993124,0 days 00:13:10.028087
1238,RedGrid5,1,0.700428,-0.0022502232217286,-0.106198400631343,-0.106198400631343,0.0,-0.000239392818406,0 days 00:13:00.674015
1239,RedGrid75,1,0.700428,-0.0022502232217286,-0.106198400631343,-0.106198400631343,0.0,-0.000239392818406,0 days 00:12:49.474645
1240,ExpGrad.1,2,0.706937,-0.0516958899519048,-0.084752709642873,-0.084752709642873,-0.0153919544480237,-0.0463877078211356,0 days 00:02:26.460155
1241,ExpGrad.01,2,0.629858,-0.0123046943688844,-0.0191739047829699,-0.0137011081557866,-0.0002963043959355,-0.0191739047829699,0 days 00:04:57.642850
1242,RedGrid25,2,0.712752,-0.0673893675725536,-0.1122407824988112,-0.1122407824988112,-0.0207240202536583,-0.0584321318485624,0 days 00:10:42.732407
1243,RedGrid5,2,0.680296,-0.0381329159692186,-0.0561710950582429,-0.0561710950582429,0.0,-0.0476444716671345,0 days 00:10:43.455157
1244,RedGrid75,2,0.680296,-0.0381329159692186,-0.0561710950582429,-0.0561710950582429,0.0,-0.0476444716671345,0 days 00:10:43.117454
1245,ExpGrad.1,0,0.706309,-0.0827671741668293,-0.1008989824561003,-0.1008989824561003,-0.0721352354088133,-0.0727516255558438,0 days 00:03:53.187731
1246,ExpGrad.01,0,0.686025,-0.0148305761537635,-0.0196685746168521,-0.0196685746168521,-0.0142497560976508,-0.0109112250958549,0 days 00:08:26.967574
1247,RedGrid25,0,0.690593,-0.0222691582213694,-0.028929945749922,-0.028929945749922,-0.00595564947456,-0.0254480103752717,0 days 00:16:46.745332
1248,RedGrid5,0,0.690593,-0.0222691582213694,-0.028929945749922,-0.028929945749922,-0.00595564947456,-0.0254480103752717,0 days 00:16:44.681040
1249,RedGrid75,0,0.690593,-0.0222691582213694,-0.028929945749922,-0.028929945749922,-0.00595564947456,-0.0254480103752717,0 days 00:16:23.844469
1250,ExpGrad.1,1,0.708398,-0.0218713552738422,-0.102093235875894,-0.102093235875894,-0.0282831545941737,-0.0158346054575587,0 days 00:02:07.259878
1251,ExpGrad.01,1,0.602919,-0.0134836075565552,-0.0205554391957763,-0.0205554391957763,-0.0157362286106953,-0.0120203286518706,0 days 00:04:59.247665
1252,RedGrid25,1,0.706017,-0.0552774975931739,-0.1223858493341426,-0.1223858493341426,-0.0514827163517686,-0.0552812591731527,0 days 00:11:05.077146
1253,RedGrid5,1,0.706017,-0.0552774975931739,-0.1223858493341426,-0.1223858493341426,-0.0514827163517686,-0.0552812591731527,0 days 00:10:54.342976
1254,RedGrid75,1,0.706017,-0.0552774975931739,-0.1223858493341426,-0.1223858493341426,-0.0514827163517686,-0.0552812591731527,0 days 00:11:03.964677
1255,ExpGrad.1,1,0.706823,-0.0132920483358836,-0.1057652353471515,-0.1057652353471515,-0.0158497276229397,-0.0090723012692853,0 days 00:03:35.952044
1256,ExpGrad.01,1,0.595065,-6.31072420011329e-05,-0.003278684543903,-0.003278684543903,0.0,0.0,0 days 00:04:50.099041
1257,RedGrid25,1,0.706663,-0.0613518215464739,-0.1426837120621464,-0.1426837120621464,-0.0682365737732627,-0.0550910629472779,0 days 00:14:25.246750
1258,RedGrid5,1,0.706663,-0.0613518215464739,-0.1426837120621464,-0.1426837120621464,-0.0682365737732627,-0.0550910629472779,0 days 00:14:28.876028
1259,RedGrid75,1,0.701453,-0.0054365766394011,-0.1144780066439755,-0.1144780066439755,0.0,-0.0051097362517316,0 days 00:14:23.611761
1260,ExpGrad.1,2,0.712861,-0.0599764137401359,-0.0920324957960885,-0.0920324957960885,-0.0511678219718241,-0.0373132230233013,0 days 00:02:32.684093
1261,ExpGrad.01,2,0.635016,-0.0033891799601594,-0.0097335067471739,-0.0097335067471739,0.0,0.0,0 days 00:04:30.710457
1262,RedGrid25,2,0.730175,-0.0999494945189987,-0.1202944230387578,-0.1202944230387578,-0.1091567695339788,-0.075710253720186,0 days 00:11:03.143752
1263,RedGrid5,2,0.69261,-0.036015000963354,-0.0659956952301598,-0.0659956952301598,-0.0500268096956338,0.0,0 days 00:11:01.235591
1264,RedGrid75,2,0.69261,-0.036015000963354,-0.0659956952301598,-0.0659956952301598,-0.0500268096956338,0.0,0 days 00:10:59.551180
1265,ExpGrad.1,1,0.709324,-0.0195068793821823,-0.1031775377671944,-0.1031775377671944,-0.0175792614022668,-0.0179694159649096,0 days 00:02:43.481144
1266,ExpGrad.01,1,0.594327,-0.0023627042676106,-0.0084836119409452,-0.0084836119409452,0.0,-0.0034746982863209,0 days 00:04:30.019975
1267,RedGrid25,1,0.699412,-0.0105415419663947,-0.1067445873672817,-0.1067445873672817,0.0,-0.0133621623876989,0 days 00:14:35.568611
1268,RedGrid5,1,0.699412,-0.0105415419663947,-0.1067445873672817,-0.1067445873672817,0.0,-0.0133621623876989,0 days 00:14:53.490199
1269,RedGrid75,1,0.699412,-0.0105415419663947,-0.1067445873672817,-0.1067445873672817,0.0,-0.0133621623876989,0 days 00:14:41.115244
1270,ExpGrad.1,2,0.709767,-0.052240424511785,-0.0888175280123404,-0.0888175280123404,-0.0267563439392714,-0.0367390755637781,0 days 00:02:52.450568
1271,ExpGrad.01,2,0.623526,-0.0045919860547346,-0.0109247208682998,-0.0109247208682998,0.0,-0.0020288367502425,0 days 00:03:36.867643
1272,RedGrid25,2,0.716687,-0.0796407568949275,-0.0984576432987252,-0.0984576432987252,-0.070109705337984,-0.0692647304092752,0 days 00:10:47.608008
1273,RedGrid5,2,0.68153,-0.0255550773563385,-0.0692221459681308,-0.0692221459681308,0.0,-0.0037822538171016,0 days 00:10:46.392591
1274,RedGrid75,2,0.658114,-0.0122459085905087,-0.035204562965926,-0.035204562965926,0.0,0.0,0 days 00:10:46.014425
1275,ExpGrad.1,2,0.693688,-0.0350568777399301,-0.0768605001615316,-0.0768605001615316,0.0,-0.0214016932338677,0 days 00:02:12.445238
1276,ExpGrad.01,2,0.619328,-0.0058218408618853,-0.0156395405238745,-0.0156395405238745,0.0,-0.0010176473394084,0 days 00:01:57.960454
1277,RedGrid25,2,0.67252,-0.0203824392328128,-0.0587933938878099,-0.0587933938878099,0.0,0.0,0 days 00:08:46.261766
1278,RedGrid5,2,0.67252,-0.0203824392328128,-0.0587933938878099,-0.0587933938878099,0.0,0.0,0 days 00:08:37.843779
1279,RedGrid75,2,0.667981,-0.0193613455139881,-0.0558480366358384,-0.0558480366358384,0.0,0.0,0 days 00:08:10.197043
1280,ExpGrad.1,1,0.71012,-0.0229145646020985,-0.1098715403708955,-0.1098715403708955,-0.0258178034136671,-0.0186048657190224,0 days 00:03:15.399231
1281,ExpGrad.01,1,0.587831,-0.00707190054173,-0.0098865904041219,-0.0096466525967974,-0.0098865904041219,-0.0054328992590735,0 days 00:02:37.051259
1282,RedGrid25,1,0.694992,-0.0018680546188819,-0.0952974697188697,-0.0952974697188697,0.0,0.0,0 days 00:11:22.714388
1283,RedGrid5,1,0.685107,-0.0010718313834057,-0.0546787110887463,-0.0546787110887463,0.0,0.0,0 days 00:11:22.257189
1284,RedGrid75,1,0.685107,-0.0010718313834057,-0.0546787110887463,-0.0546787110887463,0.0,0.0,0 days 00:11:24.649292
1285,ExpGrad.1,2,0.705901,-0.0490491825414782,-0.087442503015774,-0.087442503015774,-0.0383765953893683,-0.0217992340847293,0 days 00:02:31.906086
1286,ExpGrad.01,2,0.626775,-0.0040411534712442,-0.009475347440117,-0.009475347440117,-0.0028032441521018,0.0,0 days 00:01:59.397300
1287,RedGrid25,2,0.701923,-0.0510743233750895,-0.0781095464048545,-0.0768691432657482,-0.0781095464048545,-0.0096613844625379,0 days 00:08:42.510665
1288,RedGrid5,2,0.672602,-0.0329224379583135,-0.0642933170150627,-0.0440830458072313,-0.0642933170150627,-0.0017154633681964,0 days 00:08:41.165698
1289,RedGrid75,2,0.672602,-0.0329224379583135,-0.0642933170150627,-0.0440830458072313,-0.0642933170150627,-0.0017154633681964,0 days 00:08:40.801947
1290,ExpGrad.1,0,0.706749,-0.0821501846664447,-0.0997533360167239,-0.0997533360167239,-0.0734544045672933,-0.0715629500093735,0 days 00:03:59.466218
1291,ExpGrad.01,0,0.687188,-0.0158427173767853,-0.0219328571815724,-0.0219328571815724,-0.0120664441954447,-0.0126057889492914,0 days 00:07:25.416306
1292,RedGrid25,0,0.685302,-0.0819402326417609,-0.1145965007199957,-0.1145965007199957,-0.0050763015363176,-0.0959892759941751,0 days 00:14:43.693094
1293,RedGrid5,0,0.685302,-0.0819402326417609,-0.1145965007199957,-0.1145965007199957,-0.0050763015363176,-0.0959892759941751,0 days 00:14:44.022145
1294,RedGrid75,0,0.66356,-0.05072916542158,-0.1084676238973263,-0.1084676238973263,0.0,-0.0283217937638501,0 days 00:14:43.489862
1295,ExpGrad.1,0,0.706564,-0.0817366175288788,-0.0990198534168221,-0.0990198534168221,-0.0723573291054809,-0.0717485795482015,0 days 00:03:23.582432
1296,ExpGrad.01,0,0.687365,-0.0132368889361373,-0.018116359891822,-0.018116359891822,-0.0104956586096605,-0.0104687036318513,0 days 00:06:40.096796
1297,RedGrid25,0,0.683122,-0.1156826614003883,-0.1499330055115061,-0.1499330055115061,-0.0968754169842216,-0.0960113416923258,0 days 00:12:42.273619
1298,RedGrid5,0,0.683122,-0.1156826614003883,-0.1499330055115061,-0.1499330055115061,-0.0968754169842216,-0.0960113416923258,0 days 00:13:42.397707
1299,RedGrid75,0,0.683122,-0.1156826614003883,-0.1499330055115061,-0.1499330055115061,-0.0968754169842216,-0.0960113416923258,0 days 00:13:34.052982
1300,ExpGrad.1,2,0.69461,-0.0477375021171909,-0.07497477679305,-0.07497477679305,-0.038216288256391,-0.0298927795484404,0 days 00:02:06.169061
1301,ExpGrad.01,2,0.615002,-0.0049390557675882,-0.0101083310832577,-0.0101083310832577,-0.0054259695970929,0.0,0 days 00:03:32.857235
1302,RedGrid25,2,0.73065,-0.0962866893785161,-0.1263398206078558,-0.1263398206078558,-0.0965455296455147,-0.0693125463118793,0 days 00:11:10.810003
1303,RedGrid5,2,0.656323,-0.0145559838016708,-0.0405440853113704,-0.0405440853113704,0.0,-0.0012323583550969,0 days 00:11:08.844274
1304,RedGrid75,2,0.656323,-0.0145559838016708,-0.0405440853113704,-0.0405440853113704,0.0,-0.0012323583550969,0 days 00:11:06.607241
1305,ExpGrad.1,1,0.710648,-0.0200068991398353,-0.1078440478339914,-0.1078440478339914,-0.0080531619994744,-0.0238571070195785,0 days 00:02:21.088705
1306,ExpGrad.01,1,0.585671,0.0,0.0,0.0,0.0,0.0,0 days 00:02:44.160861
1307,RedGrid25,1,0.702233,-0.0164793087213315,-0.1150217652763599,-0.1150217652763599,-0.0124621214073699,-0.0156041378340918,0 days 00:08:48.967193
1308,RedGrid5,1,0.702233,-0.0164793087213315,-0.1150217652763599,-0.1150217652763599,-0.0124621214073699,-0.0156041378340918,0 days 00:08:44.308111
1309,RedGrid75,1,0.702233,-0.0164793087213315,-0.1150217652763599,-0.1150217652763599,-0.0124621214073699,-0.0156041378340918,0 days 00:08:44.558500
1310,ExpGrad.1,1,0.710007,-0.0353946708598808,-0.1095238443086367,-0.1095238443086367,-0.0506152791642795,-0.0247236651244818,0 days 00:02:37.898788
1311,ExpGrad.01,1,0.613686,-0.0010203935142611,-0.0135221022999523,-0.0135221022999523,-0.0021774098807224,0.0,0 days 00:05:44.091344
1312,RedGrid25,1,0.707478,-0.0704071642012495,-0.1400853971951531,-0.1400853971951531,-0.0797484399021642,-0.0631212520417746,0 days 00:14:43.071377
1313,RedGrid5,1,0.707478,-0.0704071642012495,-0.1400853971951531,-0.1400853971951531,-0.0797484399021642,-0.0631212520417746,0 days 00:14:43.097594
1314,RedGrid75,1,0.683834,-0.000886422202631,-0.0460581179230008,-0.0460581179230008,0.0,0.0,0 days 00:14:40.235027
1315,ExpGrad.1,1,0.7125,-0.0532523465783828,-0.126778861401628,-0.126778861401628,-0.0651518725717732,-0.0443497451825285,0 days 00:02:25.933608
1316,ExpGrad.01,1,0.589766,-0.0007087122306068,-0.0090464567652503,-0.0090464567652503,-0.001516084209726,0.0,0 days 00:03:16.767096
1317,RedGrid25,1,0.706553,-0.0594064351720009,-0.1356567902644117,-0.1356567902644117,-0.0604539905808888,-0.0564417137454306,0 days 00:09:33.036585
1318,RedGrid5,1,0.706553,-0.0594064351720009,-0.1356567902644117,-0.1356567902644117,-0.0604539905808888,-0.0564417137454306,0 days 00:09:33.613766
1319,RedGrid75,1,0.706553,-0.0594064351720009,-0.1356567902644117,-0.1356567902644117,-0.0604539905808888,-0.0564417137454306,0 days 00:09:19.033897
1320,ExpGrad.1,2,0.702206,-0.0635965446948058,-0.0936831699283721,-0.0936831699283721,-0.0520756012063721,-0.044264894161429,0 days 00:03:26.530838
1321,ExpGrad.01,2,0.620236,-0.0118880455246525,-0.0181786918751311,-0.0093030977114695,-0.0059998250422172,-0.0181786918751311,0 days 00:03:50.010724
1322,RedGrid25,2,0.709651,-0.0541409388157608,-0.0853318099139062,-0.0853318099139062,-0.0334429970976137,-0.0399923316453667,0 days 00:12:12.299511
1323,RedGrid5,2,0.709651,-0.0541409388157608,-0.0853318099139062,-0.0853318099139062,-0.0334429970976137,-0.0399923316453667,0 days 00:13:06.765018
1324,RedGrid75,2,0.587157,-0.0089764557813482,-0.0343180699384987,0.0,-0.0343180699384987,0.0,0 days 00:12:43.732541
1325,ExpGrad.1,0,0.70724,-0.0794591333967619,-0.0983130734487991,-0.0983130734487991,-0.0677712181039293,-0.0693125520663604,0 days 00:03:03.144615
1326,ExpGrad.01,0,0.687536,-0.0154711321096608,-0.0218279018119458,-0.0218279018119458,-0.0117990565251335,-0.0119021592723526,0 days 00:08:53.297012
1327,RedGrid25,0,0.683264,-0.1184417683228565,-0.1526043645455095,-0.1526043645455095,-0.1011837715260621,-0.0978971647533871,0 days 00:12:09.653681
1328,RedGrid5,0,0.683264,-0.1184417683228565,-0.1526043645455095,-0.1526043645455095,-0.1011837715260621,-0.0978971647533871,0 days 00:12:08.798723
1329,RedGrid75,0,0.683264,-0.1184417683228565,-0.1526043645455095,-0.1526043645455095,-0.1011837715260621,-0.0978971647533871,0 days 00:12:24.594514
1330,ExpGrad.1,2,0.713611,-0.0567398565952482,-0.1021548316843063,-0.1021548316843063,-0.0410898984022259,-0.0269736016132229,0 days 00:01:55.764801
1331,ExpGrad.01,2,0.629173,-0.0050353777043139,-0.0093345987580615,-0.0093345987580615,-0.0068630160397068,0.0,0 days 00:02:48.968052
1332,RedGrid25,2,0.696296,-0.0456378463495537,-0.104333270114506,-0.104333270114506,0.0,-0.024196107284273,0 days 00:09:18.156785
1333,RedGrid5,2,0.667118,-0.020393264812532,-0.0588196335912994,-0.0588196335912994,0.0,0.0,0 days 00:09:17.339146
1334,RedGrid75,2,0.65206,-0.0124082009136228,-0.0357885722553859,-0.0357885722553859,0.0,0.0,0 days 00:09:17.566183
1335,ExpGrad.1,2,0.714569,-0.0584190372472472,-0.0934378397667812,-0.0934378397667812,-0.0510690560849406,-0.0326022084102329,0 days 00:04:25.714233
1336,ExpGrad.01,2,0.640732,-0.0081079198762878,-0.0206172959828708,-0.0206172959828708,-0.0030841258560883,-0.0004807941070388,0 days 00:04:30.735014
1337,RedGrid25,2,0.719068,-0.083673050761275,-0.0965975246478419,-0.0965975246478419,-0.0910180872721154,-0.0674551314629781,0 days 00:11:15.932778
1338,RedGrid5,2,0.689068,-0.0562726890366051,-0.0675696990783159,-0.0594622069898727,-0.0675696990783159,-0.04596209957254,0 days 00:11:10.026544
1339,RedGrid75,2,0.638969,-0.022112079085431,-0.0306793883439895,-0.0141582515682975,-0.0306793883439895,-0.0233878873151247,0 days 00:11:41.494747
1340,ExpGrad.1,0,0.706776,-0.0825779291107967,-0.0999733636198316,-0.0999733636198316,-0.0724377029276442,-0.0729807840934304,0 days 00:03:28.446265
1341,ExpGrad.01,0,0.683294,-0.0136864683875959,-0.0182876891194483,-0.0182876891194483,-0.0117932203697461,-0.0107094361777684,0 days 00:06:32.641885
1342,RedGrid25,0,0.682947,-0.1163265916753347,-0.1508592300115258,-0.1508592300115258,-0.0957852528367912,-0.0975034526260523,0 days 00:15:23.171489
1343,RedGrid5,0,0.682947,-0.1163265916753347,-0.1508592300115258,-0.1508592300115258,-0.0957852528367912,-0.0975034526260523,0 days 00:15:38.335122
1344,RedGrid75,0,0.682947,-0.1163265916753347,-0.1508592300115258,-0.1508592300115258,-0.0957852528367912,-0.0975034526260523,0 days 00:15:36.748127
1345,ExpGrad.1,1,0.710956,-0.0401589753671284,-0.1101322625785754,-0.1101322625785754,-0.0423039096368598,-0.0368188380952617,0 days 00:02:31.879871
1346,ExpGrad.01,1,0.596074,-2.683327144849881e-05,-0.0013807196264188,-0.0013807196264188,0.0,0.0,0 days 00:02:50.580887
1347,RedGrid25,1,0.705069,-0.066827474707902,-0.1363532101019222,-0.1363532101019222,-0.071826349443672,-0.0619226910160861,0 days 00:14:13.697297
1348,RedGrid5,1,0.700225,-0.0111279715613167,-0.1047609853756514,-0.1047609853756514,0.0,-0.0144003821669947,0 days 00:14:08.682732
1349,RedGrid75,1,0.700225,-0.0111279715613167,-0.1047609853756514,-0.1047609853756514,0.0,-0.0144003821669947,0 days 00:14:06.603445
1350,ExpGrad.1,1,0.711233,-0.0365953660592955,-0.1157262681316136,-0.1157262681316136,-0.0351942654451782,-0.0349068411504259,0 days 00:02:28.065359
1351,ExpGrad.01,1,0.590098,-0.0105812361248833,-0.0138737647920107,-0.0130567049523596,-0.0138737647920107,-0.0086864367382463,0 days 00:03:12.498797
1352,RedGrid25,1,0.701323,-0.0075999183936462,-0.1043959177786017,-0.1043959177786017,0.0,-0.0087840823172864,0 days 00:12:16.091708
1353,RedGrid5,1,0.701323,-0.0075999183936462,-0.1043959177786017,-0.1043959177786017,0.0,-0.0087840823172864,0 days 00:12:09.017234
1354,RedGrid75,1,0.701323,-0.0075999183936462,-0.1043959177786017,-0.1043959177786017,0.0,-0.0087840823172864,0 days 00:12:11.185884
1355,ExpGrad.1,0,0.706043,-0.0799364297791542,-0.0978071831955439,-0.0978071831955439,-0.0701401131762509,-0.0696384112979359,0 days 00:03:57.488537
1356,ExpGrad.01,0,0.681514,-0.0091482357472992,-0.0139008328275702,-0.0139008328275702,-0.0076014048289202,-0.0058231688126392,0 days 00:06:48.056469
1357,RedGrid25,0,0.686242,-0.121751000944314,-0.1520315235107706,-0.1520315235107706,-0.0992522721669489,-0.107570355833692,0 days 00:16:04.287959
1358,RedGrid5,0,0.686242,-0.121751000944314,-0.1520315235107706,-0.1520315235107706,-0.0992522721669489,-0.107570355833692,0 days 00:16:04.312710
1359,RedGrid75,0,0.686242,-0.121751000944314,-0.1520315235107706,-0.1520315235107706,-0.0992522721669489,-0.107570355833692,0 days 00:15:59.140302
1360,ExpGrad.1,1,0.711395,-0.0369394446702835,-0.1227894796750046,-0.1227894796750046,-0.0368974223307975,-0.0343083211909761,0 days 00:02:56.791231
1361,ExpGrad.01,1,0.600601,-0.0003057948232419,-0.0127602322851297,-0.0127602322851297,-0.0001622939768611,0.0,0 days 00:04:12.951072
1362,RedGrid25,1,0.698006,-0.0065445201605648,-0.1024360873533157,-0.1024360873533157,0.0,-0.0071951585417353,0 days 00:11:42.122110
1363,RedGrid5,1,0.698006,-0.0065445201605648,-0.1024360873533157,-0.1024360873533157,0.0,-0.0071951585417353,0 days 00:11:43.675544
1364,RedGrid75,1,0.698006,-0.0065445201605648,-0.1024360873533157,-0.1024360873533157,0.0,-0.0071951585417353,0 days 00:11:43.184894
1365,ExpGrad.1,0,0.706394,-0.0824734458465356,-0.1009237628281823,-0.1009237628281823,-0.072659598862214,-0.071691861313912,0 days 00:03:19.906464
1366,ExpGrad.01,0,0.688523,-0.01683518782375,-0.0229913802590883,-0.0229913802590883,-0.0135181266828777,-0.0132613483968533,0 days 00:10:32.764949
1367,RedGrid25,0,0.685619,-0.1239432550517924,-0.1538943877222276,-0.1538943877222276,-0.1030616955832511,-0.109184867412859,0 days 00:12:46.157878
1368,RedGrid5,0,0.685619,-0.1239432550517924,-0.1538943877222276,-0.1538943877222276,-0.1030616955832511,-0.109184867412859,0 days 00:14:17.126747
1369,RedGrid75,0,0.667249,-0.051127575969054,-0.1094438568904456,-0.1094438568904456,0.0,-0.0281955084930844,0 days 00:13:06.154702
1370,ExpGrad.1,1,0.710584,-0.0315442574670092,-0.1222691437879802,-0.1222691437879802,-0.026679606089096,-0.0314589695672917,0 days 00:02:09.386358
1371,ExpGrad.01,1,0.60352,-0.0010657434171852,-0.016058760115594,-0.016058760115594,-0.0021604925967657,0.0,0 days 00:03:39.336737
1372,RedGrid25,1,0.699636,-0.0021314977098963,-0.1102311773354843,-0.1102311773354843,0.0,0.0,0 days 00:09:20.074639
1373,RedGrid5,1,0.699636,-0.0021314977098963,-0.1102311773354843,-0.1102311773354843,0.0,0.0,0 days 00:09:18.586959
1374,RedGrid75,1,0.699636,-0.0021314977098963,-0.1102311773354843,-0.1102311773354843,0.0,0.0,0 days 00:09:20.407456
1375,ExpGrad.1,2,0.7103,-0.0546364564681699,-0.0810218167374077,-0.0810218167374077,-0.0744048643866999,-0.01732813443478,0 days 00:03:15.304672
1376,ExpGrad.01,2,0.61878,-0.0078364653704627,-0.0135595012932889,-0.0122065874085268,-0.0135595012932889,0.0,0 days 00:04:58.804094
1377,RedGrid25,2,0.730441,-0.0961398186513701,-0.1138475034828006,-0.1138475034828006,-0.11139210409098,-0.069757996499311,0 days 00:14:44.572586
1378,RedGrid5,2,0.676166,-0.0258902691288539,-0.0666141611633688,-0.0666141611633688,0.0,-0.0064759072378151,0 days 00:13:54.243141
1379,RedGrid75,2,0.658383,-0.0123203153582784,-0.0350972506144151,-0.0350972506144151,0.0,0.0,0 days 00:13:53.003082
1380,ExpGrad.1,1,0.711219,-0.0295048092286603,-0.1187741903820154,-0.1187741903820154,-0.017337017837077,-0.0334898988918821,0 days 00:02:46.329715
1381,ExpGrad.01,1,0.588981,-0.0001906628119782,-0.0097760209132292,-0.0097760209132292,0.0,0.0,0 days 00:02:50.114479
1382,RedGrid25,1,0.694981,-0.0015782487985386,-0.0809229293363728,-0.0809229293363728,0.0,0.0,0 days 00:11:38.900448
1383,RedGrid5,1,0.694981,-0.0015782487985386,-0.0809229293363728,-0.0809229293363728,0.0,0.0,0 days 00:11:38.814014
1384,RedGrid75,1,0.694981,-0.0015782487985386,-0.0809229293363728,-0.0809229293363728,0.0,0.0,0 days 00:11:35.357787
1385,ExpGrad.1,0,0.706098,-0.0754491745563397,-0.094699641714359,-0.094699641714359,-0.0626185872917896,-0.0656840367236081,0 days 00:03:22.829405
1386,ExpGrad.01,0,0.685631,-0.0113958873002925,-0.0176541734744469,-0.0176541734744469,-0.006678006781828,-0.0085238233545797,0 days 00:07:23.833561
1387,RedGrid25,0,0.685622,-0.1186350397266982,-0.1486823739807103,-0.1486823739807103,-0.0948550686095585,-0.1054702001204694,0 days 00:11:32.039119
1388,RedGrid5,0,0.685622,-0.1186350397266982,-0.1486823739807103,-0.1486823739807103,-0.0948550686095585,-0.1054702001204694,0 days 00:11:44.764276
1389,RedGrid75,0,0.667023,-0.0490342631778014,-0.1051153237213836,-0.1051153237213836,0.0,-0.0270370518687627,0 days 00:11:49.708176
1390,ExpGrad.1,2,0.710725,-0.058000612636631,-0.0834708236185305,-0.0834708236185305,-0.0445698824177804,-0.0442981994827021,0 days 00:02:15.968164
1391,ExpGrad.01,2,0.627974,-0.0029320636895287,-0.0084255523824228,-0.0084255523824228,0.0,0.0,0 days 00:02:48.695183
1392,RedGrid25,2,0.729631,-0.0992172927625665,-0.1181754701705897,-0.1181754701705897,-0.1063489734936254,-0.0777015893845886,0 days 00:10:35.792804
1393,RedGrid5,2,0.68115,-0.0319666169503468,-0.0706915063739684,-0.0706915063739684,0.0,-0.0187621413040058,0 days 00:10:31.805388
1394,RedGrid75,2,0.68115,-0.0319666169503468,-0.0706915063739684,-0.0706915063739684,0.0,-0.0187621413040058,0 days 00:10:34.982875
1395,ExpGrad.1,1,0.711948,-0.0500153320270396,-0.1299707458961683,-0.1299707458961683,-0.058599133658911,-0.0428175814406351,0 days 00:02:30.766317
1396,ExpGrad.01,1,0.599669,-0.0001825803338368,-0.0094025487227007,-0.0094025487227007,0.0,0.0,0 days 00:03:20.937718
1397,RedGrid25,1,0.704259,-0.0515536494613906,-0.1351653669279334,-0.1351653669279334,-0.0557217573642394,-0.0466819116932013,0 days 00:09:06.802053
1398,RedGrid5,1,0.704259,-0.0515536494613906,-0.1351653669279334,-0.1351653669279334,-0.0557217573642394,-0.0466819116932013,0 days 00:09:04.678341
1399,RedGrid75,1,0.704259,-0.0515536494613906,-0.1351653669279334,-0.1351653669279334,-0.0557217573642394,-0.0466819116932013,0 days 00:09:02.179436
1400,ExpGrad.1,2,0.715393,-0.0617554741976208,-0.092148277264965,-0.092148277264965,-0.037954901196589,-0.0504221024521371,0 days 00:03:50.738689
1401,ExpGrad.01,2,0.624586,-0.0044752054231993,-0.0127982847999797,-0.0127982847999797,0.0,0.0,0 days 00:04:33.853134
1402,RedGrid25,2,0.706866,-0.0636549687443803,-0.0805474737277455,-0.0805474737277455,-0.0487117747045465,-0.0585071919886528,0 days 00:14:57.642171
1403,RedGrid5,2,0.706866,-0.0636549687443803,-0.0805474737277455,-0.0805474737277455,-0.0487117747045465,-0.0585071919886528,0 days 00:14:42.165803
1404,RedGrid75,2,0.706866,-0.0636549687443803,-0.0805474737277455,-0.0805474737277455,-0.0487117747045465,-0.0585071919886528,0 days 00:14:39.322056
1405,ExpGrad.1,1,0.709613,-0.0328407380026499,-0.1145081593305887,-0.1145081593305887,-0.0381607995584012,-0.0273407201174421,0 days 00:04:26.954782
1406,ExpGrad.01,1,0.576376,-0.0012108868319468,-0.0033039270691311,-0.0027639172144195,-0.0033039270691311,0.0,0 days 00:03:28.217374
1407,RedGrid25,1,0.704629,-0.0662928290715959,-0.1373342869746313,-0.1373342869746313,-0.0769085495142208,-0.0581827409902491,0 days 00:14:09.593233
1408,RedGrid5,1,0.704629,-0.0662928290715959,-0.1373342869746313,-0.1373342869746313,-0.0769085495142208,-0.0581827409902491,0 days 00:14:06.556347
1409,RedGrid75,1,0.704629,-0.0662928290715959,-0.1373342869746313,-0.1373342869746313,-0.0769085495142208,-0.0581827409902491,0 days 00:13:23.268968
1410,ExpGrad.1,1,0.709124,-0.0242985193958633,-0.1011141772280584,-0.1011141772280584,-0.0313959977778732,-0.017967309517598,0 days 00:03:51.781556
1411,ExpGrad.01,1,0.598442,-0.0020613942403655,-0.0093419613008757,-0.0093419613008757,-0.0002714199006909,-0.0028256745264693,0 days 00:05:20.948582
1412,RedGrid25,1,0.708112,-0.067879413685581,-0.1439295012607818,-0.1439295012607818,-0.0728253210216375,-0.062764111372324,0 days 00:15:01.072182
1413,RedGrid5,1,0.708112,-0.067879413685581,-0.1439295012607818,-0.1439295012607818,-0.0728253210216375,-0.062764111372324,0 days 00:15:07.740038
1414,RedGrid75,1,0.708112,-0.067879413685581,-0.1439295012607818,-0.1439295012607818,-0.0728253210216375,-0.062764111372324,0 days 00:14:51.397160
1415,ExpGrad.1,1,0.713291,-0.0552877288643721,-0.1323516518107579,-0.1323516518107579,-0.056776073430012,-0.0520891672386827,0 days 00:03:16.872264
1416,ExpGrad.01,1,0.602863,-0.0054659315601702,-0.0203527183369474,-0.0203527183369474,0.0,-0.0080353740851512,0 days 00:05:19.535355
1417,RedGrid25,1,0.705279,-0.070336928982278,-0.143553607810079,-0.143553607810079,-0.0765882772192084,-0.0646182512035073,0 days 00:14:22.381882
1418,RedGrid5,1,0.701192,-0.0123804375717636,-0.1109612350502746,-0.1109612350502746,0.0,-0.0162021282999162,0 days 00:14:30.823822
1419,RedGrid75,1,0.701192,-0.0123804375717636,-0.1109612350502746,-0.1109612350502746,0.0,-0.0162021282999162,0 days 00:14:27.981582
1420,ExpGrad.1,0,0.707469,-0.0823651152208541,-0.1004572645279795,-0.1004572645279795,-0.0720847023332941,-0.0721383748728257,0 days 00:03:53.789258
1421,ExpGrad.01,0,0.687988,-0.0118024197201436,-0.0180778595594695,-0.0180778595594695,-0.0084621024135038,-0.0081297831110217,0 days 00:07:55.982674
1422,RedGrid25,0,0.684875,-0.0778958112232727,-0.1101149533501382,-0.1101149533501382,0.0,-0.0928115241373164,0 days 00:15:11.704550
1423,RedGrid5,0,0.684875,-0.0778958112232727,-0.1101149533501382,-0.1101149533501382,0.0,-0.0928115241373164,0 days 00:15:09.116005
1424,RedGrid75,0,0.681973,-0.0797211274718054,-0.1143885005796931,-0.1143885005796931,0.0,-0.0934943329165258,0 days 00:15:09.638652
1425,ExpGrad.1,1,0.710504,-0.0287725534699506,-0.1103894913682473,-0.1103894913682473,-0.0192813384279783,-0.0315001604077802,0 days 00:03:05.432657
1426,ExpGrad.01,1,0.597597,-0.0009727963298457,-0.0146052432198151,-0.0146052432198151,-0.0005668488826838,-0.0007738989708137,0 days 00:03:56.269917
1427,RedGrid25,1,0.692991,-0.0016492541105898,-0.0840687401927418,-0.0840687401927418,0.0,0.0,0 days 00:13:06.697413
1428,RedGrid5,1,0.692991,-0.0016492541105898,-0.0840687401927418,-0.0840687401927418,0.0,0.0,0 days 00:13:08.724237
1429,RedGrid75,1,0.688369,-0.001235245966358,-0.0629651741069462,-0.0629651741069462,0.0,0.0,0 days 00:13:04.444537
1430,ExpGrad.1,1,0.712242,-0.045309855209011,-0.1250147994589268,-0.1250147994589268,-0.0374441917585649,-0.0472470450556583,0 days 00:03:30.038544
1431,ExpGrad.01,1,0.619303,-0.0085186830564227,-0.0202423047056763,-0.0202423047056763,-0.0043318907838638,-0.0104814089634721,0 days 00:06:16.961792
1432,RedGrid25,1,0.70536,-0.0612879350388918,-0.1373581602013331,-0.1373581602013331,-0.0638903337573341,-0.0575386878584962,0 days 00:13:59.350813
1433,RedGrid5,1,0.70536,-0.0612879350388918,-0.1373581602013331,-0.1373581602013331,-0.0638903337573341,-0.0575386878584962,0 days 00:14:00.763824
1434,RedGrid75,1,0.699199,-0.0053824024527034,-0.1069548668672117,-0.1069548668672117,0.0,-0.0052809633241492,0 days 00:13:26.554151
1435,ExpGrad.1,1,0.71136,-0.0321087237974934,-0.1154086546159067,-0.1154086546159067,-0.0343895572011754,-0.0282990305784319,0 days 00:02:33.658840
1436,ExpGrad.01,1,0.599567,-0.0057479408010355,-0.0146294771606548,-0.0146294771606548,-0.0093854422377248,-0.0034611769014624,0 days 00:04:24.967076
1437,RedGrid25,1,0.701909,-0.0097925128602998,-0.1035369523079662,-0.1035369523079662,0.0,-0.0123526431383093,0 days 00:14:10.370516
1438,RedGrid5,1,0.701909,-0.0097925128602998,-0.1035369523079662,-0.1035369523079662,0.0,-0.0123526431383093,0 days 00:14:15.007631
1439,RedGrid75,1,0.701909,-0.0097925128602998,-0.1035369523079662,-0.1035369523079662,0.0,-0.0123526431383093,0 days 00:13:56.355515
1440,ExpGrad.1,0,0.706073,-0.0807505819305847,-0.0970650607545215,-0.0970650607545215,-0.0722351427121849,-0.0711290830327062,0 days 00:03:59.056451
1441,ExpGrad.01,0,0.683985,-0.010628972473005,-0.0152572384990721,-0.0152572384990721,-0.0087184839052227,-0.0076199024200885,0 days 00:05:57.543475
1442,RedGrid25,0,0.693572,-0.0566969279902593,-0.0797682341558662,-0.0503732710413936,-0.0797682341558662,-0.0494880649714404,0 days 00:15:18.777248
1443,RedGrid5,0,0.693572,-0.0566969279902593,-0.0797682341558662,-0.0503732710413936,-0.0797682341558662,-0.0494880649714404,0 days 00:15:23.575023
1444,RedGrid75,0,0.693572,-0.0566969279902593,-0.0797682341558662,-0.0503732710413936,-0.0797682341558662,-0.0494880649714404,0 days 00:15:19.195654
1445,ExpGrad.1,1,0.710569,-0.0313053035586561,-0.1111601605782769,-0.1111601605782769,-0.0401044201828869,-0.0239707000050009,0 days 00:03:31.708211
1446,ExpGrad.01,1,0.58141,-7.569668996466615e-06,-0.0003900551269077,-0.0003900551269077,0.0,0.0,0 days 00:03:34.969621
1447,RedGrid25,1,0.705368,-0.061902884608682,-0.1353720001444977,-0.1353720001444977,-0.0648509505429143,-0.0580084430266097,0 days 00:14:36.000369
1448,RedGrid5,1,0.705368,-0.061902884608682,-0.1353720001444977,-0.1353720001444977,-0.0648509505429143,-0.0580084430266097,0 days 00:14:47.592976
1449,RedGrid75,1,0.700503,-0.0072985107254678,-0.1010747256230075,-0.1010747256230075,0.0,-0.0084598994500368,0 days 00:14:51.936489
1450,ExpGrad.1,2,0.712462,-0.0577305098627039,-0.0856692655037747,-0.0856692655037747,-0.0675148840425646,-0.0266347400256524,0 days 00:03:20.574772
1451,ExpGrad.01,2,0.630056,-0.0104008730077976,-0.0183617388050938,-0.0183617388050938,0.0,-0.010193348387904,0 days 00:04:24.869962
1452,RedGrid25,2,0.71812,-0.0686582460083323,-0.1087106754563062,-0.1087106754563062,-0.0915022972845351,-0.0182951026634412,0 days 00:10:13.709188
1453,RedGrid5,2,0.708312,-0.0545828110236992,-0.0948117631973615,-0.0948117631973615,-0.0829145550087221,-0.0004634030693811,0 days 00:10:12.174412
1454,RedGrid75,2,0.635491,-0.0215671348528178,-0.0529897122073308,-0.0226444000791564,-0.0529897122073308,0.0,0 days 00:10:07.961343
1455,ExpGrad.1,0,0.707178,-0.0815090237137684,-0.0980898770059237,-0.0980898770059237,-0.0723884944139149,-0.0720223504169418,0 days 00:04:06.867735
1456,ExpGrad.01,0,0.687464,-0.0121552217821421,-0.0158306872476879,-0.0158306872476879,-0.01290912983881,-0.0085157049713693,0 days 00:06:18.787655
1457,RedGrid25,0,0.686132,-0.1293543093445698,-0.1525692407290405,-0.1525692407290405,-0.1378512846850453,-0.1042986388781064,0 days 00:14:48.843251
1458,RedGrid5,0,0.66389,-0.0532682117889996,-0.1084747630813085,-0.1084747630813085,0.0,-0.0343601398733477,0 days 00:14:45.794206
1459,RedGrid75,0,0.66389,-0.0532682117889996,-0.1084747630813085,-0.1084747630813085,0.0,-0.0343601398733477,0 days 00:14:53.084713
1460,ExpGrad.1,0,0.706582,-0.0841420635605387,-0.1006484305946417,-0.1006484305946417,-0.0754513049110824,-0.0744757457115334,0 days 00:03:14.119332
1461,ExpGrad.01,0,0.685643,-0.0107714692384412,-0.015442872826854,-0.015442872826854,-0.0060573001362488,-0.0092818330462073,0 days 00:06:14.448326
1462,RedGrid25,0,0.690785,-0.023700204577546,-0.0282014561837348,-0.0282014561837348,-0.0114343288765386,-0.0265330689680159,0 days 00:12:40.053669
1463,RedGrid5,0,0.690785,-0.023700204577546,-0.0282014561837348,-0.0282014561837348,-0.0114343288765386,-0.0265330689680159,0 days 00:12:43.694456
1464,RedGrid75,0,0.690785,-0.023700204577546,-0.0282014561837348,-0.0282014561837348,-0.0114343288765386,-0.0265330689680159,0 days 00:12:39.201917
1465,ExpGrad.1,2,0.703904,-0.0468980992498835,-0.0806570930067643,-0.0806570930067643,-0.0165452768124907,-0.0376172682867401,0 days 00:02:53.430496
1466,ExpGrad.01,2,0.623774,-0.00202511074848,-0.005691403090473,-0.005691403090473,0.0,-0.0001600117619453,0 days 00:03:12.551211
1467,RedGrid25,2,0.714778,-0.0740076281324548,-0.0919048119121791,-0.0919048119121791,-0.0692919640535913,-0.0614170443921859,0 days 00:11:48.329260
1468,RedGrid5,2,0.700101,-0.0462599047169281,-0.075440653174321,-0.075440653174321,-0.0681332258271316,-0.0057984198948323,0 days 00:11:49.701141
1469,RedGrid75,2,0.674098,-0.0319154353455779,-0.0514174447123367,-0.0514174447123367,0.0,-0.036250886991339,0 days 00:11:51.970434
1470,ExpGrad.1,2,0.707364,-0.0551874694241382,-0.0915574413093165,-0.0915574413093165,-0.0336252474749708,-0.0368948654658068,0 days 00:02:25.404103
1471,ExpGrad.01,2,0.618376,-0.0032980760998804,-0.0079723014666192,-0.0079723014666192,0.0,-0.0012945322061203,0 days 00:03:56.458049
1472,RedGrid25,2,0.693517,-0.0346674089654673,-0.0817995528941426,-0.0817995528941426,0.0,-0.0153954759128605,0 days 00:09:16.252733
1473,RedGrid5,2,0.693517,-0.0346674089654673,-0.0817995528941426,-0.0817995528941426,0.0,-0.0153954759128605,0 days 00:08:57.854545
1474,RedGrid75,2,0.684153,-0.0253395080741417,-0.0723796039935745,-0.0723796039935745,0.0,0.0,0 days 00:09:14.954446
1475,ExpGrad.1,1,0.709724,-0.0148643608306891,-0.1086508632847259,-0.1086508632847259,0.0,-0.0201989560344261,0 days 00:02:24.917998
1476,ExpGrad.01,1,0.594493,-0.0078982810948255,-0.0184566733411284,-0.0184566733411284,0.0,-0.0119350794437507,0 days 00:03:12.159713
1477,RedGrid25,1,0.702379,-0.0134384307428603,-0.1083276499985591,-0.1083276499985591,-0.0027411896085235,-0.0164389489958683,0 days 00:12:07.487766
1478,RedGrid5,1,0.702379,-0.0134384307428603,-0.1083276499985591,-0.1083276499985591,-0.0027411896085235,-0.0164389489958683,0 days 00:12:08.095100
1479,RedGrid75,1,0.702379,-0.0134384307428603,-0.1083276499985591,-0.1083276499985591,-0.0027411896085235,-0.0164389489958683,0 days 00:12:14.125105
1480,ExpGrad.1,0,0.706259,-0.0825977875748837,-0.0994303122664811,-0.0994303122664811,-0.0741252886409548,-0.0724821213544105,0 days 00:03:59.213018
1481,ExpGrad.01,0,0.688147,-0.0154415851781029,-0.0193564315006891,-0.0193564315006891,-0.0142405974528341,-0.0126637307092692,0 days 00:08:29.646481
1482,RedGrid25,0,0.685275,-0.1237397860634762,-0.1533305271051285,-0.1533305271051285,-0.1025797422385522,-0.1094190808609154,0 days 00:15:28.818557
1483,RedGrid5,0,0.685275,-0.1237397860634762,-0.1533305271051285,-0.1533305271051285,-0.1025797422385522,-0.1094190808609154,0 days 00:15:40.257632
1484,RedGrid75,0,0.685275,-0.1237397860634762,-0.1533305271051285,-0.1533305271051285,-0.1025797422385522,-0.1094190808609154,0 days 00:15:17.114354
1485,ExpGrad.1,1,0.711575,-0.0409386061795027,-0.1181327910221367,-0.1181327910221367,-0.0314630779696046,-0.043808259227702,0 days 00:03:23.113886
1486,ExpGrad.01,1,0.584229,-0.0046272694816881,-0.0184454872158201,-0.0184454872158201,0.0,-0.0067635569641128,0 days 00:02:35.439066
1487,RedGrid25,1,0.705639,-0.0656962687675552,-0.1405720541495084,-0.1405720541495084,-0.072492959098884,-0.0596292584628855,0 days 00:14:32.750619
1488,RedGrid5,1,0.705639,-0.0656962687675552,-0.1405720541495084,-0.1405720541495084,-0.072492959098884,-0.0596292584628855,0 days 00:14:37.161580
1489,RedGrid75,1,0.705639,-0.0656962687675552,-0.1405720541495084,-0.1405720541495084,-0.072492959098884,-0.0596292584628855,0 days 00:14:40.270076
1490,ExpGrad.1,1,0.712843,-0.0488183041366908,-0.122923918738434,-0.122923918738434,-0.0466016587676132,-0.047772384352158,0 days 00:02:25.909748
1491,ExpGrad.01,1,0.594655,-0.0096658924049175,-0.0098223364367367,-0.0072989844589881,-0.0095146593214612,-0.0098223364367367,0 days 00:03:12.621034
1492,RedGrid25,1,0.70658,-0.0642284639530433,-0.1387569506423746,-0.1387569506423746,-0.0678171501755943,-0.0599525761539305,0 days 00:12:55.967743
1493,RedGrid5,1,0.70658,-0.0642284639530433,-0.1387569506423746,-0.1387569506423746,-0.0678171501755943,-0.0599525761539305,0 days 00:12:55.755923
1494,RedGrid75,1,0.70658,-0.0642284639530433,-0.1387569506423746,-0.1387569506423746,-0.0678171501755943,-0.0599525761539305,0 days 00:12:57.407010
1495,ExpGrad.1,0,0.706179,-0.0775744899712396,-0.0967382776557904,-0.0967382776557904,-0.0649679419933196,-0.0677412448341373,0 days 00:03:18.164592
1496,ExpGrad.01,0,0.687822,-0.0157638979935751,-0.0223266039360716,-0.0223266039360716,-0.0138273557879292,-0.0110761924068791,0 days 00:06:42.824136
1497,RedGrid25,0,0.685244,-0.0778490817044327,-0.1117009207797788,-0.1117009207797788,0.0,-0.0913036966503283,0 days 00:11:39.642753
1498,RedGrid5,0,0.685244,-0.0778490817044327,-0.1117009207797788,-0.1117009207797788,0.0,-0.0913036966503283,0 days 00:11:45.637126
1499,RedGrid75,0,0.665034,-0.0299879778471298,-0.0830882287617861,-0.0830882287617861,0.0,0.0,0 days 00:11:36.933704
