,method,k_set,accuracy,mean_unfairness,max_unfairness,A_unfairness,B_unfairness,C_unfairness,runtime
0,ExpGrad.1,2,0.721872,-0.0747776183228469,-0.107839131974636,-0.107839131974636,-0.0905557687332865,-0.0352407923912206,0 days 00:03:57.695239
1,ExpGrad.01,2,0.619897,-0.0089733477393608,-0.0102445627704025,-0.0081026190451113,-0.0102445627704025,-0.008905505950668,0 days 00:03:01.736975
2,RedGrid25,2,0.713563,-0.063812381236385,-0.1039774500130521,-0.1039774500130521,-0.0826686199165533,-0.0159858650222349,0 days 00:10:05.737367
3,RedGrid5,2,0.698948,-0.0467448243539441,-0.0899401110148802,-0.0899401110148802,-0.0598911124705644,0.0,0 days 00:10:05.863240
4,RedGrid75,2,0.670158,-0.0373629454037246,-0.07560256602406,-0.0460064857478645,-0.07560256602406,-0.0045948446352281,0 days 00:10:04.396654
5,ExpGrad.1,2,0.688329,-0.0490514909463378,-0.0886161406020484,-0.0886161406020484,-0.0196355452805463,-0.0331619370731701,0 days 00:02:18.976400
6,ExpGrad.01,2,0.624515,-0.0086085103555636,-0.0120884580589558,-0.0111077781198389,0.0,-0.0120884580589558,0 days 00:03:12.172159
7,RedGrid25,2,0.718901,-0.0807518591734029,-0.0943490338818308,-0.0943490338818308,-0.089874435171581,-0.0625169256282738,0 days 00:10:36.871877
8,RedGrid5,2,0.689322,-0.0613953453401114,-0.0717981331484672,-0.0670435195795412,-0.0717981331484672,-0.0494279946275268,0 days 00:10:34.017527
9,RedGrid75,2,0.660266,-0.0187725979883494,-0.0536620023483213,-0.0536620023483213,0.0,0.0,0 days 00:10:34.497724
10,ExpGrad.1,0,0.706838,-0.0804132202200684,-0.0983538771250664,-0.0983538771250664,-0.0713691750329404,-0.0696811089559561,0 days 00:02:48.709324
11,ExpGrad.01,0,0.683661,-0.0079351160096337,-0.0126038796503676,-0.0126038796503676,-0.0044585114140797,-0.0057613407166439,0 days 00:04:44.494752
12,RedGrid25,0,0.691126,-0.0197709007412817,-0.0261851776502034,-0.0261851776502034,-0.0028468432815905,-0.0234808781269191,0 days 00:12:30.336019
13,RedGrid5,0,0.691126,-0.0197709007412817,-0.0261851776502034,-0.0261851776502034,-0.0028468432815905,-0.0234808781269191,0 days 00:12:16.951371
14,RedGrid75,0,0.691126,-0.0197709007412817,-0.0261851776502034,-0.0261851776502034,-0.0028468432815905,-0.0234808781269191,0 days 00:12:31.354829
15,ExpGrad.1,1,0.707158,-0.0173918641727415,-0.1016118101847506,-0.1016118101847506,-0.0268727506185556,-0.0095465721992985,0 days 00:02:25.229202
16,ExpGrad.01,1,0.596983,-0.0037212087953704,-0.012239159036815,-0.012239159036815,-0.0047212987245167,-0.0029048904905437,0 days 00:05:52.736244
17,RedGrid25,1,0.700683,-0.0162478189338818,-0.1159034940765214,-0.1159034940765214,-0.0027291869746716,-0.0206847760632569,0 days 00:12:55.655649
18,RedGrid5,1,0.700683,-0.0162478189338818,-0.1159034940765214,-0.1159034940765214,-0.0027291869746716,-0.0206847760632569,0 days 00:12:55.127348
19,RedGrid75,1,0.682422,-0.0006897641422564,-0.0356016338046206,-0.0356016338046206,0.0,0.0,0 days 00:12:11.358700
20,ExpGrad.1,2,0.709062,-0.0509338226459602,-0.0834607342860289,-0.0834607342860289,-0.0426652756259816,-0.0274963462871047,0 days 00:04:35.188997
21,ExpGrad.01,2,0.616137,-0.0028811108337052,-0.0082631276212521,-0.0082631276212521,0.0,0.0,0 days 00:04:31.559748
22,RedGrid25,2,0.725025,-0.0791809497152037,-0.1125173804542712,-0.1125173804542712,-0.0726140703345555,-0.0539032963765616,0 days 00:14:08.814002
23,RedGrid5,2,0.725025,-0.0791809497152037,-0.1125173804542712,-0.1125173804542712,-0.0726140703345555,-0.0539032963765616,0 days 00:14:08.793596
24,RedGrid75,2,0.66003,-0.0129021811170801,-0.0370039111011337,-0.0370039111011337,0.0,0.0,0 days 00:14:08.876497
25,ExpGrad.1,1,0.711021,-0.0256082550077547,-0.112949304062187,-0.112949304062187,-0.0202274322381385,-0.0258837927905215,0 days 00:02:50.174689
26,ExpGrad.01,1,0.60924,-0.0185098039357246,-0.0250881460988692,-0.0250881460988692,-0.0149309616272148,-0.0202828417329951,0 days 00:04:08.773810
27,RedGrid25,1,0.700774,-0.0063700046346328,-0.1040950968452003,-0.1040950968452003,0.0,-0.006871250909325,0 days 00:13:23.155692
28,RedGrid5,1,0.700774,-0.0063700046346328,-0.1040950968452003,-0.1040950968452003,0.0,-0.006871250909325,0 days 00:13:15.634133
29,RedGrid75,1,0.700774,-0.0063700046346328,-0.1040950968452003,-0.1040950968452003,0.0,-0.006871250909325,0 days 00:13:02.857994
30,ExpGrad.1,2,0.698616,-0.0601828910873078,-0.0790689951989423,-0.0790689951989423,-0.0681815002190109,-0.0378503017158725,0 days 00:02:47.931665
31,ExpGrad.01,2,0.619459,-0.0045056282886984,-0.0051530125893036,-0.0047942186606244,-0.0051530125893036,-0.0038083466324264,0 days 00:04:12.491556
32,RedGrid25,2,0.705235,-0.0516348040471572,-0.0899716474657761,-0.0899716474657761,-0.0771669075876474,0.0,0 days 00:14:11.093288
33,RedGrid5,2,0.668449,-0.0294594644441821,-0.051902840547381,-0.0433368145568427,-0.051902840547381,-0.0018188872860757,0 days 00:14:08.741581
34,RedGrid75,2,0.668449,-0.0294594644441821,-0.051902840547381,-0.0433368145568427,-0.051902840547381,-0.0018188872860757,0 days 00:14:10.464218
35,ExpGrad.1,0,0.706624,-0.0829396613532899,-0.0996003191944536,-0.0996003191944536,-0.0755505666939378,-0.0724648233452074,0 days 00:03:34.033070
36,ExpGrad.01,0,0.686706,-0.0151645121387055,-0.0196881600983841,-0.0196881600983841,-0.0124618557619615,-0.0127043634459895,0 days 00:08:44.530304
37,RedGrid25,0,0.69102,-0.0214669909903613,-0.0272574463537498,-0.0272574463537498,-0.0077046605809877,-0.0239981965099899,0 days 00:13:29.342044
38,RedGrid5,0,0.69102,-0.0214669909903613,-0.0272574463537498,-0.0272574463537498,-0.0077046605809877,-0.0239981965099899,0 days 00:13:28.801151
39,RedGrid75,0,0.69102,-0.0214669909903613,-0.0272574463537498,-0.0272574463537498,-0.0077046605809877,-0.0239981965099899,0 days 00:13:12.488977
40,ExpGrad.1,0,0.707365,-0.0828954007333556,-0.1007783910437941,-0.1007783910437941,-0.0749184979851758,-0.0716528936290068,0 days 00:03:40.801483
41,ExpGrad.01,0,0.688279,-0.0113735613236432,-0.0177225084966181,-0.0177225084966181,-0.0070180148902997,-0.0082264909357971,0 days 00:10:35.795179
42,RedGrid25,0,0.694559,-0.0351858558075707,-0.0411415019014969,-0.03856738394826,-0.0190949246901738,-0.0411415019014969,0 days 00:15:46.643658
43,RedGrid5,0,0.694559,-0.0351858558075707,-0.0411415019014969,-0.03856738394826,-0.0190949246901738,-0.0411415019014969,0 days 00:16:13.087891
44,RedGrid75,0,0.694559,-0.0351858558075707,-0.0411415019014969,-0.03856738394826,-0.0190949246901738,-0.0411415019014969,0 days 00:16:11.099650
45,ExpGrad.1,1,0.707331,-0.0115375066545011,-0.0943189621071822,-0.0943189621071822,-0.0139386323352369,-0.0076403782399261,0 days 00:02:35.352671
46,ExpGrad.01,1,0.58538,-8.064256682581715e-05,-0.0041223829932072,-0.0041223829932072,0.0,0.0,0 days 00:02:42.599549
47,RedGrid25,1,0.707829,-0.0717942113625447,-0.1362982207703184,-0.1362982207703184,-0.07899291982521,-0.0658057417327966,0 days 00:12:50.499001
48,RedGrid5,1,0.700438,-0.0033948606656388,-0.0960024240836225,-0.0960024240836225,0.0,-0.0024042826052715,0 days 00:12:47.456893
49,RedGrid75,1,0.700438,-0.0033948606656388,-0.0960024240836225,-0.0960024240836225,0.0,-0.0024042826052715,0 days 00:12:33.388777
50,ExpGrad.1,2,0.688914,-0.0370924445422228,-0.0737079495002689,-0.0737079495002689,-0.0086113244223901,-0.0235958731753699,0 days 00:05:41.783233
51,ExpGrad.01,2,0.616985,-0.0037429936570356,-0.0062321739238617,-0.0062321739238617,-0.00074745933461,-0.0035304079018393,0 days 00:04:07.268027
52,RedGrid25,2,0.693962,-0.0334405407924728,-0.0790724217446486,-0.0790724217446486,0.0,-0.0152537511827112,0 days 00:13:24.763739
53,RedGrid5,2,0.628671,-0.014806438533258,-0.0426318912292664,-0.0426318912292664,0.0,0.0,0 days 00:13:18.843385
54,RedGrid75,2,0.628671,-0.014806438533258,-0.0426318912292664,-0.0426318912292664,0.0,0.0,0 days 00:12:33.996234
55,ExpGrad.1,2,0.721917,-0.0727016036399451,-0.109200084431858,-0.109200084431858,-0.0679419782017923,-0.0426890354799056,0 days 00:02:15.337863
56,ExpGrad.01,2,0.61289,-0.0041908618862027,-0.0119147198634911,-0.0119147198634911,0.0,0.0,0 days 00:03:22.290145
57,RedGrid25,2,0.731469,-0.0949102199698848,-0.1236037091239845,-0.1236037091239845,-0.1014288318174594,-0.0643528463157435,0 days 00:10:58.576431
58,RedGrid5,2,0.686388,-0.0364505778562548,-0.0597916261663636,-0.0597916261663636,-0.0588371578885743,0.0,0 days 00:10:51.745824
59,RedGrid75,2,0.664689,-0.0227023604335921,-0.0364812278285853,-0.0364812278285853,-0.0338103565678182,-0.0026146921914154,0 days 00:10:54.498720
60,ExpGrad.1,1,0.706942,-0.0137587427064369,-0.0913904180830114,-0.0913904180830114,0.0,-0.0189734375184806,0 days 00:02:37.234870
61,ExpGrad.01,1,0.591391,-0.0036205160511718,-0.0055687420495945,-0.0054271548993998,0.0,-0.0055687420495945,0 days 00:06:09.148529
62,RedGrid25,1,0.700939,-0.0148846638358951,-0.1037626954929729,-0.1037626954929729,0.0,-0.0203747239919392,0 days 00:13:51.279152
63,RedGrid5,1,0.700939,-0.0148846638358951,-0.1037626954929729,-0.1037626954929729,0.0,-0.0203747239919392,0 days 00:13:53.305659
64,RedGrid75,1,0.700939,-0.0148846638358951,-0.1037626954929729,-0.1037626954929729,0.0,-0.0203747239919392,0 days 00:13:57.319777
65,ExpGrad.1,0,0.706729,-0.0787693467166581,-0.0977513838533028,-0.0977513838533028,-0.0682293601937522,-0.0679668431375087,0 days 00:03:18.453648
66,ExpGrad.01,0,0.685578,-0.0143054031831867,-0.0195880429272981,-0.0195880429272981,-0.0107583349253478,-0.0116399367693148,0 days 00:06:00.780833
67,RedGrid25,0,0.685561,-0.1264452013681421,-0.1570175115917247,-0.1570175115917247,-0.1042338114574706,-0.1119540270624869,0 days 00:12:37.188802
68,RedGrid5,0,0.685561,-0.1264452013681421,-0.1570175115917247,-0.1570175115917247,-0.1042338114574706,-0.1119540270624869,0 days 00:12:35.671456
69,RedGrid75,0,0.667988,-0.0553226947018759,-0.1136626995013241,-0.1136626995013241,-0.0034936652752742,-0.0329135769745569,0 days 00:12:49.965535
70,ExpGrad.1,0,0.706728,-0.0822181220077787,-0.1000405483499563,-0.1000405483499563,-0.0725477391176764,-0.0718910370412297,0 days 00:03:32.773680
71,ExpGrad.01,0,0.687552,-0.0134861086725643,-0.0199095410020526,-0.0199095410020526,-0.0093931501583077,-0.0101010437256027,0 days 00:06:30.510994
72,RedGrid25,0,0.690845,-0.0243234332668408,-0.0298309136786654,-0.0298309136786654,-0.0088130837211742,-0.0280760293921984,0 days 00:14:08.279977
73,RedGrid5,0,0.690845,-0.0243234332668408,-0.0298309136786654,-0.0298309136786654,-0.0088130837211742,-0.0280760293921984,0 days 00:14:13.296657
74,RedGrid75,0,0.690845,-0.0243234332668408,-0.0298309136786654,-0.0298309136786654,-0.0088130837211742,-0.0280760293921984,0 days 00:13:58.134927
75,ExpGrad.1,2,0.726518,-0.0829709845183668,-0.1106684826493601,-0.1106684826493601,-0.0901232415482499,-0.0537974570409494,0 days 00:04:27.866277
76,ExpGrad.01,2,0.631938,-0.0073283158495762,-0.0146496059132737,-0.0146496059132737,-0.0086376407790421,0.0,0 days 00:04:14.730969
77,RedGrid25,2,0.725804,-0.0862986380411704,-0.1123385190729674,-0.1123385190729674,-0.0840247896120016,-0.0648023431837711,0 days 00:14:48.684115
78,RedGrid5,2,0.701977,-0.0552616693942204,-0.0803010917342228,-0.0803010917342228,-0.0781247404129588,-0.0180792779523917,0 days 00:14:48.714406
79,RedGrid75,2,0.684611,-0.0279939405775979,-0.0752309796080986,-0.0752309796080986,0.0,-0.0047329644233687,0 days 00:14:44.081430
80,ExpGrad.1,0,0.707564,-0.077570396742337,-0.0965961289695197,-0.0965961289695197,-0.0639871512254944,-0.0683311325526849,0 days 00:03:51.643985
81,ExpGrad.01,0,0.686445,-0.0090019265613123,-0.0139515755300129,-0.0139515755300129,-0.0067055231127485,-0.0059144083995377,0 days 00:06:42.266162
82,RedGrid25,0,0.68729,-0.0807345354245472,-0.1136935017725472,-0.1136935017725472,-0.0044040293139265,-0.0939109329199947,0 days 00:14:10.779958
83,RedGrid5,0,0.68729,-0.0807345354245472,-0.1136935017725472,-0.1136935017725472,-0.0044040293139265,-0.0939109329199947,0 days 00:14:10.159072
84,RedGrid75,0,0.66562,-0.0298604756347999,-0.0825344999843719,-0.0825344999843719,0.0,0.0,0 days 00:14:12.479304
85,ExpGrad.1,0,0.707582,-0.0820496937327533,-0.0997046089051614,-0.0997046089051614,-0.0719890950803261,-0.0721063042423013,0 days 00:02:29.899699
86,ExpGrad.01,0,0.687442,-0.0129505930178771,-0.0171582926872231,-0.0171582926872231,-0.0123208623220179,-0.0096012314150539,0 days 00:05:38.812271
87,RedGrid25,0,0.697197,-0.0652996463841166,-0.0813150484906032,-0.059688179865356,-0.0813150484906032,-0.0613585290489095,0 days 00:08:43.078706
88,RedGrid5,0,0.697197,-0.0652996463841166,-0.0813150484906032,-0.059688179865356,-0.0813150484906032,-0.0613585290489095,0 days 00:08:43.343966
89,RedGrid75,0,0.697197,-0.0652996463841166,-0.0813150484906032,-0.059688179865356,-0.0813150484906032,-0.0613585290489095,0 days 00:08:43.043279
90,ExpGrad.1,2,0.692574,-0.0506051372476444,-0.0861252564083615,-0.0861252564083615,0.0,-0.0532719976089009,0 days 00:03:06.978518
91,ExpGrad.01,2,0.602796,-0.004453608467911,-0.0129072920909574,-0.0129072920909574,0.0,0.0,0 days 00:04:25.868961
92,RedGrid25,2,0.730238,-0.1041164571672034,-0.1278892414043592,-0.1278892414043592,-0.1037515636592874,-0.0834411668805224,0 days 00:13:44.314594
93,RedGrid5,2,0.661461,-0.0192530223026632,-0.0496137333076734,-0.0496137333076734,0.0,-0.0054424997787538,0 days 00:13:22.171805
94,RedGrid75,2,0.661461,-0.0192530223026632,-0.0496137333076734,-0.0496137333076734,0.0,-0.0054424997787538,0 days 00:13:27.439594
95,ExpGrad.1,0,0.706405,-0.0736011841776865,-0.09119341650324,-0.09119341650324,-0.0601223655444504,-0.0655833929500627,0 days 00:03:41.645125
96,ExpGrad.01,0,0.689115,-0.0123653295916333,-0.0174982581420777,-0.0174982581420777,-0.0099255916558179,-0.009199414605801,0 days 00:08:29.025920
97,RedGrid25,0,0.685735,-0.1237266722052638,-0.152149410974805,-0.152149410974805,-0.1016975032295438,-0.110912434642053,0 days 00:15:20.496953
98,RedGrid5,0,0.685735,-0.1237266722052638,-0.152149410974805,-0.152149410974805,-0.1016975032295438,-0.110912434642053,0 days 00:15:23.959969
99,RedGrid75,0,0.667383,-0.0509482523347523,-0.1071833938914059,-0.1071833938914059,0.0,-0.0296711475126422,0 days 00:15:22.864232
100,ExpGrad.1,1,0.709541,-0.0325946768494127,-0.1114429647939559,-0.1114429647939559,-0.0494207288942569,-0.0208235992262162,0 days 00:03:15.519675
101,ExpGrad.01,1,0.589152,-0.0019951959446777,-0.0126535615582948,-0.0126535615582948,-0.0049991825097768,0.0,0 days 00:05:11.417500
102,RedGrid25,1,0.704771,-0.0767519883849633,-0.1386086337158883,-0.1386086337158883,-0.0837392365865091,-0.0709584550334518,0 days 00:16:35.104340
103,RedGrid5,1,0.704771,-0.0767519883849633,-0.1386086337158883,-0.1386086337158883,-0.0837392365865091,-0.0709584550334518,0 days 00:16:34.761418
104,RedGrid75,1,0.684235,-0.0007936464846404,-0.0404466482899873,-0.0404466482899873,0.0,0.0,0 days 00:16:36.501676
105,ExpGrad.1,0,0.706287,-0.0819742272695158,-0.100452468749307,-0.100452468749307,-0.0721467591958572,-0.0711974906940623,0 days 00:03:17.485266
106,ExpGrad.01,0,0.688268,-0.0135885740549715,-0.018808348626819,-0.018808348626819,-0.0114189888770633,-0.0102075220215956,0 days 00:09:17.060255
107,RedGrid25,0,0.686302,-0.1231091216771506,-0.153120893200834,-0.153120893200834,-0.1019552326351606,-0.1084894698214532,0 days 00:12:08.326717
108,RedGrid5,0,0.686302,-0.1231091216771506,-0.153120893200834,-0.153120893200834,-0.1019552326351606,-0.1084894698214532,0 days 00:12:07.675727
109,RedGrid75,0,0.686302,-0.1231091216771506,-0.153120893200834,-0.153120893200834,-0.1019552326351606,-0.1084894698214532,0 days 00:12:16.819217
110,ExpGrad.1,1,0.709636,-0.0356829412064151,-0.1086145896493256,-0.1086145896493256,-0.0469946746984477,-0.027149101827353,0 days 00:03:45.392378
111,ExpGrad.01,1,0.58814,-0.0006560145319922,-0.0187852661170396,-0.0187852661170396,-0.0002290735597832,-0.0003326014451802,0 days 00:03:29.967601
112,RedGrid25,1,0.705397,-0.0574658613460018,-0.1298452858450383,-0.1298452858450383,-0.0604270926013753,-0.0535846143565352,0 days 00:16:03.607194
113,RedGrid5,1,0.705397,-0.0574658613460018,-0.1298452858450383,-0.1298452858450383,-0.0604270926013753,-0.0535846143565352,0 days 00:16:36.137868
114,RedGrid75,1,0.705397,-0.0574658613460018,-0.1298452858450383,-0.1298452858450383,-0.0604270926013753,-0.0535846143565352,0 days 00:16:32.647258
115,ExpGrad.1,1,0.71172,-0.046144958108862,-0.1268655045464463,-0.1268655045464463,-0.0463183091037904,-0.0435067298106556,0 days 00:04:07.192443
116,ExpGrad.01,1,0.616758,-0.0016510064619031,-0.0266598766810124,-0.0266598766810124,-0.0032112098215947,0.0,0 days 00:04:46.483836
117,RedGrid25,1,0.704586,-0.06963830035033,-0.1484629364235763,-0.1484629364235763,-0.0733115047264408,-0.0651231164512607,0 days 00:15:57.433180
118,RedGrid5,1,0.699275,-0.0106284159878847,-0.1134527507537371,-0.1134527507537371,0.0,-0.013271256985509,0 days 00:15:50.691078
119,RedGrid75,1,0.699275,-0.0106284159878847,-0.1134527507537371,-0.1134527507537371,0.0,-0.013271256985509,0 days 00:14:30.278591
120,ExpGrad.1,0,0.707363,-0.0834840941178974,-0.1008359587868663,-0.1008359587868663,-0.0744461780528706,-0.0732361729026216,0 days 00:03:16.143635
121,ExpGrad.01,0,0.685898,-0.0143016668431859,-0.0192720519043568,-0.0192720519043568,-0.010825700384546,-0.0118568694734726,0 days 00:06:01.701988
122,RedGrid25,0,0.694376,-0.0520604586703319,-0.075422357380892,-0.0494459764710027,-0.075422357380892,-0.0414353118331817,0 days 00:11:37.134328
123,RedGrid5,0,0.694376,-0.0520604586703319,-0.075422357380892,-0.0494459764710027,-0.075422357380892,-0.0414353118331817,0 days 00:11:42.859009
124,RedGrid75,0,0.694376,-0.0520604586703319,-0.075422357380892,-0.0494459764710027,-0.075422357380892,-0.0414353118331817,0 days 00:11:41.540743
125,ExpGrad.1,1,0.70836,-0.0204878133528683,-0.1024500586328737,-0.1024500586328737,-0.0131717882708484,-0.0219856349296287,0 days 00:03:04.400374
126,ExpGrad.01,1,0.58246,-3.711895888155841e-05,-0.0018855429642967,-0.0018855429642967,0.0,0.0,0 days 00:03:18.770501
127,RedGrid25,1,0.699701,-0.0093405416595391,-0.1001499935519105,-0.1001499935519105,0.0,-0.0116846690455456,0 days 00:12:27.949449
128,RedGrid5,1,0.699701,-0.0093405416595391,-0.1001499935519105,-0.1001499935519105,0.0,-0.0116846690455456,0 days 00:12:40.694243
129,RedGrid75,1,0.699701,-0.0093405416595391,-0.1001499935519105,-0.1001499935519105,0.0,-0.0116846690455456,0 days 00:12:40.501942
130,ExpGrad.1,2,0.715874,-0.0591400005217839,-0.0983258148503329,-0.0983258148503329,-0.0416431942853715,-0.0356789304795525,0 days 00:02:01.374392
131,ExpGrad.01,2,0.629877,-0.0056247271422855,-0.0139087903268585,-0.0139087903268585,0.0,-0.0019494371279045,0 days 00:03:24.487295
132,RedGrid25,2,0.717322,-0.0642711766408116,-0.1024314112573075,-0.1024314112573075,-0.0726485552968728,-0.0244719343777563,0 days 00:11:02.934657
133,RedGrid5,2,0.694417,-0.0449932821548441,-0.0928183052357505,-0.0928183052357505,0.0,-0.0321266011674258,0 days 00:11:01.408225
134,RedGrid75,2,0.686063,-0.0334881661522447,-0.0573584351819835,-0.0573584351819835,-0.0438819750480869,-0.0051553382347905,0 days 00:10:55.997839
135,ExpGrad.1,2,0.711676,-0.0700966346079387,-0.1028621100428684,-0.1028621100428684,-0.0714328664395776,-0.0401172664108235,0 days 00:02:37.794070
136,ExpGrad.01,2,0.614149,-0.0053287816157148,-0.0123470109614861,-0.006072147084228,-0.0123470109614861,0.0,0 days 00:03:38.757917
137,RedGrid25,2,0.713308,-0.0712959720498433,-0.0974844513391683,-0.0974844513391683,-0.0773648795879258,-0.0440075595045481,0 days 00:10:56.548014
138,RedGrid5,2,0.69661,-0.0463093333416716,-0.0801425317832069,-0.0801425317832069,-0.0650969958153362,-0.0037726441680818,0 days 00:10:52.889382
139,RedGrid75,2,0.67012,-0.0296177853466526,-0.0512754058128407,-0.0512754058128407,-0.0452352217388923,0.0,0 days 00:10:29.364516
140,ExpGrad.1,2,0.674044,-0.0402753572173736,-0.0748598989310644,-0.0748598989310644,-0.0289407603400531,-0.0168639674628706,0 days 00:04:33.915196
141,ExpGrad.01,2,0.613637,-0.0032183940692801,-0.0092055253224563,-0.0092055253224563,0.0,0.0,0 days 00:05:01.503812
142,RedGrid25,2,0.715846,-0.1061107300225932,-0.1589003004890052,-0.1197199132067213,-0.1589003004890052,-0.0588673470238194,0 days 00:14:03.897711
143,RedGrid5,2,0.615822,-0.0128567141473954,-0.0256118876725343,-0.0003003515989152,-0.0256118876725343,-0.0156169886486756,0 days 00:13:59.505322
144,RedGrid75,2,0.615822,-0.0128567141473954,-0.0256118876725343,-0.0003003515989152,-0.0256118876725343,-0.0156169886486756,0 days 00:13:47.412389
145,ExpGrad.1,1,0.710872,-0.0387093412738488,-0.1123470679038998,-0.1123470679038998,-0.0478334044947587,-0.031359017264531,0 days 00:03:28.615575
146,ExpGrad.01,1,0.604775,-0.0001186278183646,-0.0060853742328546,-0.0060853742328546,0.0,0.0,0 days 00:04:09.363856
147,RedGrid25,1,0.707906,-0.0729962260669296,-0.1381493105464569,-0.1381493105464569,-0.0770619772738262,-0.068720464132156,0 days 00:16:01.956342
148,RedGrid5,1,0.699173,-0.0019013004876334,-0.0975329830376989,-0.0975329830376989,0.0,0.0,0 days 00:16:25.544590
149,RedGrid75,1,0.699173,-0.0019013004876334,-0.0975329830376989,-0.0975329830376989,0.0,0.0,0 days 00:16:24.291487
150,ExpGrad.1,0,0.706945,-0.0812034498609579,-0.0985525243011047,-0.0985525243011047,-0.0720736507747258,-0.0710448560770866,0 days 00:03:46.537488
151,ExpGrad.01,0,0.688469,-0.0127658941405228,-0.0170864988131271,-0.0170864988131271,-0.0113140321377933,-0.0097816475110692,0 days 00:07:49.289643
152,RedGrid25,0,0.68646,-0.1253959283920656,-0.1545978526745594,-0.1545978526745594,-0.1043878022742653,-0.1114156502981038,0 days 00:13:27.704908
153,RedGrid5,0,0.68646,-0.1253959283920656,-0.1545978526745594,-0.1545978526745594,-0.1043878022742653,-0.1114156502981038,0 days 00:13:20.104695
154,RedGrid75,0,0.68646,-0.1253959283920656,-0.1545978526745594,-0.1545978526745594,-0.1043878022742653,-0.1114156502981038,0 days 00:13:18.534254
155,ExpGrad.1,1,0.712382,-0.0522895526162908,-0.1277606903173352,-0.1277606903173352,-0.0566866210218831,-0.0474712289358032,0 days 00:02:47.188763
156,ExpGrad.01,1,0.603657,-0.0069507482877822,-0.0116825295282398,-0.0116825295282398,-0.0089236378970676,-0.0057095022373537,0 days 00:04:13.013099
157,RedGrid25,1,0.706125,-0.0608341750304014,-0.1373621647704523,-0.1373621647704523,-0.065431025707941,-0.0558719005792218,0 days 00:12:24.365166
158,RedGrid5,1,0.706125,-0.0608341750304014,-0.1373621647704523,-0.1373621647704523,-0.065431025707941,-0.0558719005792218,0 days 00:12:24.325927
159,RedGrid75,1,0.706125,-0.0608341750304014,-0.1373621647704523,-0.1373621647704523,-0.065431025707941,-0.0558719005792218,0 days 00:12:19.442125
160,ExpGrad.1,1,0.710119,-0.0188393351901834,-0.1109943844571148,-0.1109943844571148,-0.0089595153399578,-0.0214492703147901,0 days 00:02:39.424707
161,ExpGrad.01,1,0.60306,-0.000248157449919,-0.0065527171780702,-0.0065527171780702,-0.0003444885643497,0.0,0 days 00:03:39.060548
162,RedGrid25,1,0.699857,-0.0085652778256226,-0.1100822832657761,-0.1100822832657761,0.0,-0.0101593844479468,0 days 00:11:47.346776
163,RedGrid5,1,0.699857,-0.0085652778256226,-0.1100822832657761,-0.1100822832657761,0.0,-0.0101593844479468,0 days 00:11:46.076647
164,RedGrid75,1,0.699857,-0.0085652778256226,-0.1100822832657761,-0.1100822832657761,0.0,-0.0101593844479468,0 days 00:11:42.168113
165,ExpGrad.1,0,0.707635,-0.0843745238782297,-0.1019666898729731,-0.1019666898729731,-0.0767816007858889,-0.0731109530787765,0 days 00:02:41.498501
166,ExpGrad.01,0,0.684742,-0.0139660118638795,-0.0195156641454098,-0.0195156641454098,-0.0090860531882032,-0.0117864843824634,0 days 00:04:39.546296
167,RedGrid25,0,0.683905,-0.1142139051308322,-0.1492021849193933,-0.1492021849193933,-0.0956240039288625,-0.0937410556633429,0 days 00:10:26.445702
168,RedGrid5,0,0.683905,-0.1142139051308322,-0.1492021849193933,-0.1492021849193933,-0.0956240039288625,-0.0937410556633429,0 days 00:10:06.046211
169,RedGrid75,0,0.683905,-0.1142139051308322,-0.1492021849193933,-0.1492021849193933,-0.0956240039288625,-0.0937410556633429,0 days 00:10:22.005383
170,ExpGrad.1,1,0.709276,-0.0089321003407023,-0.1008115098964023,-0.1008115098964023,0.0,-0.0110068146234056,0 days 00:03:00.902333
171,ExpGrad.01,1,0.59803,-0.0004666948273985,-0.0133170837878524,-0.0133170837878524,-0.0005846559427593,0.0,0 days 00:03:00.181398
172,RedGrid25,1,0.701389,-0.0033114271434478,-0.1000150436319803,-0.1000150436319803,0.0,-0.0021239483176977,0 days 00:12:32.466029
173,RedGrid5,1,0.701389,-0.0033114271434478,-0.1000150436319803,-0.1000150436319803,0.0,-0.0021239483176977,0 days 00:12:42.977791
174,RedGrid75,1,0.701389,-0.0033114271434478,-0.1000150436319803,-0.1000150436319803,0.0,-0.0021239483176977,0 days 00:12:29.908548
175,ExpGrad.1,1,0.71048,-0.0348338897093665,-0.121113093684635,-0.121113093684635,-0.038778709448292,-0.0299708524030981,0 days 00:01:36.736196
176,ExpGrad.01,1,0.593223,-0.0019716414461814,-0.0075743362185188,-0.0075743362185188,-0.0046641047887954,-0.0003088291485053,0 days 00:02:07.180981
177,RedGrid25,1,0.705669,-0.0658839358874331,-0.1486123686236891,-0.1486123686236891,-0.070452140290057,-0.0607866056509885,0 days 00:09:08.370944
178,RedGrid5,1,0.705669,-0.0658839358874331,-0.1486123686236891,-0.1486123686236891,-0.070452140290057,-0.0607866056509885,0 days 00:09:01.018590
179,RedGrid75,1,0.705669,-0.0658839358874331,-0.1486123686236891,-0.1486123686236891,-0.070452140290057,-0.0607866056509885,0 days 00:08:55.805905
180,ExpGrad.1,1,0.710606,-0.0257670459625565,-0.105271387969098,-0.105271387969098,-0.0243917361386956,-0.0240838652834481,0 days 00:01:55.689957
181,ExpGrad.01,1,0.61206,-0.0001945265872446,-0.0100226419174672,-0.0100226419174672,0.0,0.0,0 days 00:02:18.885500
182,RedGrid25,1,0.699364,-0.0117659412591583,-0.1045473894682839,-0.1045473894682839,0.0,-0.0154153940025787,0 days 00:08:36.214347
183,RedGrid5,1,0.699364,-0.0117659412591583,-0.1045473894682839,-0.1045473894682839,0.0,-0.0154153940025787,0 days 00:08:36.242162
184,RedGrid75,1,0.699364,-0.0117659412591583,-0.1045473894682839,-0.1045473894682839,0.0,-0.0154153940025787,0 days 00:08:30.637321
185,ExpGrad.1,0,0.707584,-0.0824762250017184,-0.1006148841942561,-0.1006148841942561,-0.0738194301833981,-0.07134222013468,0 days 00:03:51.618726
186,ExpGrad.01,0,0.684918,-0.0123132242208839,-0.0176743979800569,-0.0176743979800569,-0.0122944471484682,-0.0076152407404569,0 days 00:06:43.549625
187,RedGrid25,0,0.694763,-0.0368729684107109,-0.0411421541072979,-0.0408578689313335,-0.0228502812852281,-0.0411421541072979,0 days 00:16:09.953949
188,RedGrid5,0,0.694763,-0.0368729684107109,-0.0411421541072979,-0.0408578689313335,-0.0228502812852281,-0.0411421541072979,0 days 00:16:11.329826
189,RedGrid75,0,0.694763,-0.0368729684107109,-0.0411421541072979,-0.0408578689313335,-0.0228502812852281,-0.0411421541072979,0 days 00:16:00.872810
190,ExpGrad.1,2,0.714686,-0.0600568505986196,-0.0817617790525411,-0.0817617790525411,-0.0530962911073917,-0.0451717470020786,0 days 00:04:56.752797
191,ExpGrad.01,2,0.61336,-0.0076453884198827,-0.0105128312598169,-0.0077970724681487,-0.0105128312598169,-0.0055738047649849,0 days 00:03:02.749866
192,RedGrid25,2,0.705766,-0.0576660873007138,-0.080206545236576,-0.0721887827936722,-0.080206545236576,-0.0293554849033308,0 days 00:13:59.252909
193,RedGrid5,2,0.705766,-0.0576660873007138,-0.080206545236576,-0.0721887827936722,-0.080206545236576,-0.0293554849033308,0 days 00:13:58.906708
194,RedGrid75,2,0.670453,-0.0313810187181804,-0.058699945189652,-0.0364530512316534,-0.058699945189652,-0.0083723806461084,0 days 00:13:56.045049
195,ExpGrad.1,1,0.713137,-0.0463691422507011,-0.1143275749953236,-0.1143275749953236,-0.0525122896553824,-0.0408733553018105,0 days 00:02:49.759421
196,ExpGrad.01,1,0.57632,-5.505620017553357e-05,-0.0028081983657951,-0.0028081983657951,0.0,0.0,0 days 00:02:36.467174
197,RedGrid25,1,0.702279,-0.0215844070818752,-0.1119038761319994,-0.1119038761319994,-0.025182539990077,-0.0167982333358194,0 days 00:12:05.478587
198,RedGrid5,1,0.702279,-0.0215844070818752,-0.1119038761319994,-0.1119038761319994,-0.025182539990077,-0.0167982333358194,0 days 00:12:07.011142
199,RedGrid75,1,0.702279,-0.0215844070818752,-0.1119038761319994,-0.1119038761319994,-0.025182539990077,-0.0167982333358194,0 days 00:11:48.326510
200,ExpGrad.1,0,0.706478,-0.0772507678042749,-0.0947545404400214,-0.0947545404400214,-0.0647750653367994,-0.068765893479373,0 days 00:04:04.409146
201,ExpGrad.01,0,0.689301,-0.0125348430070381,-0.018204282705086,-0.018204282705086,-0.0092931372503246,-0.0093453919160906,0 days 00:08:12.424416
202,RedGrid25,0,0.695757,-0.0661783491956841,-0.0845291050912363,-0.0586195060559447,-0.0845291050912363,-0.0626853868705425,0 days 00:14:29.377678
203,RedGrid5,0,0.695757,-0.0661783491956841,-0.0845291050912363,-0.0586195060559447,-0.0845291050912363,-0.0626853868705425,0 days 00:14:34.329356
204,RedGrid75,0,0.695757,-0.0661783491956841,-0.0845291050912363,-0.0586195060559447,-0.0845291050912363,-0.0626853868705425,0 days 00:14:26.762454
205,ExpGrad.1,0,0.706618,-0.0831093910665177,-0.0998014396038747,-0.0998014396038747,-0.074904308349775,-0.072992025737565,0 days 00:02:32.987049
206,ExpGrad.01,0,0.689601,-0.0140607835089218,-0.0193889522964426,-0.0193889522964426,-0.0139337396546673,-0.009449479911809,0 days 00:06:07.050497
207,RedGrid25,0,0.682035,-0.1156882061349553,-0.1494649679609107,-0.1494649679609107,-0.0979432484887754,-0.0958485689390232,0 days 00:10:34.285554
208,RedGrid5,0,0.682035,-0.1156882061349553,-0.1494649679609107,-0.1494649679609107,-0.0979432484887754,-0.0958485689390232,0 days 00:09:49.553287
209,RedGrid75,0,0.682035,-0.1156882061349553,-0.1494649679609107,-0.1494649679609107,-0.0979432484887754,-0.0958485689390232,0 days 00:09:35.442737
210,ExpGrad.1,2,0.710902,-0.0609908070512483,-0.0967132363642487,-0.0967132363642487,-0.0351704505755527,-0.0466659467226305,0 days 00:02:33.644263
211,ExpGrad.01,2,0.618586,-0.0078547239708764,-0.0113844648231288,-0.0097297706145388,0.0,-0.0113844648231288,0 days 00:05:38.112204
212,RedGrid25,2,0.69554,-0.0468686129424866,-0.0878267623299846,-0.0878267623299846,0.0,-0.0418171471963537,0 days 00:13:23.871048
213,RedGrid5,2,0.690438,-0.0439479020539913,-0.0841490439191925,-0.0841490439191925,0.0,-0.0376363767272606,0 days 00:13:27.011893
214,RedGrid75,2,0.690438,-0.0439479020539913,-0.0841490439191925,-0.0841490439191925,0.0,-0.0376363767272606,0 days 00:13:23.566318
215,ExpGrad.1,1,0.709392,-0.0291325959057028,-0.107082193320474,-0.107082193320474,-0.038331878710523,-0.0215794526102875,0 days 00:03:37.255106
216,ExpGrad.01,1,0.595101,0.0,0.0,0.0,0.0,0.0,0 days 00:07:27.475392
217,RedGrid25,1,0.707579,-0.0623715033097641,-0.1411093268257359,-0.1411093268257359,-0.0660889146037376,-0.0578342958821551,0 days 00:16:02.060307
218,RedGrid5,1,0.699675,-0.0019951348121264,-0.100665236411496,-0.100665236411496,0.0,0.0,0 days 00:15:59.737054
219,RedGrid75,1,0.699675,-0.0019951348121264,-0.100665236411496,-0.100665236411496,0.0,0.0,0 days 00:15:53.690758
220,ExpGrad.1,1,0.710491,-0.0413081344497583,-0.1216520801567183,-0.1216520801567183,-0.0562415368854787,-0.0305636790616919,0 days 00:03:07.582081
221,ExpGrad.01,1,0.597753,-0.0002147771207416,-0.0110397406503729,-0.0110397406503729,0.0,0.0,0 days 00:03:45.771964
222,RedGrid25,1,0.707234,-0.072976160878513,-0.1454636375285004,-0.1454636375285004,-0.0788534823052126,-0.067487735860012,0 days 00:13:39.098855
223,RedGrid5,1,0.699569,-0.0048484206440913,-0.1067424154466233,-0.1067424154466233,0.0,-0.0043917662180702,0 days 00:13:36.241743
224,RedGrid75,1,0.699569,-0.0048484206440913,-0.1067424154466233,-0.1067424154466233,0.0,-0.0043917662180702,0 days 00:12:25.598538
225,ExpGrad.1,1,0.712111,-0.0453026752439154,-0.1253833168825159,-0.1253833168825159,-0.0329427156544813,-0.0496661040069635,0 days 00:02:46.147539
226,ExpGrad.01,1,0.582716,0.0,0.0,0.0,0.0,0.0,0 days 00:03:17.938487
227,RedGrid25,1,0.700145,-0.0053513280721641,-0.1048913012607625,-0.1048913012607625,-0.0047185721176689,-0.0026143283290464,0 days 00:11:56.526480
228,RedGrid5,1,0.700145,-0.0053513280721641,-0.1048913012607625,-0.1048913012607625,-0.0047185721176689,-0.0026143283290464,0 days 00:13:11.351283
229,RedGrid75,1,0.700145,-0.0053513280721641,-0.1048913012607625,-0.1048913012607625,-0.0047185721176689,-0.0026143283290464,0 days 00:13:09.140616
230,ExpGrad.1,1,0.711683,-0.046147995272233,-0.1140997960902824,-0.1140997960902824,-0.0494744355571384,-0.0422033886211528,0 days 00:02:14.457104
231,ExpGrad.01,1,0.595504,-0.0002162694070213,-0.0110370789601661,-0.0110370789601661,0.0,0.0,0 days 00:03:31.383677
232,RedGrid25,1,0.707621,-0.0738925857862597,-0.1372789357232611,-0.1372789357232611,-0.0853661557997492,-0.0655913157416219,0 days 00:13:43.360300
233,RedGrid5,1,0.707621,-0.0738925857862597,-0.1372789357232611,-0.1372789357232611,-0.0853661557997492,-0.0655913157416219,0 days 00:14:16.729428
234,RedGrid75,1,0.699533,-0.0017457461671181,-0.0890922972244156,-0.0890922972244156,0.0,0.0,0 days 00:13:36.677347
235,ExpGrad.1,0,0.706677,-0.0845722865352892,-0.1025144142772669,-0.1025144142772669,-0.0756146802157442,-0.0737681969143161,0 days 00:03:28.824959
236,ExpGrad.01,0,0.68646,-0.0093159843294102,-0.0152659444151128,-0.0152659444151128,-0.006035205806913,-0.0059045144569522,0 days 00:09:14.613530
237,RedGrid25,0,0.687041,-0.082059536240686,-0.1144181972396201,-0.1144181972396201,-0.0077863311042832,-0.0946767426528487,0 days 00:12:31.095667
238,RedGrid5,0,0.687041,-0.082059536240686,-0.1144181972396201,-0.1144181972396201,-0.0077863311042832,-0.0946767426528487,0 days 00:12:45.673357
239,RedGrid75,0,0.664647,-0.0550829581375589,-0.1116969952506475,-0.1116969952506475,-0.0016164827189524,-0.0349127136263401,0 days 00:12:34.875598
240,ExpGrad.1,2,0.715694,-0.0672526397535593,-0.0969024591138148,-0.0969024591138148,-0.0727263117824351,-0.0372659378218567,0 days 00:02:16.790947
241,ExpGrad.01,2,0.612632,-0.0032933052505833,-0.0095070198679819,-0.0095070198679819,0.0,0.0,0 days 00:02:08.626510
242,RedGrid25,2,0.718954,-0.0790572429207981,-0.0987072095591699,-0.0987072095591699,-0.0870837051410994,-0.0562209926290034,0 days 00:08:18.493312
243,RedGrid5,2,0.675717,-0.0320556869655681,-0.0510752982433617,-0.0510752982433617,0.0,-0.0367773708443527,0 days 00:08:18.699419
244,RedGrid75,2,0.675717,-0.0320556869655681,-0.0510752982433617,-0.0510752982433617,0.0,-0.0367773708443527,0 days 00:08:15.590083
245,ExpGrad.1,0,0.706072,-0.0810764724463803,-0.0987023551029746,-0.0987023551029746,-0.0721292887596112,-0.0705640030504171,0 days 00:03:13.858048
246,ExpGrad.01,0,0.68681,-0.0120354237769079,-0.0174545271198797,-0.0174545271198797,-0.0100999751860426,-0.0083520978855141,0 days 00:06:43.596511
247,RedGrid25,0,0.687093,-0.0797160892817332,-0.1108252803174999,-0.1108252803174999,-0.0069992913162422,-0.0926659030182768,0 days 00:10:45.544487
248,RedGrid5,0,0.687093,-0.0797160892817332,-0.1108252803174999,-0.1108252803174999,-0.0069992913162422,-0.0926659030182768,0 days 00:10:50.617762
249,RedGrid75,0,0.660613,-0.0482603023152995,-0.1062490643190514,-0.1062490643190514,0.0,-0.0240923853255666,0 days 00:11:10.840945
250,ExpGrad.1,2,0.711631,-0.0613246827275361,-0.0949329981501648,-0.0949329981501648,-0.0664980713655088,-0.0281230404986967,0 days 00:02:48.879405
251,ExpGrad.01,2,0.621201,-0.0119199456419841,-0.0187220438868239,-0.0187220438868239,-0.0143407740267584,-0.0042844313218436,0 days 00:04:26.058573
252,RedGrid25,2,0.723763,-0.0820835525695725,-0.1091394152923149,-0.1091394152923149,-0.0811978057056382,-0.0587216302033059,0 days 00:15:04.554295
253,RedGrid5,2,0.697601,-0.0420661824931432,-0.0748568337088719,-0.0748568337088719,-0.0616241063772846,0.0,0 days 00:15:03.530871
254,RedGrid75,2,0.674637,-0.0306626917120453,-0.0525986656694238,-0.0525986656694238,-0.0475293607608748,0.0,0 days 00:15:01.206433
255,ExpGrad.1,0,0.706762,-0.0815662852935667,-0.0985153389450637,-0.0985153389450637,-0.0708973686991838,-0.072633626699049,0 days 00:02:38.353899
256,ExpGrad.01,0,0.683489,-0.0100819172445008,-0.0146411082717304,-0.0146411082717304,-0.0072360439999472,-0.0076657811881113,0 days 00:04:56.351958
257,RedGrid25,0,0.686885,-0.0812980142524307,-0.1120165746201875,-0.1120165746201875,-0.0064742316810696,-0.0958718667623061,0 days 00:09:48.349806
258,RedGrid5,0,0.686885,-0.0812980142524307,-0.1120165746201875,-0.1120165746201875,-0.0064742316810696,-0.0958718667623061,0 days 00:09:13.304827
259,RedGrid75,0,0.686885,-0.0812980142524307,-0.1120165746201875,-0.1120165746201875,-0.0064742316810696,-0.0958718667623061,0 days 00:09:01.559201
260,ExpGrad.1,2,0.711925,-0.0593811682053778,-0.0935966762008448,-0.0935966762008448,-0.0732835965176131,-0.0198391986542676,0 days 00:02:23.419528
261,ExpGrad.01,2,0.621218,-0.0101582058738522,-0.0132072772540112,-0.0059293714772598,-0.0111835351451724,-0.0132072772540112,0 days 00:03:21.010090
262,RedGrid25,2,0.717714,-0.074456821474391,-0.0990974730438357,-0.0990974730438357,-0.076676689113237,-0.0512006327486611,0 days 00:10:55.373511
263,RedGrid5,2,0.675699,-0.0289428738649898,-0.0454022415409573,-0.0420496098258068,-0.0454022415409573,-0.0063365769746638,0 days 00:10:50.860680
264,RedGrid75,2,0.675699,-0.0289428738649898,-0.0454022415409573,-0.0420496098258068,-0.0454022415409573,-0.0063365769746638,0 days 00:10:31.676068
265,ExpGrad.1,1,0.710434,-0.0282331748683496,-0.1108688733583276,-0.1108688733583276,-0.0238098849624088,-0.028115946283544,0 days 00:02:53.143303
266,ExpGrad.01,1,0.600898,-0.0010399966975169,-0.0198317149710572,-0.0198317149710572,-0.0018635098262719,0.0,0 days 00:04:48.185079
267,RedGrid25,1,0.699556,-0.0032629078963491,-0.0989715940108397,-0.0989715940108397,0.0,-0.0020967572289418,0 days 00:14:22.489181
268,RedGrid5,1,0.699556,-0.0032629078963491,-0.0989715940108397,-0.0989715940108397,0.0,-0.0020967572289418,0 days 00:14:25.673359
269,RedGrid75,1,0.699556,-0.0032629078963491,-0.0989715940108397,-0.0989715940108397,0.0,-0.0020967572289418,0 days 00:14:23.971614
270,ExpGrad.1,2,0.689832,-0.0495798865151988,-0.0815971846464819,-0.0815971846464819,-0.0276495794709193,-0.0360163947715519,0 days 00:02:04.672447
271,ExpGrad.01,2,0.619912,-0.0034339958324465,-0.0099336426688969,-0.0099336426688969,0.0,0.0,0 days 00:05:27.881586
272,RedGrid25,2,0.704265,-0.0553763032975349,-0.0794996362157987,-0.0782987923058823,-0.0794996362157987,-0.0190412314006313,0 days 00:13:34.796250
273,RedGrid5,2,0.661657,-0.0157716583802636,-0.0456232407637587,-0.0456232407637587,0.0,0.0,0 days 00:13:34.919506
274,RedGrid75,2,0.661657,-0.0157716583802636,-0.0456232407637587,-0.0456232407637587,0.0,0.0,0 days 00:13:34.783313
275,ExpGrad.1,1,0.710026,-0.0279780259692258,-0.1042419592024735,-0.1042419592024735,-0.0355997546054632,-0.0214241777022958,0 days 00:02:24.391810
276,ExpGrad.01,1,0.584901,-8.243428580091992e-05,-0.0042509464469454,-0.0042509464469454,0.0,0.0,0 days 00:02:17.676277
277,RedGrid25,1,0.700836,-0.0134537500327048,-0.102018045949868,-0.102018045949868,-0.0016141553582339,-0.0172776594966836,0 days 00:11:23.896294
278,RedGrid5,1,0.700836,-0.0134537500327048,-0.102018045949868,-0.102018045949868,-0.0016141553582339,-0.0172776594966836,0 days 00:11:42.210281
279,RedGrid75,1,0.700836,-0.0134537500327048,-0.102018045949868,-0.102018045949868,-0.0016141553582339,-0.0172776594966836,0 days 00:11:49.107978
280,ExpGrad.1,0,0.706683,-0.0829541065162746,-0.1006724298153093,-0.1006724298153093,-0.0733489492305479,-0.0727251019213919,0 days 00:03:43.403934
281,ExpGrad.01,0,0.687238,-0.0149191510682723,-0.0208817548536038,-0.0208817548536038,-0.0114337882707943,-0.0116174749817565,0 days 00:07:04.738505
282,RedGrid25,0,0.694077,-0.0367222180437218,-0.0436994861644023,-0.039794935216474,-0.0193091648784129,-0.0436994861644023,0 days 00:13:59.490122
283,RedGrid5,0,0.694077,-0.0367222180437218,-0.0436994861644023,-0.039794935216474,-0.0193091648784129,-0.0436994861644023,0 days 00:13:51.239541
284,RedGrid75,0,0.694077,-0.0367222180437218,-0.0436994861644023,-0.039794935216474,-0.0193091648784129,-0.0436994861644023,0 days 00:13:50.069018
285,ExpGrad.1,2,0.719103,-0.0673595383050241,-0.1033238313676229,-0.1033238313676229,-0.0479840693143763,-0.048115164208898,0 days 00:02:15.220581
286,ExpGrad.01,2,0.625978,-0.0096060969367454,-0.0108739339487222,-0.0099275012735919,-0.0108739339487222,-0.0084524746673198,0 days 00:04:40.227282
287,RedGrid25,2,0.707129,-0.0596336891912681,-0.1105519929988417,-0.1105519929988417,-0.0036935311151344,-0.0518080818267979,0 days 00:10:43.235852
288,RedGrid5,2,0.700223,-0.0500790934160233,-0.0902807586437861,-0.0902807586437861,0.0,-0.0479282735698899,0 days 00:10:41.178706
289,RedGrid75,2,0.700223,-0.0500790934160233,-0.0902807586437861,-0.0902807586437861,0.0,-0.0479282735698899,0 days 00:10:43.089091
290,ExpGrad.1,0,0.706591,-0.0762713201786197,-0.0948029316407608,-0.0948029316407608,-0.0637798266903807,-0.066892874452343,0 days 00:03:28.944332
291,ExpGrad.01,0,0.688872,-0.016565778509746,-0.0210520608061426,-0.0210520608061426,-0.015837726709206,-0.0130257769566562,0 days 00:07:44.863631
292,RedGrid25,0,0.69619,-0.063938230330315,-0.0810216433139547,-0.0580342180633985,-0.0810216433139547,-0.0596802779878546,0 days 00:12:29.820960
293,RedGrid5,0,0.69619,-0.063938230330315,-0.0810216433139547,-0.0580342180633985,-0.0810216433139547,-0.0596802779878546,0 days 00:12:30.941556
294,RedGrid75,0,0.69619,-0.063938230330315,-0.0810216433139547,-0.0580342180633985,-0.0810216433139547,-0.0596802779878546,0 days 00:12:10.920510
295,ExpGrad.1,0,0.707432,-0.0823026035303147,-0.0994030368994989,-0.0994030368994989,-0.0726743047001384,-0.0725995742025865,0 days 00:03:36.882718
296,ExpGrad.01,0,0.687869,-0.0125042136596766,-0.018155917944327,-0.018155917944327,-0.0075325697525405,-0.0102864366194901,0 days 00:05:52.605255
297,RedGrid25,0,0.683054,-0.1133733835877564,-0.147682779863486,-0.147682779863486,-0.0929213524699479,-0.094532706359924,0 days 00:12:36.304253
298,RedGrid5,0,0.683054,-0.1133733835877564,-0.147682779863486,-0.147682779863486,-0.0929213524699479,-0.094532706359924,0 days 00:12:35.573077
299,RedGrid75,0,0.683054,-0.1133733835877564,-0.147682779863486,-0.147682779863486,-0.0929213524699479,-0.094532706359924,0 days 00:12:36.087362
300,ExpGrad.1,0,0.707284,-0.0812293273426141,-0.098320585735344,-0.098320585735344,-0.0721811900857331,-0.0712596539140481,0 days 00:04:32.085630
301,ExpGrad.01,0,0.686512,-0.0133161762232286,-0.0171607277121454,-0.0171607277121454,-0.0107232257710321,-0.0113806620390262,0 days 00:07:56.697999
302,RedGrid25,0,0.691567,-0.0224055935676203,-0.0269350751420986,-0.0269350751420986,-0.0078446857361232,-0.0264615684671387,0 days 00:19:12.819678
303,RedGrid5,0,0.691567,-0.0224055935676203,-0.0269350751420986,-0.0269350751420986,-0.0078446857361232,-0.0264615684671387,0 days 00:19:12.802972
304,RedGrid75,0,0.691567,-0.0224055935676203,-0.0269350751420986,-0.0269350751420986,-0.0078446857361232,-0.0264615684671387,0 days 00:19:12.540294
305,ExpGrad.1,2,0.723008,-0.0716462751792705,-0.1002930485915137,-0.1002930485915137,-0.0731829845740019,-0.0455209706935679,0 days 00:03:16.281859
306,ExpGrad.01,2,0.633856,-0.0087743306059978,-0.0183303045950155,-0.0183303045950155,-0.0093763837719903,0.0,0 days 00:03:50.071335
307,RedGrid25,2,0.717881,-0.0739136857717687,-0.0897492491283502,-0.0897492491283502,-0.0829907829537557,-0.0540014961008187,0 days 00:11:22.506020
308,RedGrid5,2,0.678908,-0.0333384568972552,-0.0528492924639311,-0.0528492924639311,0.0,-0.0384072348624391,0 days 00:11:03.994882
309,RedGrid75,2,0.653798,-0.0206859095192306,-0.0372686102142045,-0.0372686102142045,-0.0299419734128307,0.0,0 days 00:11:21.676643
310,ExpGrad.1,1,0.712463,-0.0452264680535206,-0.1292535876891951,-0.1292535876891951,-0.0400343430464249,-0.0454938852424245,0 days 00:02:54.132172
311,ExpGrad.01,1,0.581736,-0.0110838391545765,-0.0154829483185177,-0.0135574196308962,-0.0029737463384968,-0.0154829483185177,0 days 00:02:55.685483
312,RedGrid25,1,0.706794,-0.0641642276363993,-0.1357224138227943,-0.1357224138227943,-0.0651111527403665,-0.0614292904921587,0 days 00:13:14.510761
313,RedGrid5,1,0.706794,-0.0641642276363993,-0.1357224138227943,-0.1357224138227943,-0.0651111527403665,-0.0614292904921587,0 days 00:13:15.014122
314,RedGrid75,1,0.706794,-0.0641642276363993,-0.1357224138227943,-0.1357224138227943,-0.0651111527403665,-0.0614292904921587,0 days 00:12:27.417924
315,ExpGrad.1,2,0.718633,-0.0626475354865804,-0.1045776785268609,-0.1045776785268609,-0.0300036786254369,-0.0469950659120282,0 days 00:02:56.716760
316,ExpGrad.01,2,0.624674,-0.0059490418959449,-0.0108726222921121,-0.0108726222921121,0.0,-0.0055076107729006,0 days 00:04:26.377606
317,RedGrid25,2,0.716687,-0.0704554098147244,-0.1100283425705092,-0.1100283425705092,-0.0880697951723912,-0.0237225367779044,0 days 00:11:20.578897
318,RedGrid5,2,0.698001,-0.0466150680365333,-0.1047390850646245,-0.1047390850646245,0.0,-0.0258175857853044,0 days 00:11:23.382317
319,RedGrid75,2,0.68409,-0.0387395863190095,-0.0746695652047251,-0.0746695652047251,0.0,-0.0324334605501545,0 days 00:11:12.906384
320,ExpGrad.1,0,0.707291,-0.0807369683294801,-0.0995726128704866,-0.0995726128704866,-0.0715786918773694,-0.0692732220279273,0 days 00:03:52.812483
321,ExpGrad.01,0,0.687623,-0.0136616583638053,-0.0184577333093364,-0.0184577333093364,-0.0114488655639027,-0.010676795523242,0 days 00:09:08.916433
322,RedGrid25,0,0.686352,-0.1216052351882755,-0.1523425870502194,-0.1523425870502194,-0.0994082672733975,-0.1069070899514536,0 days 00:14:16.508036
323,RedGrid5,0,0.686352,-0.1216052351882755,-0.1523425870502194,-0.1523425870502194,-0.0994082672733975,-0.1069070899514536,0 days 00:14:14.668653
324,RedGrid75,0,0.686352,-0.1216052351882755,-0.1523425870502194,-0.1523425870502194,-0.0994082672733975,-0.1069070899514536,0 days 00:13:42.243108
325,ExpGrad.1,2,0.712217,-0.0523881890480072,-0.0928687895858657,-0.0928687895858657,-0.0316143127436665,-0.0301273337870787,0 days 00:02:49.756562
326,ExpGrad.01,2,0.620253,-0.0085246604543442,-0.0178796690140628,-0.0178796690140628,-0.0047273739937487,-0.0027137581964468,0 days 00:03:55.138330
327,RedGrid25,2,0.719641,-0.0818316484428881,-0.0946881708655043,-0.0917522799523855,-0.0946881708655043,-0.0644569945424923,0 days 00:14:29.376247
328,RedGrid5,2,0.703594,-0.0548979818186061,-0.0817218566289993,-0.075517328114629,-0.0817218566289993,-0.0187179062244783,0 days 00:14:25.010117
329,RedGrid75,2,0.697066,-0.0437664725805283,-0.0745621000965284,-0.0659065926372616,-0.0745621000965284,-0.0035941347690043,0 days 00:14:09.535941
330,ExpGrad.1,1,0.707369,-0.0187252186995712,-0.0888215921077867,-0.0888215921077867,-0.0225597321487938,-0.0144433237896138,0 days 00:01:58.106521
331,ExpGrad.01,1,0.585571,-0.00011910371922,-0.0061321409579104,-0.0061321409579104,0.0,0.0,0 days 00:03:21.104782
332,RedGrid25,1,0.699297,-0.0105090851181966,-0.0957906270704746,-0.0957906270704746,-0.0023116727010004,-0.0124253266172744,0 days 00:11:32.698460
333,RedGrid5,1,0.699297,-0.0105090851181966,-0.0957906270704746,-0.0957906270704746,-0.0023116727010004,-0.0124253266172744,0 days 00:11:32.005225
334,RedGrid75,1,0.699297,-0.0105090851181966,-0.0957906270704746,-0.0957906270704746,-0.0023116727010004,-0.0124253266172744,0 days 00:11:22.151180
335,ExpGrad.1,0,0.706591,-0.0737285198688997,-0.0919555002127654,-0.0919555002127654,-0.060222555622339,-0.0651814894055118,0 days 00:03:32.826962
336,ExpGrad.01,0,0.685674,-0.0160905563523615,-0.0201894969916034,-0.0201894969916034,-0.0124828172543529,-0.014483408964606,0 days 00:05:36.864169
337,RedGrid25,0,0.695379,-0.0536815687290529,-0.0744514579711547,-0.0502083360721417,-0.0744514579711547,-0.0452648428264035,0 days 00:12:11.872228
338,RedGrid5,0,0.695379,-0.0536815687290529,-0.0744514579711547,-0.0502083360721417,-0.0744514579711547,-0.0452648428264035,0 days 00:12:40.418958
339,RedGrid75,0,0.695379,-0.0536815687290529,-0.0744514579711547,-0.0502083360721417,-0.0744514579711547,-0.0452648428264035,0 days 00:12:42.001453
340,ExpGrad.1,1,0.712812,-0.0516562867226154,-0.1208965796984488,-0.1208965796984488,-0.0460925463260982,-0.0525836818836796,0 days 00:04:09.435921
341,ExpGrad.01,1,0.614142,-0.0064490366703472,-0.0234824045999971,-0.0234824045999971,0.0,-0.0094679938462742,0 days 00:07:38.221912
342,RedGrid25,1,0.707747,-0.0603221309851412,-0.133007826316775,-0.133007826316775,-0.0603874195552486,-0.0580513566897988,0 days 00:14:31.654069
343,RedGrid5,1,0.707747,-0.0603221309851412,-0.133007826316775,-0.133007826316775,-0.0603874195552486,-0.0580513566897988,0 days 00:14:28.641093
344,RedGrid75,1,0.707747,-0.0603221309851412,-0.133007826316775,-0.133007826316775,-0.0603874195552486,-0.0580513566897988,0 days 00:14:30.951680
345,ExpGrad.1,0,0.707272,-0.082926443417126,-0.1009143585730015,-0.1009143585730015,-0.0737506057887219,-0.0722130379460779,0 days 00:03:30.947356
346,ExpGrad.01,0,0.686842,-0.0119624967256106,-0.0175434105476671,-0.0175434105476671,-0.0098327010619971,-0.0082407610788615,0 days 00:06:21.246051
347,RedGrid25,0,0.687031,-0.080531280792605,-0.1141061985176367,-0.1141061985176367,-0.0039733094333216,-0.0935036326313202,0 days 00:13:31.161667
348,RedGrid5,0,0.687031,-0.080531280792605,-0.1141061985176367,-0.1141061985176367,-0.0039733094333216,-0.0935036326313202,0 days 00:13:31.939380
349,RedGrid75,0,0.66433,-0.0526965701054849,-0.1092261808206515,-0.1092261808206515,0.0,-0.032264524298439,0 days 00:13:31.617659
350,ExpGrad.1,2,0.688049,-0.0425704903709516,-0.0666456300001534,-0.0666456300001534,-0.0496642029243002,-0.0163087606644615,0 days 00:02:42.484292
351,ExpGrad.01,2,0.606955,-0.0002983375093118,-0.0008560718461712,-0.0008560718461712,0.0,0.0,0 days 00:03:33.707465
352,RedGrid25,2,0.730871,-0.0980169385921209,-0.123190134612024,-0.123190134612024,-0.1050359116688812,-0.0708243236919854,0 days 00:14:59.186927
353,RedGrid5,2,0.711647,-0.0534737930987805,-0.0964406754546289,-0.0964406754546289,-0.0557256537513658,-0.0135794298294485,0 days 00:14:59.475180
354,RedGrid75,2,0.652791,-0.0103707258628261,-0.0297585323950781,-0.0297585323950781,0.0,0.0,0 days 00:14:59.835180
355,ExpGrad.1,1,0.711004,-0.0387758468854925,-0.1141551449616014,-0.1141551449616014,-0.0381941880453869,-0.0367386105485129,0 days 00:02:29.947771
356,ExpGrad.01,1,0.601291,-0.0012036708972291,-0.0095908275345006,-0.0095908275345006,-0.0029033187298115,0.0,0 days 00:03:59.612689
357,RedGrid25,1,0.706023,-0.0669768065558915,-0.13293906980084,-0.13293906980084,-0.0834135090856386,-0.0558106157494637,0 days 00:12:41.655908
358,RedGrid5,1,0.698368,-0.001813082466939,-0.0918166913165347,-0.0918166913165347,0.0,0.0,0 days 00:12:53.611859
359,RedGrid75,1,0.698368,-0.001813082466939,-0.0918166913165347,-0.0918166913165347,0.0,0.0,0 days 00:12:49.960055
360,ExpGrad.1,0,0.707198,-0.0803323388807327,-0.0983063862830312,-0.0983063862830312,-0.0704853585818156,-0.0700233649360565,0 days 00:03:21.294359
361,ExpGrad.01,0,0.686752,-0.0140605406445527,-0.0197027085744929,-0.0197027085744929,-0.0094215089248853,-0.011682629086921,0 days 00:05:58.017943
362,RedGrid25,0,0.683962,-0.1129606646565283,-0.1487121343159065,-0.1487121343159065,-0.0909641583698155,-0.0937916310199112,0 days 00:12:15.287311
363,RedGrid5,0,0.683962,-0.1129606646565283,-0.1487121343159065,-0.1487121343159065,-0.0909641583698155,-0.0937916310199112,0 days 00:12:10.614053
364,RedGrid75,0,0.683962,-0.1129606646565283,-0.1487121343159065,-0.1487121343159065,-0.0909641583698155,-0.0937916310199112,0 days 00:12:15.690457
365,ExpGrad.1,2,0.70141,-0.0592674490671756,-0.0742159697109135,-0.0742159697109135,-0.0647351852307574,-0.0423565653856159,0 days 00:02:52.214337
366,ExpGrad.01,2,0.609731,-0.004649555667445,-0.0102799671330391,-0.0056345948044778,-0.0102799671330391,0.0,0 days 00:04:21.844357
367,RedGrid25,2,0.721241,-0.090122916742042,-0.1048744288563809,-0.0943107679630972,-0.1048744288563809,-0.0765174844315552,0 days 00:12:16.601183
368,RedGrid5,2,0.689682,-0.0583626626874607,-0.0678715547232782,-0.0602732559137358,-0.0678715547232782,-0.0502914499882111,0 days 00:12:14.870395
369,RedGrid75,2,0.622914,-0.011085874886983,-0.0228038509664385,0.0,-0.0228038509664385,-0.0130465624924072,0 days 00:12:06.128769
370,ExpGrad.1,2,0.699051,-0.0493216441968094,-0.0834391628519343,-0.0834391628519343,-0.0294533353691693,-0.0321503082235446,0 days 00:02:46.252820
371,ExpGrad.01,2,0.625547,-0.0119874284167998,-0.0174818398819295,-0.0147697432601588,0.0,-0.0174818398819295,0 days 00:04:12.755811
372,RedGrid25,2,0.719349,-0.0824156671941237,-0.1015199422484089,-0.1015199422484089,-0.0930867358186491,-0.0583046164240383,0 days 00:11:46.184335
373,RedGrid5,2,0.673381,-0.0301076080807333,-0.0521768842708202,-0.0521768842708202,0.0,-0.0304761019905286,0 days 00:11:49.150843
374,RedGrid75,2,0.673381,-0.0301076080807333,-0.0521768842708202,-0.0521768842708202,0.0,-0.0304761019905286,0 days 00:11:42.033241
375,ExpGrad.1,1,0.705887,-0.0058818860281237,-0.0954034144343518,-0.0954034144343518,-0.0012301647069641,-0.0056763946726878,0 days 00:02:04.854720
376,ExpGrad.01,1,0.574613,-0.001390361646696,-0.0073742778206936,-0.0073742778206936,0.0,-0.0019751794740944,0 days 00:03:00.586424
377,RedGrid25,1,0.708759,-0.0637522292070374,-0.1365357084576045,-0.1365357084576045,-0.0629387290556301,-0.061939104169909,0 days 00:11:01.548025
378,RedGrid5,1,0.696835,-0.0017394799814801,-0.0886610392972207,-0.0886610392972207,0.0,0.0,0 days 00:10:57.859842
379,RedGrid75,1,0.696835,-0.0017394799814801,-0.0886610392972207,-0.0886610392972207,0.0,0.0,0 days 00:10:56.179932
380,ExpGrad.1,0,0.706013,-0.0781308720467507,-0.0966491259324722,-0.0966491259324722,-0.0687215290643842,-0.0670853318515313,0 days 00:02:44.803517
381,ExpGrad.01,0,0.685273,-0.0097877009708132,-0.014669992834587,-0.014669992834587,-0.0052730144510841,-0.0080013128504968,0 days 00:06:28.136222
382,RedGrid25,0,0.693335,-0.0337918410605927,-0.038893147400316,-0.0374804046264758,-0.0187257835986364,-0.038893147400316,0 days 00:09:54.148338
383,RedGrid5,0,0.693335,-0.0337918410605927,-0.038893147400316,-0.0374804046264758,-0.0187257835986364,-0.038893147400316,0 days 00:09:22.205609
384,RedGrid75,0,0.693335,-0.0337918410605927,-0.038893147400316,-0.0374804046264758,-0.0187257835986364,-0.038893147400316,0 days 00:09:20.457888
385,ExpGrad.1,1,0.711728,-0.0394534776341047,-0.1095792808383596,-0.1095792808383596,-0.0346979251358429,-0.039908932324409,0 days 00:04:02.655122
386,ExpGrad.01,1,0.605536,-0.0011553826744028,-0.0034348351977702,-0.0034348351977702,-0.0031196218738494,0.0,0 days 00:03:18.316099
387,RedGrid25,1,0.70652,-0.061876300990798,-0.1268612749909733,-0.1268612749909733,-0.0749210854061794,-0.0526600869128816,0 days 00:12:58.233319
388,RedGrid5,1,0.70652,-0.061876300990798,-0.1268612749909733,-0.1268612749909733,-0.0749210854061794,-0.0526600869128816,0 days 00:13:00.788285
389,RedGrid75,1,0.70652,-0.061876300990798,-0.1268612749909733,-0.1268612749909733,-0.0749210854061794,-0.0526600869128816,0 days 00:13:08.678980
390,ExpGrad.1,0,0.706566,-0.0779829821973864,-0.0961711297054833,-0.0961711297054833,-0.0675897348185321,-0.0677859542880457,0 days 00:02:35.085487
391,ExpGrad.01,0,0.687791,-0.0121671182298454,-0.0181681253153628,-0.0181681253153628,-0.0111899665172897,-0.0074422478046209,0 days 00:06:00.487022
392,RedGrid25,0,0.686336,-0.0811669312249989,-0.1123329730784422,-0.1123329730784422,-0.0063851866387665,-0.095304346419476,0 days 00:09:02.536679
393,RedGrid5,0,0.686336,-0.0811669312249989,-0.1123329730784422,-0.1123329730784422,-0.0063851866387665,-0.095304346419476,0 days 00:08:49.622988
394,RedGrid75,0,0.686336,-0.0811669312249989,-0.1123329730784422,-0.1123329730784422,-0.0063851866387665,-0.095304346419476,0 days 00:08:37.131506
395,ExpGrad.1,1,0.712621,-0.044586396350509,-0.1144059849360316,-0.1144059849360316,-0.0346341795900941,-0.0479224767622065,0 days 00:03:08.708164
396,ExpGrad.01,1,0.581158,-0.0052289559849169,-0.0080883689891655,-0.0066000621498129,0.0,-0.0080883689891655,0 days 00:04:11.341806
397,RedGrid25,1,0.701669,-0.0119568163048953,-0.1064964778120055,-0.1064964778120055,0.0,-0.0156308965024464,0 days 00:13:51.741809
398,RedGrid5,1,0.701669,-0.0119568163048953,-0.1064964778120055,-0.1064964778120055,0.0,-0.0156308965024464,0 days 00:14:13.535615
399,RedGrid75,1,0.701669,-0.0119568163048953,-0.1064964778120055,-0.1064964778120055,0.0,-0.0156308965024464,0 days 00:14:41.313203
400,ExpGrad.1,2,0.682635,-0.0453835366959195,-0.0741424877910185,-0.0741424877910185,-0.0034379906715191,-0.0479233570270006,0 days 00:03:50.850172
401,ExpGrad.01,2,0.622945,-0.0041287277578769,-0.0119297870905886,-0.0119297870905886,0.0,0.0,0 days 00:06:56.641005
402,RedGrid25,2,0.695514,-0.0649981226936611,-0.0935130342017935,-0.0935130342017935,0.0,-0.083073032822141,0 days 00:14:41.507557
403,RedGrid5,2,0.695514,-0.0649981226936611,-0.0935130342017935,-0.0935130342017935,0.0,-0.083073032822141,0 days 00:14:41.639008
404,RedGrid75,2,0.647819,-0.0310372728668927,-0.0558274397603628,-0.0558274397603628,0.0,-0.0298241736681071,0 days 00:14:30.142091
405,ExpGrad.1,0,0.706854,-0.0826637802681903,-0.1008037901882424,-0.1008037901882424,-0.0730202691656692,-0.0721260898449593,0 days 00:03:20.469300
406,ExpGrad.01,0,0.684518,-0.0147941733948392,-0.0201291306444639,-0.0201291306444639,-0.0135929672023205,-0.010792152016302,0 days 00:04:57.163229
407,RedGrid25,0,0.682912,-0.1157496409638225,-0.1514539460264569,-0.1514539460264569,-0.0965752982408789,-0.0951154919519415,0 days 00:14:36.740902
408,RedGrid5,0,0.682912,-0.1157496409638225,-0.1514539460264569,-0.1514539460264569,-0.0965752982408789,-0.0951154919519415,0 days 00:14:38.628111
409,RedGrid75,0,0.682912,-0.1157496409638225,-0.1514539460264569,-0.1514539460264569,-0.0965752982408789,-0.0951154919519415,0 days 00:14:48.514154
410,ExpGrad.1,1,0.707985,-0.0268185400480337,-0.1093484250397006,-0.1093484250397006,-0.0448883809179426,-0.0142491150038418,0 days 00:02:36.999457
411,ExpGrad.01,1,0.598066,0.0,0.0,0.0,0.0,0.0,0 days 00:03:18.163301
412,RedGrid25,1,0.699529,-0.0453313828510742,-0.1260498665111138,-0.1260498665111138,0.0,-0.0679928673022208,0 days 00:09:00.603511
413,RedGrid5,1,0.682685,-0.0008608827223948,-0.0442787942168897,-0.0442787942168897,0.0,0.0,0 days 00:09:00.452079
414,RedGrid75,1,0.682685,-0.0008608827223948,-0.0442787942168897,-0.0442787942168897,0.0,0.0,0 days 00:08:49.414597
415,ExpGrad.1,0,0.707329,-0.078047277170408,-0.0967020485752162,-0.0967020485752162,-0.0666559807060325,-0.0680543379075728,0 days 00:02:59.883534
416,ExpGrad.01,0,0.686639,-0.0133415840573122,-0.017857080967425,-0.017857080967425,-0.0145472399855014,-0.0087318135659352,0 days 00:08:56.390577
417,RedGrid25,0,0.68322,-0.1156168823092019,-0.1506990761734087,-0.1506990761734087,-0.0969586779145276,-0.095295919593177,0 days 00:12:01.441064
418,RedGrid5,0,0.68322,-0.1156168823092019,-0.1506990761734087,-0.1506990761734087,-0.0969586779145276,-0.095295919593177,0 days 00:12:05.397166
419,RedGrid75,0,0.68322,-0.1156168823092019,-0.1506990761734087,-0.1506990761734087,-0.0969586779145276,-0.095295919593177,0 days 00:12:26.106663
420,ExpGrad.1,2,0.711222,-0.0568327000044092,-0.0949081400314725,-0.0949081400314725,-0.0284595118030497,-0.0421792117932251,0 days 00:03:39.122163
421,ExpGrad.01,2,0.625554,-0.0029258557981708,-0.0076170884149356,-0.0076170884149356,0.0,-0.0007343874521379,0 days 00:04:42.588319
422,RedGrid25,2,0.715259,-0.0702823065630356,-0.0952217605570159,-0.0952217605570159,-0.0489432307585861,-0.0625498816233564,0 days 00:13:54.057412
423,RedGrid5,2,0.684588,-0.0316544384143487,-0.0768489545568038,-0.0768489545568038,0.0,-0.0128904983286454,0 days 00:13:55.716995
424,RedGrid75,2,0.68189,-0.0303728369766514,-0.0746602436963728,-0.0746602436963728,0.0,-0.0115478180591384,0 days 00:14:00.974304
425,ExpGrad.1,0,0.706555,-0.0785282832411504,-0.0974678107013112,-0.0974678107013112,-0.06866637283207,-0.0674023727481782,0 days 00:03:31.967909
426,ExpGrad.01,0,0.689663,-0.014498128716825,-0.0198890148232255,-0.0198890148232255,-0.0140571514035817,-0.0100201169130927,0 days 00:08:41.470712
427,RedGrid25,0,0.685318,-0.122328271200314,-0.1529142423604355,-0.1529142423604355,-0.101188446638429,-0.1072498222608607,0 days 00:14:16.168351
428,RedGrid5,0,0.685318,-0.122328271200314,-0.1529142423604355,-0.1529142423604355,-0.101188446638429,-0.1072498222608607,0 days 00:14:14.773840
429,RedGrid75,0,0.685318,-0.122328271200314,-0.1529142423604355,-0.1529142423604355,-0.101188446638429,-0.1072498222608607,0 days 00:14:14.948162
430,ExpGrad.1,2,0.708082,-0.0559094565652655,-0.0846619031195319,-0.0846619031195319,-0.0735860268509384,-0.0185504988377125,0 days 00:02:59.063927
431,ExpGrad.01,2,0.624734,-0.0109748756892421,-0.0139913398159818,-0.0139913398159818,-0.0131282564542085,-0.0068579238466846,0 days 00:04:51.876960
432,RedGrid25,2,0.719332,-0.0828145108800155,-0.1005707941105847,-0.0935727679821807,-0.1005707941105847,-0.0614713193664898,0 days 00:13:54.439981
433,RedGrid5,2,0.65217,-0.0254582687817865,-0.0573183955529798,-0.0301216029977222,-0.0573183955529798,-0.0002355754353686,0 days 00:13:54.966704
434,RedGrid75,2,0.65217,-0.0254582687817865,-0.0573183955529798,-0.0301216029977222,-0.0573183955529798,-0.0002355754353686,0 days 00:13:53.665471
435,ExpGrad.1,2,0.691614,-0.0584390373356692,-0.0770144225493918,-0.0770144225493918,-0.0595603969138697,-0.0410479743718825,0 days 00:04:53.458901
436,ExpGrad.01,2,0.635888,-0.0059674006199377,-0.0116778440869252,-0.0070130355480605,-0.0116778440869252,-0.0012314986609105,0 days 00:04:44.422878
437,RedGrid25,2,0.702731,-0.0538340184288006,-0.0868266515424823,-0.0715181786473442,-0.0868266515424823,-0.0160388953265327,0 days 00:14:09.099797
438,RedGrid5,2,0.692202,-0.0624134344759728,-0.0819930223478125,-0.0594778911618283,-0.0819930223478125,-0.0520184130469991,0 days 00:14:11.917635
439,RedGrid75,2,0.623629,-0.0077435591425489,-0.0253233787018523,-0.0033337118475978,-0.0253233787018523,0.0,0 days 00:14:08.522924
440,ExpGrad.1,1,0.708668,-0.0203384649770883,-0.1018290806080836,-0.1018290806080836,-0.0185488300284087,-0.0188200844955301,0 days 00:02:07.194624
441,ExpGrad.01,1,0.602326,-0.0002172265555516,-0.0111774658963506,-0.0111774658963506,0.0,0.0,0 days 00:03:29.565020
442,RedGrid25,1,0.699115,-0.0091715228498677,-0.1039233419597183,-0.1039233419597183,0.0,-0.0113356270843804,0 days 00:12:39.667252
443,RedGrid5,1,0.699115,-0.0091715228498677,-0.1039233419597183,-0.1039233419597183,0.0,-0.0113356270843804,0 days 00:12:39.617482
444,RedGrid75,1,0.699115,-0.0091715228498677,-0.1039233419597183,-0.1039233419597183,0.0,-0.0113356270843804,0 days 00:12:22.911959
445,ExpGrad.1,2,0.697622,-0.0509434277689192,-0.0842523254248719,-0.0842523254248719,-0.0379868828863421,-0.0296152445500689,0 days 00:02:37.147693
446,ExpGrad.01,2,0.615337,-0.0022967021058277,-0.0062185603429959,-0.0062185603429959,-0.0004484477361018,0.0,0 days 00:02:46.203565
447,RedGrid25,2,0.710284,-0.0911318478991368,-0.0966990565277835,-0.0879118545708729,-0.0871108927477241,-0.0966990565277835,0 days 00:10:52.181311
448,RedGrid5,2,0.666713,-0.0202705325927612,-0.0578115035894951,-0.0578115035894951,0.0,0.0,0 days 00:10:48.931963
449,RedGrid75,2,0.666713,-0.0202705325927612,-0.0578115035894951,-0.0578115035894951,0.0,0.0,0 days 00:10:33.837834
450,ExpGrad.1,0,0.707986,-0.0780559527600809,-0.0965647429580338,-0.0965647429580338,-0.0663718563500398,-0.0682841506437347,0 days 00:03:43.952037
451,ExpGrad.01,0,0.685961,-0.0132245590729394,-0.0180186358343681,-0.0180186358343681,-0.0131434942361904,-0.0090599318044103,0 days 00:07:08.457327
452,RedGrid25,0,0.685411,-0.0748181791349096,-0.1067434605997246,-0.1067434605997246,0.0,-0.0882820341277844,0 days 00:13:43.376256
453,RedGrid5,0,0.685411,-0.0748181791349096,-0.1067434605997246,-0.1067434605997246,0.0,-0.0882820341277844,0 days 00:13:39.518531
454,RedGrid75,0,0.663499,-0.0505163092669462,-0.1074211269525513,-0.1074211269525513,0.0,-0.0285674144171075,0 days 00:13:43.425708
455,ExpGrad.1,2,0.716501,-0.0702698889594745,-0.0980798950135885,-0.0980798950135885,-0.0604308425575746,-0.0522336570929253,0 days 00:04:13.898185
456,ExpGrad.01,2,0.638403,-0.0130150678870401,-0.0140473036433464,-0.0116976399973509,-0.0132148913412772,-0.0140473036433464,0 days 00:03:17.045772
457,RedGrid25,2,0.719037,-0.0864361135256731,-0.096710956711189,-0.096710956711189,-0.0918051503157619,-0.0737594514105772,0 days 00:10:55.352048
458,RedGrid5,2,0.675917,-0.0360449737591622,-0.0547496806300046,-0.0547496806300046,0.0,-0.0435651541206029,0 days 00:11:01.160759
459,RedGrid75,2,0.673038,-0.0333732866505754,-0.0511992180150665,-0.0511992180150665,0.0,-0.0398869032261737,0 days 00:10:56.799179
460,ExpGrad.1,1,0.710484,-0.0414258716080575,-0.1074525217220374,-0.1074525217220374,-0.0493131971407376,-0.0350262001977771,0 days 00:03:11.966925
461,ExpGrad.01,1,0.583126,0.0,0.0,0.0,0.0,0.0,0 days 00:03:28.944563
462,RedGrid25,1,0.704963,-0.0737225668128924,-0.1375301701281069,-0.1375301701281069,-0.0809634432039498,-0.0677497543954976,0 days 00:12:10.805045
463,RedGrid5,1,0.702459,-0.0208247280454956,-0.1139187656407703,-0.1139187656407703,-0.0104838862147434,-0.0237192619791996,0 days 00:12:09.746169
464,RedGrid75,1,0.702459,-0.0208247280454956,-0.1139187656407703,-0.1139187656407703,-0.0104838862147434,-0.0237192619791996,0 days 00:11:50.177994
465,ExpGrad.1,2,0.719778,-0.065029908151494,-0.103405276953619,-0.103405276953619,-0.0541173362773054,-0.0379866865082543,0 days 00:02:54.805816
466,ExpGrad.01,2,0.621161,-0.0077853216210821,-0.0130188044216823,-0.0130188044216823,0.0,-0.0083220573926313,0 days 00:04:06.657503
467,RedGrid25,2,0.714094,-0.0606888543467387,-0.1021062823265699,-0.1021062823265699,-0.0700271605758796,-0.0173350235803183,0 days 00:11:26.434582
468,RedGrid5,2,0.714094,-0.0606888543467387,-0.1021062823265699,-0.1021062823265699,-0.0700271605758796,-0.0173350235803183,0 days 00:11:26.982566
469,RedGrid75,2,0.685476,-0.0319825491887916,-0.0819063623646787,-0.0819063623646787,0.0,-0.0087339025458709,0 days 00:11:25.048271
470,ExpGrad.1,2,0.711274,-0.0497621794410836,-0.092650195972884,-0.092650195972884,-0.0221923216916999,-0.0300213500520698,0 days 00:02:53.488859
471,ExpGrad.01,2,0.629481,-0.0052041813869145,-0.01496224472783,-0.01496224472783,0.0,0.0,0 days 00:05:47.705486
472,RedGrid25,2,0.708803,-0.0510095346549072,-0.1010270876548291,-0.1010270876548291,-0.047213753597175,-0.0090757903694876,0 days 00:14:23.291492
473,RedGrid5,2,0.708803,-0.0510095346549072,-0.1010270876548291,-0.1010270876548291,-0.047213753597175,-0.0090757903694876,0 days 00:14:20.012199
474,RedGrid75,2,0.665891,-0.0225586281408314,-0.064857023587978,-0.064857023587978,0.0,0.0,0 days 00:14:22.858245
475,ExpGrad.1,0,0.706472,-0.0847209839191152,-0.1022295083626531,-0.1022295083626531,-0.0760890081711983,-0.0741139463151073,0 days 00:03:47.289381
476,ExpGrad.01,0,0.68537,-0.0142771784923169,-0.0203573734915989,-0.0203573734915989,-0.0115407904367165,-0.0104497613648705,0 days 00:07:19.868259
477,RedGrid25,0,0.68187,-0.117043815304025,-0.1515515945497798,-0.1515515945497798,-0.0986241627441296,-0.0969131886022293,0 days 00:13:49.114500
478,RedGrid5,0,0.68187,-0.117043815304025,-0.1515515945497798,-0.1515515945497798,-0.0986241627441296,-0.0969131886022293,0 days 00:13:48.956940
479,RedGrid75,0,0.68187,-0.117043815304025,-0.1515515945497798,-0.1515515945497798,-0.0986241627441296,-0.0969131886022293,0 days 00:13:41.111494
480,ExpGrad.1,0,0.706631,-0.0844640074663471,-0.1032926606694479,-0.1032926606694479,-0.0740315944605758,-0.0737314758181983,0 days 00:03:18.363423
481,ExpGrad.01,0,0.686345,-0.014636060822834,-0.0209973215002158,-0.0209973215002158,-0.0111070642823443,-0.0110124996814106,0 days 00:05:38.803257
482,RedGrid25,0,0.685972,-0.1251765522054722,-0.1558787006235212,-0.1558787006235212,-0.102341481396278,-0.1108813282738235,0 days 00:12:00.104866
483,RedGrid5,0,0.685972,-0.1251765522054722,-0.1558787006235212,-0.1558787006235212,-0.102341481396278,-0.1108813282738235,0 days 00:11:58.849066
484,RedGrid75,0,0.667032,-0.0528474394787793,-0.1110167930470077,-0.1110167930470077,0.0,-0.0310376322374628,0 days 00:11:58.691040
485,ExpGrad.1,2,0.719299,-0.0611945955718317,-0.0971406229230174,-0.0971406229230174,-0.0557743200045066,-0.0329055222766851,0 days 00:02:49.547927
486,ExpGrad.01,2,0.629518,-0.0064149449084202,-0.010708505055172,-0.010708505055172,-0.0103998823979626,0.0,0 days 00:04:21.559456
487,RedGrid25,2,0.702489,-0.0523365693607977,-0.1005814150117332,-0.1005814150117332,-0.066985579400054,0.0,0 days 00:13:29.580637
488,RedGrid5,2,0.672539,-0.0356567005943836,-0.0488687628118184,-0.0471226846009478,0.0,-0.0488687628118184,0 days 00:13:31.131823
489,RedGrid75,2,0.672539,-0.0356567005943836,-0.0488687628118184,-0.0471226846009478,0.0,-0.0488687628118184,0 days 00:13:31.012285
490,ExpGrad.1,1,0.710767,-0.0463706415846459,-0.1263149552519521,-0.1263149552519521,-0.0563535985790832,-0.0384246404161915,0 days 00:02:34.577848
491,ExpGrad.01,1,0.599745,-0.008759119070704,-0.0165245176534364,-0.0105891032628987,-0.0165245176534364,-0.0044139311377238,0 days 00:03:09.112465
492,RedGrid25,1,0.705287,-0.0637771350530767,-0.1440611319456881,-0.1440611319456881,-0.0642653325203231,-0.0610656128847852,0 days 00:11:12.160707
493,RedGrid5,1,0.705287,-0.0637771350530767,-0.1440611319456881,-0.1440611319456881,-0.0642653325203231,-0.0610656128847852,0 days 00:11:10.451692
494,RedGrid75,1,0.705287,-0.0637771350530767,-0.1440611319456881,-0.1440611319456881,-0.0642653325203231,-0.0610656128847852,0 days 00:11:08.580151
495,ExpGrad.1,1,0.710527,-0.0349032169468165,-0.118651667664211,-0.118651667664211,-0.039986390728115,-0.029557188528051,0 days 00:02:11.773367
496,ExpGrad.01,1,0.590311,-0.0096356737629713,-0.0147674898835061,-0.0121829057550993,-0.0147674898835061,-0.006712159103212,0 days 00:02:20.679384
497,RedGrid25,1,0.704736,-0.0692819868239271,-0.1443152617193946,-0.1443152617193946,-0.0647344694582814,-0.0695411097723299,0 days 00:08:37.456854
498,RedGrid5,1,0.704736,-0.0692819868239271,-0.1443152617193946,-0.1443152617193946,-0.0647344694582814,-0.0695411097723299,0 days 00:08:36.872907
499,RedGrid75,1,0.695549,-0.010678948546888,-0.1017401854885095,-0.1017401854885095,0.0,-0.0138557489636659,0 days 00:08:29.973306
500,ExpGrad.1,2,0.654934,-0.0424788156817765,-0.071504079516299,-0.071504079516299,-0.033569280035323,-0.0226586671694029,0 days 00:03:51.673463
501,ExpGrad.01,2,0.607029,-0.0034868614593541,-0.010034409098915,-0.010034409098915,0.0,0.0,0 days 00:04:40.489497
502,RedGrid25,2,0.698002,-0.0461810532094233,-0.0766342904988379,-0.0683469066409506,-0.0766342904988379,-0.0062195240387906,0 days 00:14:52.487298
503,RedGrid5,2,0.655538,-0.0116911052838066,-0.0336443918416913,-0.0336443918416913,0.0,0.0,0 days 00:14:52.166873
504,RedGrid75,2,0.62286,-0.0064496164462832,-0.0093807801349514,-0.007989377408237,0.0,-0.0093807801349514,0 days 00:14:52.423200
505,ExpGrad.1,1,0.711909,-0.0393277524742201,-0.1172993034649153,-0.1172993034649153,-0.0440805343720859,-0.0342820079971392,0 days 00:01:54.289545
506,ExpGrad.01,1,0.597552,-0.0100417055162385,-0.0269477629202025,-0.0269477629202025,-0.0072790387227285,-0.0110442204815862,0 days 00:02:00.555888
507,RedGrid25,1,0.707685,-0.0601616491846843,-0.1362769381475858,-0.1362769381475858,-0.0717008106523663,-0.0514225510619105,0 days 00:08:31.549708
508,RedGrid5,1,0.707685,-0.0601616491846843,-0.1362769381475858,-0.1362769381475858,-0.0717008106523663,-0.0514225510619105,0 days 00:08:32.196648
509,RedGrid75,1,0.697849,-0.0017764108941626,-0.0906904181186509,-0.0906904181186509,0.0,0.0,0 days 00:08:34.885825
510,ExpGrad.1,1,0.712481,-0.0538340969637377,-0.1374991904750681,-0.1374991904750681,-0.0515200677974172,-0.0525322841573167,0 days 00:02:09.294978
511,ExpGrad.01,1,0.598478,-0.0177497595316854,-0.0293164285544011,-0.0293164285544011,-0.0127544881450288,-0.0201597040010836,0 days 00:02:52.261302
512,RedGrid25,1,0.706229,-0.0654012153247748,-0.1525994971937783,-0.1525994971937783,-0.0691417786367291,-0.0606363454271147,0 days 00:12:03.800574
513,RedGrid5,1,0.706229,-0.0654012153247748,-0.1525994971937783,-0.1525994971937783,-0.0691417786367291,-0.0606363454271147,0 days 00:12:03.956287
514,RedGrid75,1,0.706229,-0.0654012153247748,-0.1525994971937783,-0.1525994971937783,-0.0691417786367291,-0.0606363454271147,0 days 00:12:03.841673
515,ExpGrad.1,2,0.708503,-0.0530053731651962,-0.0830163071723002,-0.0830163071723002,-0.0348542063819161,-0.0381612465155923,0 days 00:02:22.039918
516,ExpGrad.01,2,0.613849,-0.0058494129341485,-0.010594180392718,-0.0049450146723546,0.0,-0.010594180392718,0 days 00:03:58.384308
517,RedGrid25,2,0.730473,-0.0978647599276644,-0.1157570744306103,-0.1157570744306103,-0.1074205842022958,-0.0753242106503019,0 days 00:10:51.365745
518,RedGrid5,2,0.682663,-0.0299559598423034,-0.072260598290183,-0.072260598290183,0.0,-0.0119666111812328,0 days 00:10:45.373245
519,RedGrid75,2,0.66212,-0.0211952027972733,-0.060525203214648,-0.060525203214648,0.0,0.0,0 days 00:10:25.693932
520,ExpGrad.1,2,0.720582,-0.0677476994781233,-0.0999435868366989,-0.0999435868366989,-0.0412518903365863,-0.0567981088239814,0 days 00:03:37.039635
521,ExpGrad.01,2,0.609686,-0.0074138218790099,-0.0124831384093819,-0.0124831384093819,0.0,-0.0078450473815194,0 days 00:02:54.187272
522,RedGrid25,2,0.71832,-0.0766412582677971,-0.0988054975128764,-0.0988054975128764,-0.0605380113677539,-0.0676827221932606,0 days 00:12:45.852175
523,RedGrid5,2,0.697897,-0.0468953312296189,-0.0942349774310051,-0.0942349774310051,0.0,-0.0360718509779814,0 days 00:12:45.244334
524,RedGrid75,2,0.677207,-0.033062270607354,-0.052484540208098,-0.052484540208098,0.0,-0.0378106638468443,0 days 00:12:44.708692
525,ExpGrad.1,0,0.706008,-0.0819090176622493,-0.098505059858486,-0.098505059858486,-0.0739355888994333,-0.0717453143193527,0 days 00:03:21.698637
526,ExpGrad.01,0,0.685383,-0.0132900262326895,-0.0188148301734779,-0.0188148301734779,-0.0103109587888341,-0.0100858268353124,0 days 00:05:10.070839
527,RedGrid25,0,0.689502,-0.0173380970083899,-0.0241914147056309,-0.0241914147056309,-0.0026743505906232,-0.019419256664327,0 days 00:13:45.709807
528,RedGrid5,0,0.689502,-0.0173380970083899,-0.0241914147056309,-0.0241914147056309,-0.0026743505906232,-0.019419256664327,0 days 00:14:12.194323
529,RedGrid75,0,0.689502,-0.0173380970083899,-0.0241914147056309,-0.0241914147056309,-0.0026743505906232,-0.019419256664327,0 days 00:14:07.074133
530,ExpGrad.1,2,0.721873,-0.0627399591087534,-0.0942248233188925,-0.0942248233188925,-0.0449016639775066,-0.0465609568990054,0 days 00:02:01.855804
531,ExpGrad.01,2,0.623089,-0.0009783439913546,-0.0028065283137098,-0.0028065283137098,0.0,0.0,0 days 00:02:59.916292
532,RedGrid25,2,0.711695,-0.0528849354637333,-0.0852569318277319,-0.0852569318277319,-0.0612847046100248,-0.0181412389885369,0 days 00:11:56.248375
533,RedGrid5,2,0.687374,-0.0391835435477661,-0.0681171791110348,-0.0681171791110348,0.0,-0.0397494176096139,0 days 00:11:52.257307
534,RedGrid75,2,0.687374,-0.0391835435477661,-0.0681171791110348,-0.0681171791110348,0.0,-0.0397494176096139,0 days 00:10:30.740547
535,ExpGrad.1,2,0.70917,-0.0563756168911661,-0.0902919796835798,-0.0902919796835798,-0.0712636059283861,-0.0161986993567587,0 days 00:03:57.237851
536,ExpGrad.01,2,0.625166,-0.0046371792877039,-0.0066712568358381,-0.0066712568358381,-0.0059356187145873,-0.0019571097594492,0 days 00:03:27.493032
537,RedGrid25,2,0.73077,-0.0957186138195191,-0.1176305888173981,-0.1176305888173981,-0.1073583574035259,-0.0684136997741228,0 days 00:12:52.343821
538,RedGrid5,2,0.687201,-0.0290742654096341,-0.076820447973512,-0.076820447973512,0.0,-0.0058890858362685,0 days 00:12:38.340048
539,RedGrid75,2,0.687201,-0.0290742654096341,-0.076820447973512,-0.076820447973512,0.0,-0.0058890858362685,0 days 00:12:51.780514
540,ExpGrad.1,0,0.706705,-0.0820288148612905,-0.1004625206904066,-0.1004625206904066,-0.0721594690196643,-0.0713165350598424,0 days 00:03:30.904215
541,ExpGrad.01,0,0.685699,-0.0095943939279105,-0.0156701284489945,-0.0156701284489945,-0.004375378361346,-0.0071521845155326,0 days 00:08:42.913085
542,RedGrid25,0,0.69012,-0.0180017488936412,-0.0251884600751221,-0.0251884600751221,-0.0011887225162638,-0.0210037702103769,0 days 00:13:24.398345
543,RedGrid5,0,0.69012,-0.0180017488936412,-0.0251884600751221,-0.0251884600751221,-0.0011887225162638,-0.0210037702103769,0 days 00:13:24.751394
544,RedGrid75,0,0.69012,-0.0180017488936412,-0.0251884600751221,-0.0251884600751221,-0.0011887225162638,-0.0210037702103769,0 days 00:13:25.115824
545,ExpGrad.1,0,0.707335,-0.0804530294619095,-0.0973474996166257,-0.0973474996166257,-0.0712078723214775,-0.0707403764116831,0 days 00:03:23.301529
546,ExpGrad.01,0,0.687786,-0.0138483033727903,-0.0188102838126039,-0.0188102838126039,-0.0107901321006413,-0.0111855615964936,0 days 00:06:06.194887
547,RedGrid25,0,0.694816,-0.0338404376614327,-0.0399924754040754,-0.0365996886133688,-0.0183609586428913,-0.0399924754040754,0 days 00:13:08.932674
548,RedGrid5,0,0.694816,-0.0338404376614327,-0.0399924754040754,-0.0365996886133688,-0.0183609586428913,-0.0399924754040754,0 days 00:13:08.695935
549,RedGrid75,0,0.694816,-0.0338404376614327,-0.0399924754040754,-0.0365996886133688,-0.0183609586428913,-0.0399924754040754,0 days 00:13:09.356642
550,ExpGrad.1,1,0.711413,-0.0305671030431218,-0.106623667945541,-0.106623667945541,-0.0264991736493658,-0.0304538478368734,0 days 00:03:22.173809
551,ExpGrad.01,1,0.588312,-0.0002452063531721,-0.0120501574315141,-0.0120501574315141,-2.5201172833111407e-05,0.0,0 days 00:03:54.514893
552,RedGrid25,1,0.707405,-0.0587466802687077,-0.1343322100145085,-0.1343322100145085,-0.056644127416663,-0.0575605953811734,0 days 00:13:16.544328
553,RedGrid5,1,0.707405,-0.0587466802687077,-0.1343322100145085,-0.1343322100145085,-0.056644127416663,-0.0575605953811734,0 days 00:13:19.333943
554,RedGrid75,1,0.707405,-0.0587466802687077,-0.1343322100145085,-0.1343322100145085,-0.056644127416663,-0.0575605953811734,0 days 00:13:24.231849
555,ExpGrad.1,1,0.709283,-0.020723192824623,-0.108296301215373,-0.108296301215373,-0.028666071810385,-0.0136248959599366,0 days 00:03:08.775318
556,ExpGrad.01,1,0.610843,-0.0076789068909269,-0.0242917173055269,-0.0242917173055269,-0.0106770778428833,-0.0055091096920326,0 days 00:05:02.210918
557,RedGrid25,1,0.700263,-0.0140164352151219,-0.1139737852965103,-0.1139737852965103,-0.005558333017593,-0.0155875576666852,0 days 00:12:52.136566
558,RedGrid5,1,0.700263,-0.0140164352151219,-0.1139737852965103,-0.1139737852965103,-0.005558333017593,-0.0155875576666852,0 days 00:12:55.568513
559,RedGrid75,1,0.700263,-0.0140164352151219,-0.1139737852965103,-0.1139737852965103,-0.005558333017593,-0.0155875576666852,0 days 00:13:03.632958
560,ExpGrad.1,0,0.706261,-0.0729581942997818,-0.0916045014041468,-0.0916045014041468,-0.0594822727849505,-0.0640912736290988,0 days 00:03:38.661983
561,ExpGrad.01,0,0.688333,-0.0128989951435426,-0.0189894739316301,-0.0189894739316301,-0.0088086056415607,-0.009829929394296,0 days 00:07:53.372102
562,RedGrid25,0,0.6908,-0.0202011744316753,-0.0261402334205718,-0.0261402334205718,-0.0048445668460289,-0.0235208221911151,0 days 00:14:29.509063
563,RedGrid5,0,0.6908,-0.0202011744316753,-0.0261402334205718,-0.0261402334205718,-0.0048445668460289,-0.0235208221911151,0 days 00:14:33.588890
564,RedGrid75,0,0.6908,-0.0202011744316753,-0.0261402334205718,-0.0261402334205718,-0.0048445668460289,-0.0235208221911151,0 days 00:14:21.904083
565,ExpGrad.1,2,0.679484,-0.0368845299891848,-0.0647567070279535,-0.0545519856077607,-0.0647567070279535,-0.0031020433500902,0 days 00:03:29.427627
566,ExpGrad.01,2,0.608133,-0.0063354392923211,-0.0113724706976643,-0.0097906758026746,-0.0113724706976643,0.0,0 days 00:03:32.265233
567,RedGrid25,2,0.726531,-0.0943893916792228,-0.1241438878095614,-0.1241438878095614,-0.0964571681817624,-0.0669178850808172,0 days 00:14:59.132947
568,RedGrid5,2,0.671066,-0.0337566662780877,-0.0569741662888645,-0.045642876462355,-0.0569741662888645,-0.0081004607512339,0 days 00:14:57.594178
569,RedGrid75,2,0.642524,-0.0246583392799184,-0.0680331669015293,-0.0182932617214323,-0.0680331669015293,-0.001804307313862,0 days 00:14:56.795304
570,ExpGrad.1,0,0.707131,-0.0840437768648831,-0.1017294878781804,-0.1017294878781804,-0.0754075309833481,-0.0733131056840792,0 days 00:03:20.416581
571,ExpGrad.01,0,0.683917,-0.0149967660348419,-0.0206545367177056,-0.0206545367177056,-0.0135651837698825,-0.0108230749024048,0 days 00:05:01.588303
572,RedGrid25,0,0.6836,-0.1163189109039035,-0.1517309370593382,-0.1517309370593382,-0.0968671227644208,-0.0960347816236564,0 days 00:12:07.727959
573,RedGrid5,0,0.6836,-0.1163189109039035,-0.1517309370593382,-0.1517309370593382,-0.0968671227644208,-0.0960347816236564,0 days 00:12:07.005228
574,RedGrid75,0,0.6836,-0.1163189109039035,-0.1517309370593382,-0.1517309370593382,-0.0968671227644208,-0.0960347816236564,0 days 00:12:24.583799
575,ExpGrad.1,2,0.71803,-0.0594648128374591,-0.0950275599997156,-0.0950275599997156,-0.0432868616686066,-0.0387170425493479,0 days 00:03:02.481785
576,ExpGrad.01,2,0.614184,-0.0034293964423661,-0.0098775164687303,-0.0098775164687303,0.0,0.0,0 days 00:05:19.524058
577,RedGrid25,2,0.730328,-0.0952673615362516,-0.121145100302603,-0.121145100302603,-0.0994744112801582,-0.0694588154053361,0 days 00:13:07.119763
578,RedGrid5,2,0.674225,-0.0278671450617681,-0.0680032456413086,-0.0680032456413086,0.0,-0.0108921245157366,0 days 00:13:06.846119
579,RedGrid75,2,0.674225,-0.0278671450617681,-0.0680032456413086,-0.0680032456413086,0.0,-0.0108921245157366,0 days 00:13:12.415700
580,ExpGrad.1,0,0.706319,-0.076491933721794,-0.0937576405917571,-0.0937576405917571,-0.0636045957824967,-0.0684879645835542,0 days 00:03:29.224031
581,ExpGrad.01,0,0.685252,-0.0141194210368378,-0.0174004462377385,-0.0174004462377385,-0.0139952342810815,-0.0113098491219291,0 days 00:06:21.070219
582,RedGrid25,0,0.685862,-0.1242293972071331,-0.1530010351215588,-0.1530010351215588,-0.1007472270436838,-0.1120037809421375,0 days 00:12:53.263615
583,RedGrid5,0,0.685862,-0.1242293972071331,-0.1530010351215588,-0.1530010351215588,-0.1007472270436838,-0.1120037809421375,0 days 00:13:18.577457
584,RedGrid75,0,0.685862,-0.1242293972071331,-0.1530010351215588,-0.1530010351215588,-0.1007472270436838,-0.1120037809421375,0 days 00:13:14.060735
585,ExpGrad.1,2,0.704208,-0.0513410296589954,-0.0811696292631029,-0.0811696292631029,0.0,-0.0592315783957463,0 days 00:02:23.057102
586,ExpGrad.01,2,0.624927,-0.0100696665216526,-0.0167418693789074,-0.0101142800517745,0.0,-0.0167418693789074,0 days 00:02:57.268016
587,RedGrid25,2,0.723168,-0.0831877616516688,-0.109710316733646,-0.109710316733646,-0.0710868327258643,-0.0678423693152894,0 days 00:10:30.092960
588,RedGrid5,2,0.671519,-0.0335528124239355,-0.0473664773050853,-0.0473664773050853,0.0,-0.0437232599056469,0 days 00:10:29.583039
589,RedGrid75,2,0.656325,-0.0136994784904863,-0.0260981096234866,-0.0260981096234866,-0.0178336637588482,0.0,0 days 00:10:29.560517
590,ExpGrad.1,0,0.706701,-0.0808915246887272,-0.0983188694935085,-0.0983188694935085,-0.0710435389104128,-0.0710881156086369,0 days 00:03:25.161726
591,ExpGrad.01,0,0.686876,-0.0118720245953995,-0.0174330224583778,-0.0174330224583778,-0.005974388082045,-0.0102682940779624,0 days 00:08:00.305727
592,RedGrid25,0,0.687107,-0.0788543892744258,-0.1106222788609521,-0.1106222788609521,-0.0051222153882167,-0.0918484954403201,0 days 00:12:35.146286
593,RedGrid5,0,0.687107,-0.0788543892744258,-0.1106222788609521,-0.1106222788609521,-0.0051222153882167,-0.0918484954403201,0 days 00:12:34.161649
594,RedGrid75,0,0.687107,-0.0788543892744258,-0.1106222788609521,-0.1106222788609521,-0.0051222153882167,-0.0918484954403201,0 days 00:12:35.964072
595,ExpGrad.1,2,0.717584,-0.0678843380183581,-0.1029321646102511,-0.1029321646102511,-0.0565719857981349,-0.0446660441877311,0 days 00:02:45.882232
596,ExpGrad.01,2,0.621214,-0.0095831269633973,-0.0140345928528399,-0.008466265250949,-0.0140345928528399,-0.0075799092133549,0 days 00:03:36.102068
597,RedGrid25,2,0.724651,-0.0928335569218206,-0.1134009464510102,-0.1134009464510102,-0.1024987647544659,-0.0682761000825504,0 days 00:12:39.384224
598,RedGrid5,2,0.676976,-0.0256562022727949,-0.0628378867399258,-0.0628378867399258,0.0,-0.0101803974798382,0 days 00:12:35.547554
599,RedGrid75,2,0.676976,-0.0256562022727949,-0.0628378867399258,-0.0628378867399258,0.0,-0.0101803974798382,0 days 00:12:14.377492
600,ExpGrad.1,2,0.719497,-0.0655968833902212,-0.1000564823761036,-0.1000564823761036,-0.0660085146409032,-0.0345453601403203,0 days 00:02:50.483180
601,ExpGrad.01,2,0.635342,-0.0047324777506693,-0.0110884963492089,-0.0110884963492089,-0.0033009483392906,0.0,0 days 00:04:25.406062
602,RedGrid25,2,0.723099,-0.0816478130145279,-0.110033091600675,-0.110033091600675,-0.0889533356103821,-0.0514719663706975,0 days 00:10:21.957635
603,RedGrid5,2,0.723099,-0.0816478130145279,-0.110033091600675,-0.110033091600675,-0.0889533356103821,-0.0514719663706975,0 days 00:10:22.040981
604,RedGrid75,2,0.665943,-0.0264612160306479,-0.0508987733707443,-0.0380287682986354,-0.0508987733707443,0.0,0 days 00:10:20.961681
605,ExpGrad.1,1,0.712105,-0.0490838101048407,-0.1259574521458298,-0.1259574521458298,-0.04717795020544,-0.0477685481767684,0 days 00:02:25.415982
606,ExpGrad.01,1,0.598603,-0.0102041980859511,-0.0130330110517842,-0.0116615321748178,-0.0130330110517842,-0.0085909853772834,0 days 00:03:57.428477
607,RedGrid25,1,0.70499,-0.0750495737460717,-0.1496555141176946,-0.1496555141176946,-0.0810218329400926,-0.0694367761827371,0 days 00:12:32.838053
608,RedGrid5,1,0.70499,-0.0750495737460717,-0.1496555141176946,-0.1496555141176946,-0.0810218329400926,-0.0694367761827371,0 days 00:12:42.163828
609,RedGrid75,1,0.70499,-0.0750495737460717,-0.1496555141176946,-0.1496555141176946,-0.0810218329400926,-0.0694367761827371,0 days 00:12:44.977135
610,ExpGrad.1,0,0.707419,-0.0819729690370447,-0.0992703148615959,-0.0992703148615959,-0.0734595278336768,-0.0714902933065197,0 days 00:03:25.169511
611,ExpGrad.01,0,0.688414,-0.0138846513328491,-0.0184787292567178,-0.0184787292567178,-0.0121722413475044,-0.0107977622319419,0 days 00:06:54.173894
612,RedGrid25,0,0.695305,-0.0379809238256019,-0.043514246223597,-0.0409916532888027,-0.0231633953404121,-0.043514246223597,0 days 00:14:03.067724
613,RedGrid5,0,0.695305,-0.0379809238256019,-0.043514246223597,-0.0409916532888027,-0.0231633953404121,-0.043514246223597,0 days 00:14:04.221749
614,RedGrid75,0,0.695305,-0.0379809238256019,-0.043514246223597,-0.0409916532888027,-0.0231633953404121,-0.043514246223597,0 days 00:13:37.900855
615,ExpGrad.1,1,0.708512,-0.0253416123334507,-0.1149338334031276,-0.1149338334031276,-0.0325154159688434,-0.0185912866846098,0 days 00:03:01.266840
616,ExpGrad.01,1,0.582353,-0.0156595648673608,-0.0188306699138283,-0.0139521004041612,-0.0100534140298657,-0.0188306699138283,0 days 00:04:44.281102
617,RedGrid25,1,0.70326,-0.012623656258933,-0.1162964671445299,-0.1162964671445299,0.0,-0.016452238993709,0 days 00:16:14.256920
618,RedGrid5,1,0.70326,-0.012623656258933,-0.1162964671445299,-0.1162964671445299,0.0,-0.016452238993709,0 days 00:16:11.308342
619,RedGrid75,1,0.70326,-0.012623656258933,-0.1162964671445299,-0.1162964671445299,0.0,-0.016452238993709,0 days 00:16:09.795907
620,ExpGrad.1,1,0.707531,-0.0132979056366284,-0.0956363906367345,-0.0956363906367345,-0.0151611722896017,-0.0097007317424298,0 days 00:02:28.104942
621,ExpGrad.01,1,0.578906,-0.0080254048008041,-0.0132183942214627,-0.0132183942214627,0.0,-0.0122926342690731,0 days 00:02:40.569766
622,RedGrid25,1,0.704727,-0.0679870315219302,-0.1379043112297165,-0.1379043112297165,-0.0721785089242329,-0.0634924340007383,0 days 00:13:15.509732
623,RedGrid5,1,0.698671,-0.0081007123394926,-0.1005934473878075,-0.1005934473878075,0.0,-0.0096858886796372,0 days 00:13:16.619067
624,RedGrid75,1,0.698671,-0.0081007123394926,-0.1005934473878075,-0.1005934473878075,0.0,-0.0096858886796372,0 days 00:13:11.836052
625,ExpGrad.1,1,0.711759,-0.0332923501627279,-0.1118615775527515,-0.1118615775527515,-0.0384520488095803,-0.0280148962978976,0 days 00:04:25.952471
626,ExpGrad.01,1,0.591808,-0.0020559830287996,-0.0135019719626971,-0.0135019719626971,0.0,-0.002840370256079,0 days 00:03:59.039811
627,RedGrid25,1,0.684304,-0.0008481725672756,-0.0435649357367421,-0.0435649357367421,0.0,0.0,0 days 00:16:31.580158
628,RedGrid5,1,0.684304,-0.0008481725672756,-0.0435649357367421,-0.0435649357367421,0.0,0.0,0 days 00:16:24.875234
629,RedGrid75,1,0.684304,-0.0008481725672756,-0.0435649357367421,-0.0435649357367421,0.0,0.0,0 days 00:14:56.350746
630,ExpGrad.1,1,0.712939,-0.0509088749424275,-0.1196315006170054,-0.1196315006170054,-0.0505503488047276,-0.0489939537731327,0 days 00:03:08.976069
631,ExpGrad.01,1,0.582503,-0.0028939812210578,-0.0044729740217629,-0.0037358255653114,0.0,-0.0044729740217629,0 days 00:02:31.247286
632,RedGrid25,1,0.705755,-0.0653275700410479,-0.1295982231591252,-0.1295982231591252,-0.0731425275035003,-0.0590168947545357,0 days 00:12:58.497923
633,RedGrid5,1,0.699932,-0.0059793954159106,-0.0886654552348586,-0.0886654552348586,0.0,-0.0067521007594096,0 days 00:12:57.719920
634,RedGrid75,1,0.699932,-0.0059793954159106,-0.0886654552348586,-0.0886654552348586,0.0,-0.0067521007594096,0 days 00:12:38.260681
635,ExpGrad.1,2,0.720171,-0.0673696201955806,-0.0911865773454324,-0.0911865773454324,-0.0684276055253636,-0.0452848851149982,0 days 00:03:25.479930
636,ExpGrad.01,2,0.618893,-0.0090995639494597,-0.0149786705999857,-0.0149786705999857,0.0,-0.0099154443203703,0 days 00:04:38.380755
637,RedGrid25,2,0.730932,-0.0984599040606116,-0.1182672270936709,-0.1182672270936709,-0.1080484526803787,-0.0742623557188744,0 days 00:12:17.532986
638,RedGrid5,2,0.696081,-0.0464094624840049,-0.0777326992199773,-0.0777326992199773,0.0,-0.0493690808018336,0 days 00:12:18.057804
639,RedGrid75,2,0.670783,-0.0276848178267442,-0.0584165921935835,-0.0356050311230785,-0.0584165921935835,0.0,0 days 00:11:51.489520
640,ExpGrad.1,2,0.721016,-0.0673798959890278,-0.1022870072624159,-0.1022870072624159,-0.0483171354868124,-0.048758659892323,0 days 00:02:30.322950
641,ExpGrad.01,2,0.628711,-0.0049749001206634,-0.014212632678794,-0.014212632678794,0.0,0.0,0 days 00:04:01.612348
642,RedGrid25,2,0.714907,-0.0602269828655028,-0.0999296564584992,-0.0999296564584992,-0.0641470205882268,-0.0218061227095884,0 days 00:10:49.356891
643,RedGrid5,2,0.667567,-0.0239536495579303,-0.0406064029620108,-0.0406064029620108,-0.0372372342825841,0.0,0 days 00:10:55.412379
644,RedGrid75,2,0.619279,-0.0063290010851893,-0.0180811203171432,-0.0180811203171432,0.0,0.0,0 days 00:10:51.830284
645,ExpGrad.1,2,0.71533,-0.065583605941966,-0.1042412814887345,-0.1042412814887345,-0.0579511257734256,-0.0365426588701295,0 days 00:02:32.009657
646,ExpGrad.01,2,0.625197,-0.0122150201606717,-0.0178581103582135,-0.0178581103582135,-0.0053206330478959,-0.0118295925508245,0 days 00:03:38.043539
647,RedGrid25,2,0.715375,-0.0654163713256268,-0.1130792158064414,-0.1130792158064414,-0.0656458973761734,-0.0231831843670867,0 days 00:11:08.087769
648,RedGrid5,2,0.68024,-0.0368943000124866,-0.0589488197976458,-0.0589488197976458,0.0,-0.0420215339583047,0 days 00:10:53.775754
649,RedGrid75,2,0.68024,-0.0368943000124866,-0.0589488197976458,-0.0589488197976458,0.0,-0.0420215339583047,0 days 00:10:57.218679
650,ExpGrad.1,2,0.716317,-0.0688101235549058,-0.1020367380052226,-0.1020367380052226,-0.0518843924597845,-0.0502927009517937,0 days 00:02:54.079062
651,ExpGrad.01,2,0.637964,-0.0116215529815031,-0.0181299868342424,-0.0181299868342424,0.0,-0.0135373903240552,0 days 00:06:00.545235
652,RedGrid25,2,0.711151,-0.0708914080476313,-0.0852707039527622,-0.0852707039527622,-0.0504188523565407,-0.0716517366059827,0 days 00:13:36.511546
653,RedGrid5,2,0.682927,-0.0328799162450914,-0.079399141795533,-0.079399141795533,0.0,-0.0130825559166765,0 days 00:13:37.788146
654,RedGrid75,2,0.682927,-0.0328799162450914,-0.079399141795533,-0.079399141795533,0.0,-0.0130825559166765,0 days 00:13:37.349956
655,ExpGrad.1,0,0.706311,-0.0839107283738121,-0.1024439848794031,-0.1024439848794031,-0.0745102115243644,-0.0728482201483684,0 days 00:04:32.182075
656,ExpGrad.01,0,0.682959,-0.0144674881350999,-0.0199494324024981,-0.0199494324024981,-0.0138248844863035,-0.0100145751976697,0 days 00:09:15.460855
657,RedGrid25,0,0.685869,-0.1253684364103285,-0.1553725315281205,-0.1553725315281205,-0.106001378104754,-0.1097499378414021,0 days 00:16:22.746798
658,RedGrid5,0,0.685869,-0.1253684364103285,-0.1553725315281205,-0.1553725315281205,-0.106001378104754,-0.1097499378414021,0 days 00:16:29.972461
659,RedGrid75,0,0.685869,-0.1253684364103285,-0.1553725315281205,-0.1553725315281205,-0.106001378104754,-0.1097499378414021,0 days 00:15:06.578673
660,ExpGrad.1,0,0.705619,-0.0794448088663247,-0.0980740810241174,-0.0980740810241174,-0.0679059898613629,-0.0694819832197062,0 days 00:04:38.419355
661,ExpGrad.01,0,0.686367,-0.0171108646329955,-0.022878454574855,-0.022878454574855,-0.016252609793483,-0.0125252817892449,0 days 00:06:45.180559
662,RedGrid25,0,0.686275,-0.1262117672367654,-0.156337113334825,-0.156337113334825,-0.1054843269136053,-0.111244682052688,0 days 00:15:05.741021
663,RedGrid5,0,0.686275,-0.1262117672367654,-0.156337113334825,-0.156337113334825,-0.1054843269136053,-0.111244682052688,0 days 00:15:11.182406
664,RedGrid75,0,0.686275,-0.1262117672367654,-0.156337113334825,-0.156337113334825,-0.1054843269136053,-0.111244682052688,0 days 00:14:59.791912
665,ExpGrad.1,2,0.701179,-0.0519826923129099,-0.0783129511998269,-0.0783129511998269,-0.0443409531878769,-0.0334872520540772,0 days 00:02:45.750068
666,ExpGrad.01,2,0.60928,-0.0034099997646082,-0.0097541820026309,-0.0097541820026309,0.0,0.0,0 days 00:03:28.518245
667,RedGrid25,2,0.718486,-0.0845234973562596,-0.0998683536031225,-0.0998683536031225,-0.0884679247004744,-0.0681429496104253,0 days 00:10:56.484271
668,RedGrid5,2,0.66219,-0.0162698852072148,-0.0465394229994374,-0.0465394229994374,0.0,0.0,0 days 00:10:46.844068
669,RedGrid75,2,0.631156,-0.0195627941899306,-0.0401568450170934,-0.0093747833208542,-0.0401568450170934,-0.0149546259931858,0 days 00:10:25.619882
670,ExpGrad.1,0,0.705916,-0.0812096729246053,-0.0994763141236881,-0.0994763141236881,-0.0718680422717198,-0.0703402739293921,0 days 00:03:43.988409
671,ExpGrad.01,0,0.68734,-0.0147418813550318,-0.0209561611496583,-0.0209561611496583,-0.0131169012707212,-0.0101847433948538,0 days 00:07:57.593161
672,RedGrid25,0,0.685246,-0.1240623222279999,-0.1544118255477926,-0.1544118255477926,-0.1009522139517292,-0.1102027378413916,0 days 00:14:20.801487
673,RedGrid5,0,0.685246,-0.1240623222279999,-0.1544118255477926,-0.1544118255477926,-0.1009522139517292,-0.1102027378413916,0 days 00:14:23.498966
674,RedGrid75,0,0.685246,-0.1240623222279999,-0.1544118255477926,-0.1544118255477926,-0.1009522139517292,-0.1102027378413916,0 days 00:14:21.004654
675,ExpGrad.1,2,0.711247,-0.0572376100813272,-0.0896568318119261,-0.0896568318119261,-0.0551367607850253,-0.0304295238021539,0 days 00:02:47.095222
676,ExpGrad.01,2,0.628121,-0.0064018824623158,-0.0133281535235041,-0.0133281535235041,-0.0069738749367141,0.0,0 days 00:06:09.339312
677,RedGrid25,2,0.71414,-0.060009529846349,-0.0961522117031899,-0.0961522117031899,-0.0736515605562586,-0.0195624876189964,0 days 00:14:16.571364
678,RedGrid5,2,0.683832,-0.0282285027336284,-0.0682165413948796,-0.0682165413948796,0.0,-0.0120988334761824,0 days 00:13:56.904969
679,RedGrid75,2,0.683832,-0.0282285027336284,-0.0682165413948796,-0.0682165413948796,0.0,-0.0120988334761824,0 days 00:13:55.481464
680,ExpGrad.1,2,0.7133,-0.06016318161957,-0.0929252575991307,-0.0929252575991307,-0.0466937452992272,-0.0395762523943676,0 days 00:02:08.540280
681,ExpGrad.01,2,0.625603,-0.007404125897709,-0.0210952639611921,-0.0210952639611921,0.0,0.0,0 days 00:03:38.905559
682,RedGrid25,2,0.717709,-0.0740022434270809,-0.1085329509276202,-0.1085329509276202,-0.1041534300413036,-0.0223507699151213,0 days 00:11:02.097829
683,RedGrid5,2,0.683397,-0.0256930656595458,-0.068214935307573,-0.068214935307573,0.0,-0.0045192124117867,0 days 00:11:00.018997
684,RedGrid75,2,0.666869,-0.0200475765338574,-0.0571180075280428,-0.0571180075280428,0.0,0.0,0 days 00:10:45.173399
685,ExpGrad.1,0,0.706456,-0.0851517215021744,-0.1027737093788554,-0.1027737093788554,-0.077826743107482,-0.073779298538319,0 days 00:03:19.003525
686,ExpGrad.01,0,0.685263,-0.0155189288832893,-0.0202354676294603,-0.0202354676294603,-0.0144988468913593,-0.0119552161401016,0 days 00:06:48.125190
687,RedGrid25,0,0.685698,-0.1234166976639349,-0.1543911732460625,-0.1543911732460625,-0.1025640923843126,-0.107837008380545,0 days 00:12:25.399867
688,RedGrid5,0,0.685698,-0.1234166976639349,-0.1543911732460625,-0.1543911732460625,-0.1025640923843126,-0.107837008380545,0 days 00:12:28.175510
689,RedGrid75,0,0.666895,-0.0523374264463138,-0.110388565225815,-0.110388565225815,0.0,-0.0304665541776536,0 days 00:12:29.313447
690,ExpGrad.1,1,0.712453,-0.0328269523502578,-0.1087530415083174,-0.1087530415083174,-0.0258586524000894,-0.0343283966961035,0 days 00:02:32.279853
691,ExpGrad.01,1,0.610372,-0.0136984596664306,-0.0229267594504243,-0.0229267594504243,-0.0172019309558454,-0.0114751477808015,0 days 00:04:10.737151
692,RedGrid25,1,0.708104,-0.0650261729484642,-0.13603426912666,-0.13603426912666,-0.0741562211438635,-0.0577775091892664,0 days 00:13:14.348389
693,RedGrid5,1,0.700216,-0.0017835687575773,-0.0911976225706902,-0.0911976225706902,0.0,0.0,0 days 00:13:26.894192
694,RedGrid75,1,0.700216,-0.0017835687575773,-0.0911976225706902,-0.0911976225706902,0.0,0.0,0 days 00:13:09.860792
695,ExpGrad.1,1,0.707862,-0.0192751774363463,-0.1039186189784782,-0.1039186189784782,-0.0241462165195504,-0.0139550133155279,0 days 00:04:21.414167
696,ExpGrad.01,1,0.589956,-0.0009783070635007,-0.0116017442670317,-0.0116017442670317,-0.0021505001569113,0.0,0 days 00:05:28.753569
697,RedGrid25,1,0.704268,-0.0754770605167334,-0.1424049737565449,-0.1424049737565449,-0.0805458651723299,-0.0705962888831325,0 days 00:15:24.254088
698,RedGrid5,1,0.700888,-0.0207804903883285,-0.118719444946759,-0.118719444946759,-0.0065062774944625,-0.0256507066714057,0 days 00:15:13.928081
699,RedGrid75,1,0.682632,-0.0008959038562101,-0.045822503225492,-0.045822503225492,0.0,0.0,0 days 00:15:16.604563
700,ExpGrad.1,2,0.693885,-0.0408839618954109,-0.077131711896352,-0.077131711896352,-0.0138952953063766,-0.0269343397309049,0 days 00:02:15.385608
701,ExpGrad.01,2,0.607724,-0.0018699130391995,-0.0047836391138644,0.0,0.0,-0.0047836391138644,0 days 00:04:40.353690
702,RedGrid25,2,0.730542,-0.0927948296411611,-0.1181110214159463,-0.1181110214159463,-0.0998111654409388,-0.0656550591639307,0 days 00:10:51.523293
703,RedGrid5,2,0.685835,-0.0286837227890358,-0.0724541288092329,-0.0724541288092329,0.0,-0.009211924494221,0 days 00:11:03.481854
704,RedGrid75,2,0.667851,-0.0207891715740607,-0.0600515531355033,-0.0600515531355033,0.0,0.0,0 days 00:11:00.448588
705,ExpGrad.1,1,0.711992,-0.0434971662907404,-0.125419119241626,-0.125419119241626,-0.04909489481383,-0.0378596352904628,0 days 00:02:44.704132
706,ExpGrad.01,1,0.593277,-0.0003379790411263,-0.0172825046346412,-0.0172825046346412,0.0,0.0,0 days 00:03:00.994657
707,RedGrid25,1,0.701337,-0.0130577847165396,-0.1143380110985332,-0.1143380110985332,-0.0030045725115787,-0.0154847231848077,0 days 00:11:24.302998
708,RedGrid5,1,0.701337,-0.0130577847165396,-0.1143380110985332,-0.1143380110985332,-0.0030045725115787,-0.0154847231848077,0 days 00:12:50.373103
709,RedGrid75,1,0.701337,-0.0130577847165396,-0.1143380110985332,-0.1143380110985332,-0.0030045725115787,-0.0154847231848077,0 days 00:12:59.594756
710,ExpGrad.1,2,0.692518,-0.0368080252794052,-0.0655481763663647,-0.0655481763663647,-0.0509603897348951,-0.0022152616139277,0 days 00:02:48.913079
711,ExpGrad.01,2,0.619089,-0.0023522127575697,-0.0067817766003966,-0.0067817766003966,0.0,0.0,0 days 00:04:26.766819
712,RedGrid25,2,0.728139,-0.0914578476012509,-0.1171115014659199,-0.1171115014659199,-0.0941925128315435,-0.0670849793654519,0 days 00:14:22.430771
713,RedGrid5,2,0.718106,-0.0711634030822747,-0.1054321196080638,-0.1054321196080638,-0.0910287690894484,-0.0279508178421779,0 days 00:14:23.503667
714,RedGrid75,2,0.671714,-0.0318255407670894,-0.0563985042596364,-0.0461218546589313,-0.0563985042596364,-0.0030951635108532,0 days 00:14:25.186140
715,ExpGrad.1,1,0.711614,-0.0509999577285898,-0.1356873652750004,-0.1356873652750004,-0.0610414311275721,-0.04281324570135,0 days 00:03:47.258826
716,ExpGrad.01,1,0.608441,-0.0026508949868979,-0.0174011905381799,-0.0174011905381799,-0.0063809842697584,-0.0001301959519907,0 days 00:04:49.198203
717,RedGrid25,1,0.705862,-0.0522068235907316,-0.1341069264773912,-0.1341069264773912,-0.0563174127548318,-0.0473843867507972,0 days 00:15:00.090876
718,RedGrid5,1,0.705862,-0.0522068235907316,-0.1341069264773912,-0.1341069264773912,-0.0563174127548318,-0.0473843867507972,0 days 00:14:58.316796
719,RedGrid75,1,0.694636,-0.0019231525715023,-0.0977901207649412,-0.0977901207649412,0.0,0.0,0 days 00:14:58.592602
720,ExpGrad.1,1,0.710477,-0.0258210830369921,-0.107448305711708,-0.107448305711708,-0.0283975229689372,-0.0218557647959606,0 days 00:02:44.304283
721,ExpGrad.01,1,0.601696,0.0,0.0,0.0,0.0,0.0,0 days 00:04:38.912603
722,RedGrid25,1,0.709092,-0.0595732491506207,-0.1336575976748356,-0.1336575976748356,-0.0666214783821192,-0.0533666067533085,0 days 00:14:57.817340
723,RedGrid5,1,0.709092,-0.0595732491506207,-0.1336575976748356,-0.1336575976748356,-0.0666214783821192,-0.0533666067533085,0 days 00:15:00.015508
724,RedGrid75,1,0.701425,-0.0018353551244732,-0.093517913903335,-0.093517913903335,0.0,0.0,0 days 00:14:54.052238
725,ExpGrad.1,0,0.706269,-0.0733078163553834,-0.0921351654155956,-0.0921351654155956,-0.0599710211641169,-0.0641987429411669,0 days 00:03:24.258943
726,ExpGrad.01,0,0.685355,-0.0141212874955698,-0.0197063102877582,-0.0197063102877582,-0.0137991816641974,-0.009404143428688,0 days 00:05:48.695996
727,RedGrid25,0,0.68254,-0.1146097138886688,-0.1502914802021808,-0.1502914802021808,-0.0956368667214845,-0.0938512829339563,0 days 00:12:28.456636
728,RedGrid5,0,0.68254,-0.1146097138886688,-0.1502914802021808,-0.1502914802021808,-0.0956368667214845,-0.0938512829339563,0 days 00:12:33.251183
729,RedGrid75,0,0.68254,-0.1146097138886688,-0.1502914802021808,-0.1502914802021808,-0.0956368667214845,-0.0938512829339563,0 days 00:12:30.996771
730,ExpGrad.1,0,0.706612,-0.0833760337222552,-0.1009523018560804,-0.1009523018560804,-0.0746503022531707,-0.0727971408392951,0 days 00:03:20.092675
731,ExpGrad.01,0,0.686834,-0.0143551663446979,-0.0186852731145777,-0.0186852731145777,-0.0122153014914436,-0.011743513779576,0 days 00:06:44.376942
732,RedGrid25,0,0.68565,-0.1241396310714929,-0.1536540079793809,-0.1536540079793809,-0.1012161712347634,-0.110947911351576,0 days 00:12:46.701324
733,RedGrid5,0,0.68565,-0.1241396310714929,-0.1536540079793809,-0.1536540079793809,-0.1012161712347634,-0.110947911351576,0 days 00:12:44.839544
734,RedGrid75,0,0.68565,-0.1241396310714929,-0.1536540079793809,-0.1536540079793809,-0.1012161712347634,-0.110947911351576,0 days 00:12:41.650771
735,ExpGrad.1,1,0.710728,-0.031243576443306,-0.1117056884358321,-0.1117056884358321,-0.0306011530005229,-0.0290944817958765,0 days 00:02:37.646317
736,ExpGrad.01,1,0.575236,-0.0006473404505734,-0.00420956868057,-0.00420956868057,-0.0016162179017819,0.0,0 days 00:02:25.459837
737,RedGrid25,1,0.698898,-0.0448488235062262,-0.1133140128729604,-0.1133140128729604,0.0,-0.067549391246905,0 days 00:11:10.766115
738,RedGrid5,1,0.682022,-0.0008199284797915,-0.0417419762086303,-0.0417419762086303,0.0,0.0,0 days 00:11:08.112330
739,RedGrid75,1,0.682022,-0.0008199284797915,-0.0417419762086303,-0.0417419762086303,0.0,0.0,0 days 00:11:07.095700
740,ExpGrad.1,2,0.696727,-0.0430515092016378,-0.0703014802393722,-0.0703014802393722,0.0,-0.0476699128585103,0 days 00:02:59.087771
741,ExpGrad.01,2,0.623519,-0.0034352203035785,-0.0090448624046239,-0.0090448624046239,0.0,-0.0007033087226939,0 days 00:04:04.664729
742,RedGrid25,2,0.701121,-0.0519126091615055,-0.0870624809589009,-0.0870624809589009,0.0,-0.0554137651056095,0 days 00:12:09.258456
743,RedGrid5,2,0.660531,-0.0138229467976195,-0.0363784259853561,-0.0363784259853561,0.0,-0.0028454702845891,0 days 00:12:08.676008
744,RedGrid75,2,0.660531,-0.0138229467976195,-0.0363784259853561,-0.0363784259853561,0.0,-0.0028454702845891,0 days 00:12:01.812841
745,ExpGrad.1,1,0.712064,-0.039569343607223,-0.1191648788389188,-0.1191648788389188,-0.0485569646889754,-0.0321117395674493,0 days 00:03:16.676274
746,ExpGrad.01,1,0.604583,-0.0146048842580912,-0.0284333304419696,-0.0284333304419696,-0.0133031243114563,-0.0148990250268219,0 days 00:03:58.622990
747,RedGrid25,1,0.705344,-0.0690075936621138,-0.1401411973933315,-0.1401411973933315,-0.075663645662785,-0.063106878585341,0 days 00:12:53.784057
748,RedGrid5,1,0.701634,-0.0107565474291575,-0.1043910217605866,-0.1043910217605866,0.0,-0.0138265759854714,0 days 00:13:03.136517
749,RedGrid75,1,0.701634,-0.0107565474291575,-0.1043910217605866,-0.1043910217605866,0.0,-0.0138265759854714,0 days 00:12:34.030678
750,ExpGrad.1,1,0.705059,-0.0069756357248527,-0.0873933768391745,-0.0873933768391745,-0.0065113668530822,-0.0047317329146264,0 days 00:02:00.200923
751,ExpGrad.01,1,0.584545,-0.0125777099669877,-0.0162627822630647,-0.0114501828315573,-0.0162627822630647,-0.0105662661864085,0 days 00:02:14.486374
752,RedGrid25,1,0.706607,-0.0605869259590572,-0.136557888696214,-0.136557888696214,-0.0641931154484813,-0.056220813056817,0 days 00:07:56.045083
753,RedGrid5,1,0.706607,-0.0605869259590572,-0.136557888696214,-0.136557888696214,-0.0641931154484813,-0.056220813056817,0 days 00:07:58.702060
754,RedGrid75,1,0.682053,-0.0008206918322528,-0.0418524118849502,-0.0418524118849502,0.0,0.0,0 days 00:07:57.641756
755,ExpGrad.1,0,0.70733,-0.0830040378128549,-0.1012983770569653,-0.1012983770569653,-0.0743800379061511,-0.0717311867625828,0 days 00:03:53.021444
756,ExpGrad.01,0,0.684644,-0.0109619701925438,-0.015591617100208,-0.015591617100208,-0.0085277379791027,-0.0082482002526248,0 days 00:05:59.356445
757,RedGrid25,0,0.691004,-0.0179574539599292,-0.0245709982279191,-0.0245709982279191,-0.003478115799836,-0.0201535213452521,0 days 00:16:19.384270
758,RedGrid5,0,0.691004,-0.0179574539599292,-0.0245709982279191,-0.0245709982279191,-0.003478115799836,-0.0201535213452521,0 days 00:16:30.692871
759,RedGrid75,0,0.691004,-0.0179574539599292,-0.0245709982279191,-0.0245709982279191,-0.003478115799836,-0.0201535213452521,0 days 00:16:29.309834
760,ExpGrad.1,2,0.712259,-0.0582892783501152,-0.0960394418629877,-0.0960394418629877,-0.0549078119758391,-0.026994223040454,0 days 00:02:52.597446
761,ExpGrad.01,2,0.626196,-0.0034891005786874,-0.0084800940445676,-0.0084800940445676,-0.0020589184954058,0.0,0 days 00:04:24.453042
762,RedGrid25,2,0.704721,-0.0538465591640688,-0.0945028816583385,-0.0945028816583385,-0.0377880041028328,-0.0283323000249764,0 days 00:14:19.087776
763,RedGrid5,2,0.692594,-0.0415670969983367,-0.10139928371589,-0.10139928371589,0.0,-0.0158482500723499,0 days 00:13:49.886498
764,RedGrid75,2,0.624163,-0.0099814258606742,-0.0224155781863391,-0.011985671537491,-0.0224155781863391,0.0,0 days 00:13:55.078889
765,ExpGrad.1,0,0.705919,-0.0780849694862366,-0.0959376477880628,-0.0959376477880628,-0.0687406610468297,-0.0675545798930169,0 days 00:03:37.350621
766,ExpGrad.01,0,0.688466,-0.0145415087657813,-0.0203159222080532,-0.0203159222080532,-0.0119767528187986,-0.0108823429779464,0 days 00:08:07.596961
767,RedGrid25,0,0.683747,-0.0758637940113465,-0.1082570371893947,-0.1082570371893947,0.0,-0.0893404300383761,0 days 00:12:59.194806
768,RedGrid5,0,0.663263,-0.0567757542284782,-0.1135062996666512,-0.1135062996666512,-0.0033884267993934,-0.0364188947349159,0 days 00:12:58.945743
769,RedGrid75,0,0.663263,-0.0567757542284782,-0.1135062996666512,-0.1135062996666512,-0.0033884267993934,-0.0364188947349159,0 days 00:12:58.810003
770,ExpGrad.1,0,0.70614,-0.0784381320449576,-0.097664892179486,-0.097664892179486,-0.0667801066017816,-0.0680187997607015,0 days 00:03:49.208564
771,ExpGrad.01,0,0.685152,-0.0162680389522657,-0.0226515107378731,-0.0226515107378731,-0.0128296098045707,-0.0125694740596211,0 days 00:06:57.990369
772,RedGrid25,0,0.68534,-0.1279350629694304,-0.1584705805263087,-0.1584705805263087,-0.1067052749814406,-0.1128902505865242,0 days 00:13:57.784895
773,RedGrid5,0,0.68534,-0.1279350629694304,-0.1584705805263087,-0.1584705805263087,-0.1067052749814406,-0.1128902505865242,0 days 00:13:58.181143
774,RedGrid75,0,0.667395,-0.0554273567913404,-0.1147964226041023,-0.1147964226041023,-0.0035995374526721,-0.0320178000097705,0 days 00:13:51.838301
775,ExpGrad.1,0,0.706713,-0.0764098259792243,-0.0947738042404704,-0.0947738042404704,-0.0645388961547348,-0.0668768419414246,0 days 00:03:49.392378
776,ExpGrad.01,0,0.686169,-0.0106968435802594,-0.0160799978582785,-0.0160799978582785,-0.0103471530761417,-0.0061681035623375,0 days 00:07:51.998753
777,RedGrid25,0,0.682787,-0.1122802904285891,-0.1477138010266687,-0.1477138010266687,-0.0913421680431577,-0.0927964622772952,0 days 00:15:38.494083
778,RedGrid5,0,0.682787,-0.1122802904285891,-0.1477138010266687,-0.1477138010266687,-0.0913421680431577,-0.0927964622772952,0 days 00:15:45.121010
779,RedGrid75,0,0.682787,-0.1122802904285891,-0.1477138010266687,-0.1477138010266687,-0.0913421680431577,-0.0927964622772952,0 days 00:15:47.697072
780,ExpGrad.1,1,0.707358,-0.0130105477799936,-0.100656056960584,-0.100656056960584,-0.0134977198119005,-0.0100397692757312,0 days 00:02:59.710861
781,ExpGrad.01,1,0.591438,-4.773922248599505e-05,-0.0024530253426571,-0.0024530253426571,0.0,0.0,0 days 00:04:28.573277
782,RedGrid25,1,0.707032,-0.0523969280731245,-0.1368016374291226,-0.1368016374291226,-0.0471808888267678,-0.0526795106752927,0 days 00:11:24.437484
783,RedGrid5,1,0.707032,-0.0523969280731245,-0.1368016374291226,-0.1368016374291226,-0.0471808888267678,-0.0526795106752927,0 days 00:11:24.352624
784,RedGrid75,1,0.707032,-0.0523969280731245,-0.1368016374291226,-0.1368016374291226,-0.0471808888267678,-0.0526795106752927,0 days 00:11:22.620812
785,ExpGrad.1,2,0.708996,-0.0620684850505399,-0.0855505015430789,-0.0855505015430789,-0.0421720918942771,-0.0545541691690198,0 days 00:02:29.131235
786,ExpGrad.01,2,0.614148,-0.0021324207086644,-0.0048766012053235,-0.0048766012053235,0.0,-0.0011248733816477,0 days 00:02:35.730760
787,RedGrid25,2,0.694565,-0.0421316624767174,-0.0752422592377433,-0.0752422592377433,0.0,-0.0409874651283759,0 days 00:11:28.896504
788,RedGrid5,2,0.657443,-0.0133399781964077,-0.0384236296638015,-0.0384236296638015,0.0,0.0,0 days 00:11:27.478562
789,RedGrid75,2,0.657443,-0.0133399781964077,-0.0384236296638015,-0.0384236296638015,0.0,0.0,0 days 00:11:14.900153
790,ExpGrad.1,0,0.706596,-0.0737218336186812,-0.0924260866020864,-0.0924260866020864,-0.0595318008440219,-0.0651134257490533,0 days 00:03:03.461519
791,ExpGrad.01,0,0.68666,-0.0118175039000926,-0.0182199241068916,-0.0182199241068916,-0.0067512722282738,-0.0089864735800568,0 days 00:06:42.351268
792,RedGrid25,0,0.683486,-0.115644279440969,-0.1506749206468981,-0.1506749206468981,-0.0950017838040219,-0.0962400083962121,0 days 00:12:25.090729
793,RedGrid5,0,0.683486,-0.115644279440969,-0.1506749206468981,-0.1506749206468981,-0.0950017838040219,-0.0962400083962121,0 days 00:12:24.583470
794,RedGrid75,0,0.683486,-0.115644279440969,-0.1506749206468981,-0.1506749206468981,-0.0950017838040219,-0.0962400083962121,0 days 00:12:27.017271
795,ExpGrad.1,1,0.701133,-0.0015442714472866,-0.079123442485541,-0.079123442485541,0.0,0.0,0 days 00:02:31.993286
796,ExpGrad.01,1,0.590979,0.0,0.0,0.0,0.0,0.0,0 days 00:03:17.652827
797,RedGrid25,1,0.704415,-0.0813221760417325,-0.145342094095519,-0.145342094095519,-0.0907049050711973,-0.0741244003943533,0 days 00:12:32.005194
798,RedGrid5,1,0.683043,-0.0006835976534625,-0.035025318710663,-0.035025318710663,0.0,0.0,0 days 00:12:45.994821
799,RedGrid75,1,0.683043,-0.0006835976534625,-0.035025318710663,-0.035025318710663,0.0,0.0,0 days 00:12:45.879674
800,ExpGrad.1,2,0.683134,-0.0541448831119651,-0.0830854089368763,-0.0830854089368763,-0.0356465119128709,-0.0407221435379391,0 days 00:03:09.121021
801,ExpGrad.01,2,0.6145,-0.0039543788873794,-0.01009421096092,-0.01009421096092,-0.0005384661058969,-0.000763110744751,0 days 00:03:17.666898
802,RedGrid25,2,0.704415,-0.0610052557035651,-0.1114987546132664,-0.1114987546132664,-0.0040674936057312,-0.0542480645610866,0 days 00:13:05.104762
803,RedGrid5,2,0.689505,-0.0511541857406508,-0.0869865283365041,-0.0869865283365041,0.0,-0.0536206375422681,0 days 00:13:16.948550
804,RedGrid75,2,0.652949,-0.0286419589539849,-0.0442696511703864,-0.0442696511703864,0.0,-0.0339953769701097,0 days 00:13:48.942780
805,ExpGrad.1,1,0.709593,-0.0167115781292718,-0.1015257181363366,-0.1015257181363366,-0.006139087434609,-0.0199085027904591,0 days 00:02:10.512171
806,ExpGrad.01,1,0.591582,-0.0095505082581246,-0.0128639563344255,-0.0128639563344255,-0.0073402950264881,-0.0106713414854252,0 days 00:02:58.490958
807,RedGrid25,1,0.707804,-0.0607705734902526,-0.1305779028211905,-0.1305779028211905,-0.0622553037567547,-0.0577567762519034,0 days 00:11:53.832228
808,RedGrid5,1,0.698872,-0.0017633903824293,-0.0890814281665842,-0.0890814281665842,0.0,0.0,0 days 00:12:23.804952
809,RedGrid75,1,0.698872,-0.0017633903824293,-0.0890814281665842,-0.0890814281665842,0.0,0.0,0 days 00:12:23.287293
810,ExpGrad.1,1,0.711062,-0.0313308315321779,-0.1122946356374495,-0.1122946356374495,-0.0368542870438483,-0.0257940135820839,0 days 00:02:56.430185
811,ExpGrad.01,1,0.588282,-0.0176791903551347,-0.0240578080397368,-0.0240578080397368,-0.0178281491915113,-0.0174008484745845,0 days 00:02:52.658119
812,RedGrid25,1,0.699499,-0.0019856500856165,-0.1021620302443562,-0.1021620302443562,0.0,0.0,0 days 00:12:23.509748
813,RedGrid5,1,0.699499,-0.0019856500856165,-0.1021620302443562,-0.1021620302443562,0.0,0.0,0 days 00:12:22.927233
814,RedGrid75,1,0.699499,-0.0019856500856165,-0.1021620302443562,-0.1021620302443562,0.0,0.0,0 days 00:12:19.300304
815,ExpGrad.1,2,0.704153,-0.0445599788993813,-0.0791035622694308,-0.0791035622694308,-0.0397078743395468,-0.0171071804446247,0 days 00:03:05.721713
816,ExpGrad.01,2,0.609052,-0.0023068313224369,-0.0039497116310168,-0.0039497116310168,-0.0035867566694076,0.0,0 days 00:02:21.700899
817,RedGrid25,2,0.724483,-0.0804734865806796,-0.1082659292537054,-0.1082659292537054,-0.0792764832703611,-0.0565921185548088,0 days 00:10:42.694788
818,RedGrid5,2,0.687323,-0.028427635969773,-0.0582355137327751,-0.0582355137327751,-0.0313905579702934,0.0,0 days 00:10:46.018530
819,RedGrid75,2,0.658795,-0.0124563364748925,-0.0271039668052979,-0.0271039668052979,-0.0116292925489056,0.0,0 days 00:10:58.205942
820,ExpGrad.1,1,0.710011,-0.024118357003403,-0.1014537326509946,-0.1014537326509946,-0.0182352420174181,-0.024967530109632,0 days 00:01:23.834300
821,ExpGrad.01,1,0.580975,-0.0053734345375949,-0.0163293671699374,-0.0163293671699374,-0.0058839678224447,-0.0047498996311344,0 days 00:02:04.154261
822,RedGrid25,1,0.700264,-0.0016833849692265,-0.0857080996350475,-0.0857080996350475,0.0,0.0,0 days 00:08:20.086478
823,RedGrid5,1,0.700264,-0.0016833849692265,-0.0857080996350475,-0.0857080996350475,0.0,0.0,0 days 00:08:14.945684
824,RedGrid75,1,0.700264,-0.0016833849692265,-0.0857080996350475,-0.0857080996350475,0.0,0.0,0 days 00:08:26.798149
825,ExpGrad.1,0,0.705974,-0.0807485675755505,-0.097800949258861,-0.097800949258861,-0.0727830206172841,-0.070174381079304,0 days 00:03:33.432665
826,ExpGrad.01,0,0.684253,-0.0092566862800549,-0.0132894369115487,-0.0132894369115487,-0.0082755189914388,-0.0062583365962194,0 days 00:05:55.751872
827,RedGrid25,0,0.682528,-0.1153331839279258,-0.148829091942544,-0.148829091942544,-0.0969021692765923,-0.0960974420303171,0 days 00:12:56.628995
828,RedGrid5,0,0.682528,-0.1153331839279258,-0.148829091942544,-0.148829091942544,-0.0969021692765923,-0.0960974420303171,0 days 00:12:57.110717
829,RedGrid75,0,0.682528,-0.1153331839279258,-0.148829091942544,-0.148829091942544,-0.0969021692765923,-0.0960974420303171,0 days 00:12:55.856755
830,ExpGrad.1,2,0.718407,-0.0611443155366365,-0.0951547059497503,-0.0951547059497503,-0.0370525378312333,-0.0468108777395496,0 days 00:02:30.474490
831,ExpGrad.01,2,0.624733,-0.0109136588162806,-0.0191204611663096,-0.0191204611663096,0.0,-0.0108563606674096,0 days 00:03:40.451370
832,RedGrid25,2,0.717103,-0.0757273403866416,-0.0946231113938149,-0.0946231113938149,-0.0652927177886008,-0.0657961466126572,0 days 00:10:30.586680
833,RedGrid5,2,0.696189,-0.0614345745879633,-0.0846914595942134,-0.0846914595942134,0.0,-0.0816174993089257,0 days 00:10:26.478347
834,RedGrid75,2,0.67128,-0.0252348921829365,-0.0459403434434541,-0.0459403434434541,-0.03532195597257,0.0,0 days 00:10:23.996102
835,ExpGrad.1,1,0.711191,-0.0359829853770241,-0.1079107311035236,-0.1079107311035236,-0.0404646443110209,-0.0312454760949083,0 days 00:03:15.045406
836,ExpGrad.01,1,0.592681,-2.3278582754531395e-05,-0.0011750113950811,-0.0011750113950811,0.0,0.0,0 days 00:04:18.043116
837,RedGrid25,1,0.701193,-0.0157793516597905,-0.1064175637923945,-0.1064175637923945,-0.0082557821209815,-0.0170962108197421,0 days 00:15:40.169658
838,RedGrid5,1,0.701193,-0.0157793516597905,-0.1064175637923945,-0.1064175637923945,-0.0082557821209815,-0.0170962108197421,0 days 00:15:34.160672
839,RedGrid75,1,0.701193,-0.0157793516597905,-0.1064175637923945,-0.1064175637923945,-0.0082557821209815,-0.0170962108197421,0 days 00:15:38.432466
840,ExpGrad.1,0,0.706098,-0.0800157304470187,-0.0964897199273036,-0.0964897199273036,-0.0706977472314188,-0.0707499550593693,0 days 00:02:57.265391
841,ExpGrad.01,0,0.685217,-0.0115657504060719,-0.015983668499575,-0.015983668499575,-0.012582064811903,-0.0071418571355578,0 days 00:06:07.884839
842,RedGrid25,0,0.685819,-0.1217421352978772,-0.1508075291858345,-0.1508075291858345,-0.0998861021539163,-0.1083819890261356,0 days 00:11:45.894416
843,RedGrid5,0,0.685819,-0.1217421352978772,-0.1508075291858345,-0.1508075291858345,-0.0998861021539163,-0.1083819890261356,0 days 00:11:46.486013
844,RedGrid75,0,0.685819,-0.1217421352978772,-0.1508075291858345,-0.1508075291858345,-0.0998861021539163,-0.1083819890261356,0 days 00:11:42.116280
845,ExpGrad.1,2,0.697451,-0.0381517549803662,-0.0727335803033693,-0.0727335803033693,-0.0118425958785863,-0.0245718753561689,0 days 00:02:35.329918
846,ExpGrad.01,2,0.620528,-0.0036481089666499,-0.0104141201236773,-0.0104141201236773,0.0,0.0,0 days 00:04:46.995312
847,RedGrid25,2,0.72689,-0.0901352115122967,-0.1082763175421452,-0.1082763175421452,-0.106264666656057,-0.063224851234762,0 days 00:10:56.467783
848,RedGrid5,2,0.67828,-0.0342898981929868,-0.0522527316010955,-0.0522527316010955,0.0,-0.0408702209438223,0 days 00:10:59.196672
849,RedGrid75,2,0.651183,-0.0266440491559769,-0.040013984657676,-0.0313824371230615,0.0,-0.040013984657676,0 days 00:10:59.221257
850,ExpGrad.1,1,0.712843,-0.0468990590486614,-0.1249065721603829,-0.1249065721603829,-0.0483856257796637,-0.0436670203928145,0 days 00:03:24.308125
851,ExpGrad.01,1,0.60862,-0.0106998140491357,-0.0273571226872107,-0.0273571226872107,-0.0036467274525778,-0.0140995135479262,0 days 00:04:22.663340
852,RedGrid25,1,0.699349,-0.0019157562449904,-0.0984482654817358,-0.0984482654817358,0.0,0.0,0 days 00:14:45.370636
853,RedGrid5,1,0.699349,-0.0019157562449904,-0.0984482654817358,-0.0984482654817358,0.0,0.0,0 days 00:14:46.790298
854,RedGrid75,1,0.699349,-0.0019157562449904,-0.0984482654817358,-0.0984482654817358,0.0,0.0,0 days 00:14:40.897171
855,ExpGrad.1,2,0.712416,-0.0602956379903216,-0.0908772957674038,-0.0908772957674038,-0.036414251274938,-0.0488645024515957,0 days 00:03:09.992204
856,ExpGrad.01,2,0.629711,-0.0093705528168847,-0.0135551889303176,-0.0135551889303176,0.0,-0.0118969156190039,0 days 00:05:04.616633
857,RedGrid25,2,0.725202,-0.0940174572788673,-0.1150698055211693,-0.1150698055211693,-0.0952991172722202,-0.074269909624186,0 days 00:13:29.180282
858,RedGrid5,2,0.677573,-0.0359815862160204,-0.0553221561612163,-0.0553221561612163,0.0,-0.0427466248963646,0 days 00:13:37.005517
859,RedGrid75,2,0.677573,-0.0359815862160204,-0.0553221561612163,-0.0553221561612163,0.0,-0.0427466248963646,0 days 00:14:17.334105
860,ExpGrad.1,1,0.710606,-0.0305019680377363,-0.1203009138412258,-0.1203009138412258,-0.0214100994268181,-0.032736498650588,0 days 00:02:40.875755
861,ExpGrad.01,1,0.594555,-0.0002102627612792,-0.0107156146758276,-0.0107156146758276,0.0,0.0,0 days 00:04:12.050457
862,RedGrid25,1,0.705612,-0.0639775631606434,-0.1443931674612592,-0.1443931674612592,-0.0650766384501077,-0.0608709759464433,0 days 00:13:03.637664
863,RedGrid5,1,0.705612,-0.0639775631606434,-0.1443931674612592,-0.1443931674612592,-0.0650766384501077,-0.0608709759464433,0 days 00:13:06.354497
864,RedGrid75,1,0.705612,-0.0639775631606434,-0.1443931674612592,-0.1443931674612592,-0.0650766384501077,-0.0608709759464433,0 days 00:12:13.132879
865,ExpGrad.1,1,0.712538,-0.037010080385251,-0.1161163905595087,-0.1161163905595087,-0.0277201318641239,-0.0396843328532728,0 days 00:03:10.336549
866,ExpGrad.01,1,0.605472,-0.0008546807096951,-0.0013533613804744,0.0,0.0,-0.0013533613804744,0 days 00:04:08.214825
867,RedGrid25,1,0.70557,-0.0648555517463676,-0.1363790748224319,-0.1363790748224319,-0.0677187155402337,-0.0610519497956894,0 days 00:11:33.772627
868,RedGrid5,1,0.70557,-0.0648555517463676,-0.1363790748224319,-0.1363790748224319,-0.0677187155402337,-0.0610519497956894,0 days 00:11:39.257847
869,RedGrid75,1,0.70557,-0.0648555517463676,-0.1363790748224319,-0.1363790748224319,-0.0677187155402337,-0.0610519497956894,0 days 00:11:17.848013
870,ExpGrad.1,1,0.712022,-0.0519119810257958,-0.1313778369675408,-0.1313778369675408,-0.0468820462376111,-0.0522372906215309,0 days 00:02:36.728763
871,ExpGrad.01,1,0.588863,-0.0065650077223124,-0.0110387254720487,-0.0110387254720487,-0.0035445668119661,-0.008094989220152,0 days 00:03:00.856230
872,RedGrid25,1,0.705337,-0.0632054897341738,-0.1389540960767894,-0.1389540960767894,-0.0724160414598609,-0.0557811575401141,0 days 00:11:59.358684
873,RedGrid5,1,0.705337,-0.0632054897341738,-0.1389540960767894,-0.1389540960767894,-0.0724160414598609,-0.0557811575401141,0 days 00:11:58.054959
874,RedGrid75,1,0.705337,-0.0632054897341738,-0.1389540960767894,-0.1389540960767894,-0.0724160414598609,-0.0557811575401141,0 days 00:12:28.530920
875,ExpGrad.1,2,0.695033,-0.045691820231865,-0.0709303433438489,-0.0709303433438489,-0.0459295962125819,-0.0228416844480898,0 days 00:03:09.971869
876,ExpGrad.01,2,0.621638,-0.0026303268264076,-0.0070417784194116,-0.0070417784194116,0.0,-0.0004123110779453,0 days 00:05:56.298190
877,RedGrid25,2,0.699641,-0.0443909587991122,-0.0719484079834565,-0.0694672277667725,-0.0719484079834565,-0.0035276791672226,0 days 00:14:04.409531
878,RedGrid5,2,0.664398,-0.023142977587954,-0.0428297032554844,-0.0343290648055644,-0.0428297032554844,0.0,0 days 00:14:05.807006
879,RedGrid75,2,0.620028,-0.006005513003568,-0.018750706824602,-0.0032627310984696,-0.018750706824602,0.0,0 days 00:14:04.549691
880,ExpGrad.1,0,0.706808,-0.0802853945515013,-0.0975404340792801,-0.0975404340792801,-0.0712853596514377,-0.0700918742921048,0 days 00:04:03.902868
881,ExpGrad.01,0,0.688221,-0.0101779583692601,-0.0157181526374594,-0.0157181526374594,-0.0066738813503613,-0.0072455114029937,0 days 00:09:47.517939
882,RedGrid25,0,0.690153,-0.0172560403020494,-0.0241186806483724,-0.0241186806483724,-0.0012285195899126,-0.0201000064129784,0 days 00:16:15.537945
883,RedGrid5,0,0.690153,-0.0172560403020494,-0.0241186806483724,-0.0241186806483724,-0.0012285195899126,-0.0201000064129784,0 days 00:15:51.278898
884,RedGrid75,0,0.690153,-0.0172560403020494,-0.0241186806483724,-0.0241186806483724,-0.0012285195899126,-0.0201000064129784,0 days 00:15:40.226630
885,ExpGrad.1,2,0.715135,-0.0591511028431346,-0.094468176179419,-0.094468176179419,-0.0240290343503806,-0.0517880227852659,0 days 00:04:07.363645
886,ExpGrad.01,2,0.620367,-0.0080017015480517,-0.0111116265818495,-0.0111116265818495,-0.0047354769120605,-0.0074676955842226,0 days 00:09:18.990807
887,RedGrid25,2,0.695153,-0.0439230041904262,-0.0760285830061081,-0.0760285830061081,0.0,-0.0451373831732799,0 days 00:16:17.817098
888,RedGrid5,2,0.695153,-0.0439230041904262,-0.0760285830061081,-0.0760285830061081,0.0,-0.0451373831732799,0 days 00:16:18.869368
889,RedGrid75,2,0.682262,-0.0351008914608941,-0.0565126385037599,-0.0565126385037599,0.0,-0.0397398397203549,0 days 00:16:18.601189
890,ExpGrad.1,0,0.706378,-0.0819084874552807,-0.0984090330892144,-0.0984090330892144,-0.0728640908172211,-0.0724511967973385,0 days 00:02:40.192535
891,ExpGrad.01,0,0.685499,-0.0140179701318171,-0.0192639414112736,-0.0192639414112736,-0.0113999997648795,-0.0108689885168828,0 days 00:04:14.518101
892,RedGrid25,0,0.683298,-0.1155601239833718,-0.1493586193681189,-0.1493586193681189,-0.0951874498171492,-0.0972087945493963,0 days 00:08:39.219820
893,RedGrid5,0,0.683298,-0.1155601239833718,-0.1493586193681189,-0.1493586193681189,-0.0951874498171492,-0.0972087945493963,0 days 00:08:43.439082
894,RedGrid75,0,0.683298,-0.1155601239833718,-0.1493586193681189,-0.1493586193681189,-0.0951874498171492,-0.0972087945493963,0 days 00:08:43.960519
895,ExpGrad.1,1,0.710832,-0.0454880051455871,-0.116271539510395,-0.116271539510395,-0.0614539998943395,-0.0344292263282113,0 days 00:03:00.670337
896,ExpGrad.01,1,0.59311,-0.0062750826228092,-0.0121436065079834,-0.0081999558674349,-0.0121436065079834,-0.0029646445861752,0 days 00:03:15.113504
897,RedGrid25,1,0.708159,-0.0713609358871184,-0.1363161387215809,-0.1363161387215809,-0.0798697033322068,-0.0646146898724213,0 days 00:13:02.075918
898,RedGrid5,1,0.708159,-0.0713609358871184,-0.1363161387215809,-0.1363161387215809,-0.0798697033322068,-0.0646146898724213,0 days 00:12:56.119273
899,RedGrid75,1,0.708159,-0.0713609358871184,-0.1363161387215809,-0.1363161387215809,-0.0798697033322068,-0.0646146898724213,0 days 00:12:53.072027
900,ExpGrad.1,2,0.701138,-0.0471533924769258,-0.0824213292212346,-0.0824213292212346,-0.0285964911699493,-0.0281712707539016,0 days 00:02:29.938953
901,ExpGrad.01,2,0.628004,-0.0055791646136355,-0.0160395896749181,-0.0160395896749181,0.0,0.0,0 days 00:04:22.043524
902,RedGrid25,2,0.699785,-0.0495681899017174,-0.1012186344881201,-0.1012186344881201,0.0,-0.0369246391225762,0 days 00:11:47.909758
903,RedGrid5,2,0.672527,-0.021737455878215,-0.062493204092074,-0.062493204092074,0.0,0.0,0 days 00:11:42.506639
904,RedGrid75,2,0.672527,-0.021737455878215,-0.062493204092074,-0.062493204092074,0.0,0.0,0 days 00:11:40.941631
905,ExpGrad.1,0,0.706602,-0.0802908915346332,-0.0974801204393858,-0.0974801204393858,-0.0725290478009287,-0.0694820633389785,0 days 00:03:16.644680
906,ExpGrad.01,0,0.689509,-0.0135962539541132,-0.0197434415803752,-0.0197434415803752,-0.0114655031251466,-0.0093735142016301,0 days 00:06:22.267494
907,RedGrid25,0,0.687311,-0.0774297619998543,-0.1090691752164807,-0.1090691752164807,-0.004060644043999,-0.0902619994150863,0 days 00:11:27.036815
908,RedGrid5,0,0.687311,-0.0774297619998543,-0.1090691752164807,-0.1090691752164807,-0.004060644043999,-0.0902619994150863,0 days 00:11:25.701562
909,RedGrid75,0,0.687311,-0.0774297619998543,-0.1090691752164807,-0.1090691752164807,-0.004060644043999,-0.0902619994150863,0 days 00:11:23.999706
910,ExpGrad.1,0,0.707533,-0.0833707448277721,-0.1013003116409324,-0.1013003116409324,-0.0749328766560338,-0.0722949442432924,0 days 00:02:32.027893
911,ExpGrad.01,0,0.689417,-0.0149859446360616,-0.0219861485520141,-0.0219861485520141,-0.0113945833652682,-0.0108267285274976,0 days 00:06:35.301275
912,RedGrid25,0,0.685833,-0.1244596892130554,-0.1544391992057955,-0.1544391992057955,-0.1020447407645257,-0.1105574249347677,0 days 00:10:50.098850
913,RedGrid5,0,0.685833,-0.1244596892130554,-0.1544391992057955,-0.1544391992057955,-0.1020447407645257,-0.1105574249347677,0 days 00:10:34.368949
914,RedGrid75,0,0.685833,-0.1244596892130554,-0.1544391992057955,-0.1544391992057955,-0.1020447407645257,-0.1105574249347677,0 days 00:10:26.800756
915,ExpGrad.1,2,0.714411,-0.0639565548817025,-0.0951416461839874,-0.0951416461839874,-0.0508941944857302,-0.0449138659980816,0 days 00:02:50.137503
916,ExpGrad.01,2,0.618069,-0.0028562510706609,-0.0082095460136225,-0.0082095460136225,0.0,0.0,0 days 00:04:32.060684
917,RedGrid25,2,0.712094,-0.0682932175934641,-0.1092732505005746,-0.1092732505005746,-0.0185465864728257,-0.065168791631915,0 days 00:14:16.592660
918,RedGrid5,2,0.686358,-0.0342464831124898,-0.079100800908782,-0.079100800908782,0.0,-0.0172472344669097,0 days 00:14:15.952973
919,RedGrid75,2,0.616216,-0.0210775959868529,-0.038990279648067,0.0,-0.038990279648067,-0.0278425618842927,0 days 00:14:15.093155
920,ExpGrad.1,2,0.688263,-0.0273347357690536,-0.0685431768525806,-0.0685431768525806,-0.0110408872347492,-0.0013273816028825,0 days 00:03:04.733341
921,ExpGrad.01,2,0.60533,-0.0034754913908789,-0.0099451587863798,-0.0099451587863798,0.0,0.0,0 days 00:06:02.254131
922,RedGrid25,2,0.687978,-0.0325136175527712,-0.0756564799730361,-0.0756564799730361,0.0,-0.0155219686073195,0 days 00:13:12.244623
923,RedGrid5,2,0.662516,-0.0125437786160764,-0.0358941674968518,-0.0358941674968518,0.0,0.0,0 days 00:13:13.269088
924,RedGrid75,2,0.662516,-0.0125437786160764,-0.0358941674968518,-0.0358941674968518,0.0,0.0,0 days 00:13:18.570184
925,ExpGrad.1,2,0.715236,-0.0667234231504925,-0.0975112460304979,-0.0975112460304979,-0.0586584412554528,-0.0448197131151731,0 days 00:03:30.535175
926,ExpGrad.01,2,0.6229,-0.006467111245911,-0.0118931423983913,-0.0118931423983913,-0.0089275368826873,0.0,0 days 00:04:37.120793
927,RedGrid25,2,0.717256,-0.0820226982522275,-0.1018545343519443,-0.0946355264223378,-0.1018545343519443,-0.0575126060730101,0 days 00:14:00.814043
928,RedGrid5,2,0.717256,-0.0820226982522275,-0.1018545343519443,-0.0946355264223378,-0.1018545343519443,-0.0575126060730101,0 days 00:13:58.634434
929,RedGrid75,2,0.672392,-0.0296723976219823,-0.0735925947263377,-0.0735925947263377,0.0,-0.0106260283807518,0 days 00:13:59.011503
930,ExpGrad.1,2,0.709007,-0.051797969778484,-0.084818684424225,-0.084818684424225,-0.0419339822261822,-0.0290098244793075,0 days 00:03:09.694223
931,ExpGrad.01,2,0.621237,-0.0072444165409891,-0.014727775844232,-0.014727775844232,0.0,-0.0054570755637671,0 days 00:04:13.214853
932,RedGrid25,2,0.730055,-0.0986419905795735,-0.1172235095954905,-0.1172235095954905,-0.1074476574197211,-0.076139526009301,0 days 00:11:20.164270
933,RedGrid5,2,0.683532,-0.0291966005747883,-0.0711355738055534,-0.0711355738055534,0.0,-0.0114917351149033,0 days 00:11:17.080290
934,RedGrid75,2,0.683532,-0.0291966005747883,-0.0711355738055534,-0.0711355738055534,0.0,-0.0114917351149033,0 days 00:11:31.582930
935,ExpGrad.1,0,0.707132,-0.0844468751602846,-0.1026746638719054,-0.1026746638719054,-0.0759527315818731,-0.0731593767129022,0 days 00:02:58.684234
936,ExpGrad.01,0,0.684031,-0.0117149079050555,-0.0166135399292204,-0.0166135399292204,-0.0127555686852095,-0.0068467639011369,0 days 00:05:15.011579
937,RedGrid25,0,0.683738,-0.1188454343025765,-0.1547679586393654,-0.1547679586393654,-0.1000442695030364,-0.0977384505970172,0 days 00:12:06.518246
938,RedGrid5,0,0.683738,-0.1188454343025765,-0.1547679586393654,-0.1547679586393654,-0.1000442695030364,-0.0977384505970172,0 days 00:12:05.642139
939,RedGrid75,0,0.683738,-0.1188454343025765,-0.1547679586393654,-0.1547679586393654,-0.1000442695030364,-0.0977384505970172,0 days 00:12:06.361556
940,ExpGrad.1,2,0.706891,-0.0465966852406194,-0.0861793806316014,-0.0861793806316014,-0.0082150564898018,-0.0371868603271529,0 days 00:02:39.156663
941,ExpGrad.01,2,0.630695,-0.0047370160037841,-0.0136941850511591,-0.0136941850511591,0.0,0.0,0 days 00:05:14.982152
942,RedGrid25,2,0.719234,-0.0661651033177079,-0.102934329779264,-0.102934329779264,-0.0737308931187447,-0.0288802441292123,0 days 00:13:54.707615
943,RedGrid5,2,0.692547,-0.0349111271646629,-0.0617428441704546,-0.0617428441704546,-0.0520957345664813,0.0,0 days 00:13:57.053255
944,RedGrid75,2,0.623733,-0.0056775204757447,-0.0115882533710633,-0.0076975244122958,-0.0115882533710633,0.0,0 days 00:13:57.414507
945,ExpGrad.1,2,0.64385,-0.0110965630334899,-0.0315713534004002,-0.0315713534004002,0.0,0.0,0 days 00:04:06.561575
946,ExpGrad.01,2,0.617062,-0.0054065536412003,-0.0149370180307535,-0.0149370180307535,0.0,-0.0004029707080064,0 days 00:03:47.557054
947,RedGrid25,2,0.711588,-0.0959853929071059,-0.0973932416097549,-0.0959807265710557,-0.0973932416097549,-0.0950473501619409,0 days 00:14:13.657637
948,RedGrid5,2,0.635571,-0.0075501448707225,-0.0214812722838949,-0.0214812722838949,0.0,0.0,0 days 00:14:14.536621
949,RedGrid75,2,0.589017,0.0,0.0,0.0,0.0,0.0,0 days 00:14:13.715260
950,ExpGrad.1,1,0.708819,-0.0255302378414977,-0.0957234732769454,-0.0957234732769454,-0.0359675536360772,-0.0176176191301716,0 days 00:03:02.191887
951,ExpGrad.01,1,0.607254,-0.0010503278648026,-0.0018081502768244,-0.0018081502768244,0.0,-0.0016078011423491,0 days 00:04:52.349005
952,RedGrid25,1,0.700157,-0.0066201996630641,-0.0961217959834442,-0.0961217959834442,-0.0013915969313729,-0.0067780440826329,0 days 00:13:04.093711
953,RedGrid5,1,0.700157,-0.0066201996630641,-0.0961217959834442,-0.0961217959834442,-0.0013915969313729,-0.0067780440826329,0 days 00:13:04.126101
954,RedGrid75,1,0.700157,-0.0066201996630641,-0.0961217959834442,-0.0961217959834442,-0.0013915969313729,-0.0067780440826329,0 days 00:12:19.083342
955,ExpGrad.1,1,0.709445,-0.0268040824270214,-0.101126720218902,-0.101126720218902,-0.0378458276594926,-0.0184114954513733,0 days 00:01:55.125515
956,ExpGrad.01,1,0.586264,-0.0090316844480378,-0.0125047215373905,-0.0051408239564561,-0.0125047215373905,-0.0072277654225094,0 days 00:02:08.630678
957,RedGrid25,1,0.699431,-0.0453570212710593,-0.1125065186196522,-0.1125065186196522,0.0,-0.0684150175602008,0 days 00:07:55.486374
958,RedGrid5,1,0.682484,-0.000624613466022,-0.0322847638201166,-0.0322847638201166,0.0,0.0,0 days 00:07:54.998645
959,RedGrid75,1,0.682484,-0.000624613466022,-0.0322847638201166,-0.0322847638201166,0.0,0.0,0 days 00:07:51.202367
960,ExpGrad.1,0,0.706508,-0.0777726160165891,-0.0955698048569326,-0.0955698048569326,-0.0644614150010346,-0.0695013812263912,0 days 00:03:12.874541
961,ExpGrad.01,0,0.683121,-0.0079412135030502,-0.0127218960671194,-0.0127218960671194,-0.0037679508129032,-0.0060491659446244,0 days 00:06:58.041048
962,RedGrid25,0,0.691076,-0.0211569892531519,-0.0268713870500322,-0.0268713870500322,-0.0051969474697298,-0.0249498279759901,0 days 00:13:41.401400
963,RedGrid5,0,0.691076,-0.0211569892531519,-0.0268713870500322,-0.0268713870500322,-0.0051969474697298,-0.0249498279759901,0 days 00:13:30.519331
964,RedGrid75,0,0.691076,-0.0211569892531519,-0.0268713870500322,-0.0268713870500322,-0.0051969474697298,-0.0249498279759901,0 days 00:13:26.194770
965,ExpGrad.1,0,0.706073,-0.0839470261356124,-0.1012070391615101,-0.1012070391615101,-0.0763886115388117,-0.0729988429324322,0 days 00:03:53.340015
966,ExpGrad.01,0,0.68423,-0.0108591142443604,-0.0158221365895789,-0.0158221365895789,-0.0092377587364154,-0.0074059074821679,0 days 00:07:11.890377
967,RedGrid25,0,0.68589,-0.0838867660804026,-0.1160850750602594,-0.1160850750602594,-0.0103854303401509,-0.0962954528145638,0 days 00:14:26.797833
968,RedGrid5,0,0.68589,-0.0838867660804026,-0.1160850750602594,-0.1160850750602594,-0.0103854303401509,-0.0962954528145638,0 days 00:14:23.985235
969,RedGrid75,0,0.665605,-0.0300386121025963,-0.0832609432734448,-0.0832609432734448,0.0,0.0,0 days 00:14:07.917450
970,ExpGrad.1,1,0.708479,-0.0281269772565221,-0.1045086720619055,-0.1045086720619055,-0.0337179933070347,-0.0227072102142829,0 days 00:02:33.423718
971,ExpGrad.01,1,0.609632,-0.0001943530488203,-0.0100877671943392,-0.0100877671943392,0.0,0.0,0 days 00:03:44.470362
972,RedGrid25,1,0.697293,-0.0059848604773526,-0.0977425943434768,-0.0977425943434768,0.0,-0.006493748815454,0 days 00:13:05.137637
973,RedGrid5,1,0.697293,-0.0059848604773526,-0.0977425943434768,-0.0977425943434768,0.0,-0.006493748815454,0 days 00:12:59.113965
974,RedGrid75,1,0.697293,-0.0059848604773526,-0.0977425943434768,-0.0977425943434768,0.0,-0.006493748815454,0 days 00:12:56.128373
975,ExpGrad.1,0,0.707008,-0.0811868068910723,-0.0982375059369398,-0.0982375059369398,-0.0710299358430152,-0.0717822319105588,0 days 00:03:04.278039
976,ExpGrad.01,0,0.686909,-0.0125979243925935,-0.0181717953574849,-0.0181717953574849,-0.0082634044581659,-0.0100832469894602,0 days 00:05:44.006934
977,RedGrid25,0,0.690729,-0.019864247364715,-0.0255688967781531,-0.0255688967781531,-0.0059506076659582,-0.0225203860252647,0 days 00:12:48.710178
978,RedGrid5,0,0.690729,-0.019864247364715,-0.0255688967781531,-0.0255688967781531,-0.0059506076659582,-0.0225203860252647,0 days 00:12:47.928232
979,RedGrid75,0,0.690729,-0.019864247364715,-0.0255688967781531,-0.0255688967781531,-0.0059506076659582,-0.0225203860252647,0 days 00:12:45.276385
980,ExpGrad.1,2,0.712131,-0.0609365065248417,-0.0900208798071012,-0.0900208798071012,-0.0540862856081684,-0.039904375325904,0 days 00:02:18.413886
981,ExpGrad.01,2,0.627302,-0.0060626817231654,-0.0143560460371,-0.0143560460371,-0.0042083809301194,0.0,0 days 00:02:54.913180
982,RedGrid25,2,0.716607,-0.0665841660275324,-0.1074088034610029,-0.1074088034610029,-0.0730119398698351,-0.0264667620979756,0 days 00:10:41.720979
983,RedGrid5,2,0.669718,-0.0221417947189844,-0.0639822569434453,-0.0639822569434453,0.0,0.0,0 days 00:10:32.351802
984,RedGrid75,2,0.669718,-0.0221417947189844,-0.0639822569434453,-0.0639822569434453,0.0,0.0,0 days 00:10:47.028872
985,ExpGrad.1,2,0.708049,-0.0496677895829384,-0.0844875042037019,-0.0844875042037019,-0.0589136576497008,-0.012319995185568,0 days 00:02:26.895408
986,ExpGrad.01,2,0.616017,-0.0036197269396292,-0.0072848521243958,-0.0072848521243958,-0.0041274314934949,0.0,0 days 00:03:42.123454
987,RedGrid25,2,0.71678,-0.0709378015284016,-0.1078794938412339,-0.1078794938412339,-0.0830400577747982,-0.0297796311751035,0 days 00:13:22.691665
988,RedGrid5,2,0.71678,-0.0709378015284016,-0.1078794938412339,-0.1078794938412339,-0.0830400577747982,-0.0297796311751035,0 days 00:13:21.876082
989,RedGrid75,2,0.65687,-0.0238144305612685,-0.0560314986294125,-0.0263354422932644,-0.0560314986294125,0.0,0 days 00:14:12.363637
990,ExpGrad.1,0,0.706317,-0.0748036700380442,-0.0938344416003268,-0.0938344416003268,-0.0612742243154326,-0.0655713705932031,0 days 00:03:25.541039
991,ExpGrad.01,0,0.686786,-0.0151593661478777,-0.0214272821774647,-0.0214272821774647,-0.0123234382006945,-0.0112215693222017,0 days 00:06:39.459067
992,RedGrid25,0,0.685771,-0.1222119411665326,-0.1528245962584909,-0.1528245962584909,-0.0978852984900209,-0.1087803605328799,0 days 00:12:26.842712
993,RedGrid5,0,0.685771,-0.1222119411665326,-0.1528245962584909,-0.1528245962584909,-0.0978852984900209,-0.1087803605328799,0 days 00:12:27.408968
994,RedGrid75,0,0.685771,-0.1222119411665326,-0.1528245962584909,-0.1528245962584909,-0.0978852984900209,-0.1087803605328799,0 days 00:12:25.518209
995,ExpGrad.1,2,0.633072,-0.0499246988121745,-0.0665599655048927,-0.0665599655048927,-0.0616361911264851,-0.0275386461124322,0 days 00:03:53.062495
996,ExpGrad.01,2,0.595701,-0.0072487444717298,-0.0179565057183098,-0.0074820760956487,-0.0179565057183098,0.0,0 days 00:02:39.387399
997,RedGrid25,2,0.719145,-0.0723836548143177,-0.1024026956590376,-0.1024026956590376,-0.0824413391650192,-0.0392722038822869,0 days 00:11:12.139669
998,RedGrid5,2,0.719145,-0.0723836548143177,-0.1024026956590376,-0.1024026956590376,-0.0824413391650192,-0.0392722038822869,0 days 00:11:10.322420
999,RedGrid75,2,0.593194,-0.001256026172288,-0.0048512118644446,0.0,-0.0048512118644446,0.0,0 days 00:11:00.242275
1000,ExpGrad.1,0,0.706378,-0.0784939076725217,-0.0963232995539979,-0.0963232995539979,-0.0668087696619288,-0.069291715159545,0 days 00:03:16.384507
1001,ExpGrad.01,0,0.689171,-0.0162224368762807,-0.0212581106608735,-0.0212581106608735,-0.0140311004993836,-0.0130100390361134,0 days 00:07:32.193206
1002,RedGrid25,0,0.682792,-0.1165612671453818,-0.1518772287633412,-0.1518772287633412,-0.0984294844078078,-0.0955607386843482,0 days 00:12:23.713361
1003,RedGrid5,0,0.682792,-0.1165612671453818,-0.1518772287633412,-0.1518772287633412,-0.0984294844078078,-0.0955607386843482,0 days 00:12:27.865545
1004,RedGrid75,0,0.682792,-0.1165612671453818,-0.1518772287633412,-0.1518772287633412,-0.0984294844078078,-0.0955607386843482,0 days 00:12:21.703522
1005,ExpGrad.1,1,0.711525,-0.0487467728799791,-0.1209637504915263,-0.1209637504915263,-0.052743363318556,-0.0443067807008269,0 days 00:02:49.536401
1006,ExpGrad.01,1,0.596737,-0.0109791917522903,-0.0221416040238259,-0.0221416040238259,-0.0189848229530533,-0.0061985267678373,0 days 00:03:44.412697
1007,RedGrid25,1,0.699491,-0.0464859538134399,-0.1150070066204175,-0.1150070066204175,0.0,-0.0701373882398188,0 days 00:12:47.960428
1008,RedGrid5,1,0.683247,-0.0008942553227898,-0.0460033812983402,-0.0460033812983402,0.0,0.0,0 days 00:12:46.324755
1009,RedGrid75,1,0.683247,-0.0008942553227898,-0.0460033812983402,-0.0460033812983402,0.0,0.0,0 days 00:11:54.222278
1010,ExpGrad.1,2,0.695137,-0.0486117874966303,-0.0792460929740722,-0.0792460929740722,-0.0443835893441833,-0.0243874510808705,0 days 00:03:01.094944
1011,ExpGrad.01,2,0.61392,-0.0071192253562663,-0.0111328619115285,-0.0111328619115285,0.0,-0.0083077375562174,0 days 00:04:36.470271
1012,RedGrid25,2,0.714899,-0.068206617561792,-0.1019811096008483,-0.1019811096008483,-0.0836777769807562,-0.0281217953414122,0 days 00:13:45.564109
1013,RedGrid5,2,0.682007,-0.0323911970075055,-0.0783905543781558,-0.0783905543781558,0.0,-0.0133207913122306,0 days 00:13:44.832875
1014,RedGrid75,2,0.672418,-0.0343407197694229,-0.051389725548031,-0.051389725548031,0.0,-0.0421134438549657,0 days 00:13:44.570909
1015,ExpGrad.1,1,0.710634,-0.0345794153579534,-0.1136111247701185,-0.1136111247701185,-0.0414871176499491,-0.0283085293678329,0 days 00:02:16.864813
1016,ExpGrad.01,1,0.586311,-0.00411024890259,-0.0072774546113456,-0.0072774546113456,-0.0045764795296403,-0.003754476603852,0 days 00:02:39.832663
1017,RedGrid25,1,0.706876,-0.0538626698914209,-0.1344119469431658,-0.1344119469431658,-0.0472571885847459,-0.0549977399716319,0 days 00:11:22.662162
1018,RedGrid5,1,0.692391,-0.0017473029373131,-0.0888106693113959,-0.0888106693113959,0.0,0.0,0 days 00:11:21.741579
1019,RedGrid75,1,0.692391,-0.0017473029373131,-0.0888106693113959,-0.0888106693113959,0.0,0.0,0 days 00:11:42.215471
1020,ExpGrad.1,0,0.706157,-0.0824687986302028,-0.0999475895374716,-0.0999475895374716,-0.0732240586114463,-0.0722843889965244,0 days 00:03:14.920076
1021,ExpGrad.01,0,0.68392,-0.0124723203667519,-0.0172219957960053,-0.0172219957960053,-0.0113227090101455,-0.008946973047986,0 days 00:05:29.810806
1022,RedGrid25,0,0.682504,-0.1157817422512505,-0.150709761570973,-0.150709761570973,-0.0979318726149682,-0.0950830968637435,0 days 00:11:57.419921
1023,RedGrid5,0,0.682504,-0.1157817422512505,-0.150709761570973,-0.150709761570973,-0.0979318726149682,-0.0950830968637435,0 days 00:11:47.172229
1024,RedGrid75,0,0.682504,-0.1157817422512505,-0.150709761570973,-0.150709761570973,-0.0979318726149682,-0.0950830968637435,0 days 00:11:50.288243
1025,ExpGrad.1,0,0.706669,-0.0828936619046765,-0.0999431914883641,-0.0999431914883641,-0.0758850821207474,-0.071806479015383,0 days 00:03:21.817708
1026,ExpGrad.01,0,0.686371,-0.0142366908435502,-0.0183713805246753,-0.0183713805246753,-0.0135444298136085,-0.0109922098422406,0 days 00:06:14.507126
1027,RedGrid25,0,0.686018,-0.123406714213491,-0.1524089554666232,-0.1524089554666232,-0.1045648891565673,-0.1083640543482945,0 days 00:12:31.979011
1028,RedGrid5,0,0.686018,-0.123406714213491,-0.1524089554666232,-0.1524089554666232,-0.1045648891565673,-0.1083640543482945,0 days 00:13:56.895048
1029,RedGrid75,0,0.667692,-0.0499060010555008,-0.1065515535961638,-0.1065515535961638,-0.0011446027861121,-0.0271235214709146,0 days 00:13:46.633997
1030,ExpGrad.1,1,0.705815,-0.012485430826331,-0.097255739260853,-0.097255739260853,-0.0303388801334786,0.0,0 days 00:02:09.005042
1031,ExpGrad.01,1,0.570307,-0.007031692047933,-0.010646087445243,-0.010646087445243,-0.0035901205803338,-0.0088243296075743,0 days 00:02:34.927541
1032,RedGrid25,1,0.705523,-0.056169374528269,-0.1322598652205683,-0.1322598652205683,-0.0444385895685273,-0.0603170558850938,0 days 00:08:07.016575
1033,RedGrid5,1,0.684551,-0.0009207606667688,-0.0473891885044918,-0.0473891885044918,0.0,0.0,0 days 00:08:01.734494
1034,RedGrid75,1,0.684551,-0.0009207606667688,-0.0473891885044918,-0.0473891885044918,0.0,0.0,0 days 00:08:00.820745
1035,ExpGrad.1,0,0.706867,-0.0826033998246586,-0.099024155841824,-0.099024155841824,-0.0759591416398203,-0.0718571726640316,0 days 00:03:25.915480
1036,ExpGrad.01,0,0.686335,-0.0119587056116859,-0.016112446910537,-0.016112446910537,-0.0117794478210863,-0.0084083710558078,0 days 00:05:58.396527
1037,RedGrid25,0,0.686114,-0.1233687677626731,-0.153101376465698,-0.153101376465698,-0.1041252974426244,-0.1079077725380085,0 days 00:12:16.709820
1038,RedGrid5,0,0.686114,-0.1233687677626731,-0.153101376465698,-0.153101376465698,-0.1041252974426244,-0.1079077725380085,0 days 00:12:16.689256
1039,RedGrid75,0,0.667744,-0.0498636691707576,-0.1064170046098622,-0.1064170046098622,0.0,-0.0278044081271653,0 days 00:12:41.723416
1040,ExpGrad.1,0,0.706251,-0.0827560405447956,-0.0995244715309865,-0.0995244715309865,-0.0734879485838212,-0.0731761248009832,0 days 00:03:30.022960
1041,ExpGrad.01,0,0.688081,-0.0107175082358607,-0.0162268492955498,-0.0162268492955498,-0.0083346171236257,-0.0072026741243754,0 days 00:07:12.598865
1042,RedGrid25,0,0.69427,-0.0365067150971807,-0.0436966003885413,-0.0385529792814659,-0.0203064150383182,-0.0436966003885413,0 days 00:13:39.412771
1043,RedGrid5,0,0.69427,-0.0365067150971807,-0.0436966003885413,-0.0385529792814659,-0.0203064150383182,-0.0436966003885413,0 days 00:13:41.299670
1044,RedGrid75,0,0.69427,-0.0365067150971807,-0.0436966003885413,-0.0385529792814659,-0.0203064150383182,-0.0436966003885413,0 days 00:13:33.685295
1045,ExpGrad.1,0,0.706396,-0.0803818259580667,-0.0976524849054296,-0.0976524849054296,-0.0707867054215085,-0.0705632665172469,0 days 00:02:33.417418
1046,ExpGrad.01,0,0.688132,-0.0114998960484799,-0.0176839286836238,-0.0176839286836238,-0.0069095973178621,-0.0086205559660441,0 days 00:05:33.634109
1047,RedGrid25,0,0.682651,-0.1108520208265192,-0.1461462423374202,-0.1461462423374202,-0.0912121457558718,-0.0908041409787304,0 days 00:09:22.984649
1048,RedGrid5,0,0.682651,-0.1108520208265192,-0.1461462423374202,-0.1461462423374202,-0.0912121457558718,-0.0908041409787304,0 days 00:09:22.764158
1049,RedGrid75,0,0.682651,-0.1108520208265192,-0.1461462423374202,-0.1461462423374202,-0.0912121457558718,-0.0908041409787304,0 days 00:09:16.432088
1050,ExpGrad.1,0,0.706508,-0.0788522404708463,-0.0982442252377818,-0.0982442252377818,-0.0653392886614243,-0.0692902803987134,0 days 00:03:33.732593
1051,ExpGrad.01,0,0.687532,-0.0140610586910989,-0.0204470233419908,-0.0204470233419908,-0.0071934263850045,-0.0122430321528976,0 days 00:09:33.493230
1052,RedGrid25,0,0.682569,-0.1138814124535961,-0.148914328591852,-0.148914328591852,-0.0938767840221314,-0.0941810259605222,0 days 00:13:11.170142
1053,RedGrid5,0,0.682569,-0.1138814124535961,-0.148914328591852,-0.148914328591852,-0.0938767840221314,-0.0941810259605222,0 days 00:13:12.374317
1054,RedGrid75,0,0.682569,-0.1138814124535961,-0.148914328591852,-0.148914328591852,-0.0938767840221314,-0.0941810259605222,0 days 00:13:04.700264
1055,ExpGrad.1,0,0.705602,-0.0833945419258498,-0.1025381489501144,-0.1025381489501144,-0.0734793765436553,-0.0720797147704214,0 days 00:03:01.144812
1056,ExpGrad.01,0,0.685649,-0.0147571537724953,-0.0210791995572917,-0.0210791995572917,-0.0117204494422836,-0.0108893573693138,0 days 00:06:01.210270
1057,RedGrid25,0,0.684984,-0.1233093619515889,-0.1550277716786451,-0.1550277716786451,-0.101080596907878,-0.1077625766205985,0 days 00:13:21.218132
1058,RedGrid5,0,0.684984,-0.1233093619515889,-0.1550277716786451,-0.1550277716786451,-0.101080596907878,-0.1077625766205985,0 days 00:13:27.175635
1059,RedGrid75,0,0.684984,-0.1233093619515889,-0.1550277716786451,-0.1550277716786451,-0.101080596907878,-0.1077625766205985,0 days 00:13:27.427728
1060,ExpGrad.1,2,0.717549,-0.0630746468924656,-0.0980971334227001,-0.0980971334227001,-0.043518285779828,-0.0449223825964726,0 days 00:03:25.407897
1061,ExpGrad.01,2,0.630942,-0.0084011027635238,-0.0168805718062504,-0.0114314350690039,-0.0168805718062504,0.0,0 days 00:05:04.861477
1062,RedGrid25,2,0.731436,-0.0959086245480906,-0.1209809898114003,-0.1209809898114003,-0.0943209120842494,-0.0745782030191023,0 days 00:14:39.673093
1063,RedGrid5,2,0.696844,-0.0434504332777983,-0.0783455431312588,-0.0783455431312588,0.0,-0.041457407576499,0 days 00:14:41.713461
1064,RedGrid75,2,0.658802,-0.0141983549331166,-0.0407666578739867,-0.0407666578739867,0.0,0.0,0 days 00:14:39.304685
1065,ExpGrad.1,1,0.711629,-0.0350991724030986,-0.1145825894193773,-0.1145825894193773,-0.0398555787937734,-0.0300411011561112,0 days 00:02:26.831325
1066,ExpGrad.01,1,0.566311,-0.0050602201803671,-0.0078862055808779,-0.0042121298235172,0.0,-0.0078862055808779,0 days 00:02:23.669926
1067,RedGrid25,1,0.706005,-0.0612082900720031,-0.1325359056336595,-0.1325359056336595,-0.0677695822622378,-0.0554004172105707,0 days 00:11:58.473120
1068,RedGrid5,1,0.700804,-0.0043239757123256,-0.0975961184823837,-0.0975961184823837,0.0,-0.0038697045718805,0 days 00:11:55.873713
1069,RedGrid75,1,0.700804,-0.0043239757123256,-0.0975961184823837,-0.0975961184823837,0.0,-0.0038697045718805,0 days 00:11:53.759194
1070,ExpGrad.1,2,0.712283,-0.0507786651430889,-0.0805658430536682,-0.0805658430536682,-0.0479402881490066,-0.0264459132649552,0 days 00:04:35.878915
1071,ExpGrad.01,2,0.625385,-0.0032296380059967,-0.0065483441639059,-0.0043850175803745,-0.0065483441639059,0.0,0 days 00:05:28.219961
1072,RedGrid25,2,0.721552,-0.0803304024771777,-0.1007546495968819,-0.1007546495968819,-0.0889863955924081,-0.056578112404694,0 days 00:13:35.924720
1073,RedGrid5,2,0.670919,-0.018669805220754,-0.0479433587357538,-0.0479433587357538,0.0,-0.0053433393186521,0 days 00:13:44.872315
1074,RedGrid75,2,0.663026,-0.0169263770568096,-0.036066121828781,-0.036066121828781,0.0,-0.0113595672465733,0 days 00:13:34.438106
1075,ExpGrad.1,0,0.707412,-0.0776512417981559,-0.0957583901243969,-0.0957583901243969,-0.0643354112052086,-0.0691688466026988,0 days 00:03:17.469575
1076,ExpGrad.01,0,0.688276,-0.0121957344089919,-0.0187827336723954,-0.0187827336723954,-0.0065665541135444,-0.0095466208174122,0 days 00:06:23.857240
1077,RedGrid25,0,0.695979,-0.0645952664333397,-0.08261277783782,-0.0575542587299036,-0.08261277783782,-0.060753965402947,0 days 00:11:01.682160
1078,RedGrid5,0,0.695979,-0.0645952664333397,-0.08261277783782,-0.0575542587299036,-0.08261277783782,-0.060753965402947,0 days 00:10:56.337948
1079,RedGrid75,0,0.695979,-0.0645952664333397,-0.08261277783782,-0.0575542587299036,-0.08261277783782,-0.060753965402947,0 days 00:11:06.808729
1080,ExpGrad.1,2,0.700773,-0.0563894103198696,-0.0756712333035153,-0.0756712333035153,-0.070197564656,-0.0301563062225117,0 days 00:02:31.459988
1081,ExpGrad.01,2,0.622281,-0.0080600133932047,-0.0138614720561686,-0.0127977585779024,-0.0138614720561686,0.0,0 days 00:02:57.389876
1082,RedGrid25,2,0.715304,-0.074338602998586,-0.0953834353966209,-0.0953834353966209,-0.080899744626012,-0.051409961720535,0 days 00:12:10.607536
1083,RedGrid5,2,0.661121,-0.0148295819040357,-0.0429572287873345,-0.0429572287873345,0.0,0.0,0 days 00:12:04.528033
1084,RedGrid75,2,0.661121,-0.0148295819040357,-0.0429572287873345,-0.0429572287873345,0.0,0.0,0 days 00:12:04.262772
1085,ExpGrad.1,0,0.707091,-0.0774379450461823,-0.0954347344508494,-0.0954347344508494,-0.0664215029742804,-0.0677689751241883,0 days 00:02:12.210478
1086,ExpGrad.01,0,0.686586,-0.0113787682276972,-0.0157937380746775,-0.0157937380746775,-0.0092896128494242,-0.0086676312154508,0 days 00:05:24.678267
1087,RedGrid25,0,0.683508,-0.1173428649190589,-0.1514090957198451,-0.1514090957198451,-0.0974939154438696,-0.0984852252418203,0 days 00:10:40.756910
1088,RedGrid5,0,0.683508,-0.1173428649190589,-0.1514090957198451,-0.1514090957198451,-0.0974939154438696,-0.0984852252418203,0 days 00:09:45.823711
1089,RedGrid75,0,0.683508,-0.1173428649190589,-0.1514090957198451,-0.1514090957198451,-0.0974939154438696,-0.0984852252418203,0 days 00:09:35.935322
1090,ExpGrad.1,2,0.713285,-0.0629372211788043,-0.0997325465841565,-0.0997325465841565,-0.0312299436299599,-0.0513763009092045,0 days 00:02:43.426104
1091,ExpGrad.01,2,0.606768,-0.0087507201938021,-0.0133274553675359,-0.0087914669762351,-0.0133274553675359,-0.0056792185192794,0 days 00:02:24.918614
1092,RedGrid25,2,0.730712,-0.0957838071489815,-0.1189215429729719,-0.1189215429729719,-0.1082718862342562,-0.067008035219337,0 days 00:10:27.717143
1093,RedGrid5,2,0.692859,-0.0511805877083609,-0.086820423174392,-0.086820423174392,0.0,-0.0535583118879488,0 days 00:10:27.256675
1094,RedGrid75,2,0.672714,-0.0254547567859834,-0.0732547994877186,-0.0732547994877186,0.0,0.0,0 days 00:10:26.843401
1095,ExpGrad.1,0,0.706802,-0.0799596303357596,-0.0972968867208423,-0.0972968867208423,-0.0721672252211105,-0.0690376819884255,0 days 00:03:44.619020
1096,ExpGrad.01,0,0.687144,-0.0127592432415775,-0.0170956429696006,-0.0170956429696006,-0.0130251109979739,-0.0088055802018206,0 days 00:06:56.020880
1097,RedGrid25,0,0.690382,-0.0190988760190581,-0.024467086461702,-0.024467086461702,-0.005852705211819,-0.021693340071992,0 days 00:14:16.913565
1098,RedGrid5,0,0.690382,-0.0190988760190581,-0.024467086461702,-0.024467086461702,-0.005852705211819,-0.021693340071992,0 days 00:14:47.525009
1099,RedGrid75,0,0.690382,-0.0190988760190581,-0.024467086461702,-0.024467086461702,-0.005852705211819,-0.021693340071992,0 days 00:14:37.332961
1100,ExpGrad.1,1,0.711766,-0.0427122805349398,-0.1225806955616587,-0.1225806955616587,-0.0490597434295836,-0.036710126932956,0 days 00:02:43.979238
1101,ExpGrad.01,1,0.602985,-0.0012524409691773,-0.0154991426374051,-0.0154991426374051,0.0,-0.0015054330815226,0 days 00:05:05.277166
1102,RedGrid25,1,0.699565,-0.0175557770516227,-0.1162654584815205,-0.1162654584815205,-0.0049521482431713,-0.021487800432523,0 days 00:13:18.724195
1103,RedGrid5,1,0.699565,-0.0175557770516227,-0.1162654584815205,-0.1162654584815205,-0.0049521482431713,-0.021487800432523,0 days 00:13:16.687742
1104,RedGrid75,1,0.699565,-0.0175557770516227,-0.1162654584815205,-0.1162654584815205,-0.0049521482431713,-0.021487800432523,0 days 00:12:22.948732
1105,ExpGrad.1,1,0.711561,-0.0384802480045136,-0.1354254179657048,-0.1354254179657048,-0.0349632475051474,-0.0374275789328103,0 days 00:02:07.873608
1106,ExpGrad.01,1,0.589577,-0.0001852717999044,-0.0094908934604971,-0.0094908934604971,0.0,0.0,0 days 00:02:55.920344
1107,RedGrid25,1,0.699533,-0.0439065408706133,-0.1271397870915107,-0.1271397870915107,0.0,-0.0656118727574258,0 days 00:10:49.459941
1108,RedGrid5,1,0.69533,-0.0440270793589434,-0.1232451638273129,-0.1232451638273129,0.0,-0.0659232098377722,0 days 00:10:49.673007
1109,RedGrid75,1,0.69533,-0.0440270793589434,-0.1232451638273129,-0.1232451638273129,0.0,-0.0659232098377722,0 days 00:10:48.790165
1110,ExpGrad.1,2,0.703247,-0.0489351626613353,-0.0845621383094574,-0.0845621383094574,-0.0418710443324042,-0.0219940237782668,0 days 00:02:08.363664
1111,ExpGrad.01,2,0.622145,-0.0077513916274889,-0.0154061717574316,-0.0067515273523598,-0.0154061717574316,-0.0035340087773299,0 days 00:03:09.698099
1112,RedGrid25,2,0.728995,-0.0961520337489266,-0.1139381475363224,-0.1139381475363224,-0.1087400767943465,-0.0719537258180388,0 days 00:11:04.926336
1113,RedGrid5,2,0.688855,-0.0332341264814233,-0.0676897556720986,-0.0676897556720986,0.0,-0.0247889892236359,0 days 00:10:58.987474
1114,RedGrid75,2,0.642183,-0.0316740461348267,-0.0528073305852569,-0.0119514387265707,-0.0528073305852569,-0.0351008145059107,0 days 00:10:39.985554
1115,ExpGrad.1,0,0.706777,-0.0734652931866286,-0.0917372419610594,-0.0917372419610594,-0.0608922837938058,-0.0644255698375181,0 days 00:02:51.291257
1116,ExpGrad.01,0,0.685424,-0.0122128366826314,-0.0175586843369083,-0.0175586843369083,-0.01121033196713,-0.0080831809299238,0 days 00:06:08.937075
1117,RedGrid25,0,0.683636,-0.112921701419736,-0.1483712745325727,-0.1483712745325727,-0.0922328648029703,-0.0933282325159224,0 days 00:10:22.410646
1118,RedGrid5,0,0.683636,-0.112921701419736,-0.1483712745325727,-0.1483712745325727,-0.0922328648029703,-0.0933282325159224,0 days 00:10:04.956293
1119,RedGrid75,0,0.683636,-0.112921701419736,-0.1483712745325727,-0.1483712745325727,-0.0922328648029703,-0.0933282325159224,0 days 00:10:04.568158
1120,ExpGrad.1,2,0.718837,-0.0664418151289094,-0.1011101975652292,-0.1011101975652292,-0.061326740232547,-0.0383402527657974,0 days 00:02:50.539700
1121,ExpGrad.01,2,0.61159,-0.0048617959432057,-0.0137904486510421,-0.0137904486510421,0.0,0.0,0 days 00:03:22.053112
1122,RedGrid25,2,0.718944,-0.0815956332936673,-0.1231305852733811,-0.1231305852733811,-0.0734730040723707,-0.0492648995437389,0 days 00:13:15.327645
1123,RedGrid5,2,0.65957,-0.013283652237356,-0.0369710287221884,-0.0369710287221884,0.0,-0.0006438629914489,0 days 00:13:15.906855
1124,RedGrid75,2,0.65957,-0.013283652237356,-0.0369710287221884,-0.0369710287221884,0.0,-0.0006438629914489,0 days 00:13:17.449146
1125,ExpGrad.1,1,0.710339,-0.0210990808875658,-0.097593857397316,-0.097593857397316,-0.008697327237484,-0.0256080461926098,0 days 00:03:02.604625
1126,ExpGrad.01,1,0.607728,-0.0002304172354461,-0.0118402761410211,-0.0118402761410211,0.0,0.0,0 days 00:03:53.376313
1127,RedGrid25,1,0.707156,-0.0773019133968123,-0.1370318257596561,-0.1370318257596561,-0.0876864872634102,-0.0697092073686725,0 days 00:14:06.799725
1128,RedGrid5,1,0.693714,-0.0013457910471782,-0.0691551462973267,-0.0691551462973267,0.0,0.0,0 days 00:14:06.941302
1129,RedGrid75,1,0.693714,-0.0013457910471782,-0.0691551462973267,-0.0691551462973267,0.0,0.0,0 days 00:14:10.962452
1130,ExpGrad.1,2,0.717434,-0.0662623042657007,-0.0925965921102944,-0.0925965921102944,-0.0616734150327541,-0.0457308207735259,0 days 00:03:10.794589
1131,ExpGrad.01,2,0.631551,-0.0085785995589781,-0.0111389942741231,-0.0111389942741231,-0.0039670254776238,-0.0093549276017965,0 days 00:05:32.724828
1132,RedGrid25,2,0.715666,-0.0672495438043414,-0.090859528388181,-0.090859528388181,-0.0876885101449097,-0.0324992738377601,0 days 00:13:52.038240
1133,RedGrid5,2,0.679841,-0.0293196695827209,-0.0706722789588312,-0.0706722789588312,0.0,-0.0117982931258527,0 days 00:13:46.839195
1134,RedGrid75,2,0.679841,-0.0293196695827209,-0.0706722789588312,-0.0706722789588312,0.0,-0.0117982931258527,0 days 00:13:47.804403
1135,ExpGrad.1,2,0.707724,-0.059186714298246,-0.0887911721985638,-0.0887911721985638,-0.0133031631869636,-0.0632503934682435,0 days 00:02:50.259416
1136,ExpGrad.01,2,0.609858,-0.0066815572765906,-0.0103697030187831,-0.0075362721194887,0.0,-0.0103697030187831,0 days 00:03:47.391732
1137,RedGrid25,2,0.69867,-0.0525584584800444,-0.0884685309796714,-0.0884685309796714,0.0,-0.0554225322717397,0 days 00:13:00.429504
1138,RedGrid5,2,0.69867,-0.0525584584800444,-0.0884685309796714,-0.0884685309796714,0.0,-0.0554225322717397,0 days 00:12:59.827194
1139,RedGrid75,2,0.661613,-0.0139434376003448,-0.036298625671448,-0.036298625671448,0.0,-0.0032105725853606,0 days 00:12:57.328417
1140,ExpGrad.1,0,0.706518,-0.0819224781359861,-0.1005402698916464,-0.1005402698916464,-0.071375485981329,-0.0714342900991866,0 days 00:02:36.019716
1141,ExpGrad.01,0,0.685965,-0.0119764591813572,-0.0190774929674684,-0.0190774929674684,-0.0074953277189986,-0.0082295180940736,0 days 00:05:01.420064
1142,RedGrid25,0,0.682801,-0.1145436796145647,-0.1508991113823969,-0.1508991113823969,-0.0940647729631493,-0.0939987519333184,0 days 00:09:17.011332
1143,RedGrid5,0,0.682801,-0.1145436796145647,-0.1508991113823969,-0.1508991113823969,-0.0940647729631493,-0.0939987519333184,0 days 00:09:10.435261
1144,RedGrid75,0,0.682801,-0.1145436796145647,-0.1508991113823969,-0.1508991113823969,-0.0940647729631493,-0.0939987519333184,0 days 00:09:15.062803
1145,ExpGrad.1,0,0.707587,-0.0821695553999176,-0.0993182276932612,-0.0993182276932612,-0.0735858062776618,-0.0718714682184888,0 days 00:03:20.602245
1146,ExpGrad.01,0,0.685841,-0.0130032583895606,-0.0178908362266396,-0.0178908362266396,-0.0111762146643727,-0.0097239939810276,0 days 00:06:59.626732
1147,RedGrid25,0,0.683526,-0.1122116374435488,-0.1480148622619881,-0.1480148622619881,-0.0941286732100877,-0.0908010031781891,0 days 00:13:18.037703
1148,RedGrid5,0,0.683526,-0.1122116374435488,-0.1480148622619881,-0.1480148622619881,-0.0941286732100877,-0.0908010031781891,0 days 00:13:58.490889
1149,RedGrid75,0,0.683526,-0.1122116374435488,-0.1480148622619881,-0.1480148622619881,-0.0941286732100877,-0.0908010031781891,0 days 00:13:53.010769
1150,ExpGrad.1,1,0.709004,-0.0218049140907986,-0.102893301736427,-0.102893301736427,-0.01581918107248,-0.0225621822702779,0 days 00:02:50.373311
1151,ExpGrad.01,1,0.589067,-0.003004873469291,-0.0069100778121606,-0.0069100778121606,0.0,-0.0045400142224693,0 days 00:03:57.641930
1152,RedGrid25,1,0.689983,-0.0024179866718683,-0.0666110874847775,-0.0666110874847775,-0.0031491144005353,0.0,0 days 00:15:30.427317
1153,RedGrid5,1,0.689983,-0.0024179866718683,-0.0666110874847775,-0.0666110874847775,-0.0031491144005353,0.0,0 days 00:15:25.937323
1154,RedGrid75,1,0.68405,-0.0007836392810248,-0.039527761078392,-0.039527761078392,0.0,0.0,0 days 00:15:27.740276
1155,ExpGrad.1,0,0.706401,-0.0814718430787743,-0.0992011135054478,-0.0992011135054478,-0.0738172488534468,-0.0701345419692428,0 days 00:03:19.262764
1156,ExpGrad.01,0,0.686971,-0.0139382590805499,-0.0185795020202087,-0.0185795020202087,-0.0126307327100246,-0.0105844315638239,0 days 00:06:23.411356
1157,RedGrid25,0,0.68317,-0.1144694365667725,-0.149760419502886,-0.149760419502886,-0.0956289990944952,-0.0938990804862413,0 days 00:12:20.044038
1158,RedGrid5,0,0.68317,-0.1144694365667725,-0.149760419502886,-0.149760419502886,-0.0956289990944952,-0.0938990804862413,0 days 00:12:19.545685
1159,RedGrid75,0,0.68317,-0.1144694365667725,-0.149760419502886,-0.149760419502886,-0.0956289990944952,-0.0938990804862413,0 days 00:12:20.032376
1160,ExpGrad.1,2,0.717791,-0.080015566949027,-0.1095144716427681,-0.1095144716427681,-0.0796609534693996,-0.0540926742018332,0 days 00:02:31.566999
1161,ExpGrad.01,2,0.629803,-0.0091023573720847,-0.0106076504616924,-0.0106076504616924,-0.0083322848961215,-0.0082852771321104,0 days 00:04:00.590327
1162,RedGrid25,2,0.727419,-0.0971732907759328,-0.1189340308946582,-0.1189340308946582,-0.1097215126239302,-0.069435411791476,0 days 00:12:18.145967
1163,RedGrid5,2,0.699847,-0.0541792090012628,-0.0761822446160964,-0.0761822446160964,-0.0741589625393214,-0.0212284582220163,0 days 00:11:34.282070
1164,RedGrid75,2,0.654609,-0.0212627601044485,-0.0355182920397916,-0.030220107349528,-0.0355182920397916,-0.0037314603011444,0 days 00:10:42.312294
1165,ExpGrad.1,1,0.710258,-0.040672233249538,-0.1154373536325484,-0.1154373536325484,-0.0554778029867899,-0.0300792013668308,0 days 00:01:55.022259
1166,ExpGrad.01,1,0.591951,-0.0065975017458415,-0.0213108989059643,-0.0213108989059643,-0.0004533744039114,-0.0095518547307469,0 days 00:02:30.459696
1167,RedGrid25,1,0.701615,-0.0147454698412069,-0.1078521815800447,-0.1078521815800447,-0.006309853620718,-0.016503834524212,0 days 00:08:18.931561
1168,RedGrid5,1,0.701615,-0.0147454698412069,-0.1078521815800447,-0.1078521815800447,-0.006309853620718,-0.016503834524212,0 days 00:08:20.187629
1169,RedGrid75,1,0.701615,-0.0147454698412069,-0.1078521815800447,-0.1078521815800447,-0.006309853620718,-0.016503834524212,0 days 00:08:17.330681
1170,ExpGrad.1,2,0.715497,-0.0632039325653283,-0.0942753971000787,-0.0942753971000787,-0.0542099464086299,-0.041549186287229,0 days 00:02:59.710305
1171,ExpGrad.01,2,0.627975,-0.0029136536703271,-0.0068789405737302,-0.0068789405737302,-0.0019889112115449,0.0,0 days 00:04:37.847764
1172,RedGrid25,2,0.719177,-0.0798729785034792,-0.0981878389889315,-0.0981878389889315,-0.0848315902633575,-0.06020388525497,0 days 00:13:55.136956
1173,RedGrid5,2,0.68428,-0.0318200187474869,-0.0730126042767767,-0.0730126042767767,0.0,-0.0165014547493898,0 days 00:13:35.744810
1174,RedGrid75,2,0.668273,-0.0269704701788921,-0.0490960449978485,-0.0405174260474547,-0.0490960449978485,0.0,0 days 00:13:41.897104
1175,ExpGrad.1,0,0.706667,-0.0842422990331177,-0.101505697349622,-0.101505697349622,-0.0762871717172686,-0.0734762285803505,0 days 00:03:17.612807
1176,ExpGrad.01,0,0.68684,-0.0164312145738801,-0.0209419423131884,-0.0209419423131884,-0.0169787204363677,-0.0121698767626168,0 days 00:06:50.612864
1177,RedGrid25,0,0.694549,-0.037211130909097,-0.0409499955086112,-0.0405848227230397,-0.0250620828816777,-0.0409499955086112,0 days 00:13:23.867985
1178,RedGrid5,0,0.694549,-0.037211130909097,-0.0409499955086112,-0.0405848227230397,-0.0250620828816777,-0.0409499955086112,0 days 00:13:28.530533
1179,RedGrid75,0,0.694549,-0.037211130909097,-0.0409499955086112,-0.0405848227230397,-0.0250620828816777,-0.0409499955086112,0 days 00:13:26.532589
1180,ExpGrad.1,0,0.706508,-0.0828344727737696,-0.1010921518260923,-0.1010921518260923,-0.0722938185078887,-0.0726776045197349,0 days 00:03:28.249277
1181,ExpGrad.01,0,0.688893,-0.0133245557013467,-0.0189768502232124,-0.0189768502232124,-0.0105178892926455,-0.0099280270987639,0 days 00:09:03.130970
1182,RedGrid25,0,0.690735,-0.025205064235852,-0.0299437231798066,-0.0299437231798066,-0.0093256738875069,-0.029827087600923,0 days 00:16:05.256403
1183,RedGrid5,0,0.690735,-0.025205064235852,-0.0299437231798066,-0.0299437231798066,-0.0093256738875069,-0.029827087600923,0 days 00:16:16.106857
1184,RedGrid75,0,0.690735,-0.025205064235852,-0.0299437231798066,-0.0299437231798066,-0.0093256738875069,-0.029827087600923,0 days 00:16:06.127608
1185,ExpGrad.1,2,0.709905,-0.0539510100464314,-0.0974961316621798,-0.0974961316621798,-0.0172449919178607,-0.0399176095262631,0 days 00:02:17.364933
1186,ExpGrad.01,2,0.621017,-0.0081941589192036,-0.0145228983348404,-0.0145228983348404,-0.0120895208854076,0.0,0 days 00:03:20.032013
1187,RedGrid25,2,0.705377,-0.058335571352788,-0.106510219757565,-0.106510219757565,-0.0082154175687917,-0.0491525422761694,0 days 00:11:21.900714
1188,RedGrid5,2,0.705377,-0.058335571352788,-0.106510219757565,-0.106510219757565,-0.0082154175687917,-0.0491525422761694,0 days 00:11:22.895209
1189,RedGrid75,2,0.660191,-0.0183529177347125,-0.0529442495907389,-0.0529442495907389,0.0,0.0,0 days 00:11:23.270768
1190,ExpGrad.1,0,0.705817,-0.0773451588509525,-0.0955384405147353,-0.0955384405147353,-0.0660189464085061,-0.0676376063381372,0 days 00:03:44.438322
1191,ExpGrad.01,0,0.688243,-0.0114435429245186,-0.0164451621968533,-0.0164451621968533,-0.0092184830549963,-0.0082838802175092,0 days 00:08:14.762546
1192,RedGrid25,0,0.683749,-0.0811225454453647,-0.1114641046398322,-0.1114641046398322,0.0,-0.0993099221651833,0 days 00:11:54.815684
1193,RedGrid5,0,0.66328,-0.0519852662802799,-0.1101595708078974,-0.1101595708078974,0.0,-0.0296552307464368,0 days 00:11:55.318318
1194,RedGrid75,0,0.66328,-0.0519852662802799,-0.1101595708078974,-0.1101595708078974,0.0,-0.0296552307464368,0 days 00:11:55.975799
1195,ExpGrad.1,2,0.708249,-0.0490331114313406,-0.0824767886837066,-0.0824767886837066,-0.026824478570688,-0.0340649137299424,0 days 00:02:13.562651
1196,ExpGrad.01,2,0.628866,-0.0054996983445874,-0.0099983302830972,-0.0099983302830972,-0.0077348949469501,0.0,0 days 00:04:06.496075
1197,RedGrid25,2,0.713136,-0.0668112132981914,-0.0824980282047297,-0.0824980282047297,-0.0700281507820857,-0.0506891507165895,0 days 00:10:39.098418
1198,RedGrid5,2,0.696841,-0.0409828114755729,-0.0685513267121264,-0.0685513267121264,-0.0635597316934911,-0.0013523434666457,0 days 00:10:37.383240
1199,RedGrid75,2,0.638232,-0.0258477965441366,-0.0485681812976815,-0.0077899833150276,-0.0485681812976815,-0.0267678551226959,0 days 00:10:38.936254
1200,ExpGrad.1,0,0.707038,-0.0757674013826871,-0.09390519333828,-0.09390519333828,-0.0641891191964973,-0.0663185480731098,0 days 00:03:39.749521
1201,ExpGrad.01,0,0.685134,-0.0087825811826558,-0.014830128365427,-0.014830128365427,-0.0035587834670341,-0.0063847754492004,0 days 00:08:26.185270
1202,RedGrid25,0,0.691093,-0.0209461405205786,-0.0271111729082272,-0.0271111729082272,-0.0039288872602025,-0.024956505597373,0 days 00:15:14.180324
1203,RedGrid5,0,0.691093,-0.0209461405205786,-0.0271111729082272,-0.0271111729082272,-0.0039288872602025,-0.024956505597373,0 days 00:15:11.846135
1204,RedGrid75,0,0.691093,-0.0209461405205786,-0.0271111729082272,-0.0271111729082272,-0.0039288872602025,-0.024956505597373,0 days 00:15:13.896268
1205,ExpGrad.1,0,0.70671,-0.0816499026463963,-0.0995652580408522,-0.0995652580408522,-0.0744911464767172,-0.069881351771439,0 days 00:03:23.874048
1206,ExpGrad.01,0,0.685899,-0.0089871248871781,-0.0153875444316057,-0.0153875444316057,-0.0059499028572304,-0.0050491344687303,0 days 00:07:15.937986
1207,RedGrid25,0,0.685454,-0.1253421569779213,-0.1543786531228799,-0.1543786531228799,-0.1057990341162946,-0.1106784287551313,0 days 00:13:12.369334
1208,RedGrid5,0,0.685454,-0.1253421569779213,-0.1543786531228799,-0.1543786531228799,-0.1057990341162946,-0.1106784287551313,0 days 00:13:13.070341
1209,RedGrid75,0,0.685454,-0.1253421569779213,-0.1543786531228799,-0.1543786531228799,-0.1057990341162946,-0.1106784287551313,0 days 00:13:27.147143
1210,ExpGrad.1,1,0.712499,-0.0452253951203447,-0.1211706976640445,-0.1211706976640445,-0.0409107304184076,-0.0452700918855484,0 days 00:02:34.569269
1211,ExpGrad.01,1,0.589911,-0.0060635062412688,-0.0156574690415348,-0.0156574690415348,-0.0106915074041496,-0.0032045272238016,0 days 00:03:31.641628
1212,RedGrid25,1,0.705423,-0.0632264607860634,-0.131960336739131,-0.131960336739131,-0.0694427647165715,-0.0576621775747505,0 days 00:12:45.280491
1213,RedGrid5,1,0.705423,-0.0632264607860634,-0.131960336739131,-0.131960336739131,-0.0694427647165715,-0.0576621775747505,0 days 00:12:34.085530
1214,RedGrid75,1,0.705423,-0.0632264607860634,-0.131960336739131,-0.131960336739131,-0.0694427647165715,-0.0576621775747505,0 days 00:11:53.595793
1215,ExpGrad.1,0,0.706298,-0.0837652835392142,-0.1018713616672856,-0.1018713616672856,-0.0746405613266208,-0.0729043911261367,0 days 00:03:32.790702
1216,ExpGrad.01,0,0.687759,-0.0103741529390916,-0.0172093775214038,-0.0172093775214038,-0.005251972164613,-0.0072027672862994,0 days 00:08:10.507588
1217,RedGrid25,0,0.686325,-0.077209189736043,-0.1100172383030831,-0.1100172383030831,0.0,-0.0911206737942013,0 days 00:13:53.257586
1218,RedGrid5,0,0.686325,-0.077209189736043,-0.1100172383030831,-0.1100172383030831,0.0,-0.0911206737942013,0 days 00:13:48.615418
1219,RedGrid75,0,0.664954,-0.0542490100624931,-0.11126123521032,-0.11126123521032,0.0,-0.0341772866440989,0 days 00:13:51.097424
1220,ExpGrad.1,1,0.70951,-0.0247802724877675,-0.1090016072782614,-0.1090016072782614,-0.0229541629462777,-0.0231816936950932,0 days 00:02:10.221569
1221,ExpGrad.01,1,0.579386,-0.0001160981509373,-0.0059380831509376,-0.0059380831509376,0.0,0.0,0 days 00:02:26.388237
1222,RedGrid25,1,0.699483,-0.0133737308234083,-0.115360197041156,-0.115360197041156,0.0,-0.0175973922653074,0 days 00:11:52.331518
1223,RedGrid5,1,0.699483,-0.0133737308234083,-0.115360197041156,-0.115360197041156,0.0,-0.0175973922653074,0 days 00:11:53.316819
1224,RedGrid75,1,0.699483,-0.0133737308234083,-0.115360197041156,-0.115360197041156,0.0,-0.0175973922653074,0 days 00:11:47.915893
1225,ExpGrad.1,1,0.712356,-0.041213276915994,-0.1170864644502128,-0.1170864644502128,-0.0405881955658281,-0.0392120981126519,0 days 00:03:20.591453
1226,ExpGrad.01,1,0.587178,-0.0070884672453516,-0.0139607584978118,-0.0139607584978118,-0.0006392036765185,-0.0104361259752037,0 days 00:03:48.549492
1227,RedGrid25,1,0.70096,-0.0133191028471913,-0.1062245679578646,-0.1062245679578646,0.0,-0.0177986827129575,0 days 00:13:40.812797
1228,RedGrid5,1,0.70096,-0.0133191028471913,-0.1062245679578646,-0.1062245679578646,0.0,-0.0177986827129575,0 days 00:13:33.589375
1229,RedGrid75,1,0.70096,-0.0133191028471913,-0.1062245679578646,-0.1062245679578646,0.0,-0.0177986827129575,0 days 00:13:32.977572
1230,ExpGrad.1,0,0.706963,-0.0821331840680754,-0.0995143699633549,-0.0995143699633549,-0.0719036269426557,-0.0725667015006089,0 days 00:03:46.583743
1231,ExpGrad.01,0,0.68956,-0.0091934308747532,-0.0162791225024357,-0.0162791225024357,-0.004747950805378,-0.0054462228561726,0 days 00:08:47.947654
1232,RedGrid25,0,0.683363,-0.1170917047691844,-0.1519183229136255,-0.1519183229136255,-0.0966258360005782,-0.0979061487943182,0 days 00:13:09.074099
1233,RedGrid5,0,0.683363,-0.1170917047691844,-0.1519183229136255,-0.1519183229136255,-0.0966258360005782,-0.0979061487943182,0 days 00:13:08.923942
1234,RedGrid75,0,0.683363,-0.1170917047691844,-0.1519183229136255,-0.1519183229136255,-0.0966258360005782,-0.0979061487943182,0 days 00:13:04.387989
1235,ExpGrad.1,1,0.710731,-0.0396730625890835,-0.1134145802268844,-0.1134145802268844,-0.0385371022485256,-0.0380581424333679,0 days 00:03:19.595141
1236,ExpGrad.01,1,0.601223,-0.0071987398628699,-0.0270870449039313,-0.0270870449039313,-0.0118356474717367,-0.0040215676909275,0 days 00:03:14.476509
1237,RedGrid25,1,0.705454,-0.0710118164871703,-0.1470120998515866,-0.1470120998515866,-0.0774874003255361,-0.0651066452524531,0 days 00:08:44.732590
1238,RedGrid5,1,0.705454,-0.0710118164871703,-0.1470120998515866,-0.1470120998515866,-0.0774874003255361,-0.0651066452524531,0 days 00:08:47.623045
1239,RedGrid75,1,0.701446,-0.0130694977366366,-0.112043784290252,-0.112043784290252,-0.0007156231569727,-0.0169080446283473,0 days 00:08:58.453200
1240,ExpGrad.1,2,0.716629,-0.0675077626456938,-0.1007260779352304,-0.1007260779352304,-0.034663231630311,-0.0599523074369542,0 days 00:02:10.305133
1241,ExpGrad.01,2,0.624829,-0.0045008046261355,-0.005933551716059,-0.005933551716059,-0.0010947963526555,-0.0055075087276295,0 days 00:02:47.368495
1242,RedGrid25,2,0.71149,-0.0620623151020073,-0.1102912329501854,-0.1102912329501854,-0.024989431822753,-0.0439834139347216,0 days 00:10:48.083649
1243,RedGrid5,2,0.682725,-0.0266318374970736,-0.0755480293780022,-0.0755480293780022,0.0,-0.0009475364667019,0 days 00:10:44.251630
1244,RedGrid75,2,0.669783,-0.0230015201893568,-0.0661694756575259,-0.0661694756575259,0.0,0.0,0 days 00:10:23.325377
1245,ExpGrad.1,0,0.706725,-0.0770434944316325,-0.0953890363569314,-0.0953890363569314,-0.0655164004501246,-0.0672653057002489,0 days 00:03:40.345855
1246,ExpGrad.01,0,0.68918,-0.0132374619618988,-0.0200195229396538,-0.0200195229396538,-0.0096033381194489,-0.0092762015103108,0 days 00:07:23.342565
1247,RedGrid25,0,0.682615,-0.1121456092420649,-0.1477098889082053,-0.1477098889082053,-0.0929960267995511,-0.0914244451826202,0 days 00:14:01.565338
1248,RedGrid5,0,0.682615,-0.1121456092420649,-0.1477098889082053,-0.1477098889082053,-0.0929960267995511,-0.0914244451826202,0 days 00:13:55.487427
1249,RedGrid75,0,0.682615,-0.1121456092420649,-0.1477098889082053,-0.1477098889082053,-0.0929960267995511,-0.0914244451826202,0 days 00:13:49.292803
1250,ExpGrad.1,1,0.712551,-0.033972600802516,-0.1147842369874674,-0.1147842369874674,-0.0310924339978612,-0.0330971875364469,0 days 00:04:30.747930
1251,ExpGrad.01,1,0.582737,-6.345834353612346e-05,-0.0032924637796936,-0.0032924637796936,0.0,0.0,0 days 00:03:03.487713
1252,RedGrid25,1,0.698174,-0.0028153079089675,-0.1009875454748613,-0.1009875454748613,0.0,-0.0013747190739118,0 days 00:13:50.800062
1253,RedGrid5,1,0.698174,-0.0028153079089675,-0.1009875454748613,-0.1009875454748613,0.0,-0.0013747190739118,0 days 00:13:43.185645
1254,RedGrid75,1,0.698174,-0.0028153079089675,-0.1009875454748613,-0.1009875454748613,0.0,-0.0013747190739118,0 days 00:13:14.262094
1255,ExpGrad.1,1,0.711457,-0.0354695728771197,-0.1133545232245037,-0.1133545232245037,-0.0276556341578511,-0.0374026909359787,0 days 00:02:16.434205
1256,ExpGrad.01,1,0.613459,-0.0167285453170467,-0.0192210146548182,-0.0192210146548182,-0.0126435163384704,-0.0189161629586794,0 days 00:04:33.388788
1257,RedGrid25,1,0.707224,-0.0560000778576561,-0.1343178133263447,-0.1343178133263447,-0.0534367163010465,-0.0550094317098631,0 days 00:11:29.757923
1258,RedGrid5,1,0.707224,-0.0560000778576561,-0.1343178133263447,-0.1343178133263447,-0.0534367163010465,-0.0550094317098631,0 days 00:11:29.224742
1259,RedGrid75,1,0.707224,-0.0560000778576561,-0.1343178133263447,-0.1343178133263447,-0.0534367163010465,-0.0550094317098631,0 days 00:11:51.075398
1260,ExpGrad.1,2,0.698065,-0.0410852178487677,-0.0676097786234705,-0.0676097786234705,-0.0370380009248742,-0.0198068660466805,0 days 00:02:43.783289
1261,ExpGrad.01,2,0.628609,-0.0074438585572505,-0.0122378261615359,-0.010721245609564,-0.0122378261615359,-0.0012214238468945,0 days 00:04:19.710007
1262,RedGrid25,2,0.717855,-0.0711011365086492,-0.0851620527810345,-0.0851620527810345,-0.0718816975418425,-0.057835276039445,0 days 00:13:57.849512
1263,RedGrid5,2,0.717855,-0.0711011365086492,-0.0851620527810345,-0.0851620527810345,-0.0718816975418425,-0.057835276039445,0 days 00:14:20.600048
1264,RedGrid75,2,0.61644,-0.0052856397681631,-0.0152891190910535,-0.0036250692478904,-0.0152891190910535,0.0,0 days 00:14:25.204969
1265,ExpGrad.1,1,0.712079,-0.052996555679744,-0.1315645049490222,-0.1315645049490222,-0.0583942454673601,-0.0475312901551657,0 days 00:03:26.937100
1266,ExpGrad.01,1,0.57777,-0.0034177516549057,-0.0092926395435655,-0.0084429382729497,-0.0092926395435655,0.0,0 days 00:03:28.284799
1267,RedGrid25,1,0.706685,-0.0725626111563186,-0.1427080255333047,-0.1427080255333047,-0.0816672121275716,-0.0653053381982406,0 days 00:15:09.823983
1268,RedGrid5,1,0.699102,-0.0020588776233963,-0.1038756854247808,-0.1038756854247808,0.0,0.0,0 days 00:15:05.773969
1269,RedGrid75,1,0.699102,-0.0020588776233963,-0.1038756854247808,-0.1038756854247808,0.0,0.0,0 days 00:14:58.031843
1270,ExpGrad.1,2,0.708601,-0.0557491629715918,-0.0845818333548035,-0.0845818333548035,-0.0784182428212356,-0.0146891527559087,0 days 00:02:03.960108
1271,ExpGrad.01,2,0.602689,-0.0091018766883753,-0.0134383728590783,-0.0134383728590783,-0.0087027702418134,-0.0054775890759261,0 days 00:02:54.565616
1272,RedGrid25,2,0.726269,-0.0843934124821502,-0.1155274286832389,-0.1155274286832389,-0.0815434655081541,-0.0583623710163111,0 days 00:10:32.817227
1273,RedGrid5,2,0.705934,-0.0562972332788649,-0.089052087835332,-0.0799239512985288,-0.089052087835332,-0.0131530409642364,0 days 00:10:33.073102
1274,RedGrid75,2,0.647955,-0.0119146449920949,-0.0340847989838544,-0.0340847989838544,0.0,0.0,0 days 00:10:32.684143
1275,ExpGrad.1,2,0.711812,-0.0593033858241119,-0.0943465905448852,-0.0943465905448852,-0.0615080482249868,-0.026211465757778,0 days 00:03:01.740500
1276,ExpGrad.01,2,0.6226,-0.0050355701172717,-0.0143886567421587,-0.0143886567421587,0.0,0.0,0 days 00:04:16.949710
1277,RedGrid25,2,0.717306,-0.0709653281842874,-0.1053717428660239,-0.1053717428660239,-0.0951358456785278,-0.0236187234918592,0 days 00:13:21.571892
1278,RedGrid5,2,0.70853,-0.059919617186844,-0.096286580713274,-0.096286580713274,-0.0836374204394479,-0.0111105232905205,0 days 00:13:22.330432
1279,RedGrid75,2,0.70853,-0.059919617186844,-0.096286580713274,-0.096286580713274,-0.0836374204394479,-0.0111105232905205,0 days 00:13:21.840389
1280,ExpGrad.1,1,0.709416,-0.0340070191403652,-0.1173415270386438,-0.1173415270386438,-0.0497412273068469,-0.0227247564277838,0 days 00:02:47.145776
1281,ExpGrad.01,1,0.61724,-0.020455393266107,-0.0350860088395108,-0.0350860088395108,-0.020825470562751,-0.0197989256951195,0 days 00:04:52.402817
1282,RedGrid25,1,0.705428,-0.0610956220842147,-0.1416065554053284,-0.1416065554053284,-0.062616398384026,-0.0577686307855269,0 days 00:12:00.353965
1283,RedGrid5,1,0.705428,-0.0610956220842147,-0.1416065554053284,-0.1416065554053284,-0.062616398384026,-0.0577686307855269,0 days 00:12:00.164470
1284,RedGrid75,1,0.705428,-0.0610956220842147,-0.1416065554053284,-0.1416065554053284,-0.062616398384026,-0.0577686307855269,0 days 00:11:55.854252
1285,ExpGrad.1,2,0.718072,-0.0659832632950042,-0.1004026966956468,-0.1004026966956468,-0.0591031543007297,-0.0402794685904273,0 days 00:01:26.488072
1286,ExpGrad.01,2,0.634068,-0.0078560821305092,-0.0172364399420927,-0.0172364399420927,0.0,-0.0048017753307545,0 days 00:03:10.205361
1287,RedGrid25,2,0.730473,-0.0991658666861078,-0.1194333375911957,-0.1194333375911957,-0.1061505044029253,-0.0767407367497089,0 days 00:07:46.622381
1288,RedGrid5,2,0.676003,-0.0355914140593296,-0.0660493905953112,-0.0660493905953112,0.0,-0.0323342479696968,0 days 00:07:46.385483
1289,RedGrid75,2,0.676003,-0.0355914140593296,-0.0660493905953112,-0.0660493905953112,0.0,-0.0323342479696968,0 days 00:07:45.905553
1290,ExpGrad.1,0,0.70658,-0.0845453333555116,-0.1016164633137878,-0.1016164633137878,-0.075796123537296,-0.0743675301679565,0 days 00:03:15.333506
1291,ExpGrad.01,0,0.687405,-0.0125228828633437,-0.0170750581390018,-0.0170750581390018,-0.0109570635738447,-0.0093829009633533,0 days 00:07:08.604762
1292,RedGrid25,0,0.686761,-0.1259083937111431,-0.1556393066131229,-0.1556393066131229,-0.1045688706980665,-0.1115706950372737,0 days 00:12:18.401674
1293,RedGrid5,0,0.686761,-0.1259083937111431,-0.1556393066131229,-0.1556393066131229,-0.1045688706980665,-0.1115706950372737,0 days 00:12:25.388549
1294,RedGrid75,0,0.686761,-0.1259083937111431,-0.1556393066131229,-0.1556393066131229,-0.1045688706980665,-0.1115706950372737,0 days 00:12:26.491447
1295,ExpGrad.1,0,0.706751,-0.084122777085553,-0.101936823605844,-0.101936823605844,-0.0762535935182803,-0.072862666859116,0 days 00:03:15.246299
1296,ExpGrad.01,0,0.688343,-0.0142239243903701,-0.0211880302193259,-0.0211880302193259,-0.0105721860842931,-0.0101411666858636,0 days 00:08:20.234617
1297,RedGrid25,0,0.686333,-0.1247122159209084,-0.1544560655858311,-0.1544560655858311,-0.1048330093011771,-0.1096503084837926,0 days 00:12:41.369360
1298,RedGrid5,0,0.686333,-0.1247122159209084,-0.1544560655858311,-0.1544560655858311,-0.1048330093011771,-0.1096503084837926,0 days 00:12:45.323136
1299,RedGrid75,0,0.667645,-0.0494890543725911,-0.1066569708951189,-0.1066569708951189,0.0,-0.0267978403874286,0 days 00:12:27.866708
1300,ExpGrad.1,2,0.702037,-0.0556214766139881,-0.0904012966810621,-0.0904012966810621,-0.025500919291827,-0.0448738941576348,0 days 00:03:48.498599
1301,ExpGrad.01,2,0.618585,-0.0089323322860074,-0.0168349424503542,-0.0168349424503542,-0.0031197213916003,-0.0057965018545726,0 days 00:06:04.992242
1302,RedGrid25,2,0.714178,-0.0700269198956144,-0.1127893243430973,-0.1127893243430973,-0.0578992117785884,-0.0400580845606157,0 days 00:14:21.495625
1303,RedGrid5,2,0.682634,-0.0312121792274467,-0.0761352063277577,-0.0761352063277577,0.0,-0.0121551898160101,0 days 00:14:24.881027
1304,RedGrid75,2,0.588302,-0.0050092268435184,-0.0190948181931724,0.0,-0.0190948181931724,0.0,0 days 00:14:21.332965
1305,ExpGrad.1,1,0.711209,-0.0338524038954294,-0.1050585476813668,-0.1050585476813668,-0.0405757490911422,-0.0278825257626404,0 days 00:02:49.322566
1306,ExpGrad.01,1,0.591128,0.0,0.0,0.0,0.0,0.0,0 days 00:03:17.212653
1307,RedGrid25,1,0.700217,-0.015368832512978,-0.1036694117449144,-0.1036694117449144,-0.0097072149901057,-0.0157440796999064,0 days 00:13:49.233256
1308,RedGrid5,1,0.700217,-0.015368832512978,-0.1036694117449144,-0.1036694117449144,-0.0097072149901057,-0.0157440796999064,0 days 00:14:06.100667
1309,RedGrid75,1,0.700217,-0.015368832512978,-0.1036694117449144,-0.1036694117449144,-0.0097072149901057,-0.0157440796999064,0 days 00:14:39.634466
1310,ExpGrad.1,1,0.706674,-0.0380746944793938,-0.1064068047480297,-0.1064068047480297,-0.0368734354738097,-0.0366243937781555,0 days 00:02:10.722161
1311,ExpGrad.01,1,0.574813,0.0,0.0,0.0,0.0,0.0,0 days 00:02:19.437488
1312,RedGrid25,1,0.708054,-0.072131920953145,-0.1379491936680207,-0.1379491936680207,-0.0800789421753978,-0.0657127898828198,0 days 00:12:10.979133
1313,RedGrid5,1,0.708054,-0.072131920953145,-0.1379491936680207,-0.1379491936680207,-0.0800789421753978,-0.0657127898828198,0 days 00:12:10.964062
1314,RedGrid75,1,0.708054,-0.072131920953145,-0.1379491936680207,-0.1379491936680207,-0.0800789421753978,-0.0657127898828198,0 days 00:12:29.232126
1315,ExpGrad.1,1,0.710944,-0.0419025352909586,-0.1168531085476054,-0.1168531085476054,-0.042421430620159,-0.0392489263309756,0 days 00:04:35.159862
1316,ExpGrad.01,1,0.602855,-0.0045127882282375,-0.0162784443022572,-0.0162784443022572,-0.0041761130672306,-0.0043272631910697,0 days 00:05:43.674983
1317,RedGrid25,1,0.707813,-0.0676840036067119,-0.1395465931548405,-0.1395465931548405,-0.078291489806701,-0.0595535247547135,0 days 00:14:23.553486
1318,RedGrid5,1,0.699363,-0.0018813919204137,-0.0943764977742036,-0.0943764977742036,0.0,0.0,0 days 00:14:25.772836
1319,RedGrid75,1,0.699363,-0.0018813919204137,-0.0943764977742036,-0.0943764977742036,0.0,0.0,0 days 00:14:23.228873
1320,ExpGrad.1,2,0.718538,-0.071857850276639,-0.1102607248151392,-0.1102607248151392,-0.0617534511492335,-0.0439845555614761,0 days 00:03:18.140737
1321,ExpGrad.01,2,0.626788,-0.0071740372332842,-0.0131169614515234,-0.0131169614515234,-0.0099020674646354,0.0,0 days 00:06:03.703369
1322,RedGrid25,2,0.690023,-0.0323635747863138,-0.0895074277456664,-0.0895074277456664,0.0,-0.0024377029481155,0 days 00:14:29.335087
1323,RedGrid5,2,0.690023,-0.0323635747863138,-0.0895074277456664,-0.0895074277456664,0.0,-0.0024377029481155,0 days 00:14:28.566145
1324,RedGrid75,2,0.690023,-0.0323635747863138,-0.0895074277456664,-0.0895074277456664,0.0,-0.0024377029481155,0 days 00:14:25.644459
1325,ExpGrad.1,0,0.706417,-0.0832166461370357,-0.1009993388778531,-0.1009993388778531,-0.0729369089238122,-0.0733277177832626,0 days 00:04:26.455047
1326,ExpGrad.01,0,0.684182,-0.0135392624086603,-0.0185586278500925,-0.0185586278500925,-0.0110918790071397,-0.0104967135904924,0 days 00:08:28.607604
1327,RedGrid25,0,0.690961,-0.0213460769089195,-0.0276030960621826,-0.0276030960621826,-0.0069280334960465,-0.0238424018552925,0 days 00:19:26.628321
1328,RedGrid5,0,0.690961,-0.0213460769089195,-0.0276030960621826,-0.0276030960621826,-0.0069280334960465,-0.0238424018552925,0 days 00:19:23.246393
1329,RedGrid75,0,0.690961,-0.0213460769089195,-0.0276030960621826,-0.0276030960621826,-0.0069280334960465,-0.0238424018552925,0 days 00:19:21.668867
1330,ExpGrad.1,2,0.677063,-0.0263943072914574,-0.0551988950931361,-0.0551988950931361,0.0,-0.0187006490659197,0 days 00:02:46.360714
1331,ExpGrad.01,2,0.629538,-0.0038258322143278,-0.0110868458123527,-0.0110868458123527,0.0,0.0,0 days 00:02:52.740586
1332,RedGrid25,2,0.694134,-0.0413454120188178,-0.0983578104625919,-0.0983578104625919,0.0,-0.0188480135317015,0 days 00:10:31.012819
1333,RedGrid5,2,0.657592,-0.0102495541554969,-0.0297020936103229,-0.0297020936103229,0.0,0.0,0 days 00:11:38.364952
1334,RedGrid75,2,0.657592,-0.0102495541554969,-0.0297020936103229,-0.0297020936103229,0.0,0.0,0 days 00:11:24.641163
1335,ExpGrad.1,2,0.718432,-0.0657918720424208,-0.0994456560154087,-0.0994456560154087,-0.0585609368390392,-0.0404268172987895,0 days 00:03:05.047868
1336,ExpGrad.01,2,0.626323,-0.0069613717091253,-0.0134112403220116,-0.0099431747517093,-0.0134112403220116,0.0,0 days 00:05:54.343093
1337,RedGrid25,2,0.720282,-0.0664527609510877,-0.1026996962899763,-0.1026996962899763,-0.0699878919321825,-0.0316052666860184,0 days 00:10:36.824820
1338,RedGrid5,2,0.705368,-0.0459992919701422,-0.0801537878790076,-0.0801537878790076,-0.0507419659817685,-0.0122249736220749,0 days 00:10:36.877276
1339,RedGrid75,2,0.695693,-0.0354796078864764,-0.0698962402249527,-0.0698962402249527,-0.042433798684909,0.0,0 days 00:10:36.801586
1340,ExpGrad.1,0,0.707204,-0.0824174134364785,-0.0994747785792835,-0.0994747785792835,-0.0727037305516891,-0.0728061859736456,0 days 00:03:21.383528
1341,ExpGrad.01,0,0.688311,-0.0121270122505123,-0.0175071117590831,-0.0175071117590831,-0.0078001781575074,-0.0097968019066498,0 days 00:06:36.653383
1342,RedGrid25,0,0.682898,-0.1164242117791577,-0.1502117700406816,-0.1502117700406816,-0.0975515902339431,-0.0971815380799229,0 days 00:12:13.385878
1343,RedGrid5,0,0.682898,-0.1164242117791577,-0.1502117700406816,-0.1502117700406816,-0.0975515902339431,-0.0971815380799229,0 days 00:12:12.178919
1344,RedGrid75,0,0.682898,-0.1164242117791577,-0.1502117700406816,-0.1502117700406816,-0.0975515902339431,-0.0971815380799229,0 days 00:12:08.957797
1345,ExpGrad.1,1,0.710923,-0.0298791206762267,-0.1044934281520481,-0.1044934281520481,-0.0163545725368633,-0.0350766518344822,0 days 00:02:49.316926
1346,ExpGrad.01,1,0.583624,-0.0002288471307759,-0.000362831398404,0.0,0.0,-0.000362831398404,0 days 00:03:00.941984
1347,RedGrid25,1,0.697357,-0.00173760459925,-0.089245965474612,-0.089245965474612,0.0,0.0,0 days 00:12:21.037522
1348,RedGrid5,1,0.697357,-0.00173760459925,-0.089245965474612,-0.089245965474612,0.0,0.0,0 days 00:12:20.956847
1349,RedGrid75,1,0.697357,-0.00173760459925,-0.089245965474612,-0.089245965474612,0.0,0.0,0 days 00:12:17.689742
1350,ExpGrad.1,1,0.710933,-0.0268897095615424,-0.1018662501261591,-0.1018662501261591,-0.018426357676435,-0.0292599174242819,0 days 00:03:34.960266
1351,ExpGrad.01,1,0.602758,-0.0059598531583357,-0.0096396144488514,-0.0096396144488514,-0.0061447232252666,-0.0057450013407884,0 days 00:04:25.755406
1352,RedGrid25,1,0.706754,-0.0664289388496817,-0.1299714121470517,-0.1299714121470517,-0.0790884191245968,-0.0574954394858663,0 days 00:16:02.493937
1353,RedGrid5,1,0.698659,-0.001721099521175,-0.0888053232535794,-0.0888053232535794,0.0,0.0,0 days 00:16:01.919983
1354,RedGrid75,1,0.698659,-0.001721099521175,-0.0888053232535794,-0.0888053232535794,0.0,0.0,0 days 00:16:00.562373
1355,ExpGrad.1,0,0.707354,-0.0829858003896348,-0.1011598326815277,-0.1011598326815277,-0.0737710429983931,-0.0721747184279375,0 days 00:03:33.915831
1356,ExpGrad.01,0,0.688812,-0.0164190767816097,-0.0215071795312724,-0.0215071795312724,-0.0130840685013342,-0.0138102392949535,0 days 00:07:13.686390
1357,RedGrid25,0,0.68325,-0.1184080708156717,-0.152803533113998,-0.152803533113998,-0.1002762050772064,-0.0983305726150528,0 days 00:14:28.083981
1358,RedGrid5,0,0.68325,-0.1184080708156717,-0.152803533113998,-0.152803533113998,-0.1002762050772064,-0.0983305726150528,0 days 00:14:30.369014
1359,RedGrid75,0,0.68325,-0.1184080708156717,-0.152803533113998,-0.152803533113998,-0.1002762050772064,-0.0983305726150528,0 days 00:14:07.778282
1360,ExpGrad.1,1,0.712374,-0.0389901343830108,-0.1114700559177271,-0.1114700559177271,-0.0386287255782503,-0.0369520565518285,0 days 00:02:12.501773
1361,ExpGrad.01,1,0.593094,-0.0015247212892249,-0.0159102713730514,-0.0159102713730514,0.0,-0.0019251457933419,0 days 00:02:21.417913
1362,RedGrid25,1,0.705261,-0.0687136844785415,-0.1368482887764121,-0.1368482887764121,-0.0771015272519878,-0.0619628428128471,0 days 00:08:38.433558
1363,RedGrid5,1,0.701511,-0.0090194120488072,-0.1037174992789105,-0.1037174992789105,0.0,-0.0110916064434025,0 days 00:08:39.040421
1364,RedGrid75,1,0.683679,-0.0006254309607104,-0.0320976231918098,-0.0320976231918098,0.0,0.0,0 days 00:08:38.112552
1365,ExpGrad.1,0,0.706248,-0.0742882072959591,-0.0944029696415786,-0.0944029696415786,-0.0594623298831404,-0.0648589174885228,0 days 00:03:18.616303
1366,ExpGrad.01,0,0.686197,-0.0156259346611592,-0.0215187070618895,-0.0215187070618895,-0.0114756075886629,-0.0127567299234904,0 days 00:05:46.463685
1367,RedGrid25,0,0.691239,-0.0227373715398023,-0.0299812341159566,-0.0299812341159566,-0.0090844292201094,-0.0239425432354558,0 days 00:13:23.178785
1368,RedGrid5,0,0.691239,-0.0227373715398023,-0.0299812341159566,-0.0299812341159566,-0.0090844292201094,-0.0239425432354558,0 days 00:13:46.138866
1369,RedGrid75,0,0.691239,-0.0227373715398023,-0.0299812341159566,-0.0299812341159566,-0.0090844292201094,-0.0239425432354558,0 days 00:13:37.321704
1370,ExpGrad.1,1,0.712976,-0.0499262957377993,-0.1193330949147182,-0.1193330949147182,-0.0538729506039897,-0.0455922703461183,0 days 00:02:39.643355
1371,ExpGrad.01,1,0.582214,-0.0032488521894236,-0.0088091918801651,-0.0086516654836362,-0.0088091918801651,0.0,0 days 00:03:24.965347
1372,RedGrid25,1,0.705919,-0.0621364968121389,-0.1363239491858495,-0.1363239491858495,-0.0704238851405671,-0.0552488138417439,0 days 00:12:50.828839
1373,RedGrid5,1,0.705919,-0.0621364968121389,-0.1363239491858495,-0.1363239491858495,-0.0704238851405671,-0.0552488138417439,0 days 00:12:49.077751
1374,RedGrid75,1,0.705919,-0.0621364968121389,-0.1363239491858495,-0.1363239491858495,-0.0704238851405671,-0.0552488138417439,0 days 00:12:36.232375
1375,ExpGrad.1,2,0.705198,-0.0596445253787774,-0.0888936575876888,-0.0888936575876888,-0.069154896307896,-0.0275401766287452,0 days 00:03:49.619393
1376,ExpGrad.01,2,0.618698,-0.0063967223386776,-0.0135194100142414,-0.0031009097467758,-0.0135194100142414,-0.0046241724733307,0 days 00:04:00.815402
1377,RedGrid25,2,0.730715,-0.0964434987021377,-0.1218258388956109,-0.1218258388956109,-0.1037445618693087,-0.0692096290297566,0 days 00:13:47.557659
1378,RedGrid5,2,0.666998,-0.0258029442548429,-0.04432616972341,-0.0330769996143768,-0.04432616972341,-0.0071903098334077,0 days 00:13:55.940084
1379,RedGrid75,2,0.666998,-0.0258029442548429,-0.04432616972341,-0.0330769996143768,-0.04432616972341,-0.0071903098334077,0 days 00:13:46.880707
1380,ExpGrad.1,1,0.710379,-0.0216777860559672,-0.108471555506082,-0.108471555506082,-0.0034873126930432,-0.0290132240949808,0 days 00:03:10.871527
1381,ExpGrad.01,1,0.581308,-0.0001978505855467,-0.0099676066608775,-0.0099676066608775,0.0,0.0,0 days 00:03:54.019003
1382,RedGrid25,1,0.698548,-0.0437278747826944,-0.1129532850326477,-0.1129532850326477,0.0,-0.0657471624669203,0 days 00:12:16.189722
1383,RedGrid5,1,0.694329,-0.0430879080684902,-0.1089304444726838,-0.1089304444726838,0.0,-0.0648594849930704,0 days 00:13:15.907650
1384,RedGrid75,1,0.694329,-0.0430879080684902,-0.1089304444726838,-0.1089304444726838,0.0,-0.0648594849930704,0 days 00:12:50.342445
1385,ExpGrad.1,0,0.707042,-0.0828099297356631,-0.1000881304334838,-0.1000881304334838,-0.0734888826252969,-0.0728045295109399,0 days 00:03:13.458852
1386,ExpGrad.01,0,0.689279,-0.0128621682566888,-0.0188321087767858,-0.0188321087767858,-0.0115205649094428,-0.0083656227518547,0 days 00:07:20.172267
1387,RedGrid25,0,0.691757,-0.0246933486516616,-0.0298525824830964,-0.0298525824830964,-0.0127626035434725,-0.026766323420677,0 days 00:12:48.600692
1388,RedGrid5,0,0.691757,-0.0246933486516616,-0.0298525824830964,-0.0298525824830964,-0.0127626035434725,-0.026766323420677,0 days 00:12:53.133894
1389,RedGrid75,0,0.691757,-0.0246933486516616,-0.0298525824830964,-0.0298525824830964,-0.0127626035434725,-0.026766323420677,0 days 00:12:40.839123
1390,ExpGrad.1,2,0.712212,-0.0602380740765204,-0.094992682089098,-0.094992682089098,-0.0532264100679105,-0.0342595753860403,0 days 00:02:55.521359
1391,ExpGrad.01,2,0.623702,-0.0059890264402592,-0.0124769515317683,-0.0078584084413158,-0.0124769515317683,0.0,0 days 00:04:49.076677
1392,RedGrid25,2,0.694928,-0.0464963100817817,-0.0890497449575684,-0.0890497449575684,0.0,-0.0400452169039386,0 days 00:13:53.278565
1393,RedGrid5,2,0.677417,-0.034771325602021,-0.0578298495391489,-0.0578298495391489,0.0,-0.037680733833,0 days 00:13:55.573030
1394,RedGrid75,2,0.677417,-0.034771325602021,-0.0578298495391489,-0.0578298495391489,0.0,-0.037680733833,0 days 00:14:02.424432
1395,ExpGrad.1,1,0.712048,-0.0419031481323102,-0.1206668864657274,-0.1206668864657274,-0.0329256248489341,-0.0444244327103998,0 days 00:02:46.437032
1396,ExpGrad.01,1,0.602928,-0.0111023377082235,-0.0145402400327418,-0.0144206594566477,-0.0145402400327418,-0.0090935954495454,0 days 00:03:18.285305
1397,RedGrid25,1,0.705292,-0.0500972181056551,-0.1317853541373926,-0.1317853541373926,-0.0483158401925403,-0.0485391503915459,0 days 00:11:11.390533
1398,RedGrid5,1,0.705292,-0.0500972181056551,-0.1317853541373926,-0.1317853541373926,-0.0483158401925403,-0.0485391503915459,0 days 00:11:11.246114
1399,RedGrid75,1,0.705292,-0.0500972181056551,-0.1317853541373926,-0.1317853541373926,-0.0483158401925403,-0.0485391503915459,0 days 00:11:08.690853
1400,ExpGrad.1,2,0.713377,-0.0545835339919236,-0.0817028379442811,-0.0817028379442811,-0.0377259342248607,-0.0418658489113799,0 days 00:02:29.444240
1401,ExpGrad.01,2,0.609109,-0.0078290393258274,-0.0159089956865159,-0.0046427942907034,0.0,-0.0159089956865159,0 days 00:03:06.260106
1402,RedGrid25,2,0.689446,-0.0612572565228046,-0.066958619694076,-0.059107536410567,-0.066958619694076,-0.0593348544564294,0 days 00:11:49.112606
1403,RedGrid5,2,0.659734,-0.0119301087150518,-0.0344281824288794,-0.0344281824288794,0.0,0.0,0 days 00:11:44.460732
1404,RedGrid75,2,0.659734,-0.0119301087150518,-0.0344281824288794,-0.0344281824288794,0.0,0.0,0 days 00:11:46.622581
1405,ExpGrad.1,1,0.709632,-0.0365851042285681,-0.1094225460328029,-0.1094225460328029,-0.0460349127497746,-0.0290990188245761,0 days 00:02:25.612321
1406,ExpGrad.01,1,0.580852,-0.0042538381521182,-0.0066448593861602,-0.0030872537175686,0.0,-0.0066448593861602,0 days 00:03:30.396972
1407,RedGrid25,1,0.705803,-0.0624588303977425,-0.1309243164212146,-0.1309243164212146,-0.0474487284659557,-0.068648997242571,0 days 00:11:32.017942
1408,RedGrid5,1,0.693501,-0.0016156804817184,-0.0827040260052694,-0.0827040260052694,0.0,0.0,0 days 00:11:30.534666
1409,RedGrid75,1,0.693501,-0.0016156804817184,-0.0827040260052694,-0.0827040260052694,0.0,0.0,0 days 00:11:31.049433
1410,ExpGrad.1,1,0.710936,-0.0417143063004841,-0.1139374219941118,-0.1139374219941118,-0.0418096478403043,-0.039455574931556,0 days 00:02:05.057265
1411,ExpGrad.01,1,0.607467,-0.0001970391567882,-0.0102145709581065,-0.0102145709581065,0.0,0.0,0 days 00:03:53.547226
1412,RedGrid25,1,0.700328,-0.0106336683192443,-0.1058495101573485,-0.1058495101573485,0.0,-0.0136046099181371,0 days 00:12:01.285878
1413,RedGrid5,1,0.700328,-0.0106336683192443,-0.1058495101573485,-0.1058495101573485,0.0,-0.0136046099181371,0 days 00:12:01.546331
1414,RedGrid75,1,0.700328,-0.0106336683192443,-0.1058495101573485,-0.1058495101573485,0.0,-0.0136046099181371,0 days 00:11:33.342490
1415,ExpGrad.1,1,0.711723,-0.03406126681001,-0.1021121620866585,-0.1021121620866585,-0.0302317543825874,-0.0340382989839336,0 days 00:02:57.003212
1416,ExpGrad.01,1,0.607321,-0.0002830857008436,-0.0142705873912281,-0.0142705873912281,0.0,0.0,0 days 00:04:15.779681
1417,RedGrid25,1,0.707252,-0.0731933913947261,-0.1337903024066735,-0.1337903024066735,-0.0830784895900161,-0.0658306175592199,0 days 00:12:47.763085
1418,RedGrid5,1,0.698716,-0.0021336252640653,-0.0961656893885073,-0.0961656893885073,0.0,-0.0003578876647967,0 days 00:12:56.169944
1419,RedGrid75,1,0.698716,-0.0021336252640653,-0.0961656893885073,-0.0961656893885073,0.0,-0.0003578876647967,0 days 00:12:53.096486
1420,ExpGrad.1,0,0.707286,-0.0832719673695302,-0.1014041723434666,-0.1014041723434666,-0.075022588308407,-0.071938103514631,0 days 00:03:19.968783
1421,ExpGrad.01,0,0.686694,-0.0135486654970568,-0.0187020726094977,-0.0187020726094977,-0.0107772927646015,-0.0105631759293967,0 days 00:07:19.396067
1422,RedGrid25,0,0.683124,-0.1146057225411159,-0.1492990673643879,-0.1492990673643879,-0.098820758520894,-0.0929205552950513,0 days 00:12:48.055529
1423,RedGrid5,0,0.683124,-0.1146057225411159,-0.1492990673643879,-0.1492990673643879,-0.098820758520894,-0.0929205552950513,0 days 00:12:47.600361
1424,RedGrid75,0,0.683124,-0.1146057225411159,-0.1492990673643879,-0.1492990673643879,-0.098820758520894,-0.0929205552950513,0 days 00:13:12.096010
1425,ExpGrad.1,1,0.710824,-0.0332459659625271,-0.1104208460383852,-0.1104208460383852,-0.0313607876174852,-0.0319008568694351,0 days 00:02:40.650361
1426,ExpGrad.01,1,0.606201,-0.0002416944372505,-0.0123748742590009,-0.0123748742590009,0.0,0.0,0 days 00:03:10.108082
1427,RedGrid25,1,0.70465,-0.070340948642333,-0.1421527129601335,-0.1421527129601335,-0.0736837582303676,-0.066272653722926,0 days 00:13:11.170403
1428,RedGrid5,1,0.70465,-0.070340948642333,-0.1421527129601335,-0.1421527129601335,-0.0736837582303676,-0.066272653722926,0 days 00:13:09.001028
1429,RedGrid75,1,0.70465,-0.070340948642333,-0.1421527129601335,-0.1421527129601335,-0.0736837582303676,-0.066272653722926,0 days 00:12:20.620027
1430,ExpGrad.1,1,0.710418,-0.0333364388714526,-0.1142226958256341,-0.1142226958256341,-0.0410986205165095,-0.0265439141622058,0 days 00:02:10.561805
1431,ExpGrad.01,1,0.602769,-0.0013593121853577,-0.0172122130276602,-0.0172122130276602,0.0,-0.0016219107600148,0 days 00:03:29.472203
1432,RedGrid25,1,0.700909,-0.0126178422639268,-0.1137835991214326,-0.1137835991214326,0.0,-0.0164755028500177,0 days 00:11:33.409065
1433,RedGrid5,1,0.700909,-0.0126178422639268,-0.1137835991214326,-0.1137835991214326,0.0,-0.0164755028500177,0 days 00:11:32.215652
1434,RedGrid75,1,0.700909,-0.0126178422639268,-0.1137835991214326,-0.1137835991214326,0.0,-0.0164755028500177,0 days 00:11:31.493958
1435,ExpGrad.1,1,0.712123,-0.0475067838057713,-0.1267373207500871,-0.1267373207500871,-0.0491447178018097,-0.0441575637091984,0 days 00:02:16.480306
1436,ExpGrad.01,1,0.574915,-0.0002173748810171,-0.0084224573536479,-0.0084224573536479,0.0,-8.46256919557753e-05,0 days 00:02:19.954139
1437,RedGrid25,1,0.705685,-0.0660404773354547,-0.1441242245020579,-0.1441242245020579,-0.070980128448856,-0.0609000487622554,0 days 00:11:57.213448
1438,RedGrid5,1,0.705685,-0.0660404773354547,-0.1441242245020579,-0.1441242245020579,-0.070980128448856,-0.0609000487622554,0 days 00:11:57.294414
1439,RedGrid75,1,0.701121,-0.0095912304657463,-0.1046242631842504,-0.1046242631842504,0.0,-0.0119669159264137,0 days 00:11:58.331835
1440,ExpGrad.1,0,0.706081,-0.0829566442052561,-0.1005500420337941,-0.1005500420337941,-0.0728591787666119,-0.0730994283853944,0 days 00:03:14.772892
1441,ExpGrad.01,0,0.685018,-0.0104283788665686,-0.0161507319430117,-0.0161507319430117,-0.0067333730794779,-0.0074497651134447,0 days 00:08:00.166424
1442,RedGrid25,0,0.686909,-0.0826300217003826,-0.1143883812019438,-0.1143883812019438,-0.0075861033786952,-0.0963057012920696,0 days 00:11:46.944211
1443,RedGrid5,0,0.686909,-0.0826300217003826,-0.1143883812019438,-0.1143883812019438,-0.0075861033786952,-0.0963057012920696,0 days 00:11:43.455352
1444,RedGrid75,0,0.662793,-0.0538349897290532,-0.1105873417700166,-0.1105873417700166,0.0,-0.0338147336063994,0 days 00:11:44.230586
1445,ExpGrad.1,1,0.710542,-0.0304264165499061,-0.1065802403461672,-0.1065802403461672,-0.0386689847398005,-0.0234747690988167,0 days 00:02:52.356502
1446,ExpGrad.01,1,0.584568,-0.000123955449383,-0.0062660490052655,-0.0062660490052655,0.0,0.0,0 days 00:02:59.885998
1447,RedGrid25,1,0.701119,-0.006275178308924,-0.0956146727438956,-0.0956146727438956,0.0,-0.0069483889670302,0 days 00:11:52.232874
1448,RedGrid5,1,0.701119,-0.006275178308924,-0.0956146727438956,-0.0956146727438956,0.0,-0.0069483889670302,0 days 00:11:51.673732
1449,RedGrid75,1,0.701119,-0.006275178308924,-0.0956146727438956,-0.0956146727438956,0.0,-0.0069483889670302,0 days 00:11:51.531246
1450,ExpGrad.1,2,0.699333,-0.0550880550122498,-0.0760595637191328,-0.0760595637191328,-0.0266098924695393,-0.0552080758881889,0 days 00:02:23.383712
1451,ExpGrad.01,2,0.626707,-0.0111748631224595,-0.0178474640611863,-0.0150691976524812,-0.0178474640611863,-0.0032320619445331,0 days 00:03:01.196277
1452,RedGrid25,2,0.705855,-0.0600441389711368,-0.1009114879289148,-0.075790363088265,-0.1009114879289148,-0.0186803605045731,0 days 00:12:00.916486
1453,RedGrid5,2,0.704218,-0.0577699217386776,-0.0965921733097154,-0.0745051083087472,-0.0965921733097154,-0.0168793777785657,0 days 00:11:56.442125
1454,RedGrid75,2,0.672983,-0.0320346252985895,-0.0621093987270358,-0.0439108510555194,-0.0621093987270358,-0.0013353846829831,0 days 00:11:55.384056
1455,ExpGrad.1,0,0.706283,-0.0846000324135573,-0.1023470935678318,-0.1023470935678318,-0.0754679994843063,-0.0741309615799453,0 days 00:03:38.536616
1456,ExpGrad.01,0,0.685567,-0.0158352260524055,-0.0209397502366019,-0.0209397502366019,-0.0134812015489783,-0.0126732668074898,0 days 00:08:40.306693
1457,RedGrid25,0,0.685753,-0.1254220950456979,-0.1547382907947206,-0.1547382907947206,-0.1048295630461091,-0.1111746579284292,0 days 00:15:11.589997
1458,RedGrid5,0,0.685753,-0.1254220950456979,-0.1547382907947206,-0.1547382907947206,-0.1048295630461091,-0.1111746579284292,0 days 00:15:22.679978
1459,RedGrid75,0,0.667587,-0.0504610601093677,-0.1079834110257371,-0.1079834110257371,0.0,-0.0280677784786934,0 days 00:15:17.595313
1460,ExpGrad.1,0,0.706703,-0.0729519215131399,-0.0918844883777753,-0.0918844883777753,-0.060472173896372,-0.0631894337932502,0 days 00:03:56.581088
1461,ExpGrad.01,0,0.687803,-0.014179194226344,-0.0187526883655967,-0.0187526883655967,-0.0133802761600153,-0.0105936043355162,0 days 00:07:00.690699
1462,RedGrid25,0,0.687854,-0.0819287302746611,-0.1147084754877812,-0.1147084754877812,-0.0083581055385212,-0.0938076753855919,0 days 00:15:21.955441
1463,RedGrid5,0,0.687854,-0.0819287302746611,-0.1147084754877812,-0.1147084754877812,-0.0083581055385212,-0.0938076753855919,0 days 00:15:23.773959
1464,RedGrid75,0,0.664188,-0.0501192039077801,-0.1071377596774612,-0.1071377596774612,0.0,-0.02766046211783,0 days 00:15:27.112812
1465,ExpGrad.1,2,0.711407,-0.0622904946551619,-0.0841299799934967,-0.0841299799934967,-0.0757937946202089,-0.0338276105536231,0 days 00:02:52.881680
1466,ExpGrad.01,2,0.620642,-0.0077534724193852,-0.0130665145091805,-0.0119551552626571,-0.0130665145091805,-0.0004667611078807,0 days 00:06:25.347677
1467,RedGrid25,2,0.701978,-0.0538366903062107,-0.0748344754804522,-0.0741623952399076,-0.0748344754804522,-0.0217243414302413,0 days 00:14:24.199803
1468,RedGrid5,2,0.677413,-0.0269212738604871,-0.0477114068796071,-0.0477114068796071,-0.0349936741041756,-0.0030152001441258,0 days 00:14:23.402023
1469,RedGrid75,2,0.677413,-0.0269212738604871,-0.0477114068796071,-0.0477114068796071,-0.0349936741041756,-0.0030152001441258,0 days 00:14:21.027262
1470,ExpGrad.1,2,0.68731,-0.0604928886902373,-0.0751690733059433,-0.0749191653687834,-0.0751690733059433,-0.0378826071061145,0 days 00:03:13.930505
1471,ExpGrad.01,2,0.627123,-0.0030938130507301,-0.0065413101021455,-0.0065413101021455,0.0,-0.0020632187534892,0 days 00:06:05.200532
1472,RedGrid25,2,0.714599,-0.0705703672832254,-0.1036565849868125,-0.1036565849868125,-0.0873181888753219,-0.0299169576341948,0 days 00:14:17.434801
1473,RedGrid5,2,0.700401,-0.0503527545930706,-0.0923766832945937,-0.0923766832945937,-0.0584518307619008,-0.0074434860224779,0 days 00:14:18.196902
1474,RedGrid75,2,0.588179,0.0,0.0,0.0,0.0,0.0,0 days 00:14:16.456200
1475,ExpGrad.1,1,0.712879,-0.047293387657822,-0.1151572112581358,-0.1151572112581358,-0.0394523997500545,-0.0495364725340061,0 days 00:03:11.830763
1476,ExpGrad.01,1,0.592644,-0.0063270925558978,-0.0134116548528923,-0.0134116548528923,0.0,-0.0096063286300521,0 days 00:03:04.868202
1477,RedGrid25,1,0.700558,-0.007792742874959,-0.0947263869136462,-0.0947263869136462,0.0,-0.009421488612141,0 days 00:12:15.493260
1478,RedGrid5,1,0.700558,-0.007792742874959,-0.0947263869136462,-0.0947263869136462,0.0,-0.009421488612141,0 days 00:12:09.182784
1479,RedGrid75,1,0.700558,-0.007792742874959,-0.0947263869136462,-0.0947263869136462,0.0,-0.009421488612141,0 days 00:12:08.493633
1480,ExpGrad.1,0,0.706437,-0.0750972174696641,-0.0944863084257244,-0.0944863084257244,-0.0604541709365537,-0.0661763800952059,0 days 00:03:31.764132
1481,ExpGrad.01,0,0.686989,-0.01093077645036,-0.0158688631540739,-0.0158688631540739,-0.0058283442524619,-0.0094195162457909,0 days 00:06:56.106561
1482,RedGrid25,0,0.683421,-0.1150484271528252,-0.150759785773074,-0.150759785773074,-0.0941529814600447,-0.0952523128437535,0 days 00:12:45.322745
1483,RedGrid5,0,0.683421,-0.1150484271528252,-0.150759785773074,-0.150759785773074,-0.0941529814600447,-0.0952523128437535,0 days 00:12:44.752551
1484,RedGrid75,0,0.683421,-0.1150484271528252,-0.150759785773074,-0.150759785773074,-0.0941529814600447,-0.0952523128437535,0 days 00:12:43.602903
1485,ExpGrad.1,1,0.712252,-0.0399340649103756,-0.1134944872750947,-0.1134944872750947,-0.0472279119793733,-0.0335883043089501,0 days 00:02:44.705981
1486,ExpGrad.01,1,0.57335,-0.0009672466561386,-0.0147373104668369,-0.0147373104668369,-0.001934691269903,0.0,0 days 00:01:56.040572
1487,RedGrid25,1,0.704877,-0.069192420311256,-0.1364211383532249,-0.1364211383532249,-0.0776905304216742,-0.0623770051775108,0 days 00:11:56.710997
1488,RedGrid5,1,0.700695,-0.0099393924346859,-0.1059307670049265,-0.1059307670049265,0.0,-0.0124474682450905,0 days 00:11:57.118681
1489,RedGrid75,1,0.700695,-0.0099393924346859,-0.1059307670049265,-0.1059307670049265,0.0,-0.0124474682450905,0 days 00:11:50.978524
1490,ExpGrad.1,1,0.712045,-0.0348826883026442,-0.1121619152023448,-0.1121619152023448,-0.0293119606225081,-0.035564630402707,0 days 00:02:41.035732
1491,ExpGrad.01,1,0.608897,-0.0088922529125731,-0.0190881462038676,-0.0190881462038676,-0.0138741030864701,-0.0058203425033399,0 days 00:05:28.336482
1492,RedGrid25,1,0.705416,-0.0693017904827175,-0.1401060731083583,-0.1401060731083583,-0.0723165414112928,-0.0654362614997566,0 days 00:12:32.318498
1493,RedGrid5,1,0.70049,-0.0106300719114552,-0.1042854446503989,-0.1042854446503989,0.0,-0.0136018556621901,0 days 00:12:34.391534
1494,RedGrid75,1,0.70049,-0.0106300719114552,-0.1042854446503989,-0.1042854446503989,0.0,-0.0136018556621901,0 days 00:12:44.332799
1495,ExpGrad.1,0,0.705685,-0.0809805887776682,-0.0984203007072863,-0.0984203007072863,-0.0722671933880807,-0.0704969978944919,0 days 00:03:52.472512
1496,ExpGrad.01,0,0.686982,-0.0084672942877232,-0.0132638400030083,-0.0132638400030083,-0.0060779028599767,-0.0055799872226625,0 days 00:11:17.841851
1497,RedGrid25,0,0.685565,-0.1241623579074878,-0.1536090255203964,-0.1536090255203964,-0.1057724197994167,-0.1085024635217671,0 days 00:14:09.216206
1498,RedGrid5,0,0.685565,-0.1241623579074878,-0.1536090255203964,-0.1536090255203964,-0.1057724197994167,-0.1085024635217671,0 days 00:14:08.430400
1499,RedGrid75,0,0.685565,-0.1241623579074878,-0.1536090255203964,-0.1536090255203964,-0.1057724197994167,-0.1085024635217671,0 days 00:14:09.859610
