,method,k_set,accuracy,mean_unfairness,max_unfairness,A_unfairness,B_unfairness,C_unfairness,runtime
0,ExpGrad.1,2,0.709964,-0.0537952855837612,-0.0810113764216919,-0.0810113764216919,-0.0487027951661515,-0.0329849473495597,0 days 00:02:38.490479
1,ExpGrad.01,2,0.607149,-0.0022812721022277,-0.0058168367072335,0.0,0.0,-0.0058168367072335,0 days 00:03:35.260648
2,RedGrid25,2,0.719574,-0.0737803186783583,-0.0984982712613907,-0.0984982712613907,-0.0877358832048709,-0.0425904301842883,0 days 00:12:53.756386
3,RedGrid5,2,0.719574,-0.0737803186783583,-0.0984982712613907,-0.0984982712613907,-0.0877358832048709,-0.0425904301842883,0 days 00:12:43.778713
4,RedGrid75,2,0.701254,-0.0560671366575538,-0.0846773962960055,-0.0700280496792678,-0.0846773962960055,-0.0247407501410522,0 days 00:12:27.775102
5,ExpGrad.1,2,0.71124,-0.0548729219246437,-0.0911284065759235,-0.0911284065759235,-0.0589785671982863,-0.0200628606026513,0 days 00:03:21.116616
6,ExpGrad.01,2,0.607685,-0.0055977726720388,-0.0124689173141425,-0.0067586286875929,-0.0124689173141425,0.0,0 days 00:03:08.421142
7,RedGrid25,2,0.713597,-0.0665127653065206,-0.1042673026977853,-0.1042673026977853,-0.0969518228528294,-0.0128595154165907,0 days 00:13:02.213864
8,RedGrid5,2,0.701067,-0.0520063909228061,-0.0890317488120723,-0.0720820178109338,-0.0890317488120723,-0.0096143530883271,0 days 00:13:00.100811
9,RedGrid75,2,0.66985,-0.0210895696947472,-0.0607799455532948,-0.0607799455532948,0.0,0.0,0 days 00:13:01.539541
10,ExpGrad.1,0,0.706376,-0.0826605209910595,-0.0999769754450166,-0.0999769754450166,-0.0747676451090622,-0.0718377195300916,0 days 00:03:06.766572
11,ExpGrad.01,0,0.688902,-0.0162026443900449,-0.021654529184471,-0.021654529184471,-0.0148355305901067,-0.0121771605195126,0 days 00:05:10.277460
12,RedGrid25,0,0.690636,-0.0261437216620673,-0.0315399934335997,-0.0315399934335997,-0.0128349523311647,-0.0287693592095552,0 days 00:13:04.947179
13,RedGrid5,0,0.690636,-0.0261437216620673,-0.0315399934335997,-0.0315399934335997,-0.0128349523311647,-0.0287693592095552,0 days 00:13:14.714874
14,RedGrid75,0,0.690636,-0.0261437216620673,-0.0315399934335997,-0.0315399934335997,-0.0128349523311647,-0.0287693592095552,0 days 00:13:02.411126
15,ExpGrad.1,1,0.710346,-0.0303632143879154,-0.1076557243266213,-0.1076557243266213,-0.0262347392793635,-0.030205854095044,0 days 00:02:07.206149
16,ExpGrad.01,1,0.609131,-0.0035118592591221,-0.0168882445473828,-0.0168882445473828,0.0,-0.0050314194805374,0 days 00:03:43.460456
17,RedGrid25,1,0.697979,-0.0018706347495195,-0.09388615145879,-0.09388615145879,0.0,0.0,0 days 00:08:58.762748
18,RedGrid5,1,0.697979,-0.0018706347495195,-0.09388615145879,-0.09388615145879,0.0,0.0,0 days 00:09:06.358653
19,RedGrid75,1,0.697979,-0.0018706347495195,-0.09388615145879,-0.09388615145879,0.0,0.0,0 days 00:09:27.715027
20,ExpGrad.1,2,0.712385,-0.0606795557261114,-0.0902371203991739,-0.0902371203991739,-0.0563011905111237,-0.0374731379203134,0 days 00:02:45.522847
21,ExpGrad.01,2,0.622722,-0.0073591269492173,-0.0111295815936765,-0.0111295815936765,-0.0092371354078763,-0.0027896476700898,0 days 00:04:17.121576
22,RedGrid25,2,0.688482,-0.0335919934779012,-0.0572273602770573,-0.0539577180888654,-0.0572273602770573,0.0,0 days 00:13:08.611114
23,RedGrid5,2,0.688482,-0.0335919934779012,-0.0572273602770573,-0.0539577180888654,-0.0572273602770573,0.0,0 days 00:13:09.534597
24,RedGrid75,2,0.656677,-0.0198674606619616,-0.0412893527474935,-0.0263450431700976,-0.0412893527474935,0.0,0 days 00:12:28.452345
25,ExpGrad.1,1,0.711217,-0.0464138838187244,-0.1196419151569329,-0.1196419151569329,-0.049446393603805,-0.0424974831826661,0 days 00:02:59.087240
26,ExpGrad.01,1,0.582997,-0.0034206027322338,-0.0116190354198362,-0.0116190354198362,0.0,-0.0050637017399254,0 days 00:02:45.716526
27,RedGrid25,1,0.705827,-0.050726244485832,-0.1267330816233471,-0.1267330816233471,-0.041951721623154,-0.0532612108892218,0 days 00:12:23.495240
28,RedGrid5,1,0.705827,-0.050726244485832,-0.1267330816233471,-0.1267330816233471,-0.041951721623154,-0.0532612108892218,0 days 00:11:51.991527
29,RedGrid75,1,0.705827,-0.050726244485832,-0.1267330816233471,-0.1267330816233471,-0.041951721623154,-0.0532612108892218,0 days 00:11:57.801559
30,ExpGrad.1,2,0.712508,-0.0612278293617213,-0.0877159413734146,-0.0877159413734146,-0.0707083954250852,-0.031113690137944,0 days 00:03:06.768406
31,ExpGrad.01,2,0.6184,-0.0028385882359854,-0.0081422439450695,-0.0081422439450695,0.0,0.0,0 days 00:03:53.461426
32,RedGrid25,2,0.717115,-0.0706623550854892,-0.0982750644044333,-0.0982750644044333,-0.0894835093953049,-0.033248323050139,0 days 00:12:43.305072
33,RedGrid5,2,0.717115,-0.0706623550854892,-0.0982750644044333,-0.0982750644044333,-0.0894835093953049,-0.033248323050139,0 days 00:12:43.741327
34,RedGrid75,2,0.577275,-0.0064631708850669,-0.0246510603137634,0.0,-0.0246510603137634,0.0,0 days 00:12:26.539686
35,ExpGrad.1,0,0.706212,-0.0819973174959497,-0.0992576501862844,-0.0992576501862844,-0.072442428824791,-0.0721358902085134,0 days 00:03:18.094564
36,ExpGrad.01,0,0.685576,-0.0114694307839523,-0.0162185878133233,-0.0162185878133233,-0.0079802197048768,-0.0092302582016661,0 days 00:06:25.527279
37,RedGrid25,0,0.681798,-0.1132612929631097,-0.148576803552518,-0.148576803552518,-0.0922274606600116,-0.0939024016090961,0 days 00:14:47.703127
38,RedGrid5,0,0.681798,-0.1132612929631097,-0.148576803552518,-0.148576803552518,-0.0922274606600116,-0.0939024016090961,0 days 00:14:58.273696
39,RedGrid75,0,0.681798,-0.1132612929631097,-0.148576803552518,-0.148576803552518,-0.0922274606600116,-0.0939024016090961,0 days 00:14:58.018481
40,ExpGrad.1,0,0.706771,-0.0805506353412002,-0.0988022528879596,-0.0988022528879596,-0.0702871619265996,-0.0702597635473587,0 days 00:03:13.039827
41,ExpGrad.01,0,0.688143,-0.011824684333962,-0.0174533834876884,-0.0174533834876884,-0.009106337241557,-0.008403859595327,0 days 00:07:11.374322
42,RedGrid25,0,0.682917,-0.1108378763921617,-0.146473387784086,-0.146473387784086,-0.0896602327879638,-0.0913752260464482,0 days 00:11:58.592719
43,RedGrid5,0,0.682917,-0.1108378763921617,-0.146473387784086,-0.146473387784086,-0.0896602327879638,-0.0913752260464482,0 days 00:12:01.646640
44,RedGrid75,0,0.682917,-0.1108378763921617,-0.146473387784086,-0.146473387784086,-0.0896602327879638,-0.0913752260464482,0 days 00:11:52.097916
45,ExpGrad.1,1,0.711187,-0.024424269891974,-0.1155375946606611,-0.1155375946606611,-0.0173477195728934,-0.0255393619158909,0 days 00:03:11.854094
46,ExpGrad.01,1,0.606231,-0.0004216367560756,-0.0217291555869283,-0.0217291555869283,0.0,0.0,0 days 00:03:41.110243
47,RedGrid25,1,0.69974,-0.0020904825441604,-0.1077335403027999,-0.1077335403027999,0.0,0.0,0 days 00:13:46.107547
48,RedGrid5,1,0.69974,-0.0020904825441604,-0.1077335403027999,-0.1077335403027999,0.0,0.0,0 days 00:13:47.552025
49,RedGrid75,1,0.69974,-0.0020904825441604,-0.1077335403027999,-0.1077335403027999,0.0,0.0,0 days 00:13:41.925515
50,ExpGrad.1,2,0.700675,-0.0428485062698018,-0.0737932901231161,-0.0737932901231161,-0.0462783563930854,-0.012951599639128,0 days 00:02:02.609260
51,ExpGrad.01,2,0.624646,-0.0039376986837281,-0.0084455770077889,-0.0084455770077889,0.0,-0.002567349841529,0 days 00:04:33.431828
52,RedGrid25,2,0.718215,-0.0723630309566049,-0.1056390437228086,-0.1056390437228086,-0.0932657995227596,-0.0286340873392103,0 days 00:11:04.082839
53,RedGrid5,2,0.666456,-0.0375731282730047,-0.0759687893690084,-0.050746828804094,-0.0759687893690084,0.0,0 days 00:11:21.258095
54,RedGrid75,2,0.585364,-0.0068567431195283,-0.026138140310108,0.0,-0.026138140310108,0.0,0 days 00:10:47.288269
55,ExpGrad.1,2,0.655078,-0.0427629853194743,-0.0629153717677978,-0.0629153717677978,-0.0361482899240072,-0.0295223492673765,0 days 00:03:38.638252
56,ExpGrad.01,2,0.625519,-0.0020938386031397,-0.0060877041521494,-0.0060877041521494,0.0,0.0,0 days 00:03:59.420272
57,RedGrid25,2,0.669125,-0.0168380678309877,-0.0489556240367192,-0.0489556240367192,0.0,0.0,0 days 00:08:42.207006
58,RedGrid5,2,0.669125,-0.0168380678309877,-0.0489556240367192,-0.0489556240367192,0.0,0.0,0 days 00:08:48.717920
59,RedGrid75,2,0.669125,-0.0168380678309877,-0.0489556240367192,-0.0489556240367192,0.0,0.0,0 days 00:08:50.248592
60,ExpGrad.1,1,0.701942,-0.0018010836135029,-0.0924421770633135,-0.0924421770633135,0.0,0.0,0 days 00:02:21.858287
61,ExpGrad.01,1,0.567899,-9.564274643523166e-05,-0.0049089468331741,-0.0049089468331741,0.0,0.0,0 days 00:02:34.931216
62,RedGrid25,1,0.704109,-0.0695922687952824,-0.1404795078773144,-0.1404795078773144,-0.0751381672171588,-0.0643303303781849,0 days 00:12:23.260185
63,RedGrid5,1,0.699712,-0.0122557339842476,-0.1103495183754406,-0.1103495183754406,0.0,-0.0160172877753458,0 days 00:12:20.894222
64,RedGrid75,1,0.699712,-0.0122557339842476,-0.1103495183754406,-0.1103495183754406,0.0,-0.0160172877753458,0 days 00:12:19.548285
65,ExpGrad.1,0,0.707177,-0.0822311799531237,-0.1006295862541459,-0.1006295862541459,-0.0727251964177984,-0.0712811646599018,0 days 00:02:20.571092
66,ExpGrad.01,0,0.688435,-0.0152540417018963,-0.0225604058890833,-0.0225604058890833,-0.0133964837698756,-0.0098461404624827,0 days 00:05:16.948106
67,RedGrid25,0,0.683778,-0.1158201217312063,-0.1509963959739951,-0.1509963959739951,-0.0960409326154825,-0.0957711034256709,0 days 00:10:05.558865
68,RedGrid5,0,0.683778,-0.1158201217312063,-0.1509963959739951,-0.1509963959739951,-0.0960409326154825,-0.0957711034256709,0 days 00:10:07.316493
69,RedGrid75,0,0.683778,-0.1158201217312063,-0.1509963959739951,-0.1509963959739951,-0.0960409326154825,-0.0957711034256709,0 days 00:10:02.245481
70,ExpGrad.1,0,0.706233,-0.0832657613906172,-0.1004855794964633,-0.1004855794964633,-0.0739688974280848,-0.0733141864070288,0 days 00:02:41.873002
71,ExpGrad.01,0,0.688115,-0.0142383976526454,-0.0208674273155955,-0.0208674273155955,-0.0121379715490038,-0.0095880544389059,0 days 00:05:25.311456
72,RedGrid25,0,0.686454,-0.079433375595488,-0.111395056633076,-0.111395056633076,-0.0023126607966041,-0.0941363390978893,0 days 00:10:26.272963
73,RedGrid5,0,0.664341,-0.0558787157471791,-0.1124784661581238,-0.1124784661581238,0.0,-0.0372004873584854,0 days 00:10:23.561172
74,RedGrid75,0,0.664341,-0.0558787157471791,-0.1124784661581238,-0.1124784661581238,0.0,-0.0372004873584854,0 days 00:10:12.481826
75,ExpGrad.1,2,0.710424,-0.0596511194508319,-0.0967073697900649,-0.0967073697900649,-0.0445348631395476,-0.0366162165648434,0 days 00:02:10.347199
76,ExpGrad.01,2,0.627498,-0.0101159854344543,-0.0177417688780783,-0.0177417688780783,-0.0078740172032832,-0.0047939280455261,0 days 00:03:07.077103
77,RedGrid25,2,0.723094,-0.0899604907288305,-0.1169368733588474,-0.1169368733588474,-0.0798770687914612,-0.0725747749064336,0 days 00:10:39.663647
78,RedGrid5,2,0.680363,-0.0319933205242602,-0.0739042390359769,-0.0739042390359769,0.0,-0.0159150193713893,0 days 00:10:38.090677
79,RedGrid75,2,0.680363,-0.0319933205242602,-0.0739042390359769,-0.0739042390359769,0.0,-0.0159150193713893,0 days 00:10:37.816889
80,ExpGrad.1,0,0.707576,-0.0704609663477943,-0.0899619757849972,-0.0899619757849972,-0.0558687725911818,-0.0613939235106058,0 days 00:03:34.049863
81,ExpGrad.01,0,0.685753,-0.010877870312253,-0.0152931783038866,-0.0152931783038866,-0.0095262742147482,-0.0077442536058133,0 days 00:06:45.168778
82,RedGrid25,0,0.68322,-0.1133066040391847,-0.1489947499556043,-0.1489947499556043,-0.0943174898796714,-0.0924422757028167,0 days 00:14:39.186520
83,RedGrid5,0,0.68322,-0.1133066040391847,-0.1489947499556043,-0.1489947499556043,-0.0943174898796714,-0.0924422757028167,0 days 00:14:38.918985
84,RedGrid75,0,0.68322,-0.1133066040391847,-0.1489947499556043,-0.1489947499556043,-0.0943174898796714,-0.0924422757028167,0 days 00:14:38.995282
85,ExpGrad.1,0,0.706699,-0.0834692002268594,-0.1001538655804687,-0.1001538655804687,-0.0759406883172537,-0.0729918793188881,0 days 00:02:41.435070
86,ExpGrad.01,0,0.690333,-0.0149782502654187,-0.0202397072363323,-0.0202397072363323,-0.0153103180458551,-0.0101779495689315,0 days 00:05:53.332571
87,RedGrid25,0,0.68237,-0.1131950038366471,-0.146951548619951,-0.146951548619951,-0.093494774625166,-0.0944679547888446,0 days 00:09:36.206506
88,RedGrid5,0,0.68237,-0.1131950038366471,-0.146951548619951,-0.146951548619951,-0.093494774625166,-0.0944679547888446,0 days 00:09:34.616512
89,RedGrid75,0,0.68237,-0.1131950038366471,-0.146951548619951,-0.146951548619951,-0.093494774625166,-0.0944679547888446,0 days 00:09:30.653331
90,ExpGrad.1,2,0.71371,-0.056619981243588,-0.0861837909756,-0.0861837909756,-0.0657063037026898,-0.0244266253366307,0 days 00:03:32.066830
91,ExpGrad.01,2,0.612583,-0.0076740896884734,-0.0166070849629529,-0.0095891613189219,-0.0166070849629529,0.0,0 days 00:03:17.320607
92,RedGrid25,2,0.726012,-0.0900753823041949,-0.108288005327744,-0.108288005327744,-0.1064350095158584,-0.0630349382619657,0 days 00:12:38.746350
93,RedGrid5,2,0.697128,-0.0461579489390502,-0.0851192070292754,-0.0688774465450051,-0.0851192070292754,0.0,0 days 00:12:04.072973
94,RedGrid75,2,0.68602,-0.0282084228426726,-0.0706266655263659,-0.0706266655263659,0.0,-0.0096415604065306,0 days 00:12:01.389737
95,ExpGrad.1,0,0.707055,-0.0768198814785355,-0.0948370332865429,-0.0948370332865429,-0.0636400928822652,-0.068294866739947,0 days 00:03:38.313486
96,ExpGrad.01,0,0.68951,-0.0107809004937793,-0.0167401074017035,-0.0167401074017035,-0.0078321370857745,-0.0071799002141652,0 days 00:07:23.900042
97,RedGrid25,0,0.68256,-0.1184372582992798,-0.1523394586701727,-0.1523394586701727,-0.0987372183546919,-0.0995709735500888,0 days 00:14:40.373583
98,RedGrid5,0,0.68256,-0.1184372582992798,-0.1523394586701727,-0.1523394586701727,-0.0987372183546919,-0.0995709735500888,0 days 00:14:28.604998
99,RedGrid75,0,0.68256,-0.1184372582992798,-0.1523394586701727,-0.1523394586701727,-0.0987372183546919,-0.0995709735500888,0 days 00:14:27.870443
100,ExpGrad.1,1,0.709041,-0.0224340534050857,-0.1078616295463671,-0.1078616295463671,-0.024010229590073,-0.0189342997130751,0 days 00:03:06.119999
101,ExpGrad.01,1,0.593965,-0.0061801531872146,-0.0084824487803547,-0.0084824487803547,-0.0081374323184698,-0.0050267087724655,0 days 00:05:39.181126
102,RedGrid25,1,0.698945,-0.0442180403763008,-0.1184962370889121,-0.1184962370889121,0.0,-0.0663912138199236,0 days 00:12:46.343925
103,RedGrid5,1,0.683885,-0.0009827866591442,-0.0506020165892302,-0.0506020165892302,0.0,0.0,0 days 00:13:07.317426
104,RedGrid75,1,0.683885,-0.0009827866591442,-0.0506020165892302,-0.0506020165892302,0.0,0.0,0 days 00:12:52.229878
105,ExpGrad.1,0,0.707296,-0.0818642030675071,-0.099684994921127,-0.099684994921127,-0.0733406203261567,-0.0709128083376837,0 days 00:03:09.973035
106,ExpGrad.01,0,0.686503,-0.0132100937847379,-0.0190969712399277,-0.0190969712399277,-0.0091170162274756,-0.0103027287592931,0 days 00:07:12.465155
107,RedGrid25,0,0.683624,-0.1142946564921687,-0.1489261373883061,-0.1489261373883061,-0.0956366910694216,-0.0941769063871459,0 days 00:11:18.985607
108,RedGrid5,0,0.683624,-0.1142946564921687,-0.1489261373883061,-0.1489261373883061,-0.0956366910694216,-0.0941769063871459,0 days 00:11:18.512978
109,RedGrid75,0,0.683624,-0.1142946564921687,-0.1489261373883061,-0.1489261373883061,-0.0956366910694216,-0.0941769063871459,0 days 00:11:20.637705
110,ExpGrad.1,1,0.708241,-0.0102939452461223,-0.0985600167414937,-0.0985600167414937,-0.0047971998313307,-0.0106478544627307,0 days 00:02:23.609171
111,ExpGrad.01,1,0.605749,-0.000624843306855,-0.012179952600251,-0.012179952600251,-0.0011148904420288,0.0,0 days 00:04:41.360379
112,RedGrid25,1,0.709065,-0.0636260455808544,-0.1407120440749714,-0.1407120440749714,-0.0616263177548337,-0.0623810987836271,0 days 00:10:59.725840
113,RedGrid5,1,0.700555,-0.0029562333613228,-0.1076483684121748,-0.1076483684121748,0.0,-0.001398809903604,0 days 00:10:59.850697
114,RedGrid75,1,0.700555,-0.0029562333613228,-0.1076483684121748,-0.1076483684121748,0.0,-0.001398809903604,0 days 00:10:25.560697
115,ExpGrad.1,1,0.712329,-0.0521746598225869,-0.1288830051682004,-0.1288830051682004,-0.0489802202589854,-0.0515877426743962,0 days 00:03:06.949896
116,ExpGrad.01,1,0.614281,-0.0075797962780237,-0.0259011517049265,-0.0259011517049265,-0.0148541732538915,-0.0029961908372573,0 days 00:03:55.872876
117,RedGrid25,1,0.700979,-0.01624375766923,-0.1045761451440699,-0.1045761451440699,-0.0036339125264093,-0.0205055612267789,0 days 00:12:44.617180
118,RedGrid5,1,0.700979,-0.01624375766923,-0.1045761451440699,-0.1045761451440699,-0.0036339125264093,-0.0205055612267789,0 days 00:12:47.089701
119,RedGrid75,1,0.700979,-0.01624375766923,-0.1045761451440699,-0.1045761451440699,-0.0036339125264093,-0.0205055612267789,0 days 00:12:39.314136
120,ExpGrad.1,0,0.706548,-0.0838049422892469,-0.1004237718781895,-0.1004237718781895,-0.0743426319409104,-0.074440186781818,0 days 00:03:39.642268
121,ExpGrad.01,0,0.68624,-0.0156032894865913,-0.0188787242804874,-0.0188787242804874,-0.014891335627998,-0.0131193783475315,0 days 00:06:23.966225
122,RedGrid25,0,0.693617,-0.0560157232435238,-0.0814173493513851,-0.0510060690736168,-0.0814173493513851,-0.0463573670891702,0 days 00:14:21.887378
123,RedGrid5,0,0.693617,-0.0560157232435238,-0.0814173493513851,-0.0510060690736168,-0.0814173493513851,-0.0463573670891702,0 days 00:14:22.058320
124,RedGrid75,0,0.693617,-0.0560157232435238,-0.0814173493513851,-0.0510060690736168,-0.0814173493513851,-0.0463573670891702,0 days 00:14:22.535928
125,ExpGrad.1,1,0.707459,-0.0190811050167568,-0.108863930972242,-0.108863930972242,0.0,-0.0268272619309611,0 days 00:02:05.969124
126,ExpGrad.01,1,0.583237,-0.0011003203602871,-0.0017441219934912,0.0,0.0,-0.0017441219934912,0 days 00:04:06.291484
127,RedGrid25,1,0.69738,-0.0020831675240194,-0.1051621645532432,-0.1051621645532432,0.0,0.0,0 days 00:10:46.359515
128,RedGrid5,1,0.69738,-0.0020831675240194,-0.1051621645532432,-0.1051621645532432,0.0,0.0,0 days 00:10:41.847527
129,RedGrid75,1,0.69019,-0.0029070114392837,-0.0822708098034379,-0.0822708098034379,-0.0036565627747412,0.0,0 days 00:10:26.169888
130,ExpGrad.1,2,0.719511,-0.0637742855108238,-0.0968221214305687,-0.0968221214305687,-0.0636986832819551,-0.0346138694964881,0 days 00:02:14.861228
131,ExpGrad.01,2,0.637849,-0.0088553065439197,-0.0202525523547288,-0.0202525523547288,-0.0070138796781502,0.0,0 days 00:02:35.706024
132,RedGrid25,2,0.730315,-0.0963669435240757,-0.1216998909567301,-0.1216998909567301,-0.1062195564181534,-0.0674557606439157,0 days 00:12:02.265690
133,RedGrid5,2,0.706763,-0.0439500819427587,-0.0953306741868575,-0.0953306741868575,-0.0180155790811508,-0.0156973384203512,0 days 00:12:10.539294
134,RedGrid75,2,0.640827,-0.0210114428672067,-0.0458907655940528,-0.0261568760685509,-0.0458907655940528,0.0,0 days 00:12:35.159025
135,ExpGrad.1,2,0.707385,-0.0533480135373485,-0.0915850153555841,-0.0915850153555841,-0.0139432313997179,-0.0455294697848892,0 days 00:01:52.058859
136,ExpGrad.01,2,0.623157,-0.0055890905548998,-0.0096720212119195,-0.0096720212119195,-0.0013495020429257,-0.0047753870791873,0 days 00:03:01.058361
137,RedGrid25,2,0.70687,-0.0645948394697084,-0.1132817726160435,-0.1132817726160435,-0.0072011262631946,-0.0594186091565224,0 days 00:08:41.655418
138,RedGrid5,2,0.69189,-0.0438267142270059,-0.0799210104498877,-0.0799210104498877,0.0,-0.0408349811415226,0 days 00:08:38.211449
139,RedGrid75,2,0.661684,-0.0393045351925595,-0.0547743545911718,-0.0547743545911718,0.0,-0.051605623565018,0 days 00:08:28.468475
140,ExpGrad.1,2,0.708675,-0.0541649257807289,-0.0960648004763684,-0.0960648004763684,-0.0315229991864326,-0.0316172419751141,0 days 00:03:39.997291
141,ExpGrad.01,2,0.613686,-0.0065647797206329,-0.0118647691145451,-0.0118647691145451,0.0,-0.0061567008233386,0 days 00:04:29.710366
142,RedGrid25,2,0.715334,-0.0669203402319255,-0.1022114557395851,-0.1022114557395851,-0.0832875093262977,-0.02452556588834,0 days 00:12:47.646687
143,RedGrid5,2,0.667133,-0.0266081503028135,-0.0481774691035592,-0.0481774691035592,-0.0329328425633901,-0.0031266047740299,0 days 00:12:46.988193
144,RedGrid75,2,0.625522,-0.0098409706847157,-0.0225764339336554,-0.0225764339336554,-0.0074828270574636,0.0,0 days 00:12:44.243385
145,ExpGrad.1,1,0.707578,-0.01761351407451,-0.1018640339789808,-0.1018640339789808,-0.0336037170567198,-0.0062199301818998,0 days 00:02:10.644191
146,ExpGrad.01,1,0.580642,-0.0045590935277161,-0.0072139697986567,0.0,0.0,-0.0072139697986567,0 days 00:03:19.034312
147,RedGrid25,1,0.702538,-0.0107896659080826,-0.1058804749980759,-0.1058804749980759,-0.0017892565586486,-0.0128558351031951,0 days 00:10:13.820564
148,RedGrid5,1,0.702538,-0.0107896659080826,-0.1058804749980759,-0.1058804749980759,-0.0017892565586486,-0.0128558351031951,0 days 00:10:09.944155
149,RedGrid75,1,0.702538,-0.0107896659080826,-0.1058804749980759,-0.1058804749980759,-0.0017892565586486,-0.0128558351031951,0 days 00:10:09.644826
150,ExpGrad.1,0,0.707409,-0.082223720985553,-0.0985188871404636,-0.0985188871404636,-0.0747498652117116,-0.0720368215915314,0 days 00:03:35.534708
151,ExpGrad.01,0,0.689999,-0.0137812725089255,-0.0192424708057222,-0.0192424708057222,-0.0096101873863198,-0.0112893071600432,0 days 00:09:13.571489
152,RedGrid25,0,0.687309,-0.1227782135419745,-0.1517622429782213,-0.1517622429782213,-0.101680619186052,-0.1089774690003085,0 days 00:14:16.299060
153,RedGrid5,0,0.687309,-0.1227782135419745,-0.1517622429782213,-0.1517622429782213,-0.101680619186052,-0.1089774690003085,0 days 00:14:07.933672
154,RedGrid75,0,0.667479,-0.0522028006670868,-0.109510303559537,-0.109510303559537,-0.0001158684586087,-0.0306558584355293,0 days 00:15:03.691408
155,ExpGrad.1,1,0.712697,-0.0565077435524346,-0.1275772017632424,-0.1275772017632424,-0.0564660039772431,-0.054328670181277,0 days 00:03:14.479084
156,ExpGrad.01,1,0.607335,-0.0016194484860301,-0.0147139470388262,-0.0147139470388262,-0.0038099915204658,0.0,0 days 00:04:01.618455
157,RedGrid25,1,0.700135,-0.0178258810040067,-0.1123483029483935,-0.1123483029483935,-0.0067886832975956,-0.0210122362595707,0 days 00:13:55.217168
158,RedGrid5,1,0.700135,-0.0178258810040067,-0.1123483029483935,-0.1123483029483935,-0.0067886832975956,-0.0210122362595707,0 days 00:13:55.545242
159,RedGrid75,1,0.700135,-0.0178258810040067,-0.1123483029483935,-0.1123483029483935,-0.0067886832975956,-0.0210122362595707,0 days 00:13:45.286793
160,ExpGrad.1,1,0.711612,-0.0450954967264222,-0.1192773991418932,-0.1192773991418932,-0.0434234429297902,-0.0436783913728757,0 days 00:03:04.123975
161,ExpGrad.01,1,0.61414,-0.0141138912125012,-0.0322212861024886,-0.0322212861024886,-0.0108544096334778,-0.0153448997274694,0 days 00:04:16.129495
162,RedGrid25,1,0.692689,-0.0015959157311402,-0.0801081475520494,-0.0801081475520494,0.0,0.0,0 days 00:12:08.756770
163,RedGrid5,1,0.692689,-0.0015959157311402,-0.0801081475520494,-0.0801081475520494,0.0,0.0,0 days 00:12:14.003100
164,RedGrid75,1,0.684008,-0.0008094265917497,-0.0406297548042324,-0.0406297548042324,0.0,0.0,0 days 00:12:11.212366
165,ExpGrad.1,0,0.706786,-0.0820896219816516,-0.0993933727922367,-0.0993933727922367,-0.0725822103063419,-0.0721214232752771,0 days 00:03:11.024904
166,ExpGrad.01,0,0.685608,-0.0100547317834794,-0.0155849566253669,-0.0155849566253669,-0.0039477041257802,-0.0085680407642357,0 days 00:05:16.731363
167,RedGrid25,0,0.683151,-0.1144825729056993,-0.1491258147825942,-0.1491258147825942,-0.0950776488401137,-0.0947307233169258,0 days 00:12:18.442781
168,RedGrid5,0,0.683151,-0.1144825729056993,-0.1491258147825942,-0.1491258147825942,-0.0950776488401137,-0.0947307233169258,0 days 00:12:28.497680
169,RedGrid75,0,0.683151,-0.1144825729056993,-0.1491258147825942,-0.1491258147825942,-0.0950776488401137,-0.0947307233169258,0 days 00:12:20.006887
170,ExpGrad.1,1,0.711364,-0.0251654385956918,-0.1139848606213607,-0.1139848606213607,-0.0181319836896425,-0.0262817438359849,0 days 00:02:29.904184
171,ExpGrad.01,1,0.598701,-0.0002271155275419,-0.0115071603851034,-0.0115071603851034,0.0,0.0,0 days 00:03:00.194157
172,RedGrid25,1,0.707051,-0.0606246615881182,-0.1380173594835923,-0.1380173594835923,-0.0618523530260987,-0.0575236373072829,0 days 00:10:38.712729
173,RedGrid5,1,0.697857,-0.0019263117217254,-0.0975995704631191,-0.0975995704631191,0.0,0.0,0 days 00:10:35.515341
174,RedGrid75,1,0.697857,-0.0019263117217254,-0.0975995704631191,-0.0975995704631191,0.0,0.0,0 days 00:10:14.507404
175,ExpGrad.1,1,0.712052,-0.0444894159379252,-0.1254462355735556,-0.1254462355735556,-0.0388115369197665,-0.0451210379820893,0 days 00:02:36.011563
176,ExpGrad.01,1,0.611921,-0.0003316700763007,-0.0168814329396833,-0.0168814329396833,0.0,0.0,0 days 00:02:57.037623
177,RedGrid25,1,0.693107,-0.0018146088166638,-0.0923604486480556,-0.0923604486480556,0.0,0.0,0 days 00:10:59.434488
178,RedGrid5,1,0.693107,-0.0018146088166638,-0.0923604486480556,-0.0923604486480556,0.0,0.0,0 days 00:11:06.342542
179,RedGrid75,1,0.684729,-0.0010677123763268,-0.0543447123143229,-0.0543447123143229,0.0,0.0,0 days 00:11:05.584969
180,ExpGrad.1,1,0.70789,-0.0145347715530915,-0.102315530540085,-0.102315530540085,-0.0161145377551622,-0.010964463847214,0 days 00:02:53.912798
181,ExpGrad.01,1,0.584776,-0.0018912411257768,-0.0029932336353325,0.0,0.0,-0.0029932336353325,0 days 00:03:45.570545
182,RedGrid25,1,0.69129,-0.0063153975857194,-0.0762705600630337,-0.0762705600630337,-0.0138614504400471,0.0,0 days 00:13:25.365424
183,RedGrid5,1,0.687272,-0.0010737650069335,-0.0552842134053325,-0.0552842134053325,0.0,0.0,0 days 00:13:19.807248
184,RedGrid75,1,0.683729,-0.0009218807612286,-0.0474642518697644,-0.0474642518697644,0.0,0.0,0 days 00:13:09.189474
185,ExpGrad.1,0,0.707446,-0.081202076063916,-0.0991770206504629,-0.0991770206504629,-0.0709730261487658,-0.0711283518514518,0 days 00:03:00.000548
186,ExpGrad.01,0,0.686177,-0.0144422921217354,-0.0199055004560309,-0.0199055004560309,-0.0113529596397047,-0.0113696541338381,0 days 00:05:04.914264
187,RedGrid25,0,0.693758,-0.0340131137860601,-0.0407833533052746,-0.0377790203325043,-0.0158532248869542,-0.0407833533052746,0 days 00:11:49.329797
188,RedGrid5,0,0.693758,-0.0340131137860601,-0.0407833533052746,-0.0377790203325043,-0.0158532248869542,-0.0407833533052746,0 days 00:11:48.145970
189,RedGrid75,0,0.693758,-0.0340131137860601,-0.0407833533052746,-0.0377790203325043,-0.0158532248869542,-0.0407833533052746,0 days 00:10:52.773577
190,ExpGrad.1,2,0.721791,-0.0697692790299074,-0.1050299898040392,-0.1050299898040392,-0.0603100118362023,-0.044861595239289,0 days 00:02:52.477919
191,ExpGrad.01,2,0.61914,-0.0050659031929438,-0.012369931193856,-0.005349720634,-0.012369931193856,0.0,0 days 00:04:25.546462
192,RedGrid25,2,0.706337,-0.0488039040882044,-0.096469160160627,-0.096469160160627,-0.0406061080669665,-0.0121083652790132,0 days 00:12:32.348546
193,RedGrid5,2,0.675464,-0.0312650186130402,-0.0538362863472086,-0.0538362863472086,0.0,-0.0319407615904598,0 days 00:12:33.290716
194,RedGrid75,2,0.675464,-0.0312650186130402,-0.0538362863472086,-0.0538362863472086,0.0,-0.0319407615904598,0 days 00:12:33.070116
195,ExpGrad.1,1,0.710994,-0.0283330922869399,-0.1162223593593584,-0.1162223593593584,-0.0157909357714056,-0.032567241096607,0 days 00:02:03.509256
196,ExpGrad.01,1,0.600303,-0.0101743361695821,-0.0131217898449834,-0.0127639742322528,-0.0047035308551839,-0.0131217898449834,0 days 00:03:34.164996
197,RedGrid25,1,0.701635,-0.0151047652542843,-0.1142796416046393,-0.1142796416046393,-0.0039192684986598,-0.0182407781758976,0 days 00:10:32.125712
198,RedGrid5,1,0.701635,-0.0151047652542843,-0.1142796416046393,-0.1142796416046393,-0.0039192684986598,-0.0182407781758976,0 days 00:10:32.002374
199,RedGrid75,1,0.701635,-0.0151047652542843,-0.1142796416046393,-0.1142796416046393,-0.0039192684986598,-0.0182407781758976,0 days 00:10:29.720670
200,ExpGrad.1,0,0.706283,-0.082518055234849,-0.0989309279725808,-0.0989309279725808,-0.0752072139496332,-0.0721367671185214,0 days 00:02:37.060876
201,ExpGrad.01,0,0.684945,-0.0126158749433155,-0.0175166501049525,-0.0175166501049525,-0.0120909803618965,-0.0085968809668797,0 days 00:04:37.609540
202,RedGrid25,0,0.686483,-0.0845865679830715,-0.1169778410332722,-0.1169778410332722,-0.0127801083253203,-0.0959084220435569,0 days 00:09:04.693235
203,RedGrid5,0,0.686483,-0.0845865679830715,-0.1169778410332722,-0.1169778410332722,-0.0127801083253203,-0.0959084220435569,0 days 00:09:01.026914
204,RedGrid75,0,0.663252,-0.053108115177269,-0.1106315341742572,-0.1106315341742572,0.0,-0.0319614353361835,0 days 00:09:03.883526
205,ExpGrad.1,0,0.706856,-0.081394696513273,-0.0987469799647304,-0.0987469799647304,-0.0725981195937259,-0.0710640073988269,0 days 00:03:12.088520
206,ExpGrad.01,0,0.689376,-0.0104350258197566,-0.0170329736620213,-0.0170329736620213,-0.0094543923666353,-0.0051947880419471,0 days 00:06:47.473657
207,RedGrid25,0,0.691472,-0.0193412179581857,-0.025916447834101,-0.025916447834101,-0.0035933108175896,-0.0223170612133059,0 days 00:13:03.587298
208,RedGrid5,0,0.691472,-0.0193412179581857,-0.025916447834101,-0.025916447834101,-0.0035933108175896,-0.0223170612133059,0 days 00:12:56.172122
209,RedGrid75,0,0.691472,-0.0193412179581857,-0.025916447834101,-0.025916447834101,-0.0035933108175896,-0.0223170612133059,0 days 00:12:57.197898
210,ExpGrad.1,2,0.695827,-0.0461292330340061,-0.0844607457337676,-0.0844607457337676,-0.0298858565376046,-0.0228292782528203,0 days 00:03:18.783990
211,ExpGrad.01,2,0.614741,-0.0069136934470979,-0.0149124212602627,-0.0149124212602627,-0.0008034691408805,-0.0038891564553858,0 days 00:03:08.004404
212,RedGrid25,2,0.726366,-0.0855130681469721,-0.1074360628985062,-0.1074360628985062,-0.084459495939902,-0.0666242278757636,0 days 00:10:16.243504
213,RedGrid5,2,0.684141,-0.0350935855685809,-0.0796243093024147,-0.0796243093024147,0.0,-0.0189824213558562,0 days 00:10:18.668772
214,RedGrid75,2,0.657429,-0.0247737094187036,-0.0711976066520213,-0.0711976066520213,0.0,0.0,0 days 00:10:02.001771
215,ExpGrad.1,1,0.710463,-0.0416087428714283,-0.1133391222573495,-0.1133391222573495,-0.062861850413874,-0.0276566485340298,0 days 00:03:02.946920
216,ExpGrad.01,1,0.605532,-0.009233438943629,-0.0168673250809031,-0.0168673250809031,-0.011986661479611,-0.0074775452166782,0 days 00:03:39.153510
217,RedGrid25,1,0.691109,-0.0080609032748501,-0.0733722203978708,-0.0733722203978708,-0.0189956808383139,0.0,0 days 00:12:22.255573
218,RedGrid5,1,0.691109,-0.0080609032748501,-0.0733722203978708,-0.0733722203978708,-0.0189956808383139,0.0,0 days 00:12:36.658172
219,RedGrid75,1,0.691109,-0.0080609032748501,-0.0733722203978708,-0.0733722203978708,-0.0189956808383139,0.0,0 days 00:12:48.593154
220,ExpGrad.1,1,0.711287,-0.0374954792554931,-0.1151364158463195,-0.1151364158463195,-0.0409703021807325,-0.0331650395826471,0 days 00:02:17.834900
221,ExpGrad.01,1,0.596425,-0.0042570981942888,-0.0077686915519243,-0.0077686915519243,0.0,-0.0065011387377463,0 days 00:03:14.181291
222,RedGrid25,1,0.706733,-0.0731912840941993,-0.1391682734631683,-0.1391682734631683,-0.0821390171460664,-0.0661978165734872,0 days 00:11:01.645699
223,RedGrid5,1,0.699698,-0.0024338037400945,-0.1001600904332251,-0.1001600904332251,0.0,-0.0007458452562136,0 days 00:10:58.907557
224,RedGrid75,1,0.699698,-0.0024338037400945,-0.1001600904332251,-0.1001600904332251,0.0,-0.0007458452562136,0 days 00:10:39.704476
225,ExpGrad.1,1,0.71196,-0.0447548461738707,-0.1179788965135938,-0.1179788965135938,-0.0472214593296065,-0.0411057216544791,0 days 00:01:37.215963
226,ExpGrad.01,1,0.599479,-0.0022230479190754,-0.0178040900067574,-0.0178040900067574,0.0,-0.0029662042109849,0 days 00:02:38.050240
227,RedGrid25,1,0.705546,-0.0602670799964149,-0.1324312252826624,-0.1324312252826624,-0.066723206061683,-0.0544447650420646,0 days 00:08:58.116461
228,RedGrid5,1,0.705546,-0.0602670799964149,-0.1324312252826624,-0.1324312252826624,-0.066723206061683,-0.0544447650420646,0 days 00:09:01.403450
229,RedGrid75,1,0.705546,-0.0602670799964149,-0.1324312252826624,-0.1324312252826624,-0.066723206061683,-0.0544447650420646,0 days 00:09:23.564165
230,ExpGrad.1,1,0.712118,-0.037929096004828,-0.1137267789602799,-0.1137267789602799,-0.0331274823009741,-0.0382673772523346,0 days 00:02:43.091456
231,ExpGrad.01,1,0.566488,-1.8971669141568037e-05,-0.000983309111092,-0.000983309111092,0.0,0.0,0 days 00:02:03.463590
232,RedGrid25,1,0.70134,-0.0132312531089784,-0.1054863245498236,-0.1054863245498236,0.0,-0.0177253808158681,0 days 00:11:58.915209
233,RedGrid5,1,0.70134,-0.0132312531089784,-0.1054863245498236,-0.1054863245498236,0.0,-0.0177253808158681,0 days 00:11:51.401040
234,RedGrid75,1,0.70134,-0.0132312531089784,-0.1054863245498236,-0.1054863245498236,0.0,-0.0177253808158681,0 days 00:11:59.010832
235,ExpGrad.1,0,0.706555,-0.0807368906330332,-0.0971214394177764,-0.0971214394177764,-0.0749083745845246,-0.0695432648200687,0 days 00:02:42.177631
236,ExpGrad.01,0,0.688204,-0.0123751864187072,-0.017415049689058,-0.017415049689058,-0.010004523845344,-0.0092513140144249,0 days 00:05:02.148193
237,RedGrid25,0,0.686861,-0.0781441400330963,-0.1090044528143854,-0.1090044528143854,-0.0059733924397142,-0.0908725931172965,0 days 00:10:17.515461
238,RedGrid5,0,0.686861,-0.0781441400330963,-0.1090044528143854,-0.1090044528143854,-0.0059733924397142,-0.0908725931172965,0 days 00:10:20.190800
239,RedGrid75,0,0.686861,-0.0781441400330963,-0.1090044528143854,-0.1090044528143854,-0.0059733924397142,-0.0908725931172965,0 days 00:10:10.440563
240,ExpGrad.1,2,0.721273,-0.0745721847422601,-0.1012791326244922,-0.1012791326244922,-0.0811206455520061,-0.0464742856722782,0 days 00:02:03.537721
241,ExpGrad.01,2,0.633472,-0.0067471771522867,-0.0117148384274393,-0.010637945158596,-0.0117148384274393,0.0,0 days 00:02:51.558098
242,RedGrid25,2,0.716121,-0.0732430807679474,-0.0997806793065572,-0.0997806793065572,-0.0991785111373689,-0.0324775208921499,0 days 00:08:42.735895
243,RedGrid5,2,0.696116,-0.0501399307690504,-0.0840948146299516,-0.0695193277085542,-0.0840948146299516,-0.0104425513940463,0 days 00:08:47.008947
244,RedGrid75,2,0.679671,-0.0320996096828998,-0.0549558519112058,-0.0549558519112058,0.0,-0.0329822181845495,0 days 00:08:47.091320
245,ExpGrad.1,0,0.706855,-0.0808433815412705,-0.0994296202269556,-0.0994296202269556,-0.0691931686892873,-0.0710063024089516,0 days 00:03:03.753704
246,ExpGrad.01,0,0.688112,-0.0119844478997149,-0.017712067469063,-0.017712067469063,-0.0097215172797373,-0.0082170780542013,0 days 00:07:36.524251
247,RedGrid25,0,0.682459,-0.1147645750298973,-0.150366575550087,-0.150366575550087,-0.0941797668424655,-0.0949617001370275,0 days 00:12:03.609118
248,RedGrid5,0,0.682459,-0.1147645750298973,-0.150366575550087,-0.150366575550087,-0.0941797668424655,-0.0949617001370275,0 days 00:12:06.639753
249,RedGrid75,0,0.682459,-0.1147645750298973,-0.150366575550087,-0.150366575550087,-0.0941797668424655,-0.0949617001370275,0 days 00:12:10.991146
250,ExpGrad.1,2,0.702208,-0.0483871104403226,-0.077661492793958,-0.077661492793958,-0.0302743223414818,-0.0344768881927143,0 days 00:02:11.131917
251,ExpGrad.01,2,0.61878,-0.0025803824108646,-0.0074206475295111,-0.0074206475295111,0.0,0.0,0 days 00:03:33.785829
252,RedGrid25,2,0.718437,-0.0811388880510876,-0.0930725902320603,-0.0930725902320603,-0.0770768034662941,-0.0732205300127041,0 days 00:11:39.045102
253,RedGrid5,2,0.68377,-0.0303100054727999,-0.0711124648118491,-0.0711124648118491,0.0,-0.0143493778332397,0 days 00:11:51.765411
254,RedGrid75,2,0.655996,-0.0125121374287019,-0.0359823262274096,-0.0359823262274096,0.0,0.0,0 days 00:11:54.357663
255,ExpGrad.1,0,0.706822,-0.0782192720058971,-0.0962654624384804,-0.0962654624384804,-0.0687295049072543,-0.0676425317874238,0 days 00:02:46.455512
256,ExpGrad.01,0,0.68661,-0.0107596301702532,-0.0160977709201064,-0.0160977709201064,-0.0070874566988196,-0.0081101361329187,0 days 00:06:15.141661
257,RedGrid25,0,0.685712,-0.1240372273195288,-0.1541419140452732,-0.1541419140452732,-0.1046063716311538,-0.1083871139306809,0 days 00:11:15.983216
258,RedGrid5,0,0.685712,-0.1240372273195288,-0.1541419140452732,-0.1541419140452732,-0.1046063716311538,-0.1083871139306809,0 days 00:11:16.577860
259,RedGrid75,0,0.685712,-0.1240372273195288,-0.1541419140452732,-0.1541419140452732,-0.1046063716311538,-0.1083871139306809,0 days 00:11:29.736400
260,ExpGrad.1,2,0.715173,-0.0608511554040884,-0.0981466932953259,-0.0981466932953259,-0.039332008078582,-0.0423224742553907,0 days 00:02:40.120235
261,ExpGrad.01,2,0.623793,-0.0068025757055512,-0.0133424472368239,-0.0133424472368239,0.0,-0.005599804094325,0 days 00:03:28.194481
262,RedGrid25,2,0.717694,-0.0748609440214823,-0.094750401275616,-0.094750401275616,-0.0851414713460597,-0.0502824589071815,0 days 00:08:38.765365
263,RedGrid5,2,0.652225,-0.0262738805962613,-0.0487347450571999,-0.0387947913275168,-0.0487347450571999,0.0,0 days 00:08:15.952621
264,RedGrid75,2,0.652225,-0.0262738805962613,-0.0487347450571999,-0.0387947913275168,-0.0487347450571999,0.0,0 days 00:07:56.999467
265,ExpGrad.1,1,0.70609,-0.0064552430493021,-0.0845277475661145,-0.0845277475661145,-0.0073486874847396,-0.0035241239189242,0 days 00:01:54.595029
266,ExpGrad.01,1,0.586009,0.0,0.0,0.0,0.0,0.0,0 days 00:02:37.224673
267,RedGrid25,1,0.705031,-0.0636383603635369,-0.1371164299275212,-0.1371164299275212,-0.0607510183876183,-0.0629462915993039,0 days 00:10:16.555462
268,RedGrid5,1,0.699117,-0.0084627441665136,-0.0941119799568387,-0.0941119799568387,0.0,-0.010481396940545,0 days 00:10:18.507086
269,RedGrid75,1,0.699117,-0.0084627441665136,-0.0941119799568387,-0.0941119799568387,0.0,-0.010481396940545,0 days 00:10:18.683302
270,ExpGrad.1,2,0.686903,-0.0449073585257884,-0.0847565659003307,-0.0847565659003307,-0.0398818022956771,-0.0126931753680721,0 days 00:03:09.542750
271,ExpGrad.01,2,0.621302,-0.0031080767830663,-0.0089080472334345,-0.0089080472334345,0.0,0.0,0 days 00:04:14.134541
272,RedGrid25,2,0.71551,-0.0721360276693069,-0.1203804816354344,-0.1203804816354344,-0.0854596219648632,-0.0202273703852778,0 days 00:12:03.600104
273,RedGrid5,2,0.692298,-0.0563726695495358,-0.0666476495656625,-0.0665660384313834,-0.0666476495656625,-0.0404437091939926,0 days 00:12:08.487823
274,RedGrid75,2,0.649423,-0.0177054324293927,-0.0345323632451859,-0.0250061211031568,-0.0345323632451859,0.0,0 days 00:11:50.202605
275,ExpGrad.1,1,0.705231,-0.0294500065588999,-0.1041809809687501,-0.1041809809687501,-0.0219770407952417,-0.0312434404291829,0 days 00:02:16.376391
276,ExpGrad.01,1,0.590378,-0.0001196928576707,-0.006045220474876,-0.006045220474876,0.0,0.0,0 days 00:03:02.564541
277,RedGrid25,1,0.699031,-0.0468980636220952,-0.1060452067152585,-0.1060452067152585,0.0,-0.071016988188705,0 days 00:11:03.862208
278,RedGrid5,1,0.690092,-0.0066049284440119,-0.074813137382197,-0.074813137382197,-0.0146646776515707,0.0,0 days 00:11:02.668417
279,RedGrid75,1,0.683527,-0.0009309054257693,-0.0470164105824562,-0.0470164105824562,0.0,0.0,0 days 00:10:45.547648
280,ExpGrad.1,0,0.706932,-0.0802962091975023,-0.0983688921219048,-0.0983688921219048,-0.0716306075943199,-0.069244898024516,0 days 00:03:39.540707
281,ExpGrad.01,0,0.68822,-0.0110421096557765,-0.0174064889455303,-0.0174064889455303,-0.0096703840526418,-0.0062196156165988,0 days 00:08:44.364395
282,RedGrid25,0,0.694155,-0.0391957484235173,-0.0445006576259374,-0.0422253197527784,-0.0248242593337714,-0.0445006576259374,0 days 00:15:56.597815
283,RedGrid5,0,0.694155,-0.0391957484235173,-0.0445006576259374,-0.0422253197527784,-0.0248242593337714,-0.0445006576259374,0 days 00:16:07.295041
284,RedGrid75,0,0.694155,-0.0391957484235173,-0.0445006576259374,-0.0422253197527784,-0.0248242593337714,-0.0445006576259374,0 days 00:16:07.353539
285,ExpGrad.1,2,0.713481,-0.0578073906396956,-0.0880347581190584,-0.0880347581190584,-0.0744361885065617,-0.0192438991848914,0 days 00:03:04.391835
286,ExpGrad.01,2,0.621236,-0.0074073237404707,-0.0127460195694181,-0.0127460195694181,-0.0112240061572693,0.0,0 days 00:03:28.464979
287,RedGrid25,2,0.713314,-0.0665886776553299,-0.088108105197096,-0.088108105197096,-0.0778680933051648,-0.0395134751527253,0 days 00:12:25.235045
288,RedGrid5,2,0.697792,-0.0411182523186681,-0.0688106657129052,-0.0688106657129052,-0.0648926314764175,0.0,0 days 00:12:24.366715
289,RedGrid75,2,0.645659,-0.0229528471099016,-0.0409816726041733,-0.0348394444869875,-0.0409816726041733,0.0,0 days 00:12:13.350459
290,ExpGrad.1,0,0.707006,-0.0811088532837463,-0.0986229194214746,-0.0986229194214746,-0.0732271744638031,-0.0700618507688887,0 days 00:02:46.409128
291,ExpGrad.01,0,0.685393,-0.012670281879292,-0.0180869644785033,-0.0180869644785033,-0.0111339398095747,-0.0087543185654045,0 days 00:06:02.174009
292,RedGrid25,0,0.686608,-0.121859134461046,-0.1511701693526255,-0.1511701693526255,-0.1010386251457435,-0.1075988977464006,0 days 00:12:38.251217
293,RedGrid5,0,0.686608,-0.121859134461046,-0.1511701693526255,-0.1511701693526255,-0.1010386251457435,-0.1075988977464006,0 days 00:12:57.361251
294,RedGrid75,0,0.686608,-0.121859134461046,-0.1511701693526255,-0.1511701693526255,-0.1010386251457435,-0.1075988977464006,0 days 00:12:52.660219
295,ExpGrad.1,0,0.706697,-0.0773312384985084,-0.095721715257986,-0.095721715257986,-0.0660653665482402,-0.0674330797685334,0 days 00:02:23.336185
296,ExpGrad.01,0,0.685554,-0.0117288349135183,-0.0160629758174165,-0.0160629758174165,-0.0087516157668362,-0.0095742090223287,0 days 00:04:21.261209
297,RedGrid25,0,0.685458,-0.1228532415378028,-0.1530426691284003,-0.1530426691284003,-0.0995232892091988,-0.1092782825323043,0 days 00:10:08.523616
298,RedGrid5,0,0.685458,-0.1228532415378028,-0.1530426691284003,-0.1530426691284003,-0.0995232892091988,-0.1092782825323043,0 days 00:10:01.921401
299,RedGrid75,0,0.685458,-0.1228532415378028,-0.1530426691284003,-0.1530426691284003,-0.0995232892091988,-0.1092782825323043,0 days 00:10:07.119125
300,ExpGrad.1,0,0.706297,-0.0800489864094873,-0.0976790565108098,-0.0976790565108098,-0.068785775475811,-0.0708160930190978,0 days 00:03:21.405253
301,ExpGrad.01,0,0.687565,-0.0171230875220303,-0.0222053406991429,-0.0222053406991429,-0.0138439953821511,-0.0144793345318163,0 days 00:07:26.088676
302,RedGrid25,0,0.68616,-0.0825709149826415,-0.1144217782644502,-0.1144217782644502,-0.0074331635991017,-0.0962057609622691,0 days 00:13:45.126154
303,RedGrid5,0,0.68616,-0.0825709149826415,-0.1144217782644502,-0.1144217782644502,-0.0074331635991017,-0.0962057609622691,0 days 00:13:44.834799
304,RedGrid75,0,0.663223,-0.0551716825558873,-0.1121038239189378,-0.1121038239189378,0.0,-0.0357582453606601,0 days 00:13:44.857806
305,ExpGrad.1,2,0.71216,-0.0642625000046236,-0.1014937373863448,-0.1014937373863448,-0.0458567321416721,-0.0431507091576707,0 days 00:01:51.119758
306,ExpGrad.01,2,0.61904,-0.0039695501271745,-0.0082348471664778,-0.0082348471664778,0.0,-0.002814888378399,0 days 00:03:06.771844
307,RedGrid25,2,0.714647,-0.0769583642859347,-0.1172890382077243,-0.1172890382077243,-0.0677979078249614,-0.0467689237880275,0 days 00:08:50.500310
308,RedGrid5,2,0.690068,-0.0495309852764455,-0.0856866402170943,-0.0856866402170943,0.0,-0.0505305272374429,0 days 00:08:50.143788
309,RedGrid75,2,0.664353,-0.0289562563912012,-0.0509370577973506,-0.0509370577973506,0.0,-0.0287787257142512,0 days 00:08:46.976321
310,ExpGrad.1,1,0.712179,-0.0451115316588697,-0.122724906436933,-0.122724906436933,-0.0531673585390486,-0.0382713574245022,0 days 00:02:47.285943
311,ExpGrad.01,1,0.584862,-0.0014867991179227,-0.0040727188950983,-0.0031816800664561,-0.0040727188950983,0.0,0 days 00:03:41.855581
312,RedGrid25,1,0.707975,-0.0564627150771098,-0.1311817475051093,-0.1311817475051093,-0.0596204673582656,-0.0524290879738528,0 days 00:13:35.614134
313,RedGrid5,1,0.707975,-0.0564627150771098,-0.1311817475051093,-0.1311817475051093,-0.0596204673582656,-0.0524290879738528,0 days 00:13:34.293674
314,RedGrid75,1,0.707975,-0.0564627150771098,-0.1311817475051093,-0.1311817475051093,-0.0596204673582656,-0.0524290879738528,0 days 00:13:36.016465
315,ExpGrad.1,2,0.708998,-0.0505146354682401,-0.0871831933845717,-0.0871831933845717,-0.0225802643882534,-0.0366536893418883,0 days 00:02:42.230130
316,ExpGrad.01,2,0.608155,-0.0073930342969235,-0.0107371562477255,-0.0107371562477255,-0.004473499952263,-0.0063816132205544,0 days 00:03:29.848326
317,RedGrid25,2,0.710231,-0.0604214996311474,-0.1056043591396577,-0.1056043591396577,-0.0139413057038759,-0.0515343813551348,0 days 00:12:57.602603
318,RedGrid5,2,0.69777,-0.0526279632558965,-0.0870474271608007,-0.0870474271608007,0.0,-0.0575559326053006,0 days 00:12:52.796134
319,RedGrid75,2,0.660997,-0.0204367866540426,-0.0359450902114416,-0.0359450902114416,-0.0300771113192322,0.0,0 days 00:12:56.339554
320,ExpGrad.1,0,0.706674,-0.0798644168213949,-0.0960261036591181,-0.0960261036591181,-0.0723855413931828,-0.0698054652922668,0 days 00:03:18.481691
321,ExpGrad.01,0,0.687806,-0.0133374435212669,-0.0173926855800408,-0.0173926855800408,-0.0131703431104361,-0.009868567380717,0 days 00:06:31.541349
322,RedGrid25,0,0.69057,-0.0214570352917063,-0.0249867009785941,-0.0249867009785941,-0.0115276592391021,-0.0238458142015025,0 days 00:15:51.887243
323,RedGrid5,0,0.69057,-0.0214570352917063,-0.0249867009785941,-0.0249867009785941,-0.0115276592391021,-0.0238458142015025,0 days 00:15:44.426105
324,RedGrid75,0,0.69057,-0.0214570352917063,-0.0249867009785941,-0.0249867009785941,-0.0115276592391021,-0.0238458142015025,0 days 00:15:41.340584
325,ExpGrad.1,2,0.713606,-0.059607684520678,-0.0922318143523872,-0.0922318143523872,-0.0534210511034302,-0.0347523424468875,0 days 00:02:00.094691
326,ExpGrad.01,2,0.622121,-0.0078351078397466,-0.0146385447122557,-0.0146385447122557,-0.0010555589560722,-0.0063226164719113,0 days 00:02:51.401605
327,RedGrid25,2,0.715912,-0.0725311295837588,-0.0947490802866694,-0.0947490802866694,-0.0668768195214488,-0.056567587717635,0 days 00:10:39.850111
328,RedGrid5,2,0.677745,-0.0292144870569801,-0.060527285645353,-0.060527285645353,0.0,-0.0209235967684577,0 days 00:10:33.511711
329,RedGrid75,2,0.665656,-0.0199705001326598,-0.038508677610507,-0.038508677610507,-0.0251983905093856,0.0,0 days 00:10:31.374187
330,ExpGrad.1,1,0.711167,-0.0544943369549146,-0.1257228006531747,-0.1257228006531747,-0.0646328884472384,-0.046691717289472,0 days 00:02:17.417659
331,ExpGrad.01,1,0.573705,-0.0004537147644419,-0.0012979401800629,0.0,-0.0012979401800629,0.0,0 days 00:02:48.286915
332,RedGrid25,1,0.706132,-0.0651146531932394,-0.1410937940249541,-0.1410937940249541,-0.0683736082892857,-0.0609770213434318,0 days 00:08:54.282252
333,RedGrid5,1,0.706132,-0.0651146531932394,-0.1410937940249541,-0.1410937940249541,-0.0683736082892857,-0.0609770213434318,0 days 00:09:00.352986
334,RedGrid75,1,0.706132,-0.0651146531932394,-0.1410937940249541,-0.1410937940249541,-0.0683736082892857,-0.0609770213434318,0 days 00:09:00.063744
335,ExpGrad.1,0,0.706518,-0.0795074147806049,-0.0974663159297842,-0.0974663159297842,-0.0679337238344349,-0.0701767418386235,0 days 00:02:15.496250
336,ExpGrad.01,0,0.687282,-0.0150140694035454,-0.019977649934611,-0.019977649934611,-0.0129336568639587,-0.0118159773181066,0 days 00:04:29.389896
337,RedGrid25,0,0.683314,-0.1158418460740929,-0.1507161227286727,-0.1507161227286727,-0.0964707756098984,-0.0960041559340204,0 days 00:09:39.977753
338,RedGrid5,0,0.683314,-0.1158418460740929,-0.1507161227286727,-0.1507161227286727,-0.0964707756098984,-0.0960041559340204,0 days 00:09:47.835367
339,RedGrid75,0,0.683314,-0.1158418460740929,-0.1507161227286727,-0.1507161227286727,-0.0964707756098984,-0.0960041559340204,0 days 00:09:53.033550
340,ExpGrad.1,1,0.711229,-0.0215854265691077,-0.1152628652974319,-0.1152628652974319,-0.0184153795946252,-0.0204699274384163,0 days 00:02:49.280484
341,ExpGrad.01,1,0.596475,-0.0001993196733064,-0.0103166802222252,-0.0103166802222252,0.0,0.0,0 days 00:02:25.564778
342,RedGrid25,1,0.701479,-0.0114324052241739,-0.1175526646198758,-0.1175526646198758,-0.0029629088638255,-0.0128574691028583,0 days 00:10:46.960611
343,RedGrid5,1,0.701479,-0.0114324052241739,-0.1175526646198758,-0.1175526646198758,-0.0029629088638255,-0.0128574691028583,0 days 00:10:46.295533
344,RedGrid75,1,0.701479,-0.0114324052241739,-0.1175526646198758,-0.1175526646198758,-0.0029629088638255,-0.0128574691028583,0 days 00:10:41.028617
345,ExpGrad.1,0,0.706454,-0.0835010808962678,-0.1005772368992534,-0.1005772368992534,-0.0749142436910795,-0.0732749661579439,0 days 00:03:15.310913
346,ExpGrad.01,0,0.688904,-0.0124610791965681,-0.018185136803886,-0.018185136803886,-0.0107190349059506,-0.0084051537573558,0 days 00:05:57.268186
347,RedGrid25,0,0.68439,-0.0825757040082294,-0.1128683610099958,-0.1128683610099958,-0.00378684913058,-0.0995625298961626,0 days 00:11:03.597814
348,RedGrid5,0,0.663692,-0.0556486387383087,-0.1132339681144406,-0.1132339681144406,0.0,-0.0359159968292746,0 days 00:10:57.353582
349,RedGrid75,0,0.663692,-0.0556486387383087,-0.1132339681144406,-0.1132339681144406,0.0,-0.0359159968292746,0 days 00:11:02.887821
350,ExpGrad.1,2,0.710713,-0.057002026670657,-0.0827174296400258,-0.0827174296400258,-0.0588652907230798,-0.0327800295315656,0 days 00:02:22.138287
351,ExpGrad.01,2,0.62437,-0.002269464529565,-0.0031774228927223,-0.002950594996179,0.0,-0.0031774228927223,0 days 00:03:14.101982
352,RedGrid25,2,0.717436,-0.065101245608191,-0.0983515428474579,-0.0983515428474579,-0.0714776346289641,-0.0311309074268112,0 days 00:12:42.863269
353,RedGrid5,2,0.69538,-0.0369591559927182,-0.0593014137525251,-0.0593014137525251,-0.0498839036419012,-0.0083593315506206,0 days 00:12:50.752439
354,RedGrid75,2,0.661628,-0.0126808831282723,-0.0363570237577551,-0.0363570237577551,0.0,0.0,0 days 00:12:38.402671
355,ExpGrad.1,1,0.71276,-0.0512561809309039,-0.1256664757159076,-0.1256664757159076,-0.0599139275527894,-0.0441876396557834,0 days 00:01:58.869548
356,ExpGrad.01,1,0.616849,-0.0076520474129144,-0.0441156196154403,-0.0441156196154403,-0.011355186450244,-0.0044859967440709,0 days 00:03:49.023508
357,RedGrid25,1,0.707625,-0.0733022495485956,-0.1506293218254341,-0.1506293218254341,-0.0786459301203233,-0.0679733138783117,0 days 00:10:47.390975
358,RedGrid5,1,0.698946,-0.001956552915585,-0.1006468300412157,-0.1006468300412157,0.0,0.0,0 days 00:10:45.926930
359,RedGrid75,1,0.698946,-0.001956552915585,-0.1006468300412157,-0.1006468300412157,0.0,0.0,0 days 00:10:30.903301
360,ExpGrad.1,0,0.707743,-0.07930134588392,-0.0964102557789194,-0.0964102557789194,-0.0704214840175138,-0.0691604735526062,0 days 00:02:55.742584
361,ExpGrad.01,0,0.679125,-0.011241000371263,-0.014194874176253,-0.014194874176253,-0.0110394138498016,-0.0087537995432983,0 days 00:05:43.968893
362,RedGrid25,0,0.686594,-0.120741571786238,-0.1513265074513231,-0.1513265074513231,-0.0980991718150798,-0.1063561008471566,0 days 00:14:38.432254
363,RedGrid5,0,0.686594,-0.120741571786238,-0.1513265074513231,-0.1513265074513231,-0.0980991718150798,-0.1063561008471566,0 days 00:14:40.669261
364,RedGrid75,0,0.686594,-0.120741571786238,-0.1513265074513231,-0.1513265074513231,-0.0980991718150798,-0.1063561008471566,0 days 00:14:40.101350
365,ExpGrad.1,2,0.707938,-0.0715738065317789,-0.0957707321601549,-0.0957707321601549,-0.044976931659547,-0.0677822218891824,0 days 00:02:14.059688
366,ExpGrad.01,2,0.623558,-0.0044506171265281,-0.008309404468579,-0.008309404468579,0.0,-0.0039847276720065,0 days 00:02:42.707543
367,RedGrid25,2,0.714449,-0.0977623392683359,-0.1109975048842484,-0.1109975048842484,-0.0735688319745239,-0.1020898321870151,0 days 00:11:08.602402
368,RedGrid5,2,0.632502,-0.0180433607278175,-0.0319276287158813,-0.0070108307826545,-0.0319276287158813,-0.0186057529759776,0 days 00:11:15.674176
369,RedGrid75,2,0.632502,-0.0180433607278175,-0.0319276287158813,-0.0070108307826545,-0.0319276287158813,-0.0186057529759776,0 days 00:11:14.526064
370,ExpGrad.1,2,0.710429,-0.0532508259317281,-0.0867897901688468,-0.0867897901688468,-0.0302803474762733,-0.0388361268328332,0 days 00:02:44.029111
371,ExpGrad.01,2,0.632073,-0.014986636081213,-0.0175095175050732,-0.0175095175050732,-0.0107362108205328,-0.015587031021596,0 days 00:03:55.282731
372,RedGrid25,2,0.696017,-0.0413937031342277,-0.0940226423529095,-0.0940226423529095,-0.0032153653161889,-0.0201991076849779,0 days 00:13:36.510729
373,RedGrid5,2,0.696017,-0.0413937031342277,-0.0940226423529095,-0.0940226423529095,-0.0032153653161889,-0.0201991076849779,0 days 00:13:45.644671
374,RedGrid75,2,0.632232,-0.0156788230071482,-0.0227348657581627,-0.0070653438837156,-0.016556021800813,-0.0227348657581627,0 days 00:13:44.118340
375,ExpGrad.1,1,0.705149,-0.0158123334225892,-0.1029496318290278,-0.1029496318290278,-0.0246012376738999,-0.0082497592304576,0 days 00:01:35.241939
376,ExpGrad.01,1,0.564668,-0.0066463500582388,-0.0098842423193748,-0.008718345113013,-0.0098842423193748,-0.0047909300433297,0 days 00:01:48.378139
377,RedGrid25,1,0.695301,-0.0017158869356679,-0.0877100874386925,-0.0877100874386925,0.0,0.0,0 days 00:09:46.211770
378,RedGrid5,1,0.695301,-0.0017158869356679,-0.0877100874386925,-0.0877100874386925,0.0,0.0,0 days 00:09:46.629386
379,RedGrid75,1,0.695301,-0.0017158869356679,-0.0877100874386925,-0.0877100874386925,0.0,0.0,0 days 00:09:51.326613
380,ExpGrad.1,0,0.706297,-0.073480901870534,-0.0930106593084102,-0.0930106593084102,-0.05966769130498,-0.063991061269591,0 days 00:03:04.827761
381,ExpGrad.01,0,0.688918,-0.0143217722990633,-0.0196691725165876,-0.0196691725165876,-0.0131660414502357,-0.0102690051579767,0 days 00:09:12.053955
382,RedGrid25,0,0.690415,-0.0195761859633509,-0.0256821696666965,-0.0256821696666965,-0.0070895573950696,-0.0211321318125483,0 days 00:12:37.469486
383,RedGrid5,0,0.690415,-0.0195761859633509,-0.0256821696666965,-0.0256821696666965,-0.0070895573950696,-0.0211321318125483,0 days 00:12:39.250126
384,RedGrid75,0,0.690415,-0.0195761859633509,-0.0256821696666965,-0.0256821696666965,-0.0070895573950696,-0.0211321318125483,0 days 00:12:38.491437
385,ExpGrad.1,1,0.7123,-0.0549649273208589,-0.129067537752719,-0.129067537752719,-0.0627139383651478,-0.0483660187440315,0 days 00:02:19.855799
386,ExpGrad.01,1,0.601639,-0.0039631975189155,-0.0158918988836668,-0.0158918988836668,-0.0100493786967096,-0.00022190536889,0 days 00:04:22.219101
387,RedGrid25,1,0.704987,-0.0725455753292549,-0.1437969324396713,-0.1437969324396713,-0.0787826203849859,-0.0668726073616557,0 days 00:10:49.269277
388,RedGrid5,1,0.70143,-0.016339769255784,-0.1130729668358424,-0.1130729668358424,-0.00135314685042,-0.0216235897777876,0 days 00:10:46.733558
389,RedGrid75,1,0.70143,-0.016339769255784,-0.1130729668358424,-0.1130729668358424,-0.00135314685042,-0.0216235897777876,0 days 00:10:26.014020
390,ExpGrad.1,0,0.705919,-0.0787642466451899,-0.0963738068733257,-0.0963738068733257,-0.0680416006749653,-0.0692345964163686,0 days 00:03:13.687761
391,ExpGrad.01,0,0.685593,-0.0133969291957219,-0.0189335797050776,-0.0189335797050776,-0.0132900979464855,-0.0086039308876667,0 days 00:05:48.208057
392,RedGrid25,0,0.682708,-0.1134110792143818,-0.1486842596881427,-0.1486842596881427,-0.0947500931746515,-0.0927719336464785,0 days 00:11:59.233416
393,RedGrid5,0,0.682708,-0.1134110792143818,-0.1486842596881427,-0.1486842596881427,-0.0947500931746515,-0.0927719336464785,0 days 00:11:58.930836
394,RedGrid75,0,0.682708,-0.1134110792143818,-0.1486842596881427,-0.1486842596881427,-0.0947500931746515,-0.0927719336464785,0 days 00:12:07.878068
395,ExpGrad.1,1,0.711761,-0.0399568592250896,-0.118192905577779,-0.118192905577779,-0.0510205156161737,-0.0314570882335265,0 days 00:02:39.144027
396,ExpGrad.01,1,0.597266,-0.0136302151658169,-0.0176886062269871,-0.0149546994510481,-0.0176886062269871,-0.0113455991716395,0 days 00:03:28.843915
397,RedGrid25,1,0.706407,-0.0633938544366546,-0.1341357505240604,-0.1341357505240604,-0.070070657470297,-0.0575481477155335,0 days 00:11:46.873795
398,RedGrid5,1,0.706407,-0.0633938544366546,-0.1341357505240604,-0.1341357505240604,-0.070070657470297,-0.0575481477155335,0 days 00:11:57.592758
399,RedGrid75,1,0.706407,-0.0633938544366546,-0.1341357505240604,-0.1341357505240604,-0.070070657470297,-0.0575481477155335,0 days 00:11:46.764580
400,ExpGrad.1,2,0.710081,-0.0566030104270141,-0.0989717119875166,-0.0989717119875166,-0.0328919191962502,-0.0348296421673159,0 days 00:02:56.215982
401,ExpGrad.01,2,0.589842,-0.0084680073353173,-0.0117250339870808,-0.0117250339870808,-0.0045988153373495,-0.0081651300158912,0 days 00:02:04.575322
402,RedGrid25,2,0.730472,-0.0963682475201769,-0.1203107274252833,-0.1203107274252833,-0.1074565256584593,-0.0676599911453781,0 days 00:11:41.583711
403,RedGrid5,2,0.698424,-0.04546289262601,-0.0844607812845105,-0.0844607812845105,0.0,-0.0412571135280589,0 days 00:12:23.474744
404,RedGrid75,2,0.66924,-0.0289455464273451,-0.0486665484250353,-0.0486665484250353,0.0,-0.0308081347645248,0 days 00:12:26.963554
405,ExpGrad.1,0,0.706991,-0.0819103637801409,-0.1000243037655272,-0.1000243037655272,-0.07214846095501,-0.0714469632279389,0 days 00:03:39.696070
406,ExpGrad.01,0,0.686816,-0.0131323724519221,-0.0195242085800158,-0.0195242085800158,-0.0114523576447842,-0.0084618481556932,0 days 00:06:32.535091
407,RedGrid25,0,0.683009,-0.1149908151469457,-0.15074992950522,-0.15074992950522,-0.0946620755100602,-0.0949211035757849,0 days 00:13:56.652294
408,RedGrid5,0,0.683009,-0.1149908151469457,-0.15074992950522,-0.15074992950522,-0.0946620755100602,-0.0949211035757849,0 days 00:14:02.090057
409,RedGrid75,0,0.683009,-0.1149908151469457,-0.15074992950522,-0.15074992950522,-0.0946620755100602,-0.0949211035757849,0 days 00:14:02.889840
410,ExpGrad.1,1,0.710584,-0.0295066005825401,-0.1114901020998168,-0.1114901020998168,-0.0191751836743244,-0.0326422370526325,0 days 00:02:15.141281
411,ExpGrad.01,1,0.596795,-0.0046183368944787,-0.0149509566979732,-0.0149509566979732,0.0,-0.0068442480692724,0 days 00:03:48.391916
412,RedGrid25,1,0.708025,-0.0659108445228896,-0.1365162194086058,-0.1365162194086058,-0.073193645705701,-0.0596789850696785,0 days 00:11:10.369452
413,RedGrid5,1,0.696737,-0.0017369983085211,-0.0878109490805842,-0.0878109490805842,0.0,0.0,0 days 00:11:18.336430
414,RedGrid75,1,0.696737,-0.0017369983085211,-0.0878109490805842,-0.0878109490805842,0.0,0.0,0 days 00:11:13.636342
415,ExpGrad.1,0,0.706308,-0.0829259905951149,-0.1016319167926707,-0.1016319167926707,-0.0734544644363892,-0.0717220082803522,0 days 00:03:10.241973
416,ExpGrad.01,0,0.68528,-0.0141265859930191,-0.0200322827000293,-0.0200322827000293,-0.0091744915640297,-0.0116744680488254,0 days 00:05:23.909574
417,RedGrid25,0,0.685859,-0.1235727576890765,-0.15463279335381,-0.15463279335381,-0.101762772708831,-0.1083339269351458,0 days 00:11:47.257055
418,RedGrid5,0,0.685859,-0.1235727576890765,-0.15463279335381,-0.15463279335381,-0.101762772708831,-0.1083339269351458,0 days 00:11:48.153698
419,RedGrid75,0,0.667529,-0.0528672072269626,-0.1118164264623386,-0.1118164264623386,-0.0005762219068017,-0.0299729079517026,0 days 00:11:44.410731
420,ExpGrad.1,2,0.658729,-0.0354386781126018,-0.0599305898491558,-0.0599305898491558,-0.0420670767428795,-0.0094713677738721,0 days 00:03:08.235536
421,ExpGrad.01,2,0.611867,-0.0046416146178532,-0.0092699471199951,-0.0064384957128316,-0.0092699471199951,0.0,0 days 00:02:52.265608
422,RedGrid25,2,0.669923,-0.022292751164516,-0.0642930308017238,-0.0642930308017238,0.0,0.0,0 days 00:11:13.229632
423,RedGrid5,2,0.669923,-0.022292751164516,-0.0642930308017238,-0.0642930308017238,0.0,0.0,0 days 00:10:40.826500
424,RedGrid75,2,0.669923,-0.022292751164516,-0.0642930308017238,-0.0642930308017238,0.0,0.0,0 days 00:10:45.031550
425,ExpGrad.1,0,0.706411,-0.0820503325043151,-0.1005273303539202,-0.1005273303539202,-0.0719301581989904,-0.0715131240660056,0 days 00:02:42.528399
426,ExpGrad.01,0,0.686322,-0.015734531747199,-0.0213756213668782,-0.0213756213668782,-0.013880828233487,-0.0118320088013976,0 days 00:06:24.323253
427,RedGrid25,0,0.685293,-0.1261520715946135,-0.1554444146778988,-0.1554444146778988,-0.1040854557990282,-0.1127870937330832,0 days 00:11:33.514825
428,RedGrid5,0,0.685293,-0.1261520715946135,-0.1554444146778988,-0.1554444146778988,-0.1040854557990282,-0.1127870937330832,0 days 00:11:56.377057
429,RedGrid75,0,0.667835,-0.0554500210092999,-0.1136402325953407,-0.1136402325953407,-0.0024216965749001,-0.033997936452595,0 days 00:11:57.229445
430,ExpGrad.1,2,0.712485,-0.0661602061083088,-0.1002658106567135,-0.1002658106567135,-0.0424279272693032,-0.051640753013727,0 days 00:02:18.871282
431,ExpGrad.01,2,0.62129,-0.0025794330881943,-0.0064056928791824,0.0,-0.0064056928791824,-0.0023203308194501,0 days 00:04:59.385471
432,RedGrid25,2,0.725976,-0.0895849454956811,-0.1119102838703365,-0.1119102838703365,-0.1020568094504561,-0.0613683426292095,0 days 00:11:37.306332
433,RedGrid5,2,0.675857,-0.0286549103384955,-0.050379330955004,-0.0405395660422091,-0.050379330955004,-0.0035552502972374,0 days 00:11:39.569869
434,RedGrid75,2,0.675857,-0.0286549103384955,-0.050379330955004,-0.0405395660422091,-0.050379330955004,-0.0035552502972374,0 days 00:11:42.238202
435,ExpGrad.1,2,0.72093,-0.0701623054242136,-0.0981472861031166,-0.0981472861031166,-0.0626729535470855,-0.0501261406981086,0 days 00:02:02.218901
436,ExpGrad.01,2,0.611229,-0.0024163681366823,-0.0066430263146337,-0.0066430263146337,0.0,-0.0002434856627623,0 days 00:01:55.219601
437,RedGrid25,2,0.722573,-0.0853423321141122,-0.1160084137443511,-0.1160084137443511,-0.0881529441852574,-0.0560722814437723,0 days 00:08:24.700042
438,RedGrid5,2,0.681364,-0.0333543906783262,-0.0531995502352967,-0.0531995502352967,0.0,-0.0377635808101924,0 days 00:08:26.009981
439,RedGrid75,2,0.681364,-0.0333543906783262,-0.0531995502352967,-0.0531995502352967,0.0,-0.0377635808101924,0 days 00:08:25.399820
440,ExpGrad.1,1,0.707417,-0.02231220528869,-0.110686306585621,-0.110686306585621,-0.0400769870276721,-0.0096851841068626,0 days 00:02:43.053249
441,ExpGrad.01,1,0.588735,0.0,0.0,0.0,0.0,0.0,0 days 00:03:04.305119
442,RedGrid25,1,0.698401,-0.0108260358611602,-0.110149058659517,-0.110149058659517,0.0,-0.0137619489668574,0 days 00:13:15.581435
443,RedGrid5,1,0.698401,-0.0108260358611602,-0.110149058659517,-0.110149058659517,0.0,-0.0137619489668574,0 days 00:13:16.213824
444,RedGrid75,1,0.698401,-0.0108260358611602,-0.110149058659517,-0.110149058659517,0.0,-0.0137619489668574,0 days 00:13:17.795993
445,ExpGrad.1,2,0.719073,-0.0649393918766071,-0.0989197434227085,-0.0989197434227085,-0.0386238969600603,-0.0520300165528765,0 days 00:02:52.489729
446,ExpGrad.01,2,0.608575,-0.0081332479327169,-0.0118956523344878,-0.0064376634935259,-0.0047956266882251,-0.0118956523344878,0 days 00:03:29.631899
447,RedGrid25,2,0.724086,-0.0810473920896153,-0.1079077085288593,-0.1079077085288593,-0.0674663925128351,-0.0660017414180529,0 days 00:13:25.949111
448,RedGrid5,2,0.70096,-0.0548343421498928,-0.0777006114097617,-0.0777006114097617,-0.0712372158444458,-0.0232762677914729,0 days 00:13:22.690624
449,RedGrid75,2,0.669574,-0.0291595479160012,-0.0497238758195552,-0.0416347179777419,-0.0497238758195552,-0.0041544562606244,0 days 00:13:15.128444
450,ExpGrad.1,0,0.706983,-0.0774874840466827,-0.0954863923115607,-0.0954863923115607,-0.0671403397168017,-0.0673904737054448,0 days 00:03:25.386023
451,ExpGrad.01,0,0.687923,-0.0131964011129416,-0.018358287903531,-0.018358287903531,-0.0104210062594159,-0.010194823533539,0 days 00:07:46.635430
452,RedGrid25,0,0.683782,-0.1145604174176837,-0.1498677267152547,-0.1498677267152547,-0.0966084350787359,-0.0934608936465057,0 days 00:14:57.968444
453,RedGrid5,0,0.683782,-0.1145604174176837,-0.1498677267152547,-0.1498677267152547,-0.0966084350787359,-0.0934608936465057,0 days 00:15:06.891793
454,RedGrid75,0,0.683782,-0.1145604174176837,-0.1498677267152547,-0.1498677267152547,-0.0966084350787359,-0.0934608936465057,0 days 00:15:06.646832
455,ExpGrad.1,2,0.715136,-0.0692317122698163,-0.1042733910436325,-0.1042733910436325,-0.0454789347032242,-0.0540978028251979,0 days 00:03:47.867287
456,ExpGrad.01,2,0.602279,-0.0103322753193044,-0.0177225240260195,-0.0096897859599086,-0.0002223514326792,-0.0177225240260195,0 days 00:03:08.736169
457,RedGrid25,2,0.725369,-0.0911445921714343,-0.1158444549530148,-0.1158444549530148,-0.089208211613518,-0.0704904892933112,0 days 00:12:21.221798
458,RedGrid5,2,0.674171,-0.0402827863345132,-0.0533330708113117,-0.0533330708113117,-0.0313898006455062,-0.0346782451761868,0 days 00:12:17.055625
459,RedGrid75,2,0.674171,-0.0402827863345132,-0.0533330708113117,-0.0533330708113117,-0.0313898006455062,-0.0346782451761868,0 days 00:12:21.089611
460,ExpGrad.1,1,0.708738,-0.0227095951265782,-0.0983867884671629,-0.0983867884671629,-0.0267793579568494,-0.0180695049377402,0 days 00:02:34.455573
461,ExpGrad.01,1,0.611066,-0.0035363404756579,-0.0114445521437835,-0.0114445521437835,0.0,-0.0052400193456544,0 days 00:03:58.911757
462,RedGrid25,1,0.704763,-0.0655327618457724,-0.1388153584334316,-0.1388153584334316,-0.0648179714046067,-0.0636115357726097,0 days 00:10:42.379836
463,RedGrid5,1,0.704763,-0.0655327618457724,-0.1388153584334316,-0.1388153584334316,-0.0648179714046067,-0.0636115357726097,0 days 00:10:40.636275
464,RedGrid75,1,0.704763,-0.0655327618457724,-0.1388153584334316,-0.1388153584334316,-0.0648179714046067,-0.0636115357726097,0 days 00:10:16.395564
465,ExpGrad.1,2,0.702368,-0.0517988438455605,-0.0809157726620129,-0.0809157726620129,-0.0204627143230803,-0.0468949515827519,0 days 00:01:56.744292
466,ExpGrad.01,2,0.620742,-0.010811758330771,-0.013080835920083,-0.0089115679794108,-0.013080835920083,-0.0109826763016477,0 days 00:03:37.085612
467,RedGrid25,2,0.706147,-0.0520755615878186,-0.0830893800686902,-0.0830893800686902,-0.0673359652906304,-0.0144834035402574,0 days 00:11:30.239487
468,RedGrid5,2,0.706147,-0.0520755615878186,-0.0830893800686902,-0.0830893800686902,-0.0673359652906304,-0.0144834035402574,0 days 00:11:25.980647
469,RedGrid75,2,0.68474,-0.0283014445896868,-0.0760279578860459,-0.0760279578860459,0.0,-0.0049150352045241,0 days 00:11:32.155274
470,ExpGrad.1,2,0.718199,-0.0627626603186528,-0.0993366706399378,-0.0993366706399378,-0.0393961374133997,-0.045320336482595,0 days 00:02:32.348766
471,ExpGrad.01,2,0.625998,-0.0055637763478234,-0.0158451497541886,-0.0158451497541886,0.0,0.0,0 days 00:04:44.030498
472,RedGrid25,2,0.719077,-0.0807073825586994,-0.0957362878142017,-0.0957362878142017,-0.088695258257116,-0.0619771533857201,0 days 00:11:42.627606
473,RedGrid5,2,0.685605,-0.0300911435309105,-0.0714680039929123,-0.0714680039929123,0.0,-0.012761767226719,0 days 00:11:44.272099
474,RedGrid75,2,0.659908,-0.0138890581075211,-0.0395548260570169,-0.0395548260570169,0.0,0.0,0 days 00:11:47.843194
475,ExpGrad.1,0,0.706376,-0.0847466810621519,-0.1026764545729893,-0.1026764545729893,-0.0749060907790595,-0.0744387432814009,0 days 00:03:44.010124
476,ExpGrad.01,0,0.685219,-0.0152311448431478,-0.0201777630898419,-0.0201777630898419,-0.0107646160819365,-0.0133605792604151,0 days 00:07:21.259780
477,RedGrid25,0,0.685203,-0.123933861000276,-0.1539913136140943,-0.1539913136140943,-0.1016218945643954,-0.1098848229500376,0 days 00:14:46.580976
478,RedGrid5,0,0.685203,-0.123933861000276,-0.1539913136140943,-0.1539913136140943,-0.1016218945643954,-0.1098848229500376,0 days 00:14:43.599316
479,RedGrid75,0,0.685203,-0.123933861000276,-0.1539913136140943,-0.1539913136140943,-0.1016218945643954,-0.1098848229500376,0 days 00:14:42.942812
480,ExpGrad.1,0,0.707038,-0.0831152842063958,-0.1002215261190261,-0.1002215261190261,-0.0745395845055192,-0.0728877987692477,0 days 00:03:19.884817
481,ExpGrad.01,0,0.686607,-0.0153284162685222,-0.020359105306775,-0.020359105306775,-0.0095394460227232,-0.0141208337409228,0 days 00:07:12.850517
482,RedGrid25,0,0.685942,-0.1228921742977628,-0.1519579850138755,-0.1519579850138755,-0.1012636236594065,-0.1094029858789495,0 days 00:14:21.634351
483,RedGrid5,0,0.685942,-0.1228921742977628,-0.1519579850138755,-0.1519579850138755,-0.1012636236594065,-0.1094029858789495,0 days 00:14:36.692445
484,RedGrid75,0,0.685942,-0.1228921742977628,-0.1519579850138755,-0.1519579850138755,-0.1012636236594065,-0.1094029858789495,0 days 00:14:46.466213
485,ExpGrad.1,2,0.714614,-0.0554554930721067,-0.0859159149439394,-0.0859159149439394,-0.0448560675581576,-0.0352273734738365,0 days 00:03:56.464597
486,ExpGrad.01,2,0.625662,-0.0032834174715665,-0.0093944559520911,-0.0093944559520911,0.0,0.0,0 days 00:02:50.095122
487,RedGrid25,2,0.715373,-0.0631870072964864,-0.106176797730129,-0.106176797730129,-0.0703460022292231,-0.0198259034120599,0 days 00:11:28.084941
488,RedGrid5,2,0.701881,-0.0466673820595964,-0.0710212791887237,-0.0710212791887237,-0.0623909469756345,-0.0142891706320483,0 days 00:11:17.754231
489,RedGrid75,2,0.653612,-0.0145764894105637,-0.0270878648431919,-0.0214849694939158,-0.0270878648431919,0.0,0 days 00:11:06.938198
490,ExpGrad.1,1,0.707315,-0.0042990905521363,-0.1004905443623256,-0.1004905443623256,-0.0020707353939828,-0.0025585871232086,0 days 00:03:44.886447
491,ExpGrad.01,1,0.58793,-4.196734187425305e-05,-0.002150741570383,-0.002150741570383,0.0,0.0,0 days 00:03:54.278756
492,RedGrid25,1,0.708588,-0.0652036302815183,-0.1430338290485387,-0.1430338290485387,-0.0668052779622924,-0.0619106583599181,0 days 00:13:42.830452
493,RedGrid5,1,0.700398,-0.0039288684288956,-0.1034458143080465,-0.1034458143080465,0.0,-0.0030268947923589,0 days 00:13:44.653810
494,RedGrid75,1,0.692941,-0.0013409287809646,-0.0687198936922194,-0.0687198936922194,0.0,0.0,0 days 00:13:34.289385
495,ExpGrad.1,1,0.710154,-0.0206026117278924,-0.1098995930287154,-0.1098995930287154,-0.0157545791410622,-0.0204878874408285,0 days 00:02:47.477992
496,ExpGrad.01,1,0.613581,-0.0057307520604483,-0.0274217899594351,-0.0274217899594351,-0.0080750864730645,-0.0037563273212056,0 days 00:03:05.761591
497,RedGrid25,1,0.700075,-0.0131197075345361,-0.1193492096662623,-0.1193492096662623,-0.0067678080477858,-0.0133063219196098,0 days 00:10:59.585731
498,RedGrid5,1,0.700075,-0.0131197075345361,-0.1193492096662623,-0.1193492096662623,-0.0067678080477858,-0.0133063219196098,0 days 00:11:05.799870
499,RedGrid75,1,0.700075,-0.0131197075345361,-0.1193492096662623,-0.1193492096662623,-0.0067678080477858,-0.0133063219196098,0 days 00:11:05.778097
500,ExpGrad.1,2,0.712627,-0.0651805997477265,-0.0996223674009091,-0.0996223674009091,-0.0760773177423997,-0.0272348000837155,0 days 00:02:04.383288
501,ExpGrad.01,2,0.628276,-0.0100328692644749,-0.0162427857139748,-0.0162427857139748,-0.0049952383742796,-0.0078659595733661,0 days 00:03:48.506108
502,RedGrid25,2,0.716273,-0.0670104273129692,-0.1064890404177761,-0.1064890404177761,-0.0928751901520988,-0.0145864726336382,0 days 00:11:15.068836
503,RedGrid5,2,0.700229,-0.0491874955769084,-0.0753902261691091,-0.0753902261691091,-0.0748958279025973,-0.0086904187555733,0 days 00:11:16.381301
504,RedGrid75,2,0.666773,-0.0266959801619328,-0.0466610164830005,-0.0417065542354976,-0.0466610164830005,0.0,0 days 00:10:52.322180
505,ExpGrad.1,1,0.708416,-0.0252345498202446,-0.097833759646999,-0.097833759646999,-0.0389566763533254,-0.0153726495811573,0 days 00:02:26.775172
506,ExpGrad.01,1,0.601996,-0.0116064777088346,-0.0195221488243225,-0.0195221488243225,-0.0154095330157553,-0.0092550308247782,0 days 00:04:05.753053
507,RedGrid25,1,0.705258,-0.0714392169608649,-0.1321600693400436,-0.1321600693400436,-0.0791606615349049,-0.065268441200404,0 days 00:11:31.161374
508,RedGrid5,1,0.701675,-0.0153200544180303,-0.1064398534511242,-0.1064398534511242,-0.0055202535505265,-0.017891223769286,0 days 00:11:39.823882
509,RedGrid75,1,0.701675,-0.0153200544180303,-0.1064398534511242,-0.1064398534511242,-0.0055202535505265,-0.017891223769286,0 days 00:11:33.593134
510,ExpGrad.1,1,0.71293,-0.0537156992641431,-0.1277029600974843,-0.1277029600974843,-0.0612616481597383,-0.0472155904010408,0 days 00:02:34.943772
511,ExpGrad.01,1,0.574793,0.0,0.0,0.0,0.0,0.0,0 days 00:02:48.286417
512,RedGrid25,1,0.707958,-0.0550910008613658,-0.1353020981273725,-0.1353020981273725,-0.060898697728235,-0.0493614111116252,0 days 00:12:37.288732
513,RedGrid5,1,0.707958,-0.0550910008613658,-0.1353020981273725,-0.1353020981273725,-0.060898697728235,-0.0493614111116252,0 days 00:12:48.185428
514,RedGrid75,1,0.707958,-0.0550910008613658,-0.1353020981273725,-0.1353020981273725,-0.060898697728235,-0.0493614111116252,0 days 00:13:07.158136
515,ExpGrad.1,2,0.716276,-0.0682518765470409,-0.1031234496291451,-0.1031234496291451,-0.0501601533817752,-0.0489085739262198,0 days 00:02:18.783064
516,ExpGrad.01,2,0.618635,-0.0087645118355585,-0.0102526256031791,-0.0102526256031791,-0.0078711507081773,-0.0080195824444865,0 days 00:04:23.094095
517,RedGrid25,2,0.687818,-0.0413169237152669,-0.0725814214663885,-0.0725814214663885,0.0,-0.0406339325239498,0 days 00:10:44.071083
518,RedGrid5,2,0.684147,-0.0340762186143234,-0.0764243665848029,-0.0764243665848029,0.0,-0.0186214982599098,0 days 00:10:41.835916
519,RedGrid75,2,0.669765,-0.023982719478478,-0.0683637956780905,-0.0683637956780905,0.0,0.0,0 days 00:10:39.862145
520,ExpGrad.1,2,0.71308,-0.0595313653291608,-0.089092316860779,-0.089092316860779,-0.0611834528883891,-0.0321407649309095,0 days 00:04:21.049863
521,ExpGrad.01,2,0.625671,-0.0043528558233447,-0.0125263332662677,-0.0125263332662677,0.0,0.0,0 days 00:05:37.346259
522,RedGrid25,2,0.719893,-0.0779923340687666,-0.0924155207881612,-0.0924155207881612,-0.087559299086235,-0.058761824195617,0 days 00:13:38.079345
523,RedGrid5,2,0.664693,-0.0182707741083192,-0.0478091647115493,-0.0478091647115493,0.0,-0.0042405259511252,0 days 00:13:31.521458
524,RedGrid75,2,0.664693,-0.0182707741083192,-0.0478091647115493,-0.0478091647115493,0.0,-0.0042405259511252,0 days 00:13:34.168234
525,ExpGrad.1,0,0.706257,-0.0816843720933687,-0.098578400554544,-0.098578400554544,-0.072048124235966,-0.0722141690502576,0 days 00:02:41.990921
526,ExpGrad.01,0,0.686965,-0.0120979324820506,-0.0179542697088695,-0.0179542697088695,-0.0082535816863695,-0.0090938350930251,0 days 00:04:56.896362
527,RedGrid25,0,0.690422,-0.0222401954563116,-0.0284454988380784,-0.0284454988380784,-0.0053707296789002,-0.0261354874286509,0 days 00:11:54.253919
528,RedGrid5,0,0.690422,-0.0222401954563116,-0.0284454988380784,-0.0284454988380784,-0.0053707296789002,-0.0261354874286509,0 days 00:11:54.024030
529,RedGrid75,0,0.690422,-0.0222401954563116,-0.0284454988380784,-0.0284454988380784,-0.0053707296789002,-0.0261354874286509,0 days 00:11:15.416750
530,ExpGrad.1,2,0.696986,-0.0502729836666887,-0.0779333321544936,-0.0779333321544936,-0.0556269372910069,-0.02239666853269,0 days 00:02:08.860887
531,ExpGrad.01,2,0.60715,-0.0109825978416935,-0.0125606740366167,-0.0125606740366167,-0.0087218609932052,-0.0110910304495184,0 days 00:04:22.757540
532,RedGrid25,2,0.697452,-0.0435539435519002,-0.0768050720781336,-0.0768050720781336,0.0,-0.0431368484621901,0 days 00:11:42.733151
533,RedGrid5,2,0.677869,-0.0335891756913164,-0.0511167693841781,-0.0511167693841781,0.0,-0.0404068752235772,0 days 00:11:58.546602
534,RedGrid75,2,0.677869,-0.0335891756913164,-0.0511167693841781,-0.0511167693841781,0.0,-0.0404068752235772,0 days 00:12:18.079242
535,ExpGrad.1,2,0.698759,-0.0435255837172631,-0.0735280537812836,-0.0735280537812836,-0.0349122763059895,-0.0225002014682751,0 days 00:02:07.118453
536,ExpGrad.01,2,0.614841,-0.0011725434557884,-0.0037699541567868,-0.0005377987181143,-0.0037699541567868,0.0,0 days 00:03:17.135909
537,RedGrid25,2,0.713285,-0.0643473949839807,-0.1101528757559137,-0.1101528757559137,-0.0609686660893993,-0.0257038703344616,0 days 00:11:50.105215
538,RedGrid5,2,0.653709,-0.012458423103667,-0.035751209612002,-0.035751209612002,0.0,0.0,0 days 00:11:23.671049
539,RedGrid75,2,0.653709,-0.012458423103667,-0.035751209612002,-0.035751209612002,0.0,0.0,0 days 00:11:15.511709
540,ExpGrad.1,0,0.706871,-0.0836120059870664,-0.1020264868804387,-0.1020264868804387,-0.0730388502747796,-0.0732834060943863,0 days 00:03:39.527286
541,ExpGrad.01,0,0.690436,-0.0139064397378447,-0.0207819372723746,-0.0207819372723746,-0.0089777464433805,-0.0105931849152929,0 days 00:08:21.839537
542,RedGrid25,0,0.69495,-0.0605943333527455,-0.0846306297765688,-0.0559261728130274,-0.0846306297765688,-0.0513872230087862,0 days 00:14:33.742375
543,RedGrid5,0,0.69495,-0.0605943333527455,-0.0846306297765688,-0.0559261728130274,-0.0846306297765688,-0.0513872230087862,0 days 00:14:32.634609
544,RedGrid75,0,0.69495,-0.0605943333527455,-0.0846306297765688,-0.0559261728130274,-0.0846306297765688,-0.0513872230087862,0 days 00:14:33.532274
545,ExpGrad.1,0,0.70743,-0.0816848187161612,-0.0974481835055621,-0.0974481835055621,-0.074219932764489,-0.0719427853910812,0 days 00:03:34.803797
546,ExpGrad.01,0,0.68887,-0.011279694879152,-0.0157937719374953,-0.0157937719374953,-0.0098750589581686,-0.0080847730131919,0 days 00:09:49.533067
547,RedGrid25,0,0.683482,-0.1141749453140225,-0.148030423400128,-0.148030423400128,-0.0961218797485562,-0.0943683678171531,0 days 00:16:07.296728
548,RedGrid5,0,0.683482,-0.1141749453140225,-0.148030423400128,-0.148030423400128,-0.0961218797485562,-0.0943683678171531,0 days 00:16:08.962683
549,RedGrid75,0,0.683482,-0.1141749453140225,-0.148030423400128,-0.148030423400128,-0.0961218797485562,-0.0943683678171531,0 days 00:16:08.060362
550,ExpGrad.1,1,0.706855,-0.0107657483474225,-0.0789351843298747,-0.0789351843298747,-0.0117727359663856,-0.0080922061762177,0 days 00:02:17.374557
551,ExpGrad.01,1,0.586346,-0.0001585446941923,-0.0080891889671241,-0.0080891889671241,0.0,0.0,0 days 00:02:51.858813
552,RedGrid25,1,0.707939,-0.0662188810613885,-0.1224853383893253,-0.1224853383893253,-0.0679346509842787,-0.0635228810467009,0 days 00:12:01.298721
553,RedGrid5,1,0.707939,-0.0662188810613885,-0.1224853383893253,-0.1224853383893253,-0.0679346509842787,-0.0635228810467009,0 days 00:11:57.115622
554,RedGrid75,1,0.698184,-0.0015342654086167,-0.078280530794478,-0.078280530794478,0.0,0.0,0 days 00:11:56.949552
555,ExpGrad.1,1,0.710045,-0.0320760184547734,-0.1067318715518754,-0.1067318715518754,-0.0333004552439278,-0.0290384543130648,0 days 00:01:50.000153
556,ExpGrad.01,1,0.596701,-0.0001599128238718,-0.0080227518228592,-0.0080227518228592,0.0,0.0,0 days 00:01:55.352894
557,RedGrid25,1,0.705926,-0.0680746752869054,-0.1330217848745204,-0.1330217848745204,-0.0688548443577492,-0.0655900171340627,0 days 00:09:50.635575
558,RedGrid5,1,0.700266,-0.0113935404542709,-0.1027058324649519,-0.1027058324649519,0.0,-0.0148187131189652,0 days 00:09:50.428655
559,RedGrid75,1,0.700266,-0.0113935404542709,-0.1027058324649519,-0.1027058324649519,0.0,-0.0148187131189652,0 days 00:09:53.220508
560,ExpGrad.1,0,0.706702,-0.0814441966638073,-0.0989574623176473,-0.0989574623176473,-0.0723193523549162,-0.0711049607253392,0 days 00:03:37.097504
561,ExpGrad.01,0,0.685752,-0.0123323869455691,-0.0170059608926499,-0.0170059608926499,-0.0124370688906254,-0.0081707735863815,0 days 00:06:01.188561
562,RedGrid25,0,0.684899,-0.0782686178574836,-0.1109362238054166,-0.1109362238054166,0.0,-0.09280525844787,0 days 00:12:52.707277
563,RedGrid5,0,0.684899,-0.0782686178574836,-0.1109362238054166,-0.1109362238054166,0.0,-0.09280525844787,0 days 00:13:01.665314
564,RedGrid75,0,0.662124,-0.0497684207033315,-0.1052141656260297,-0.1052141656260297,0.0,-0.0285654334293196,0 days 00:12:58.827336
565,ExpGrad.1,2,0.708189,-0.0651665613984894,-0.1080242648975541,-0.1080242648975541,-0.0587371151648261,-0.0316703338528594,0 days 00:02:14.063702
566,ExpGrad.01,2,0.632025,-0.0038880631189088,-0.0095747290391772,-0.0095747290391772,-0.0022092219401717,0.0,0 days 00:04:05.684168
567,RedGrid25,2,0.686013,-0.0354843655145155,-0.0677204779382276,-0.0677204779382276,-0.0459173743891002,0.0,0 days 00:10:31.506964
568,RedGrid5,2,0.686013,-0.0354843655145155,-0.0677204779382276,-0.0677204779382276,-0.0459173743891002,0.0,0 days 00:10:33.210062
569,RedGrid75,2,0.651696,-0.0188023038769261,-0.0332364031667799,-0.0332364031667799,-0.0277976006251253,0.0,0 days 00:10:33.285033
570,ExpGrad.1,0,0.706737,-0.0827024440606121,-0.0999179149218172,-0.0999179149218172,-0.0731449029619462,-0.0729225824376117,0 days 00:02:35.258059
571,ExpGrad.01,0,0.685129,-0.0140033947154132,-0.0178629523853131,-0.0178629523853131,-0.0105330631536587,-0.0125444524440908,0 days 00:04:13.008216
572,RedGrid25,0,0.686857,-0.0769590915010822,-0.1096731937800199,-0.1096731937800199,-0.0006117338178112,-0.0905269391959354,0 days 00:09:02.799988
573,RedGrid5,0,0.686857,-0.0769590915010822,-0.1096731937800199,-0.1096731937800199,-0.0006117338178112,-0.0905269391959354,0 days 00:08:47.069166
574,RedGrid75,0,0.663325,-0.0522018707153527,-0.1078220773982265,-0.1078220773982265,0.0,-0.0323876137913627,0 days 00:08:40.429992
575,ExpGrad.1,2,0.707194,-0.0573356730716869,-0.0919541791129469,-0.0919541791129469,-0.0534476558316778,-0.0291930281374319,0 days 00:03:18.790759
576,ExpGrad.01,2,0.596084,-0.0060344843350242,-0.0086638095897509,-0.007694457609004,0.0,-0.0086638095897509,0 days 00:03:50.731828
577,RedGrid25,2,0.713025,-0.0664533846825246,-0.1026696793283774,-0.1026696793283774,-0.0807597799188177,-0.0245110078774547,0 days 00:12:08.563855
578,RedGrid5,2,0.673305,-0.0387404257381283,-0.0616142889983431,-0.054918262934,-0.0616142889983431,-0.0087902497904858,0 days 00:12:07.684033
579,RedGrid75,2,0.673305,-0.0387404257381283,-0.0616142889983431,-0.054918262934,-0.0616142889983431,-0.0087902497904858,0 days 00:12:08.664208
580,ExpGrad.1,0,0.706114,-0.0780157657213485,-0.0970140994256834,-0.0970140994256834,-0.0644006749344356,-0.068881145000502,0 days 00:03:03.754830
581,ExpGrad.01,0,0.686043,-0.0143202241049972,-0.0201579960711056,-0.0201579960711056,-0.0107820320436311,-0.0111567994498412,0 days 00:05:28.144547
582,RedGrid25,0,0.686059,-0.1249899501850208,-0.1562417100517832,-0.1562417100517832,-0.0998977042339331,-0.1114529782338662,0 days 00:11:02.821791
583,RedGrid5,0,0.686059,-0.1249899501850208,-0.1562417100517832,-0.1562417100517832,-0.0998977042339331,-0.1114529782338662,0 days 00:11:02.251994
584,RedGrid75,0,0.686059,-0.1249899501850208,-0.1562417100517832,-0.1562417100517832,-0.0998977042339331,-0.1114529782338662,0 days 00:10:30.439680
585,ExpGrad.1,2,0.704304,-0.055301227225015,-0.0794261265698889,-0.0794261265698889,-0.0665035710582342,-0.0264586025958275,0 days 00:02:15.807137
586,ExpGrad.01,2,0.601148,-0.001563416062665,-0.0035219641334856,-0.0018506409864655,-0.0035219641334856,0.0,0 days 00:03:27.176907
587,RedGrid25,2,0.695605,-0.0524602113983888,-0.0962451015630636,-0.0677729062960311,-0.0962451015630636,-0.0096383174751744,0 days 00:10:37.525476
588,RedGrid5,2,0.686827,-0.045618287371011,-0.0961919195587825,-0.0589635715930104,-0.0961919195587825,0.0,0 days 00:10:35.248718
589,RedGrid75,2,0.66098,-0.0323695528058506,-0.0742768492091207,-0.0372917772884712,-0.0742768492091207,0.0,0 days 00:10:34.650654
590,ExpGrad.1,0,0.706357,-0.0821374301581546,-0.1001671476251094,-0.1001671476251094,-0.0720131328255454,-0.0719388864674528,0 days 00:03:45.289560
591,ExpGrad.01,0,0.68757,-0.0110991324938464,-0.0173023727130814,-0.0173023727130814,-0.0079546413053583,-0.0074032947972874,0 days 00:09:53.031405
592,RedGrid25,0,0.69056,-0.019444860871553,-0.0253352436046636,-0.0253352436046636,-0.0060097580084478,-0.0217010484571535,0 days 00:15:22.813745
593,RedGrid5,0,0.69056,-0.019444860871553,-0.0253352436046636,-0.0253352436046636,-0.0060097580084478,-0.0217010484571535,0 days 00:15:23.726185
594,RedGrid75,0,0.69056,-0.019444860871553,-0.0253352436046636,-0.0253352436046636,-0.0060097580084478,-0.0217010484571535,0 days 00:15:22.897183
595,ExpGrad.1,2,0.703655,-0.0600078021771232,-0.0971026814707614,-0.0971026814707614,-0.049830919527377,-0.0336805485074873,0 days 00:03:07.446323
596,ExpGrad.01,2,0.630118,-0.0005486534296829,-0.001575510076419,-0.001575510076419,0.0,0.0,0 days 00:03:53.254068
597,RedGrid25,2,0.718784,-0.0739868714348103,-0.0883885518889514,-0.0883885518889514,-0.0883444537290438,-0.0514105770852076,0 days 00:13:06.362419
598,RedGrid5,2,0.681703,-0.0240583114898413,-0.0690857108025,-0.0690857108025,0.0,0.0,0 days 00:13:03.353141
599,RedGrid75,2,0.610828,-0.0049175481335175,-0.018725803588894,0.0,-0.018725803588894,0.0,0 days 00:12:56.786152
600,ExpGrad.1,2,0.71867,-0.0675993711053208,-0.1029826933531828,-0.1029826933531828,-0.0505847585912124,-0.0475399922327104,0 days 00:02:07.449173
601,ExpGrad.01,2,0.601249,-0.0044011022709713,-0.009693584635537,-0.009693584635537,0.0,-0.0026478306754008,0 days 00:03:30.392138
602,RedGrid25,2,0.720548,-0.0818754161716227,-0.0994077934139303,-0.0926912295276671,-0.0994077934139303,-0.0604693812153613,0 days 00:10:30.038945
603,RedGrid5,2,0.678534,-0.0346601978246889,-0.0578607662312844,-0.0578607662312844,0.0,-0.0372995035956855,0 days 00:10:40.010432
604,RedGrid75,2,0.678534,-0.0346601978246889,-0.0578607662312844,-0.0578607662312844,0.0,-0.0372995035956855,0 days 00:10:37.366153
605,ExpGrad.1,1,0.71034,-0.0314234775927335,-0.1040601336432078,-0.1040601336432078,-0.0399839900731709,-0.0244560174055945,0 days 00:02:35.547215
606,ExpGrad.01,1,0.595835,-0.0032316533996976,-0.0089830736165666,-0.0018588204724285,-0.0089830736165666,-0.0001029287423462,0 days 00:04:37.463753
607,RedGrid25,1,0.694874,-0.0015793347264389,-0.0807690310480292,-0.0807690310480292,0.0,0.0,0 days 00:10:04.781179
608,RedGrid5,1,0.694874,-0.0015793347264389,-0.0807690310480292,-0.0807690310480292,0.0,0.0,0 days 00:10:04.949608
609,RedGrid75,1,0.694874,-0.0015793347264389,-0.0807690310480292,-0.0807690310480292,0.0,0.0,0 days 00:09:59.792138
610,ExpGrad.1,0,0.706532,-0.0823683114659261,-0.0994855108924284,-0.0994855108924284,-0.0729802129853344,-0.0725669803386566,0 days 00:03:46.359951
611,ExpGrad.01,0,0.689077,-0.0123997311157035,-0.0166166363947501,-0.0166166363947501,-0.0127352908028496,-0.0085219416021241,0 days 00:10:27.015582
612,RedGrid25,0,0.681959,-0.1121995252218232,-0.1465098142422765,-0.1465098142422765,-0.0936205093932809,-0.0924214723489489,0 days 00:15:36.510780
613,RedGrid5,0,0.681959,-0.1121995252218232,-0.1465098142422765,-0.1465098142422765,-0.0936205093932809,-0.0924214723489489,0 days 00:15:38.973639
614,RedGrid75,0,0.681959,-0.1121995252218232,-0.1465098142422765,-0.1465098142422765,-0.0936205093932809,-0.0924214723489489,0 days 00:15:31.355090
615,ExpGrad.1,1,0.711058,-0.032987154318857,-0.1156005362590696,-0.1156005362590696,-0.0231973327601656,-0.0358629968319039,0 days 00:02:51.635326
616,ExpGrad.01,1,0.584787,-0.0035764491644008,-0.0164263792214451,-0.0164263792214451,0.0,-0.0051588191057267,0 days 00:02:16.732377
617,RedGrid25,1,0.705097,-0.0653149775668184,-0.1375592645066733,-0.1375592645066733,-0.0683963109767691,-0.0613952976178067,0 days 00:11:34.165418
618,RedGrid5,1,0.700699,-0.0097490016200559,-0.1033931570509644,-0.1033931570509644,0.0,-0.0122638255403481,0 days 00:11:42.644801
619,RedGrid75,1,0.700699,-0.0097490016200559,-0.1033931570509644,-0.1033931570509644,0.0,-0.0122638255403481,0 days 00:11:35.778506
620,ExpGrad.1,1,0.710083,-0.0309895171451445,-0.1128391983964836,-0.1128391983964836,-0.0346076532842037,-0.0264150654482276,0 days 00:02:59.262301
621,ExpGrad.01,1,0.613543,-0.0069270428052073,-0.0260122483969018,-0.0260122483969018,-0.0040003682594147,-0.0079448535650229,0 days 00:03:41.017629
622,RedGrid25,1,0.707011,-0.0695651630753748,-0.1389183486620053,-0.1389183486620053,-0.0797680135761431,-0.0617433150915334,0 days 00:12:07.518358
623,RedGrid5,1,0.699065,-0.0021018964348939,-0.1049595091537766,-0.1049595091537766,0.0,-2.911434190977502e-05,0 days 00:12:06.333329
624,RedGrid75,1,0.699065,-0.0021018964348939,-0.1049595091537766,-0.1049595091537766,0.0,-2.911434190977502e-05,0 days 00:12:02.227840
625,ExpGrad.1,1,0.710054,-0.035002182626045,-0.1085700869177405,-0.1085700869177405,-0.0316409067183048,-0.0346003071348722,0 days 00:02:26.120197
626,ExpGrad.01,1,0.591401,-0.0090131819036865,-0.009173951723821,-0.008518015869595,-0.0087508282230164,-0.009173951723821,0 days 00:03:14.323785
627,RedGrid25,1,0.705636,-0.0689713861543533,-0.1342104661176103,-0.1342104661176103,-0.0768983141030976,-0.0625649910791037,0 days 00:12:30.309735
628,RedGrid5,1,0.705636,-0.0689713861543533,-0.1342104661176103,-0.1342104661176103,-0.0768983141030976,-0.0625649910791037,0 days 00:12:34.418187
629,RedGrid75,1,0.705636,-0.0689713861543533,-0.1342104661176103,-0.1342104661176103,-0.0768983141030976,-0.0625649910791037,0 days 00:12:29.418711
630,ExpGrad.1,1,0.710757,-0.0270217721699576,-0.1137558984476694,-0.1137558984476694,-0.0323994307050503,-0.0213930268396421,0 days 00:02:22.804021
631,ExpGrad.01,1,0.594346,-0.0019771741302522,-0.0055994840277847,-0.0011055133401713,-0.0055994840277847,0.0,0 days 00:02:19.382457
632,RedGrid25,1,0.705559,-0.0620979727091486,-0.1438126633438279,-0.1438126633438279,-0.0662691320022723,-0.057290239410774,0 days 00:08:46.509507
633,RedGrid5,1,0.700702,-0.005560758976687,-0.107959790133864,-0.107959790133864,0.0,-0.0055037873829305,0 days 00:08:48.260998
634,RedGrid75,1,0.700702,-0.005560758976687,-0.107959790133864,-0.107959790133864,0.0,-0.0055037873829305,0 days 00:08:50.236764
635,ExpGrad.1,2,0.699955,-0.0404384504743878,-0.0810068821599661,-0.0810068821599661,-0.0218950250863768,-0.0167779558628753,0 days 00:02:28.589076
636,ExpGrad.01,2,0.62985,-0.0084472167929479,-0.015516590261375,-0.0067634840248597,0.0,-0.015516590261375,0 days 00:04:43.226776
637,RedGrid25,2,0.67384,-0.0278828956342043,-0.0555849047786654,-0.0555849047786654,0.0,-0.0217790461434169,0 days 00:13:09.769883
638,RedGrid5,2,0.665441,-0.0175194324423674,-0.050385623622362,-0.050385623622362,0.0,0.0,0 days 00:13:17.910986
639,RedGrid75,2,0.665441,-0.0175194324423674,-0.050385623622362,-0.050385623622362,0.0,0.0,0 days 00:13:18.397728
640,ExpGrad.1,2,0.690745,-0.045065522273979,-0.0696106292745464,-0.0696106292745464,-0.0560856913106754,-0.0160512520633014,0 days 00:02:40.289078
641,ExpGrad.01,2,0.608383,-0.0031129960709891,-0.0068122316910875,-0.0068122316910875,-0.002880639849195,0.0,0 days 00:03:33.526351
642,RedGrid25,2,0.696635,-0.046147288591037,-0.1055577387723624,-0.1055577387723624,0.0,-0.0243762649213399,0 days 00:12:55.791763
643,RedGrid5,2,0.662562,-0.0188614539022132,-0.0544230518052737,-0.0544230518052737,0.0,0.0,0 days 00:12:52.498752
644,RedGrid75,2,0.662562,-0.0188614539022132,-0.0544230518052737,-0.0544230518052737,0.0,0.0,0 days 00:12:56.011585
645,ExpGrad.1,2,0.704097,-0.0497882141244805,-0.0839275792636145,-0.0839275792636145,-0.0290292212449675,-0.0334632608242548,0 days 00:02:08.356088
646,ExpGrad.01,2,0.606088,-0.0038070100776799,-0.0084571691260296,-0.0084571691260296,0.0,-0.0022507161962454,0 days 00:02:07.085328
647,RedGrid25,2,0.689733,-0.0424778690775928,-0.0715184380499782,-0.0715184380499782,0.0,-0.0455023938913388,0 days 00:08:34.100183
648,RedGrid5,2,0.659517,-0.0287830200002808,-0.0422892750931546,-0.0422892750931546,0.0,-0.0363406843885152,0 days 00:08:35.734049
649,RedGrid75,2,0.659517,-0.0287830200002808,-0.0422892750931546,-0.0422892750931546,0.0,-0.0363406843885152,0 days 00:08:30.068800
650,ExpGrad.1,2,0.708928,-0.0528698433807346,-0.0924434748297698,-0.0924434748297698,-0.0316009226525831,-0.0320246290153739,0 days 00:02:44.778257
651,ExpGrad.01,2,0.616561,-0.0092078140034569,-0.0114921264095066,-0.0114921264095066,-0.0049262135978003,-0.0100336134439759,0 days 00:03:04.263110
652,RedGrid25,2,0.730799,-0.0946115867900307,-0.1234774462699532,-0.1234774462699532,-0.0969903118611605,-0.0675184508623688,0 days 00:11:58.846280
653,RedGrid5,2,0.707854,-0.0579055290298183,-0.1055689601937799,-0.1055689601937799,-0.0005947066463671,-0.0538570136929346,0 days 00:12:37.699307
654,RedGrid75,2,0.707854,-0.0579055290298183,-0.1055689601937799,-0.1055689601937799,-0.0005947066463671,-0.0538570136929346,0 days 00:12:28.827391
655,ExpGrad.1,0,0.706438,-0.0771199497218037,-0.0954412958673518,-0.0954412958673518,-0.0654403162630878,-0.0674534702752679,0 days 00:02:26.503462
656,ExpGrad.01,0,0.68573,-0.0075809161302524,-0.0130659371033242,-0.0130659371033242,-0.0024471041371433,-0.0055936379582705,0 days 00:04:20.414321
657,RedGrid25,0,0.686271,-0.1246301641344083,-0.1534037253256833,-0.1534037253256833,-0.1041547112606787,-0.1106300728688629,0 days 00:09:23.305905
658,RedGrid5,0,0.686271,-0.1246301641344083,-0.1534037253256833,-0.1534037253256833,-0.1041547112606787,-0.1106300728688629,0 days 00:09:20.297979
659,RedGrid75,0,0.667744,-0.0528211034193247,-0.1099348218998186,-0.1099348218998186,-0.0006354521850844,-0.0314243330615274,0 days 00:09:19.294339
660,ExpGrad.1,0,0.705961,-0.0848570686027711,-0.1019313339002543,-0.1019313339002543,-0.0752038792704069,-0.0752407925208635,0 days 00:02:32.578786
661,ExpGrad.01,0,0.683982,-0.0132796688110742,-0.0184773113365351,-0.0184773113365351,-0.0094596126483825,-0.0108417105636439,0 days 00:04:00.081102
662,RedGrid25,0,0.6927,-0.0366369818823788,-0.0443387128703055,-0.0402499147051558,-0.0170560954322425,-0.0443387128703055,0 days 00:09:27.960940
663,RedGrid5,0,0.6927,-0.0366369818823788,-0.0443387128703055,-0.0402499147051558,-0.0170560954322425,-0.0443387128703055,0 days 00:09:23.251349
664,RedGrid75,0,0.6927,-0.0366369818823788,-0.0443387128703055,-0.0402499147051558,-0.0170560954322425,-0.0443387128703055,0 days 00:09:24.621658
665,ExpGrad.1,2,0.692472,-0.046274102578599,-0.0667023587110772,-0.0667023587110772,-0.0617706995019545,-0.0176542452149569,0 days 00:01:53.026119
666,ExpGrad.01,2,0.615899,-0.0050220470763799,-0.014402676941467,-0.014402676941467,0.0,0.0,0 days 00:02:06.188298
667,RedGrid25,2,0.703298,-0.0576895780291432,-0.0854099867829148,-0.0754366870884272,-0.0854099867829148,-0.0232878400707602,0 days 00:08:26.530766
668,RedGrid5,2,0.701656,-0.0561877312768657,-0.0838142714936659,-0.0732122507858081,-0.0838142714936659,-0.0224944325264504,0 days 00:08:28.958734
669,RedGrid75,2,0.621748,-0.0180153307898546,-0.0522604388256953,-0.0125380094861561,-0.0522604388256953,0.0,0 days 00:08:25.851904
670,ExpGrad.1,0,0.706849,-0.082830384864025,-0.0999007104587057,-0.0999007104587057,-0.0750994237879795,-0.0721306802639324,0 days 00:02:03.323328
671,ExpGrad.01,0,0.687371,-0.0142806473225811,-0.0198840768062562,-0.0198840768062562,-0.0120099808080663,-0.0106203508220026,0 days 00:04:55.909167
672,RedGrid25,0,0.693728,-0.0557397501140671,-0.0830669527319687,-0.0505514342255229,-0.0830669527319687,-0.0451444447859918,0 days 00:08:39.650758
673,RedGrid5,0,0.693728,-0.0557397501140671,-0.0830669527319687,-0.0505514342255229,-0.0830669527319687,-0.0451444447859918,0 days 00:08:41.047826
674,RedGrid75,0,0.693728,-0.0557397501140671,-0.0830669527319687,-0.0505514342255229,-0.0830669527319687,-0.0451444447859918,0 days 00:08:39.584931
675,ExpGrad.1,2,0.708306,-0.0501716630893798,-0.082121461035476,-0.082121461035476,-0.0340075872249931,-0.0322442367444221,0 days 00:03:00.804202
676,ExpGrad.01,2,0.632092,-0.0044286974952425,-0.0126415269722878,-0.0126415269722878,0.0,0.0,0 days 00:04:43.517800
677,RedGrid25,2,0.725196,-0.082697103154068,-0.1044615082298011,-0.1044615082298011,-0.0791286999614929,-0.0655995661946644,0 days 00:12:32.937830
678,RedGrid5,2,0.646192,-0.0129144765881103,-0.0274943221805832,-0.0166588857552632,-0.0274943221805832,0.0,0 days 00:12:34.531015
679,RedGrid75,2,0.646192,-0.0129144765881103,-0.0274943221805832,-0.0166588857552632,-0.0274943221805832,0.0,0 days 00:12:31.239270
680,ExpGrad.1,2,0.709283,-0.0553380513882897,-0.0903932895564391,-0.0903932895564391,-0.0394570019503797,-0.0351897823361418,0 days 00:03:16.723904
681,ExpGrad.01,2,0.631293,-0.0157620255513614,-0.0216510030056761,-0.0216510030056761,-0.00517875934101,-0.0176300511334923,0 days 00:06:04.435465
682,RedGrid25,2,0.730721,-0.0986880709235331,-0.1255103380622224,-0.1255103380622224,-0.1072889789555469,-0.0695003299860486,0 days 00:11:53.423548
683,RedGrid5,2,0.679409,-0.0319813207134525,-0.0571817446596952,-0.0571817446596952,0.0,-0.0311442634302823,0 days 00:12:21.788473
684,RedGrid75,2,0.679409,-0.0319813207134525,-0.0571817446596952,-0.0571817446596952,0.0,-0.0311442634302823,0 days 00:12:06.459327
685,ExpGrad.1,0,0.706529,-0.0795555714894187,-0.0976583368655138,-0.0976583368655138,-0.0689986205421829,-0.0695006361877738,0 days 00:03:04.799416
686,ExpGrad.01,0,0.684595,-0.0122016633777552,-0.0173581411749913,-0.0173581411749913,-0.009506239619628,-0.0091649527977232,0 days 00:06:18.431302
687,RedGrid25,0,0.68654,-0.1261969616519336,-0.1556589337801306,-0.1556589337801306,-0.104879217961498,-0.1121236584570291,0 days 00:11:00.522214
688,RedGrid5,0,0.68654,-0.1261969616519336,-0.1556589337801306,-0.1556589337801306,-0.104879217961498,-0.1121236584570291,0 days 00:11:02.398222
689,RedGrid75,0,0.68654,-0.1261969616519336,-0.1556589337801306,-0.1556589337801306,-0.104879217961498,-0.1121236584570291,0 days 00:10:30.254298
690,ExpGrad.1,1,0.711182,-0.0339991466855075,-0.1110729996326219,-0.1110729996326219,-0.0425673682537213,-0.0268566654529632,0 days 00:03:29.166448
691,ExpGrad.01,1,0.591418,-0.0004341969554433,-0.0102077211204499,-0.0102077211204499,-0.0006697382467263,0.0,0 days 00:03:34.289161
692,RedGrid25,1,0.704911,-0.0715331798250471,-0.1339865162402197,-0.1339865162402197,-0.076845675608913,-0.0666489798863008,0 days 00:11:06.911358
693,RedGrid5,1,0.700597,-0.015984428712241,-0.1072267073517734,-0.1072267073517734,-0.0035102007687082,-0.0200612829451246,0 days 00:11:04.907660
694,RedGrid75,1,0.700597,-0.015984428712241,-0.1072267073517734,-0.1072267073517734,-0.0035102007687082,-0.0200612829451246,0 days 00:10:24.355901
695,ExpGrad.1,1,0.710689,-0.0331865158996962,-0.1093943047095377,-0.1093943047095377,-0.0410345946563304,-0.026491983628837,0 days 00:03:26.516160
696,ExpGrad.01,1,0.596418,-0.001254844118561,-0.0178085392505554,-0.0178085392505554,-0.002601115682796,0.0,0 days 00:03:01.398030
697,RedGrid25,1,0.699885,-0.0018148007045657,-0.0923745626328466,-0.0923745626328466,0.0,-5.439508103621815e-05,0 days 00:13:00.123395
698,RedGrid5,1,0.699885,-0.0018148007045657,-0.0923745626328466,-0.0923745626328466,0.0,-5.439508103621815e-05,0 days 00:13:16.442003
699,RedGrid75,1,0.683987,-0.0007126618572937,-0.0369734266021574,-0.0369734266021574,0.0,0.0,0 days 00:13:22.612836
700,ExpGrad.1,2,0.719817,-0.0629725189966711,-0.098400758860853,-0.098400758860853,-0.0399877391767576,-0.0470952462002693,0 days 00:02:02.840792
701,ExpGrad.01,2,0.615657,-0.0054268279212913,-0.0104655435169768,-0.0104655435169768,0.0,-0.0045999006289352,0 days 00:02:55.783175
702,RedGrid25,2,0.718086,-0.0670695663573142,-0.0939233984779437,-0.0939233984779437,-0.0665346869115509,-0.04383468133661,0 days 00:08:34.757926
703,RedGrid5,2,0.674333,-0.0276623020912816,-0.061895460480567,-0.061895460480567,0.0,-0.0159371833158939,0 days 00:08:20.927643
704,RedGrid75,2,0.674333,-0.0276623020912816,-0.061895460480567,-0.061895460480567,0.0,-0.0159371833158939,0 days 00:08:13.475092
705,ExpGrad.1,1,0.710088,-0.024574508612421,-0.1118570546048424,-0.1118570546048424,-0.0285931251686351,-0.0196650403782331,0 days 00:02:22.445695
706,ExpGrad.01,1,0.60525,-0.0012781096644785,-0.0248266193218287,-0.0248266193218287,-0.0022783465480576,0.0,0 days 00:02:17.363010
707,RedGrid25,1,0.705001,-0.0682253092516935,-0.1452534133272544,-0.1452534133272544,-0.0748169538686779,-0.062208269276861,0 days 00:09:16.118424
708,RedGrid5,1,0.701121,-0.0113475562133943,-0.1105809718650622,-0.1105809718650622,0.0,-0.0145696949833347,0 days 00:09:19.720676
709,RedGrid75,1,0.701121,-0.0113475562133943,-0.1105809718650622,-0.1105809718650622,0.0,-0.0145696949833347,0 days 00:09:37.002355
710,ExpGrad.1,2,0.716325,-0.0573749636778298,-0.0975930705583429,-0.0975930705583429,-0.0343806605090667,-0.0371086557088761,0 days 00:02:51.124266
711,ExpGrad.01,2,0.62467,-0.0011754604570617,-0.0028632308598927,-0.0028632308598927,-0.0005824684986805,-7.725212518949753e-05,0 days 00:03:30.944774
712,RedGrid25,2,0.690678,-0.0586435663873964,-0.0661506505030401,-0.0634851653417299,-0.0661506505030401,-0.0493608380670727,0 days 00:11:58.801522
713,RedGrid5,2,0.684993,-0.0335257910158916,-0.08049015245312,-0.08049015245312,0.0,-0.0143049232201046,0 days 00:12:51.581132
714,RedGrid75,2,0.660171,-0.0162678947422335,-0.0442184731645423,-0.0442184731645423,0.0,-0.002374737011999,0 days 00:12:34.140256
715,ExpGrad.1,1,0.707678,-0.0299239345086134,-0.106608641890328,-0.106608641890328,-0.0275611487489503,-0.0288635952862708,0 days 00:03:03.746630
716,ExpGrad.01,1,0.605477,-0.0036912562559744,-0.0231494825248989,-0.0231494825248989,-0.0062237827594512,-0.0016895149179755,0 days 00:04:36.474878
717,RedGrid25,1,0.705975,-0.0734374676136186,-0.1463152352248557,-0.1463152352248557,-0.0756741400081477,-0.0699501973978972,0 days 00:11:58.270603
718,RedGrid5,1,0.702183,-0.019910523644665,-0.1123041171543732,-0.1123041171543732,-0.0016059432840619,-0.0271843527988511,0 days 00:12:23.665868
719,RedGrid75,1,0.702183,-0.019910523644665,-0.1123041171543732,-0.1123041171543732,-0.0016059432840619,-0.0271843527988511,0 days 00:12:26.178294
720,ExpGrad.1,1,0.712347,-0.054391704658868,-0.1300613740269134,-0.1300613740269134,-0.054109588459499,-0.0521473611328808,0 days 00:02:01.684305
721,ExpGrad.01,1,0.580203,-5.458240114445874e-05,-0.00272602792771,-0.00272602792771,0.0,0.0,0 days 00:01:58.214212
722,RedGrid25,1,0.707625,-0.057238037655475,-0.1356955189623395,-0.1356955189623395,-0.0607957650943217,-0.0527839209781926,0 days 00:10:29.985244
723,RedGrid5,1,0.707625,-0.057238037655475,-0.1356955189623395,-0.1356955189623395,-0.0607957650943217,-0.0527839209781926,0 days 00:10:25.533461
724,RedGrid75,1,0.707625,-0.057238037655475,-0.1356955189623395,-0.1356955189623395,-0.0607957650943217,-0.0527839209781926,0 days 00:10:28.825318
725,ExpGrad.1,0,0.706475,-0.0813587232045768,-0.0991999578550211,-0.0991999578550211,-0.0729862146216089,-0.0703603820337139,0 days 00:02:52.625271
726,ExpGrad.01,0,0.686316,-0.0096660999837992,-0.0149371317816056,-0.0149371317816056,-0.0051999765950178,-0.0075182076810289,0 days 00:06:41.324009
727,RedGrid25,0,0.686214,-0.0785463393404537,-0.1110447777500386,-0.1110447777500386,-0.0037181848843186,-0.0914465706069511,0 days 00:11:18.361350
728,RedGrid5,0,0.686214,-0.0785463393404537,-0.1110447777500386,-0.1110447777500386,-0.0037181848843186,-0.0914465706069511,0 days 00:11:36.317339
729,RedGrid75,0,0.663082,-0.052848925003588,-0.1107729737186394,-0.1107729737186394,0.0,-0.0313295648830438,0 days 00:11:39.471441
730,ExpGrad.1,0,0.706832,-0.0822810475661142,-0.0991353377912448,-0.0991353377912448,-0.0741719039424283,-0.0719762144619873,0 days 00:03:47.537949
731,ExpGrad.01,0,0.684097,-0.0131195108893045,-0.0163153522377654,-0.0163153522377654,-0.0108381551513676,-0.0115801319019898,0 days 00:07:05.066632
732,RedGrid25,0,0.687776,-0.0802831294530765,-0.113845079580966,-0.113845079580966,-0.0061903696060349,-0.0920635615106642,0 days 00:14:14.456829
733,RedGrid5,0,0.687776,-0.0802831294530765,-0.113845079580966,-0.113845079580966,-0.0061903696060349,-0.0920635615106642,0 days 00:14:26.818334
734,RedGrid75,0,0.664414,-0.0538216643574246,-0.1117540460306454,-0.1117540460306454,0.0,-0.0328659481367842,0 days 00:14:29.102504
735,ExpGrad.1,1,0.710067,-0.0254434377097096,-0.0993133435219665,-0.0993133435219665,-0.0213050121535784,-0.0254785365730172,0 days 00:02:47.159592
736,ExpGrad.01,1,0.588264,-0.0004228747939296,-0.0029380550398354,-0.0029380550398354,-0.0010451781177788,0.0,0 days 00:02:18.033496
737,RedGrid25,1,0.705781,-0.0596386148190249,-0.1260385279412606,-0.1260385279412606,-0.0599170237705444,-0.0574485312349977,0 days 00:10:07.917020
738,RedGrid5,1,0.700184,-0.0066391424992277,-0.0929995240371714,-0.0929995240371714,0.0,-0.0076808596112339,0 days 00:10:07.300369
739,RedGrid75,1,0.700184,-0.0066391424992277,-0.0929995240371714,-0.0929995240371714,0.0,-0.0076808596112339,0 days 00:09:58.576940
740,ExpGrad.1,2,0.715354,-0.0635561069314271,-0.0943951925834587,-0.0943951925834587,-0.0369513087119645,-0.0537750551334602,0 days 00:02:44.686930
741,ExpGrad.01,2,0.616777,-0.0099559412083802,-0.0134744149130187,-0.0134744149130187,0.0,-0.0134573327921041,0 days 00:03:33.387680
742,RedGrid25,2,0.712968,-0.0720878983502776,-0.090214278389065,-0.090214278389065,-0.0619571648939694,-0.0626647517488748,0 days 00:11:04.557229
743,RedGrid5,2,0.712968,-0.0720878983502776,-0.090214278389065,-0.090214278389065,-0.0619571648939694,-0.0626647517488748,0 days 00:11:06.201170
744,RedGrid75,2,0.712968,-0.0720878983502776,-0.090214278389065,-0.090214278389065,-0.0619571648939694,-0.0626647517488748,0 days 00:10:45.631215
745,ExpGrad.1,1,0.709875,-0.0219332697552935,-0.1064742204094824,-0.1064742204094824,-0.0314331529022428,-0.0140544473472722,0 days 00:02:06.510601
746,ExpGrad.01,1,0.581464,0.0,0.0,0.0,0.0,0.0,0 days 00:02:15.115734
747,RedGrid25,1,0.698237,-0.015247646934062,-0.1028970674097043,-0.1028970674097043,0.0,-0.0209675457159324,0 days 00:09:34.811856
748,RedGrid5,1,0.698237,-0.015247646934062,-0.1028970674097043,-0.1028970674097043,0.0,-0.0209675457159324,0 days 00:09:33.383344
749,RedGrid75,1,0.698237,-0.015247646934062,-0.1028970674097043,-0.1028970674097043,0.0,-0.0209675457159324,0 days 00:09:31.026538
750,ExpGrad.1,1,0.710792,-0.0347906075800709,-0.1104436404534076,-0.1104436404534076,-0.0349194421686601,-0.0323508128561559,0 days 00:02:16.737015
751,ExpGrad.01,1,0.58433,-0.0064646807192073,-0.0172715559429463,-0.0172715559429463,-0.0013133184928516,-0.008967834791149,0 days 00:02:25.298668
752,RedGrid25,1,0.700541,-0.0068614304446571,-0.1055121253323655,-0.1055121253323655,-0.0001962276726995,-0.0074492003929261,0 days 00:12:23.209642
753,RedGrid5,1,0.700541,-0.0068614304446571,-0.1055121253323655,-0.1055121253323655,-0.0001962276726995,-0.0074492003929261,0 days 00:12:28.484161
754,RedGrid75,1,0.700541,-0.0068614304446571,-0.1055121253323655,-0.1055121253323655,-0.0001962276726995,-0.0074492003929261,0 days 00:12:50.235582
755,ExpGrad.1,0,0.706914,-0.0835579984184076,-0.0996565089708374,-0.0996565089708374,-0.076068024826563,-0.0735850005458973,0 days 00:03:58.551181
756,ExpGrad.01,0,0.689203,-0.0125596166781732,-0.0167882901102838,-0.0167882901102838,-0.0094395169611858,-0.0105785686825624,0 days 00:06:36.045537
757,RedGrid25,0,0.692072,-0.0222886257697139,-0.0273637794516059,-0.0273637794516059,-0.0071544539336051,-0.0262210704138213,0 days 00:15:45.027820
758,RedGrid5,0,0.692072,-0.0222886257697139,-0.0273637794516059,-0.0273637794516059,-0.0071544539336051,-0.0262210704138213,0 days 00:15:38.176085
759,RedGrid75,0,0.692072,-0.0222886257697139,-0.0273637794516059,-0.0273637794516059,-0.0071544539336051,-0.0262210704138213,0 days 00:15:43.683392
760,ExpGrad.1,2,0.716732,-0.0615620485138973,-0.096936026493831,-0.096936026493831,-0.0589512141191378,-0.0319741630157804,0 days 00:03:15.277093
761,ExpGrad.01,2,0.598944,-0.0010684986603933,-0.0027171113180136,0.0,0.0,-0.0027171113180136,0 days 00:05:11.629802
762,RedGrid25,2,0.719137,-0.0793691973194699,-0.084087996938032,-0.084087996938032,-0.0835145985583502,-0.0724657043560815,0 days 00:13:32.792064
763,RedGrid5,2,0.680565,-0.0250204542806191,-0.0678429711975762,-0.0678429711975762,0.0,-0.0035847253621444,0 days 00:13:29.702003
764,RedGrid75,2,0.662773,-0.0203453216137195,-0.0584600662620403,-0.0584600662620403,0.0,0.0,0 days 00:13:27.558780
765,ExpGrad.1,0,0.70627,-0.0806605939594706,-0.0992640469593119,-0.0992640469593119,-0.0727723676239867,-0.068681435173203,0 days 00:03:06.491567
766,ExpGrad.01,0,0.686274,-0.0121066864933269,-0.0186562186754974,-0.0186562186754974,-0.0126033991382387,-0.0060890962630779,0 days 00:06:28.440777
767,RedGrid25,0,0.689466,-0.0195294548553995,-0.0263844252047517,-0.0263844252047517,-0.005050273930234,-0.0214788564845173,0 days 00:13:06.026159
768,RedGrid5,0,0.689466,-0.0195294548553995,-0.0263844252047517,-0.0263844252047517,-0.005050273930234,-0.0214788564845173,0 days 00:15:12.850106
769,RedGrid75,0,0.689466,-0.0195294548553995,-0.0263844252047517,-0.0263844252047517,-0.005050273930234,-0.0214788564845173,0 days 00:16:15.112008
770,ExpGrad.1,0,0.706891,-0.0793290659622334,-0.0966716031041069,-0.0966716031041069,-0.0673064486521104,-0.0707677937411761,0 days 00:03:41.424534
771,ExpGrad.01,0,0.688778,-0.017300060228246,-0.0221005723326251,-0.0221005723326251,-0.0127893773602369,-0.0155844213664064,0 days 00:07:56.708475
772,RedGrid25,0,0.690483,-0.0197782980078366,-0.0252868586741317,-0.0252868586741317,-0.0048565814507598,-0.0231998784471332,0 days 00:15:19.739875
773,RedGrid5,0,0.690483,-0.0197782980078366,-0.0252868586741317,-0.0252868586741317,-0.0048565814507598,-0.0231998784471332,0 days 00:15:23.972811
774,RedGrid75,0,0.690483,-0.0197782980078366,-0.0252868586741317,-0.0252868586741317,-0.0048565814507598,-0.0231998784471332,0 days 00:15:24.627637
775,ExpGrad.1,0,0.707033,-0.0779801915571093,-0.0950896635777256,-0.0950896635777256,-0.0657180574744069,-0.0697631535852931,0 days 00:02:46.094333
776,ExpGrad.01,0,0.688725,-0.0123014817971469,-0.0186210112651071,-0.0186210112651071,-0.0052855881620246,-0.010643622391641,0 days 00:06:32.371426
777,RedGrid25,0,0.695413,-0.0399169401808018,-0.0476832170136005,-0.0425003818027772,-0.021801421312552,-0.0476832170136005,0 days 00:10:32.765351
778,RedGrid5,0,0.695413,-0.0399169401808018,-0.0476832170136005,-0.0425003818027772,-0.021801421312552,-0.0476832170136005,0 days 00:10:33.511316
779,RedGrid75,0,0.695413,-0.0399169401808018,-0.0476832170136005,-0.0425003818027772,-0.021801421312552,-0.0476832170136005,0 days 00:10:39.199809
780,ExpGrad.1,1,0.712209,-0.0527323278777507,-0.1312615626209655,-0.1312615626209655,-0.0612774294788863,-0.045607382089965,0 days 00:02:00.794277
781,ExpGrad.01,1,0.612116,-0.0045793344659662,-0.0201506486983073,-0.0201506486983073,-0.0066022022744995,-0.002985033597405,0 days 00:03:13.652897
782,RedGrid25,1,0.706663,-0.0747512100994354,-0.1439656665440452,-0.1439656665440452,-0.0860351002581688,-0.0663978772244173,0 days 00:09:56.046290
783,RedGrid5,1,0.706663,-0.0747512100994354,-0.1439656665440452,-0.1439656665440452,-0.0860351002581688,-0.0663978772244173,0 days 00:09:59.040342
784,RedGrid75,1,0.706663,-0.0747512100994354,-0.1439656665440452,-0.1439656665440452,-0.0860351002581688,-0.0663978772244173,0 days 00:09:55.464112
785,ExpGrad.1,2,0.718766,-0.0666017058416688,-0.1000150176677187,-0.1000150176677187,-0.0425717041311202,-0.0527439234061132,0 days 00:03:23.801289
786,ExpGrad.01,2,0.636331,-0.0056085744262174,-0.0100845105837998,-0.0100845105837998,-0.0007974167041222,-0.0047923859119838,0 days 00:03:59.932216
787,RedGrid25,2,0.682702,-0.0310697014016806,-0.0685555990095651,-0.0685555990095651,0.0,-0.0182084047790682,0 days 00:11:54.253793
788,RedGrid5,2,0.682702,-0.0310697014016806,-0.0685555990095651,-0.0685555990095651,0.0,-0.0182084047790682,0 days 00:12:19.621149
789,RedGrid75,2,0.603917,-0.0066794780504908,-0.0259480011233265,0.0,-0.0259480011233265,0.0,0 days 00:12:27.361630
790,ExpGrad.1,0,0.706908,-0.0823952849581874,-0.0992131426629474,-0.0992131426629474,-0.0738645193053304,-0.072322851978654,0 days 00:03:40.083149
791,ExpGrad.01,0,0.684155,-0.0143113558669611,-0.0187839897247631,-0.0187839897247631,-0.0110635807506557,-0.0121763974388757,0 days 00:05:44.377283
792,RedGrid25,0,0.683631,-0.113967152038693,-0.1489369475072189,-0.1489369475072189,-0.0946015418140422,-0.093927118769274,0 days 00:15:36.535627
793,RedGrid5,0,0.683631,-0.113967152038693,-0.1489369475072189,-0.1489369475072189,-0.0946015418140422,-0.093927118769274,0 days 00:15:40.734961
794,RedGrid75,0,0.683631,-0.113967152038693,-0.1489369475072189,-0.1489369475072189,-0.0946015418140422,-0.093927118769274,0 days 00:15:39.535696
795,ExpGrad.1,1,0.711869,-0.0340839267985599,-0.122367142730441,-0.122367142730441,-0.0411254079152514,-0.027460221868411,0 days 00:03:15.794990
796,ExpGrad.01,1,0.605958,-0.0036907545007774,-0.022476235346201,-0.022476235346201,-0.0023580955189411,-0.003846172843519,0 days 00:04:00.687379
797,RedGrid25,1,0.706199,-0.0660980494256278,-0.1479092714097414,-0.1479092714097414,-0.0718427233568124,-0.0603914077306089,0 days 00:10:48.176302
798,RedGrid5,1,0.706199,-0.0660980494256278,-0.1479092714097414,-0.1479092714097414,-0.0718427233568124,-0.0603914077306089,0 days 00:10:44.327220
799,RedGrid75,1,0.706199,-0.0660980494256278,-0.1479092714097414,-0.1479092714097414,-0.0718427233568124,-0.0603914077306089,0 days 00:10:19.346725
800,ExpGrad.1,2,0.694112,-0.0508570812717024,-0.078399644196821,-0.078399644196821,-0.0443208710117528,-0.0308805236566436,0 days 00:01:41.298101
801,ExpGrad.01,2,0.621877,-0.004199193993834,-0.01031129158154,-0.01031129158154,0.0,-0.0016097490204194,0 days 00:02:16.189169
802,RedGrid25,2,0.724111,-0.083260712249026,-0.1056426938016062,-0.1056426938016062,-0.0866964547414916,-0.0611600470051128,0 days 00:07:55.043986
803,RedGrid5,2,0.720379,-0.0844848969057234,-0.0976529707829819,-0.0966565354887935,-0.0976529707829819,-0.0648872119067724,0 days 00:07:55.494411
804,RedGrid75,2,0.625677,-0.0199312921767529,-0.0289703547592658,-0.0053069612046492,-0.0289703547592658,-0.0268033122192717,0 days 00:07:55.398340
805,ExpGrad.1,1,0.707754,-0.0403462995091188,-0.1177002951092084,-0.1177002951092084,-0.0339576033857796,-0.0415001287817385,0 days 00:01:48.129630
806,ExpGrad.01,1,0.599095,-0.0110671485263426,-0.0188896991636998,-0.0188896991636998,-0.0069059195831697,-0.0131258188788948,0 days 00:03:38.103633
807,RedGrid25,1,0.69924,-0.046358700889388,-0.1230160930058962,-0.1230160930058962,0.0,-0.0696157681483029,0 days 00:10:16.867451
808,RedGrid5,1,0.68684,-0.0302254893352193,-0.0912808974994529,-0.0912808974994529,0.0,-0.0450487597256873,0 days 00:10:17.201495
809,RedGrid75,1,0.68684,-0.0302254893352193,-0.0912808974994529,-0.0912808974994529,0.0,-0.0450487597256873,0 days 00:10:15.328503
810,ExpGrad.1,1,0.710985,-0.0339212872812339,-0.111447600721636,-0.111447600721636,-0.0228630472033334,-0.0375842633860251,0 days 00:02:01.009198
811,ExpGrad.01,1,0.603631,-0.0003813704401218,-0.0075527698134468,-0.0075527698134468,-0.0006655817550639,0.0,0 days 00:03:11.392639
812,RedGrid25,1,0.699962,-0.0121228257668895,-0.1055496145915017,-0.1055496145915017,0.0,-0.0158739980817377,0 days 00:09:56.568208
813,RedGrid5,1,0.699962,-0.0121228257668895,-0.1055496145915017,-0.1055496145915017,0.0,-0.0158739980817377,0 days 00:10:00.303278
814,RedGrid75,1,0.699962,-0.0121228257668895,-0.1055496145915017,-0.1055496145915017,0.0,-0.0158739980817377,0 days 00:09:55.263500
815,ExpGrad.1,2,0.681872,-0.0281224395148843,-0.0630516260564895,-0.0630516260564895,0.0,-0.0162624809606629,0 days 00:03:08.426905
816,ExpGrad.01,2,0.620238,-0.0036733233707729,-0.010652621893347,-0.010652621893347,0.0,0.0,0 days 00:03:50.476857
817,RedGrid25,2,0.692565,-0.044360731167119,-0.0832935744777134,-0.063404109004559,-0.0832935744777134,-0.0015426212444629,0 days 00:10:54.278607
818,RedGrid5,2,0.650731,-0.0096087158758391,-0.0278652344959157,-0.0278652344959157,0.0,0.0,0 days 00:10:48.340781
819,RedGrid75,2,0.650731,-0.0096087158758391,-0.0278652344959157,-0.0278652344959157,0.0,0.0,0 days 00:10:30.428819
820,ExpGrad.1,1,0.712316,-0.0489306354487684,-0.1317345611565819,-0.1317345611565819,-0.0537483372168517,-0.0436824524906824,0 days 00:02:38.980402
821,ExpGrad.01,1,0.612556,-0.0042033388465612,-0.0292809687962552,-0.0292809687962552,-0.0040121977703165,-0.0035289711267462,0 days 00:04:15.170288
822,RedGrid25,1,0.692066,-0.0017831278031467,-0.0908611712374781,-0.0908611712374781,0.0,0.0,0 days 00:12:38.523572
823,RedGrid5,1,0.692066,-0.0017831278031467,-0.0908611712374781,-0.0908611712374781,0.0,0.0,0 days 00:12:28.102700
824,RedGrid75,1,0.692066,-0.0017831278031467,-0.0908611712374781,-0.0908611712374781,0.0,0.0,0 days 00:12:29.004718
825,ExpGrad.1,0,0.706835,-0.0762525851111942,-0.0950118491875252,-0.0950118491875252,-0.0632808642943454,-0.0669049941731197,0 days 00:03:42.518323
826,ExpGrad.01,0,0.687372,-0.0165554972179459,-0.0230632660147238,-0.0230632660147238,-0.0132311935204331,-0.0126663214853555,0 days 00:07:04.731960
827,RedGrid25,0,0.686704,-0.1207851422288315,-0.1506473813593946,-0.1506473813593946,-0.0991043241777285,-0.1064721877934774,0 days 00:15:02.935268
828,RedGrid5,0,0.686704,-0.1207851422288315,-0.1506473813593946,-0.1506473813593946,-0.0991043241777285,-0.1064721877934774,0 days 00:15:07.126310
829,RedGrid75,0,0.668214,-0.0519466010592496,-0.1094667141937534,-0.1094667141937534,0.0,-0.0299771814896681,0 days 00:15:26.560794
830,ExpGrad.1,2,0.721232,-0.0693795717249851,-0.0995922481427301,-0.0995922481427301,-0.0816553456583673,-0.0340992895110043,0 days 00:02:32.669662
831,ExpGrad.01,2,0.620783,-0.0077050803021795,-0.0112297532052295,-0.0095306137819894,0.0,-0.0112297532052295,0 days 00:02:53.751384
832,RedGrid25,2,0.715992,-0.0663653460518628,-0.1069381068853161,-0.1069381068853161,-0.0826073898816828,-0.019150100906784,0 days 00:10:48.087396
833,RedGrid5,2,0.70175,-0.0530969392301665,-0.0782240775231755,-0.0782240775231755,-0.0766216584134862,-0.014838642589994,0 days 00:10:55.948308
834,RedGrid75,2,0.660791,-0.0248401761757176,-0.0500721874447898,-0.0337092934939311,-0.0500721874447898,0.0,0 days 00:10:59.357512
835,ExpGrad.1,1,0.713161,-0.0501361570218376,-0.1311183513593526,-0.1311183513593526,-0.0484692622513603,-0.0485429334221554,0 days 00:02:24.709251
836,ExpGrad.01,1,0.586906,-0.0080196533947541,-0.0185403426301201,-0.0185403426301201,0.0,-0.0121335745082646,0 days 00:03:50.518044
837,RedGrid25,1,0.700591,-0.0032520923341191,-0.1132054458950504,-0.1132054458950504,0.0,-0.0016364761808927,0 days 00:13:05.239246
838,RedGrid5,1,0.700591,-0.0032520923341191,-0.1132054458950504,-0.1132054458950504,0.0,-0.0016364761808927,0 days 00:13:21.501615
839,RedGrid75,1,0.700591,-0.0032520923341191,-0.1132054458950504,-0.1132054458950504,0.0,-0.0016364761808927,0 days 00:13:29.190211
840,ExpGrad.1,0,0.706458,-0.0776866125390823,-0.0958877335075524,-0.0958877335075524,-0.066476286138789,-0.0678949277154277,0 days 00:02:47.658031
841,ExpGrad.01,0,0.688415,-0.0126369992382393,-0.0181762205556981,-0.0181762205556981,-0.0097638509619883,-0.0093585970955472,0 days 00:06:17.920511
842,RedGrid25,0,0.689512,-0.016288106475979,-0.0235863465394052,-0.0235863465394052,-0.000560927948791,-0.0185867295930296,0 days 00:12:25.524486
843,RedGrid5,0,0.689512,-0.016288106475979,-0.0235863465394052,-0.0235863465394052,-0.000560927948791,-0.0185867295930296,0 days 00:12:49.323420
844,RedGrid75,0,0.689512,-0.016288106475979,-0.0235863465394052,-0.0235863465394052,-0.000560927948791,-0.0185867295930296,0 days 00:13:00.126427
845,ExpGrad.1,2,0.708709,-0.0493043087080265,-0.0880277266563301,-0.0880277266563301,-0.0539112517751401,-0.0125085574692259,0 days 00:05:04.371215
846,ExpGrad.01,2,0.616996,-0.0020768325265976,-0.0060320872660917,-0.0060320872660917,0.0,0.0,0 days 00:03:58.514916
847,RedGrid25,2,0.726676,-0.0865441292693314,-0.1135464372986702,-0.1135464372986702,-0.0891516777251449,-0.0612853188879113,0 days 00:13:17.935571
848,RedGrid5,2,0.698746,-0.0462225421887734,-0.0780730442102212,-0.0751297902175974,-0.0780730442102212,0.0,0 days 00:13:16.422468
849,RedGrid75,2,0.672114,-0.0347222907368608,-0.0723724489895463,-0.0460445727693836,-0.0723724489895463,0.0,0 days 00:13:19.265281
850,ExpGrad.1,1,0.7115,-0.0441388867930108,-0.1271173297075262,-0.1271173297075262,-0.0360833773641733,-0.0460193973130146,0 days 00:01:46.670220
851,ExpGrad.01,1,0.601588,-0.000283895152221,-0.0144971893003836,-0.0144971893003836,0.0,0.0,0 days 00:02:39.517567
852,RedGrid25,1,0.700218,-0.0140865078830859,-0.1142612814961,-0.1142612814961,-0.0063978844930592,-0.0152307352863653,0 days 00:10:12.893828
853,RedGrid5,1,0.700218,-0.0140865078830859,-0.1142612814961,-0.1142612814961,-0.0063978844930592,-0.0152307352863653,0 days 00:10:09.387121
854,RedGrid75,1,0.700218,-0.0140865078830859,-0.1142612814961,-0.1142612814961,-0.0063978844930592,-0.0152307352863653,0 days 00:10:10.520607
855,ExpGrad.1,2,0.666266,-0.04073278706767,-0.0624434050929508,-0.0624434050929508,-0.031044076308765,-0.028142197279242,0 days 00:03:56.951915
856,ExpGrad.01,2,0.631431,-0.0054877210840898,-0.0120901332816389,-0.0120901332816389,-0.0049888169688896,0.0,0 days 00:05:00.238358
857,RedGrid25,2,0.676717,-0.0369206706493059,-0.0622708801391117,-0.0622708801391117,0.0,-0.0395748860078116,0 days 00:13:55.534232
858,RedGrid5,2,0.676717,-0.0369206706493059,-0.0622708801391117,-0.0622708801391117,0.0,-0.0395748860078116,0 days 00:13:57.810263
859,RedGrid75,2,0.638786,-0.0159191231095252,-0.0231578764631251,-0.0231578764631251,0.0,-0.0203208771967126,0 days 00:13:54.068306
860,ExpGrad.1,1,0.709637,-0.0252736340378659,-0.1181695452886437,-0.1181695452886437,-0.0276747108070932,-0.0211005877748757,0 days 00:02:38.189795
861,ExpGrad.01,1,0.591988,-9.9499550815744e-05,-0.0051636682902389,-0.0051636682902389,0.0,0.0,0 days 00:04:55.135129
862,RedGrid25,1,0.7057,-0.0679241985302911,-0.1495415453852308,-0.1495415453852308,-0.0675546638141991,-0.0656350334467559,0 days 00:13:36.730629
863,RedGrid5,1,0.7057,-0.0679241985302911,-0.1495415453852308,-0.1495415453852308,-0.0675546638141991,-0.0656350334467559,0 days 00:13:35.344389
864,RedGrid75,1,0.700553,-0.0126817481407955,-0.1164175171286774,-0.1164175171286774,0.0,-0.0165564694404565,0 days 00:13:33.285757
865,ExpGrad.1,1,0.709502,-0.0356215538645082,-0.1098913871103179,-0.1098913871103179,-0.0524717324786404,-0.0240196104707036,0 days 00:02:07.809854
866,ExpGrad.01,1,0.591959,-0.0003154259206098,-0.009654972770048,-0.009654972770048,-0.0003675568810563,0.0,0 days 00:02:11.271064
867,RedGrid25,1,0.704871,-0.0708767962877424,-0.1442932099849322,-0.1442932099849322,-0.0727135991144951,-0.0676077459300059,0 days 00:09:04.721419
868,RedGrid5,1,0.704871,-0.0708767962877424,-0.1442932099849322,-0.1442932099849322,-0.0727135991144951,-0.0676077459300059,0 days 00:09:03.994531
869,RedGrid75,1,0.700435,-0.0139409547388661,-0.104965110930924,-0.104965110930924,0.0,-0.0188612420608971,0 days 00:09:05.443220
870,ExpGrad.1,1,0.709632,-0.0247769872595058,-0.1099984564181836,-0.1099984564181836,-0.0281690259095733,-0.0202469877632782,0 days 00:02:31.699689
871,ExpGrad.01,1,0.598016,-0.0076619198489714,-0.0187239632344324,-0.0187239632344324,-0.0061986281246557,-0.0081290859374534,0 days 00:02:55.047724
872,RedGrid25,1,0.701697,-0.0087871249189061,-0.1091484846813399,-0.1091484846813399,-0.0041580103627339,-0.0082325772481181,0 days 00:10:47.687755
873,RedGrid5,1,0.701697,-0.0087871249189061,-0.1091484846813399,-0.1091484846813399,-0.0041580103627339,-0.0082325772481181,0 days 00:10:46.454422
874,RedGrid75,1,0.701697,-0.0087871249189061,-0.1091484846813399,-0.1091484846813399,-0.0041580103627339,-0.0082325772481181,0 days 00:10:36.973643
875,ExpGrad.1,2,0.65869,-0.0319398071903255,-0.0466706634378633,-0.0466706634378633,0.0,-0.0403281958044394,0 days 00:02:54.755884
876,ExpGrad.01,2,0.609824,-0.0037045752590611,-0.0106792385554418,-0.0106792385554418,0.0,0.0,0 days 00:03:54.371002
877,RedGrid25,2,0.693183,-0.0600746734167288,-0.0819649980601375,-0.0819649980601375,0.0,-0.0810185813573646,0 days 00:11:31.105791
878,RedGrid5,2,0.674933,-0.048173679455773,-0.076419666193597,-0.052835412835223,0.0,-0.076419666193597,0 days 00:11:33.624841
879,RedGrid75,2,0.631156,-0.0156167395444867,-0.0296215232953439,-0.011669797740417,0.0,-0.0296215232953439,0 days 00:11:35.896247
880,ExpGrad.1,0,0.706365,-0.0852189465758616,-0.103502314393383,-0.103502314393383,-0.0749885367132751,-0.0747830575635272,0 days 00:03:15.999935
881,ExpGrad.01,0,0.686439,-0.015001919193241,-0.0199624249992151,-0.0199624249992151,-0.01273273114851,-0.0118899872709633,0 days 00:05:39.302994
882,RedGrid25,0,0.685434,-0.1264303780184019,-0.1565568256273533,-0.1565568256273533,-0.1053355417115696,-0.111582055236542,0 days 00:12:32.327433
883,RedGrid5,0,0.685434,-0.1264303780184019,-0.1565568256273533,-0.1565568256273533,-0.1053355417115696,-0.111582055236542,0 days 00:12:26.054517
884,RedGrid75,0,0.667351,-0.0518006227516704,-0.1099627579533975,-0.1099627579533975,0.0,-0.0292693336293607,0 days 00:12:25.087509
885,ExpGrad.1,2,0.713399,-0.064202923218156,-0.0933783076603629,-0.0933783076603629,-0.0713608722367941,-0.0335973447185469,0 days 00:02:30.057099
886,ExpGrad.01,2,0.603305,-0.0108668261049767,-0.0120147228410031,-0.0112669591737862,-0.0120147228410031,-0.0097526549775592,0 days 00:02:20.606682
887,RedGrid25,2,0.724331,-0.0778305456946066,-0.110242659237719,-0.110242659237719,-0.0819040903529348,-0.0463953123683715,0 days 00:11:00.890993
888,RedGrid5,2,0.707753,-0.0585684034148911,-0.0791512577343218,-0.0791512577343218,-0.0615740184114033,-0.0383288765247551,0 days 00:10:56.128653
889,RedGrid75,2,0.707753,-0.0585684034148911,-0.0791512577343218,-0.0791512577343218,-0.0615740184114033,-0.0383288765247551,0 days 00:10:53.698204
890,ExpGrad.1,0,0.707066,-0.0775830328839632,-0.0949564854506122,-0.0949564854506122,-0.0674211401704666,-0.0679327192625405,0 days 00:03:05.332495
891,ExpGrad.01,0,0.686769,-0.0127241403318784,-0.0159164726583652,-0.0159164726583652,-0.0120129686729781,-0.0103107827627807,0 days 00:05:10.010419
892,RedGrid25,0,0.69139,-0.0190192549045425,-0.0253550106550046,-0.0253550106550046,-0.005123828967087,-0.0211421942195219,0 days 00:13:03.568750
893,RedGrid5,0,0.69139,-0.0190192549045425,-0.0253550106550046,-0.0253550106550046,-0.005123828967087,-0.0211421942195219,0 days 00:13:10.213637
894,RedGrid75,0,0.69139,-0.0190192549045425,-0.0253550106550046,-0.0253550106550046,-0.005123828967087,-0.0211421942195219,0 days 00:13:06.742172
895,ExpGrad.1,1,0.711264,-0.0331800013839402,-0.1178157978992631,-0.1178157978992631,-0.0357531420388976,-0.0291480537429298,0 days 00:03:26.093914
896,ExpGrad.01,1,0.610893,-0.0097883835815706,-0.0300081594854639,-0.0300081594854639,-0.0061773456581948,-0.011162303400566,0 days 00:05:40.377909
897,RedGrid25,1,0.701317,-0.0092005744459831,-0.1120825460070539,-0.1120825460070539,0.0,-0.0111179495617793,0 days 00:12:56.033808
898,RedGrid5,1,0.701317,-0.0092005744459831,-0.1120825460070539,-0.1120825460070539,0.0,-0.0111179495617793,0 days 00:12:23.000861
899,RedGrid75,1,0.701317,-0.0092005744459831,-0.1120825460070539,-0.1120825460070539,0.0,-0.0111179495617793,0 days 00:12:17.758567
900,ExpGrad.1,2,0.71831,-0.0651419183477104,-0.1010827950455672,-0.1010827950455672,-0.0365441472597442,-0.052138086682432,0 days 00:03:30.818054
901,ExpGrad.01,2,0.623799,-0.0071703553986486,-0.0107745347058069,-0.0076464941890705,-0.0011577663827093,-0.0107745347058069,0 days 00:03:41.362682
902,RedGrid25,2,0.692351,-0.0476072955111013,-0.0815169798352011,-0.0815169798352011,0.0,-0.0491643893882955,0 days 00:10:54.910161
903,RedGrid5,2,0.676571,-0.0330851227262765,-0.0500345101290843,-0.0500345101290843,0.0,-0.040090192878515,0 days 00:11:03.043922
904,RedGrid75,2,0.673617,-0.0314855714583846,-0.0484153741727977,-0.0484153741727977,0.0,-0.0374359482154775,0 days 00:11:01.720850
905,ExpGrad.1,0,0.706807,-0.0785672025114724,-0.0953287878804199,-0.0953287878804199,-0.0675018184984489,-0.069979316096612,0 days 00:02:33.500177
906,ExpGrad.01,0,0.686492,-0.0131785209780256,-0.0168644010302646,-0.0168644010302646,-0.0131114342784572,-0.009980103251607,0 days 00:05:26.731312
907,RedGrid25,0,0.691344,-0.0218450033779409,-0.0267702542586668,-0.0267702542586668,-0.0075992971799855,-0.0254079878074703,0 days 00:09:57.875991
908,RedGrid5,0,0.691344,-0.0218450033779409,-0.0267702542586668,-0.0267702542586668,-0.0075992971799855,-0.0254079878074703,0 days 00:10:32.134503
909,RedGrid75,0,0.691344,-0.0218450033779409,-0.0267702542586668,-0.0267702542586668,-0.0075992971799855,-0.0254079878074703,0 days 00:10:26.434125
910,ExpGrad.1,0,0.707014,-0.0816103643144207,-0.0991852781927412,-0.0991852781927412,-0.0709954446188538,-0.0720271838348342,0 days 00:03:09.139984
911,ExpGrad.01,0,0.688589,-0.0112083999405555,-0.0161135752639511,-0.0161135752639511,-0.0066447758951142,-0.0094200057078172,0 days 00:06:38.072340
912,RedGrid25,0,0.687405,-0.0789477158932562,-0.1106636690017833,-0.1106636690017833,-0.0049425962244024,-0.0920173886015843,0 days 00:11:01.067268
913,RedGrid5,0,0.687405,-0.0789477158932562,-0.1106636690017833,-0.1106636690017833,-0.0049425962244024,-0.0920173886015843,0 days 00:11:14.280318
914,RedGrid75,0,0.663953,-0.0512636438230158,-0.1075369362290881,-0.1075369362290881,0.0,-0.0301426545523776,0 days 00:10:58.563787
915,ExpGrad.1,2,0.709995,-0.0533934555461896,-0.0900081417866296,-0.0900081417866296,-0.0441782639269754,-0.0272079084786333,0 days 00:02:29.009461
916,ExpGrad.01,2,0.600012,-0.0090856121477352,-0.0118849093903715,-0.0118849093903715,-0.0090067077878536,-0.0066639345905525,0 days 00:03:08.315499
917,RedGrid25,2,0.726157,-0.0802428988374397,-0.1073249015290956,-0.1073249015290956,-0.0890714014289554,-0.0503792186630507,0 days 00:11:52.246295
918,RedGrid5,2,0.694099,-0.0452748444077395,-0.1003955638847516,-0.1003955638847516,-0.0122417888984198,-0.0187086511028899,0 days 00:12:01.841721
919,RedGrid75,2,0.694099,-0.0452748444077395,-0.1003955638847516,-0.1003955638847516,-0.0122417888984198,-0.0187086511028899,0 days 00:12:02.288765
920,ExpGrad.1,2,0.705425,-0.0495857684543214,-0.0866148698375325,-0.0866148698375325,-0.0221536939609568,-0.0345819115382453,0 days 00:03:12.755496
921,ExpGrad.01,2,0.616387,-0.0056071370879099,-0.0126143488381187,-0.0126143488381187,-6.721006382329198e-05,-0.0029995087136867,0 days 00:05:07.437563
922,RedGrid25,2,0.717805,-0.0674016324011715,-0.1047982602536675,-0.1047982602536675,-0.0758066126677149,-0.0282702125345882,0 days 00:13:11.017433
923,RedGrid5,2,0.664505,-0.0200267113116905,-0.0376571493819622,-0.0376571493819622,-0.0263661213991656,0.0,0 days 00:13:10.383960
924,RedGrid75,2,0.664505,-0.0200267113116905,-0.0376571493819622,-0.0376571493819622,-0.0263661213991656,0.0,0 days 00:13:09.138084
925,ExpGrad.1,2,0.710746,-0.054705575260398,-0.0865949526488418,-0.0865949526488418,-0.0338733772191903,-0.0401881124719234,0 days 00:02:10.464165
926,ExpGrad.01,2,0.599672,-0.0056733569002596,-0.0102584610468837,-0.0047456721256871,0.0,-0.0102584610468837,0 days 00:03:41.989890
927,RedGrid25,2,0.713494,-0.0678875153405568,-0.1054385733541039,-0.1054385733541039,-0.0319991557024936,-0.0583218725939453,0 days 00:12:22.754594
928,RedGrid5,2,0.70691,-0.0592909954361353,-0.1008765869479031,-0.1008765869479031,-0.0113422025745583,-0.0541366333719359,0 days 00:12:26.040928
929,RedGrid75,2,0.70691,-0.0592909954361353,-0.1008765869479031,-0.1008765869479031,-0.0113422025745583,-0.0541366333719359,0 days 00:12:17.540253
930,ExpGrad.1,2,0.707038,-0.053790042478428,-0.0854012055687901,-0.0854012055687901,-0.0733972510540827,-0.0127419682995871,0 days 00:03:09.806787
931,ExpGrad.01,2,0.616538,-0.0068941855907555,-0.01188713182351,-0.01188713182351,-0.0106008563229049,0.0,0 days 00:05:26.040673
932,RedGrid25,2,0.713197,-0.0612934892645551,-0.1060664557463129,-0.1060664557463129,-0.0628032288199829,-0.0208428016722589,0 days 00:13:31.648603
933,RedGrid5,2,0.699379,-0.0473017809866341,-0.0775116189288754,-0.0775116189288754,-0.0760978492622475,-0.0012987189103411,0 days 00:13:28.920093
934,RedGrid75,2,0.632207,-0.0187170132806482,-0.0330769843421689,-0.0289864173972979,-0.0330769843421689,0.0,0 days 00:13:26.823456
935,ExpGrad.1,0,0.70734,-0.0808564054810792,-0.0976192793694953,-0.0976192793694953,-0.0727032076356775,-0.0706769995268318,0 days 00:03:08.487990
936,ExpGrad.01,0,0.68571,-0.0084459507111844,-0.0137132545890406,-0.0137132545890406,-0.0027149196287055,-0.0070052008690837,0 days 00:06:53.290883
937,RedGrid25,0,0.683659,-0.1111590688426129,-0.1462757748379559,-0.1462757748379559,-0.0922894657872599,-0.090826690830958,0 days 00:11:49.853955
938,RedGrid5,0,0.683659,-0.1111590688426129,-0.1462757748379559,-0.1462757748379559,-0.0922894657872599,-0.090826690830958,0 days 00:11:53.078409
939,RedGrid75,0,0.683659,-0.1111590688426129,-0.1462757748379559,-0.1462757748379559,-0.0922894657872599,-0.090826690830958,0 days 00:11:59.351908
940,ExpGrad.1,2,0.685628,-0.0341845706173257,-0.0606083764039338,-0.0606083764039338,-0.0292265417758184,-0.0139338271944581,0 days 00:02:43.361341
941,ExpGrad.01,2,0.603874,-0.0069088733621621,-0.0098846222811811,-0.0088179502832085,0.0,-0.0098846222811811,0 days 00:02:29.245544
942,RedGrid25,2,0.697121,-0.0469579597742709,-0.0746461203393166,-0.0674281807037767,-0.0746461203393166,-0.0099053367271239,0 days 00:10:59.160967
943,RedGrid5,2,0.672229,-0.0327256154836764,-0.0591879599252885,-0.0387321045886652,-0.0591879599252885,-0.0094273580101038,0 days 00:10:20.262829
944,RedGrid75,2,0.672229,-0.0327256154836764,-0.0591879599252885,-0.0387321045886652,-0.0591879599252885,-0.0094273580101038,0 days 00:10:32.735239
945,ExpGrad.1,2,0.719298,-0.0667236519048079,-0.0982708094660857,-0.0982708094660857,-0.052801174152092,-0.0482616065741285,0 days 00:02:03.720203
946,ExpGrad.01,2,0.621627,-0.0060977276620382,-0.009316165966419,-0.009316165966419,-0.0078912710885621,-0.0020433870200339,0 days 00:03:11.617837
947,RedGrid25,2,0.707082,-0.0534947354458281,-0.0950993607044519,-0.0950993607044519,-0.0573488532497621,-0.0141415614367754,0 days 00:10:43.939497
948,RedGrid5,2,0.679909,-0.0305587399406096,-0.0735575461484658,-0.0735575461484658,0.0,-0.013218302808066,0 days 00:10:48.611210
949,RedGrid75,2,0.644251,-0.0187793194030792,-0.0376639321390702,-0.0255987253332112,-0.0376639321390702,0.0,0 days 00:10:47.616111
950,ExpGrad.1,1,0.710403,-0.037420353053386,-0.1232485560586735,-0.1232485560586735,-0.038886346724217,-0.0340052339819749,0 days 00:02:02.880304
951,ExpGrad.01,1,0.604964,-0.0015860342217076,-0.0215486001674833,-0.0215486001674833,0.0,-0.0018588389269706,0 days 00:02:41.484095
952,RedGrid25,1,0.706927,-0.0632664673522172,-0.1442778629118448,-0.1442778629118448,-0.0650220495756463,-0.059837083583383,0 days 00:09:51.333045
953,RedGrid5,1,0.706927,-0.0632664673522172,-0.1442778629118448,-0.1442778629118448,-0.0650220495756463,-0.059837083583383,0 days 00:09:49.999677
954,RedGrid75,1,0.706927,-0.0632664673522172,-0.1442778629118448,-0.1442778629118448,-0.0650220495756463,-0.059837083583383,0 days 00:09:52.317883
955,ExpGrad.1,1,0.711933,-0.0403412864832924,-0.1126738948652517,-0.1126738948652517,-0.0509106333351566,-0.0322841334653112,0 days 00:02:54.081371
956,ExpGrad.01,1,0.593881,-0.0071775037530869,-0.0162110234422832,-0.0162110234422832,-0.0114618670467603,-0.0045280461452997,0 days 00:04:10.964882
957,RedGrid25,1,0.706834,-0.0711057820762007,-0.1415327771797122,-0.1415327771797122,-0.0723305343883758,-0.0682864409788661,0 days 00:11:16.536819
958,RedGrid5,1,0.698161,-0.0057522055028418,-0.0956225207347424,-0.0956225207347424,0.0,-0.0062094052678146,0 days 00:11:15.992686
959,RedGrid75,1,0.698161,-0.0057522055028418,-0.0956225207347424,-0.0956225207347424,0.0,-0.0062094052678146,0 days 00:11:15.895669
960,ExpGrad.1,0,0.706679,-0.0839972373876632,-0.1005538344397493,-0.1005538344397493,-0.077377800580747,-0.0731441343039749,0 days 00:03:39.882595
961,ExpGrad.01,0,0.690371,-0.0137786367953343,-0.019860197700231,-0.019860197700231,-0.0109858967271481,-0.0099916211150057,0 days 00:07:57.645880
962,RedGrid25,0,0.682615,-0.1127500577106226,-0.1481080663815805,-0.1481080663815805,-0.0938727922758249,-0.0921907296956204,0 days 00:14:16.226086
963,RedGrid5,0,0.682615,-0.1127500577106226,-0.1481080663815805,-0.1481080663815805,-0.0938727922758249,-0.0921907296956204,0 days 00:14:17.378533
964,RedGrid75,0,0.682615,-0.1127500577106226,-0.1481080663815805,-0.1481080663815805,-0.0938727922758249,-0.0921907296956204,0 days 00:14:18.795269
965,ExpGrad.1,0,0.706973,-0.0822920109353008,-0.1000963173991238,-0.1000963173991238,-0.0723679869356025,-0.0721911897553142,0 days 00:03:24.434550
966,ExpGrad.01,0,0.689274,-0.0139917385486887,-0.0201461080081455,-0.0201461080081455,-0.0100900511495941,-0.0107615180444683,0 days 00:07:18.132400
967,RedGrid25,0,0.694382,-0.0339692137430178,-0.0401560009574459,-0.0373643651958853,-0.017444711317988,-0.0401560009574459,0 days 00:16:26.260966
968,RedGrid5,0,0.694382,-0.0339692137430178,-0.0401560009574459,-0.0373643651958853,-0.017444711317988,-0.0401560009574459,0 days 00:16:52.460487
969,RedGrid75,0,0.694382,-0.0339692137430178,-0.0401560009574459,-0.0373643651958853,-0.017444711317988,-0.0401560009574459,0 days 00:16:52.203544
970,ExpGrad.1,1,0.708427,-0.0176771111227202,-0.0995914680506598,-0.0995914680506598,-0.024505132302334,-0.0113969712905375,0 days 00:04:08.562258
971,ExpGrad.01,1,0.604394,-0.0026832739788534,-0.0202903454417373,-0.0202903454417373,-0.0065703040336945,0.0,0 days 00:04:31.687618
972,RedGrid25,1,0.708533,-0.0651097901844155,-0.1362423693337487,-0.1362423693337487,-0.0719415306295999,-0.059158897631614,0 days 00:12:51.515230
973,RedGrid5,1,0.708533,-0.0651097901844155,-0.1362423693337487,-0.1362423693337487,-0.0719415306295999,-0.059158897631614,0 days 00:12:28.734252
974,RedGrid75,1,0.708533,-0.0651097901844155,-0.1362423693337487,-0.1362423693337487,-0.0719415306295999,-0.059158897631614,0 days 00:12:24.229568
975,ExpGrad.1,0,0.707282,-0.0834879964956243,-0.1007107500316619,-0.1007107500316619,-0.0757516289234511,-0.0726364758977444,0 days 00:03:11.703373
976,ExpGrad.01,0,0.688782,-0.0171230588669557,-0.0220453492876344,-0.0220453492876344,-0.0170843822717867,-0.0128174780829085,0 days 00:05:57.496579
977,RedGrid25,0,0.683153,-0.1127017179704247,-0.1486052936524929,-0.1486052936524929,-0.0925536658295739,-0.092308559184004,0 days 00:12:07.642930
978,RedGrid5,0,0.683153,-0.1127017179704247,-0.1486052936524929,-0.1486052936524929,-0.0925536658295739,-0.092308559184004,0 days 00:12:26.924702
979,RedGrid75,0,0.683153,-0.1127017179704247,-0.1486052936524929,-0.1486052936524929,-0.0925536658295739,-0.092308559184004,0 days 00:12:20.275177
980,ExpGrad.1,2,0.705302,-0.0529958868565174,-0.0796921973063296,-0.0796921973063296,-0.072392944284882,-0.0160260332349292,0 days 00:02:36.792429
981,ExpGrad.01,2,0.628915,-0.0088952081887903,-0.0151064959695613,-0.0151064959695613,-0.0138438182356359,0.0,0 days 00:03:28.290499
982,RedGrid25,2,0.70988,-0.0641115688015966,-0.0983202617325866,-0.0962214327440544,-0.0983202617325866,-0.0123120428846096,0 days 00:12:55.150397
983,RedGrid5,2,0.673715,-0.0379706326189096,-0.0683358147574395,-0.0487323197338729,-0.0683358147574395,-0.0078697340521092,0 days 00:12:51.561961
984,RedGrid75,2,0.673715,-0.0379706326189096,-0.0683358147574395,-0.0487323197338729,-0.0683358147574395,-0.0078697340521092,0 days 00:12:56.298096
985,ExpGrad.1,2,0.708853,-0.0510019419625816,-0.0818668072023772,-0.0818668072023772,-0.0284416964725414,-0.0384653542923016,0 days 00:01:52.472175
986,ExpGrad.01,2,0.624085,-0.0094383383433805,-0.0150653114456844,-0.0150653114456844,-0.008791490441873,-0.0048195353128305,0 days 00:02:46.579106
987,RedGrid25,2,0.717623,-0.0676377217629701,-0.1030252470848364,-0.1030252470848364,-0.0834121857649284,-0.0252332909855332,0 days 00:08:00.694472
988,RedGrid5,2,0.691242,-0.0372346508392172,-0.0653501530605109,-0.0576176412778545,-0.0653501530605109,0.0,0 days 00:08:03.046349
989,RedGrid75,2,0.691242,-0.0372346508392172,-0.0653501530605109,-0.0576176412778545,-0.0653501530605109,0.0,0 days 00:07:53.215079
990,ExpGrad.1,0,0.705785,-0.0796433283043179,-0.0966755353314384,-0.0966755353314384,-0.0715369244319581,-0.0691968059967571,0 days 00:03:08.066141
991,ExpGrad.01,0,0.68871,-0.0125154877874693,-0.0178728590262925,-0.0178728590262925,-0.0121919806340673,-0.0080015769815765,0 days 00:07:16.828747
992,RedGrid25,0,0.682843,-0.1120473979409036,-0.1467479798025588,-0.1467479798025588,-0.0949883658659924,-0.0910639277693465,0 days 00:12:12.791975
993,RedGrid5,0,0.682843,-0.1120473979409036,-0.1467479798025588,-0.1467479798025588,-0.0949883658659924,-0.0910639277693465,0 days 00:12:31.763077
994,RedGrid75,0,0.682843,-0.1120473979409036,-0.1467479798025588,-0.1467479798025588,-0.0949883658659924,-0.0910639277693465,0 days 00:12:14.317348
995,ExpGrad.1,2,0.722372,-0.0735236501056849,-0.1094419619272835,-0.1094419619272835,-0.0520896697827288,-0.05610106801515,0 days 00:02:30.131468
996,ExpGrad.01,2,0.600736,-0.0041718805413256,-0.0120437069890034,-0.0120437069890034,0.0,0.0,0 days 00:03:25.955783
997,RedGrid25,2,0.726786,-0.0964893632015734,-0.1274950982425008,-0.1274950982425008,-0.0942308666162407,-0.0705220756423696,0 days 00:10:49.550446
998,RedGrid5,2,0.68023,-0.0337263003607399,-0.0549101969272974,-0.0549101969272974,0.0,-0.0376350710914331,0 days 00:10:57.978896
999,RedGrid75,2,0.677691,-0.0316586918168475,-0.0529075290355479,-0.0529075290355479,0.0,-0.0341189732056124,0 days 00:11:00.011828
1000,ExpGrad.1,0,0.706462,-0.0807622185755494,-0.0980888875796259,-0.0980888875796259,-0.0715077025543435,-0.0706548515325417,0 days 00:03:39.220740
1001,ExpGrad.01,0,0.687428,-0.0162778638821364,-0.0211447568902345,-0.0211447568902345,-0.0119932531936305,-0.0143712820872685,0 days 00:08:33.423268
1002,RedGrid25,0,0.683015,-0.1116236497515371,-0.1476978816933666,-0.1476978816933666,-0.0884143937602324,-0.0927610250012417,0 days 00:15:12.268637
1003,RedGrid5,0,0.683015,-0.1116236497515371,-0.1476978816933666,-0.1476978816933666,-0.0884143937602324,-0.0927610250012417,0 days 00:15:11.135773
1004,RedGrid75,0,0.683015,-0.1116236497515371,-0.1476978816933666,-0.1476978816933666,-0.0884143937602324,-0.0927610250012417,0 days 00:14:59.964504
1005,ExpGrad.1,1,0.710831,-0.0299737679140044,-0.1118095675326739,-0.1118095675326739,-0.0298769603643878,-0.0275125651160983,0 days 00:02:34.397882
1006,ExpGrad.01,1,0.576766,-0.002296302085603,-0.0036337625180677,-0.0001054586882509,0.0,-0.0036337625180677,0 days 00:02:39.109500
1007,RedGrid25,1,0.699427,-0.0451667671858518,-0.1147064514419794,-0.1147064514419794,0.0,-0.0680126465792575,0 days 00:10:18.944656
1008,RedGrid5,1,0.683624,-0.0008726803525128,-0.0449799011102714,-0.0449799011102714,0.0,0.0,0 days 00:10:15.700244
1009,RedGrid75,1,0.683624,-0.0008726803525128,-0.0449799011102714,-0.0449799011102714,0.0,0.0,0 days 00:10:15.827282
1010,ExpGrad.1,2,0.717026,-0.064599071483181,-0.0948792042842007,-0.0948792042842007,-0.0903903962851714,-0.0210898578011478,0 days 00:02:46.596560
1011,ExpGrad.01,2,0.617896,-0.0043799184967597,-0.0074238862407691,-0.0074238862407691,-0.0069818794018829,0.0,0 days 00:04:29.814025
1012,RedGrid25,2,0.717543,-0.0652829758672857,-0.1004919017565917,-0.1004919017565917,-0.0920446375662197,-0.0168130752792708,0 days 00:12:25.652609
1013,RedGrid5,2,0.717543,-0.0652829758672857,-0.1004919017565917,-0.1004919017565917,-0.0920446375662197,-0.0168130752792708,0 days 00:12:32.752062
1014,RedGrid75,2,0.70389,-0.0490751567308853,-0.0818068601374441,-0.0771622566789192,-0.0818068601374441,-0.0029278961462383,0 days 00:12:36.498520
1015,ExpGrad.1,1,0.709256,-0.0248794054091973,-0.1079175086208854,-0.1079175086208854,-0.0281730526448358,-0.0204822984075763,0 days 00:01:58.072637
1016,ExpGrad.01,1,0.615077,-0.0089031702899234,-0.0310178299686447,-0.0310178299686447,-0.0121327198683831,-0.0064233434106144,0 days 00:05:02.322376
1017,RedGrid25,1,0.704828,-0.0685300902946639,-0.1386350169810133,-0.1386350169810133,-0.076404295184665,-0.061983950526668,0 days 00:10:53.411309
1018,RedGrid5,1,0.704828,-0.0685300902946639,-0.1386350169810133,-0.1386350169810133,-0.076404295184665,-0.061983950526668,0 days 00:10:54.246180
1019,RedGrid75,1,0.704828,-0.0685300902946639,-0.1386350169810133,-0.1386350169810133,-0.076404295184665,-0.061983950526668,0 days 00:10:24.891877
1020,ExpGrad.1,0,0.706848,-0.0830755066351149,-0.100954359930958,-0.100954359930958,-0.0738142502449364,-0.0724851611139488,0 days 00:03:07.129674
1021,ExpGrad.01,0,0.688779,-0.0144256526760168,-0.0189773417512804,-0.0189773417512804,-0.0125886722188628,-0.011441775164491,0 days 00:08:16.381060
1022,RedGrid25,0,0.686898,-0.0791521873376733,-0.1129356059006779,-0.1129356059006779,-0.0033066319968161,-0.0913762033028569,0 days 00:12:14.199709
1023,RedGrid5,0,0.686898,-0.0791521873376733,-0.1129356059006779,-0.1129356059006779,-0.0033066319968161,-0.0913762033028569,0 days 00:12:24.738799
1024,RedGrid75,0,0.665074,-0.054838404122598,-0.1129486619995434,-0.1129486619995434,0.0,-0.0340844355299604,0 days 00:12:02.448861
1025,ExpGrad.1,0,0.706401,-0.0825378954234819,-0.1002316756384823,-0.1002316756384823,-0.0722515718275125,-0.0727140451683601,0 days 00:03:10.158196
1026,ExpGrad.01,0,0.686294,-0.012912942623781,-0.0185292806050246,-0.0185292806050246,-0.0107184298289936,-0.0092016740315009,0 days 00:06:31.055594
1027,RedGrid25,0,0.682503,-0.1172290451054519,-0.1529613933699332,-0.1529613933699332,-0.0946977064610894,-0.0983638254091773,0 days 00:14:25.139528
1028,RedGrid5,0,0.682503,-0.1172290451054519,-0.1529613933699332,-0.1529613933699332,-0.0946977064610894,-0.0983638254091773,0 days 00:14:06.464905
1029,RedGrid75,0,0.682503,-0.1172290451054519,-0.1529613933699332,-0.1529613933699332,-0.0946977064610894,-0.0983638254091773,0 days 00:13:59.658602
1030,ExpGrad.1,1,0.708438,-0.0218878798885045,-0.1043451530801776,-0.1043451530801776,-0.033771602564617,-0.0127698957416855,0 days 00:03:15.822591
1031,ExpGrad.01,1,0.596091,-0.0056850739336735,-0.011113910467166,0.0,-0.011113910467166,-0.0028501725369216,0 days 00:03:35.564154
1032,RedGrid25,1,0.699275,-0.0018376526006901,-0.0949125856014496,-0.0949125856014496,0.0,0.0,0 days 00:12:06.745765
1033,RedGrid5,1,0.699275,-0.0018376526006901,-0.0949125856014496,-0.0949125856014496,0.0,0.0,0 days 00:12:04.077491
1034,RedGrid75,1,0.699275,-0.0018376526006901,-0.0949125856014496,-0.0949125856014496,0.0,0.0,0 days 00:12:00.125513
1035,ExpGrad.1,0,0.707396,-0.0825675714754896,-0.1000734817135515,-0.1000734817135515,-0.072882331120646,-0.0725176670088468,0 days 00:02:26.796394
1036,ExpGrad.01,0,0.690622,-0.0133843994449022,-0.0194924615469684,-0.0194924615469684,-0.0090333804401635,-0.0104160716232338,0 days 00:06:06.480220
1037,RedGrid25,0,0.6824,-0.115522135664712,-0.1499743097696337,-0.1499743097696337,-0.0941108656153557,-0.0970455141447763,0 days 00:09:06.838213
1038,RedGrid5,0,0.6824,-0.115522135664712,-0.1499743097696337,-0.1499743097696337,-0.0941108656153557,-0.0970455141447763,0 days 00:08:59.944788
1039,RedGrid75,0,0.6824,-0.115522135664712,-0.1499743097696337,-0.1499743097696337,-0.0941108656153557,-0.0970455141447763,0 days 00:09:00.545558
1040,ExpGrad.1,0,0.705761,-0.0838403873014947,-0.1025349181130064,-0.1025349181130064,-0.0734704451321319,-0.0731263954464592,0 days 00:03:10.279434
1041,ExpGrad.01,0,0.683998,-0.0125036297488968,-0.0181770960455912,-0.0181770960455912,-0.008026696530621,-0.0099900509033776,0 days 00:05:32.739639
1042,RedGrid25,0,0.68496,-0.1229730602506564,-0.1549562576754476,-0.1549562576754476,-0.0986987220535644,-0.1082684778041137,0 days 00:11:59.950901
1043,RedGrid5,0,0.68496,-0.1229730602506564,-0.1549562576754476,-0.1549562576754476,-0.0986987220535644,-0.1082684778041137,0 days 00:12:05.461640
1044,RedGrid75,0,0.68496,-0.1229730602506564,-0.1549562576754476,-0.1549562576754476,-0.0986987220535644,-0.1082684778041137,0 days 00:11:52.949423
1045,ExpGrad.1,0,0.706493,-0.0815773389659351,-0.0992507144159066,-0.0992507144159066,-0.0731673546666189,-0.0707060447797041,0 days 00:02:37.480388
1046,ExpGrad.01,0,0.690454,-0.0151868048036342,-0.021708668421328,-0.021708668421328,-0.0114118336088403,-0.0115468027057119,0 days 00:05:56.926304
1047,RedGrid25,0,0.690178,-0.0191775894742922,-0.0266767765635198,-0.0266767765635198,-0.0039700899512555,-0.0210080089858443,0 days 00:10:22.782446
1048,RedGrid5,0,0.690178,-0.0191775894742922,-0.0266767765635198,-0.0266767765635198,-0.0039700899512555,-0.0210080089858443,0 days 00:10:22.200852
1049,RedGrid75,0,0.690178,-0.0191775894742922,-0.0266767765635198,-0.0266767765635198,-0.0039700899512555,-0.0210080089858443,0 days 00:10:30.449378
1050,ExpGrad.1,0,0.707406,-0.0794920931492866,-0.0960300627077533,-0.0960300627077533,-0.070768617712362,-0.069796413580746,0 days 00:03:48.076968
1051,ExpGrad.01,0,0.687048,-0.012075036898134,-0.0161019792035198,-0.0161019792035198,-0.0092244087042472,-0.0101148329490929,0 days 00:07:04.984255
1052,RedGrid25,0,0.69517,-0.0499187293141036,-0.0704959940586339,-0.0457035104975913,-0.0704959940586339,-0.0422677586478301,0 days 00:14:23.955688
1053,RedGrid5,0,0.69517,-0.0499187293141036,-0.0704959940586339,-0.0457035104975913,-0.0704959940586339,-0.0422677586478301,0 days 00:14:25.906643
1054,RedGrid75,0,0.69517,-0.0499187293141036,-0.0704959940586339,-0.0457035104975913,-0.0704959940586339,-0.0422677586478301,0 days 00:14:26.216369
1055,ExpGrad.1,0,0.706679,-0.0803575314108026,-0.0969207751848294,-0.0969207751848294,-0.0728605151071281,-0.0699222177588987,0 days 00:03:25.962049
1056,ExpGrad.01,0,0.689559,-0.0073797292977619,-0.0138035957184122,-0.0138035957184122,-0.0056780555047036,-0.0026635925285322,0 days 00:09:54.311171
1057,RedGrid25,0,0.681979,-0.1150944472253665,-0.148577576040801,-0.148577576040801,-0.0983951678516126,-0.0948554485491716,0 days 00:15:00.957938
1058,RedGrid5,0,0.681979,-0.1150944472253665,-0.148577576040801,-0.148577576040801,-0.0983951678516126,-0.0948554485491716,0 days 00:14:59.253947
1059,RedGrid75,0,0.66781,-0.0598422280882442,-0.1137105866460411,-0.1137105866460411,-0.0101037473716008,-0.0399680755625831,0 days 00:14:51.405615
1060,ExpGrad.1,2,0.707243,-0.0518024449414488,-0.0906526782932305,-0.0906526782932305,-0.0234875328357515,-0.0358593807270407,0 days 00:02:12.672559
1061,ExpGrad.01,2,0.628891,-0.0061383211282679,-0.0123139295582558,-0.0123139295582558,-0.0052995214114243,-0.0011741389547171,0 days 00:03:34.165641
1062,RedGrid25,2,0.705913,-0.057507074644757,-0.1115744644548764,-0.1115744644548764,-0.0030231858992084,-0.0453240816952619,0 days 00:10:29.633714
1063,RedGrid5,2,0.682975,-0.033597355909783,-0.0849399919397486,-0.0849399919397486,0.0,-0.0099915919242999,0 days 00:10:35.854579
1064,RedGrid75,2,0.640745,-0.0164333521736493,-0.0363849934654943,-0.0200074312815766,-0.0363849934654943,0.0,0 days 00:10:36.539524
1065,ExpGrad.1,1,0.706436,-0.0210471404871808,-0.1019368998824412,-0.1019368998824412,-0.0213555896614399,-0.0183629939786401,0 days 00:02:17.221635
1066,ExpGrad.01,1,0.579188,-0.0032263268113419,-0.0049702554368884,-0.004673961769721,0.0,-0.0049702554368884,0 days 00:03:08.857648
1067,RedGrid25,1,0.694335,-0.0014929887323484,-0.0761927786613204,-0.0761927786613204,0.0,0.0,0 days 00:10:53.190367
1068,RedGrid5,1,0.694335,-0.0014929887323484,-0.0761927786613204,-0.0761927786613204,0.0,0.0,0 days 00:10:49.522957
1069,RedGrid75,1,0.694335,-0.0014929887323484,-0.0761927786613204,-0.0761927786613204,0.0,0.0,0 days 00:10:55.100746
1070,ExpGrad.1,2,0.708574,-0.0727698787726109,-0.0906918328982665,-0.0906918328982665,-0.0637004982173078,-0.0630344531225075,0 days 00:02:42.902740
1071,ExpGrad.01,2,0.618806,-0.00963535836512,-0.0131300431094055,-0.0124686551219387,-0.0131300431094055,-0.0048086891462659,0 days 00:03:45.405380
1072,RedGrid25,2,0.718961,-0.0893229040236753,-0.1078938699215683,-0.0943759858540185,-0.1078938699215683,-0.0724843084982561,0 days 00:11:46.605286
1073,RedGrid5,2,0.692142,-0.0507795984867984,-0.0873403241536074,-0.0760954783206472,-0.0873403241536074,-0.0040937344179063,0 days 00:12:33.445347
1074,RedGrid75,2,0.692142,-0.0507795984867984,-0.0873403241536074,-0.0760954783206472,-0.0873403241536074,-0.0040937344179063,0 days 00:12:23.087573
1075,ExpGrad.1,0,0.707189,-0.0828997554725671,-0.1004400372870466,-0.1004400372870466,-0.0735603809770207,-0.072613782367692,0 days 00:03:34.321717
1076,ExpGrad.01,0,0.689536,-0.0151079667401811,-0.0198327864614297,-0.0198327864614297,-0.0137350199854635,-0.0117054353280592,0 days 00:09:04.181466
1077,RedGrid25,0,0.694458,-0.0380886995331365,-0.0449547276562823,-0.0397580487952992,-0.0230099550120295,-0.0449547276562823,0 days 00:16:43.232734
1078,RedGrid5,0,0.694458,-0.0380886995331365,-0.0449547276562823,-0.0397580487952992,-0.0230099550120295,-0.0449547276562823,0 days 00:16:48.193224
1079,RedGrid75,0,0.694458,-0.0380886995331365,-0.0449547276562823,-0.0397580487952992,-0.0230099550120295,-0.0449547276562823,0 days 00:16:44.463866
1080,ExpGrad.1,2,0.715347,-0.0590683833425256,-0.0930506024592578,-0.0930506024592578,-0.0590091796707802,-0.0285499311919451,0 days 00:02:34.764406
1081,ExpGrad.01,2,0.622777,-0.0067466820256223,-0.0168812734168955,-0.0066634957603062,-0.0168812734168955,0.0,0 days 00:05:16.386476
1082,RedGrid25,2,0.726063,-0.0883996529750177,-0.1127131300491977,-0.1127131300491977,-0.1004767010935127,-0.0584069743314903,0 days 00:10:36.222149
1083,RedGrid5,2,0.684002,-0.0473916392966825,-0.0631609488222341,-0.0631609488222341,-0.0315080136165911,-0.043902285915554,0 days 00:10:51.101486
1084,RedGrid75,2,0.684002,-0.0473916392966825,-0.0631609488222341,-0.0631609488222341,-0.0315080136165911,-0.043902285915554,0 days 00:10:47.325877
1085,ExpGrad.1,0,0.706482,-0.0814312455412168,-0.0993343123931285,-0.0993343123931285,-0.0733886115706858,-0.0701576214103807,0 days 00:02:39.305404
1086,ExpGrad.01,0,0.687786,-0.011836319336506,-0.0177875368143657,-0.0177875368143657,-0.0092652274734407,-0.0080322375245756,0 days 00:07:45.274697
1087,RedGrid25,0,0.693723,-0.0345315636302833,-0.0404896498543531,-0.0382922180062973,-0.0177749760763537,-0.0404896498543531,0 days 00:12:19.209489
1088,RedGrid5,0,0.693723,-0.0345315636302833,-0.0404896498543531,-0.0382922180062973,-0.0177749760763537,-0.0404896498543531,0 days 00:12:34.078096
1089,RedGrid75,0,0.693723,-0.0345315636302833,-0.0404896498543531,-0.0382922180062973,-0.0177749760763537,-0.0404896498543531,0 days 00:12:28.675528
1090,ExpGrad.1,2,0.704838,-0.0551671295908155,-0.084825245677352,-0.084825245677352,-0.0446053405114676,-0.0357592239918717,0 days 00:02:20.389902
1091,ExpGrad.01,2,0.623873,-0.0066812742824328,-0.0159132199899468,-0.0159132199899468,0.0,-0.0029189569546008,0 days 00:03:10.361502
1092,RedGrid25,2,0.709233,-0.0890997267709559,-0.1474091347039641,-0.1064952152508855,-0.1474091347039641,-0.0343989980686695,0 days 00:10:47.894646
1093,RedGrid5,2,0.656101,-0.0124392728948274,-0.0357094840144333,-0.0357094840144333,0.0,0.0,0 days 00:10:45.703853
1094,RedGrid75,2,0.581384,0.0,0.0,0.0,0.0,0.0,0 days 00:10:45.451411
1095,ExpGrad.1,0,0.707207,-0.0813022435063804,-0.0988073275859515,-0.0988073275859515,-0.0709257436504181,-0.071684644644833,0 days 00:03:14.304179
1096,ExpGrad.01,0,0.688412,-0.0123417313907867,-0.0181673765878785,-0.0181673765878785,-0.0111247434371487,-0.0079044933441848,0 days 00:06:02.118544
1097,RedGrid25,0,0.683022,-0.1136620057921517,-0.1483823814468449,-0.1483823814468449,-0.0947400889347688,-0.0936685332480924,0 days 00:12:29.982419
1098,RedGrid5,0,0.683022,-0.1136620057921517,-0.1483823814468449,-0.1483823814468449,-0.0947400889347688,-0.0936685332480924,0 days 00:12:28.488904
1099,RedGrid75,0,0.683022,-0.1136620057921517,-0.1483823814468449,-0.1483823814468449,-0.0947400889347688,-0.0936685332480924,0 days 00:12:27.374603
1100,ExpGrad.1,1,0.709397,-0.0199752808355957,-0.1017399938341604,-0.1017399938341604,-0.0209908431943978,-0.0168702828275062,0 days 00:01:46.806613
1101,ExpGrad.01,1,0.606223,-0.0014021878997268,-0.0127881711757874,-0.0127881711757874,0.0,-0.001824159474193,0 days 00:03:19.456223
1102,RedGrid25,1,0.707278,-0.0666605708339203,-0.1328793058541211,-0.1328793058541211,-0.0738658132174082,-0.060613210367347,0 days 00:09:20.217889
1103,RedGrid5,1,0.699247,-0.0027689721377635,-0.0930382871891979,-0.0930382871891979,0.0,-0.0014941321780086,0 days 00:09:23.700907
1104,RedGrid75,1,0.699247,-0.0027689721377635,-0.0930382871891979,-0.0930382871891979,0.0,-0.0014941321780086,0 days 00:09:44.849018
1105,ExpGrad.1,2,0.702892,-0.0442744073258841,-0.079925889906509,-0.079925889906509,-0.009929596081902,-0.0356955702567283,0 days 00:03:17.214559
1106,ExpGrad.01,2,0.625135,-0.0108324501186994,-0.0161069700455134,-0.0161069700455134,0.0,-0.0134526451784678,0 days 00:04:26.309352
1107,RedGrid25,2,0.699163,-0.0557553803431259,-0.0953703312291218,-0.0953703312291218,0.0,-0.0581200303629703,0 days 00:12:51.192688
1108,RedGrid5,2,0.670573,-0.0245713451229623,-0.0602547090085124,-0.0602547090085124,0.0,-0.0093545482701195,0 days 00:12:51.580725
1109,RedGrid75,2,0.652293,-0.0148322856978467,-0.0423822247886801,-0.0423822247886801,0.0,-0.0002851977463307,0 days 00:12:51.597491
1110,ExpGrad.1,1,0.712364,-0.047733764512507,-0.1235754222070231,-0.1235754222070231,-0.0504495582270098,-0.0438780706682145,0 days 00:02:47.868357
1111,ExpGrad.01,1,0.586162,-0.0001832663151099,-0.009390641433662,-0.009390641433662,0.0,0.0,0 days 00:02:47.458790
1112,RedGrid25,1,0.701427,-0.0153626558181415,-0.1060045902612184,-0.1060045902612184,-0.0121568392992936,-0.0143367540532904,0 days 00:09:05.079387
1113,RedGrid5,1,0.701427,-0.0153626558181415,-0.1060045902612184,-0.1060045902612184,-0.0121568392992936,-0.0143367540532904,0 days 00:09:11.800503
1114,RedGrid75,1,0.701427,-0.0153626558181415,-0.1060045902612184,-0.1060045902612184,-0.0121568392992936,-0.0143367540532904,0 days 00:09:17.028462
1115,ExpGrad.1,2,0.689258,-0.0383292475330092,-0.0659106306828863,-0.0659106306828863,-0.0065196562900328,-0.0346420949433428,0 days 00:02:46.021921
1116,ExpGrad.01,2,0.630197,-0.0074726687031364,-0.0122432495496619,-0.0122432495496619,-0.0016431801267221,-0.007056296647744,0 days 00:03:27.515446
1117,RedGrid25,2,0.706371,-0.0851309095487314,-0.0978305522300435,-0.0840657241342155,-0.0677774754949125,-0.0978305522300435,0 days 00:10:40.226746
1118,RedGrid5,2,0.672169,-0.0351951945718643,-0.0605564961662664,-0.03928640340664,-0.0605564961662664,-0.0143210801385826,0 days 00:10:39.182245
1119,RedGrid75,2,0.672169,-0.0351951945718643,-0.0605564961662664,-0.03928640340664,-0.0605564961662664,-0.0143210801385826,0 days 00:10:38.759984
1120,ExpGrad.1,0,0.70692,-0.0832557927989588,-0.1013055929926733,-0.1013055929926733,-0.0731353491903167,-0.0730312176296928,0 days 00:03:12.792234
1121,ExpGrad.01,0,0.686073,-0.0129824202930253,-0.0177642933774315,-0.0177642933774315,-0.0117899802799625,-0.009448780773634,0 days 00:05:42.767032
1122,RedGrid25,0,0.693851,-0.0373942171215976,-0.0442361851266218,-0.0399390453910343,-0.0210172696170948,-0.0442361851266218,0 days 00:12:36.250831
1123,RedGrid5,0,0.693851,-0.0373942171215976,-0.0442361851266218,-0.0399390453910343,-0.0210172696170948,-0.0442361851266218,0 days 00:12:34.396902
1124,RedGrid75,0,0.693851,-0.0373942171215976,-0.0442361851266218,-0.0399390453910343,-0.0210172696170948,-0.0442361851266218,0 days 00:12:33.359034
1125,ExpGrad.1,2,0.715207,-0.067707965121204,-0.0961084639894862,-0.0961084639894862,-0.0720942115086514,-0.0397354363525932,0 days 00:02:31.404091
1126,ExpGrad.01,2,0.611367,-0.010959156274229,-0.0160378701833867,-0.0160378701833867,-0.0094005912438453,-0.0075017514905477,0 days 00:04:40.169297
1127,RedGrid25,2,0.705652,-0.0568150294900054,-0.0868610142881359,-0.0868610142881359,-0.0815741803849964,-0.0139568127733761,0 days 00:12:57.234748
1128,RedGrid5,2,0.675594,-0.0230091887278952,-0.0561823326370745,-0.0561823326370745,0.0,-0.0088846822391689,0 days 00:12:51.830556
1129,RedGrid75,2,0.648062,-0.0207942499835147,-0.0479473985844579,-0.0240682166041518,-0.0479473985844579,0.0,0 days 00:12:43.193976
1130,ExpGrad.1,1,0.709222,-0.0307168763926102,-0.1051368460269424,-0.1051368460269424,-0.0407192971326251,-0.0228722605726132,0 days 00:01:51.332100
1131,ExpGrad.01,1,0.596251,-0.0037961131002626,-0.0141318627334466,-0.0141318627334466,-0.004464220513118,-0.0031072098117,0 days 00:03:24.550077
1132,RedGrid25,1,0.705949,-0.0694899896921011,-0.1396043053540805,-0.1396043053540805,-0.0743307963269066,-0.0646452624309119,0 days 00:11:38.394059
1133,RedGrid5,1,0.705949,-0.0694899896921011,-0.1396043053540805,-0.1396043053540805,-0.0743307963269066,-0.0646452624309119,0 days 00:13:05.999308
1134,RedGrid75,1,0.701468,-0.0127139795005405,-0.1025783446719925,-0.1025783446719925,0.0,-0.0170146358799434,0 days 00:13:01.221371
1135,ExpGrad.1,2,0.684266,-0.0488350476148034,-0.0813088753774551,-0.0813088753774551,-0.0261719900107897,-0.0350089649973972,0 days 00:02:18.202674
1136,ExpGrad.01,2,0.62897,-0.0033056919625531,-0.0082193915505163,-0.0082193915505163,0.0,-0.0011309610947127,0 days 00:02:27.381091
1137,RedGrid25,2,0.694523,-0.0573555656266365,-0.080648248285853,-0.080648248285853,0.0,-0.0749473064021946,0 days 00:08:22.139858
1138,RedGrid5,2,0.654045,-0.0094105726608416,-0.02700468984482,-0.02700468984482,0.0,0.0,0 days 00:08:16.472555
1139,RedGrid75,2,0.654045,-0.0094105726608416,-0.02700468984482,-0.02700468984482,0.0,0.0,0 days 00:08:01.516401
1140,ExpGrad.1,2,0.706942,-0.0468068940924683,-0.0849842613037673,-0.0849842613037673,-0.0159806621221238,-0.033655635551608,0 days 00:01:59.400048
1141,ExpGrad.01,2,0.612029,-0.0086260817101144,-0.0114774107118553,-0.0099664857921248,-0.0026441085904493,-0.0114774107118553,0 days 00:02:50.842424
1142,RedGrid25,2,0.714161,-0.0653138030126645,-0.0853374935647774,-0.0853374935647774,-0.0537058827865334,-0.0553325810440901,0 days 00:10:20.589353
1143,RedGrid5,2,0.680162,-0.0281645957472897,-0.0731365094491259,-0.0731365094491259,0.0,-0.007163314331944,0 days 00:10:20.523523
1144,RedGrid75,2,0.680162,-0.0281645957472897,-0.0731365094491259,-0.0731365094491259,0.0,-0.007163314331944,0 days 00:10:28.787099
1145,ExpGrad.1,0,0.707061,-0.0828066761321876,-0.1001507918675587,-0.1001507918675587,-0.0728775382906062,-0.0731115558401308,0 days 00:03:03.968455
1146,ExpGrad.01,0,0.685832,-0.0138855401855888,-0.0191659231789766,-0.0191659231789766,-0.0109717720398268,-0.0108733404004581,0 days 00:07:05.441263
1147,RedGrid25,0,0.686577,-0.1231114837887884,-0.1530411376303396,-0.1530411376303396,-0.1004393489615721,-0.1094531498712567,0 days 00:13:13.969046
1148,RedGrid5,0,0.686577,-0.1231114837887884,-0.1530411376303396,-0.1530411376303396,-0.1004393489615721,-0.1094531498712567,0 days 00:13:17.358200
1149,RedGrid75,0,0.668004,-0.0502085680785438,-0.1074783282788859,-0.1074783282788859,0.0,-0.0278599399917921,0 days 00:13:08.158245
1150,ExpGrad.1,0,0.706183,-0.082320242680723,-0.1004204331821614,-0.1004204331821614,-0.07335987923387,-0.0713835233624536,0 days 00:03:06.164549
1151,ExpGrad.01,0,0.686385,-0.0140975779721177,-0.0209250473897514,-0.0209250473897514,-0.0109374555749001,-0.0098504785261257,0 days 00:06:10.550213
1152,RedGrid25,0,0.682112,-0.1125553479710698,-0.1485034188094179,-0.1485034188094179,-0.0941310771069899,-0.0911824440814915,0 days 00:12:40.620237
1153,RedGrid5,0,0.682112,-0.1125553479710698,-0.1485034188094179,-0.1485034188094179,-0.0941310771069899,-0.0911824440814915,0 days 00:12:45.836916
1154,RedGrid75,0,0.682112,-0.1125553479710698,-0.1485034188094179,-0.1485034188094179,-0.0941310771069899,-0.0911824440814915,0 days 00:12:35.618938
1155,ExpGrad.1,1,0.707165,-0.0252490970046483,-0.1076810691001024,-0.1076810691001024,-0.0168964849864111,-0.0273337833089372,0 days 00:02:41.836685
1156,ExpGrad.01,1,0.59409,-0.0002521363711382,-0.0129273688313398,-0.0129273688313398,0.0,0.0,0 days 00:03:57.179403
1157,RedGrid25,1,0.702318,-0.0193714583831322,-0.114334046784005,-0.114334046784005,-0.01021598004944,-0.0215140364300652,0 days 00:11:38.024633
1158,RedGrid5,1,0.702318,-0.0193714583831322,-0.114334046784005,-0.114334046784005,-0.01021598004944,-0.0215140364300652,0 days 00:11:51.168217
1159,RedGrid75,1,0.702318,-0.0193714583831322,-0.114334046784005,-0.114334046784005,-0.01021598004944,-0.0215140364300652,0 days 00:11:45.249952
1160,ExpGrad.1,0,0.706495,-0.0835376447685575,-0.0996072237041909,-0.0996072237041909,-0.0747937280216628,-0.0742603631926925,0 days 00:03:00.872136
1161,ExpGrad.01,0,0.688179,-0.0129507428241083,-0.0180701608132127,-0.0180701608132127,-0.012469948388773,-0.0087188099304356,0 days 00:07:27.990179
1162,RedGrid25,0,0.691118,-0.0219199875054851,-0.0265240749852523,-0.0265240749852523,-0.0094829447141369,-0.0247621165763443,0 days 00:13:15.989452
1163,RedGrid5,0,0.691118,-0.0219199875054851,-0.0265240749852523,-0.0265240749852523,-0.0094829447141369,-0.0247621165763443,0 days 00:13:24.767324
1164,RedGrid75,0,0.691118,-0.0219199875054851,-0.0265240749852523,-0.0265240749852523,-0.0094829447141369,-0.0247621165763443,0 days 00:13:16.074543
1165,ExpGrad.1,2,0.720429,-0.0687918635294382,-0.1058411085325638,-0.1058411085325638,-0.0662616972016001,-0.0369372947376175,0 days 00:02:40.976262
1166,ExpGrad.01,2,0.630112,-0.0046897155958959,-0.0069757796270757,-0.0069757796270757,-0.0005541840776903,-0.0053869993048422,0 days 00:04:53.199671
1167,RedGrid25,2,0.710622,-0.0571495403705696,-0.092553638384597,-0.092553638384597,-0.0747806746475453,-0.0132937211456083,0 days 00:12:53.440975
1168,RedGrid5,2,0.710622,-0.0571495403705696,-0.092553638384597,-0.092553638384597,-0.0747806746475453,-0.0132937211456083,0 days 00:12:48.992832
1169,RedGrid75,2,0.631526,-0.0090888954397536,-0.0194965026131695,-0.0114353193762018,-0.0194965026131695,0.0,0 days 00:12:47.913061
1170,ExpGrad.1,1,0.711547,-0.0417072976719065,-0.1189604221269498,-0.1189604221269498,-0.0509524209656424,-0.0341893417663947,0 days 00:02:49.262490
1171,ExpGrad.01,1,0.600054,-0.0082697091293965,-0.0181457997859339,-0.0181457997859339,-0.0139965271662361,-0.0047906489960845,0 days 00:03:44.566601
1172,RedGrid25,1,0.704655,-0.07324299966681,-0.1449987752463519,-0.1449987752463519,-0.077593875024311,-0.0686070395722596,0 days 00:11:37.892966
1173,RedGrid5,1,0.704655,-0.07324299966681,-0.1449987752463519,-0.1449987752463519,-0.077593875024311,-0.0686070395722596,0 days 00:11:44.831085
1174,RedGrid75,1,0.7017,-0.016646637804181,-0.112524037991479,-0.112524037991479,-0.0011727710308552,-0.0222457878197193,0 days 00:11:41.621322
1175,ExpGrad.1,2,0.710957,-0.0568282194135144,-0.0861163551856656,-0.0861163551856656,-0.0457255508282661,-0.0381770096184552,0 days 00:02:43.154385
1176,ExpGrad.01,2,0.613455,-0.0052665141468103,-0.0127086488532522,-0.0127086488532522,0.0,-0.0021770143546843,0 days 00:04:56.428672
1177,RedGrid25,2,0.715103,-0.0768964504606362,-0.0902909867642021,-0.0902909867642021,-0.0785485545779695,-0.0638261970008422,0 days 00:12:52.866399
1178,RedGrid5,2,0.715103,-0.0768964504606362,-0.0902909867642021,-0.0902909867642021,-0.0785485545779695,-0.0638261970008422,0 days 00:12:53.427881
1179,RedGrid75,2,0.68651,-0.0331142676545775,-0.0773004339326453,-0.0773004339326453,0.0,-0.0160160312931286,0 days 00:12:52.670490
1180,ExpGrad.1,0,0.706055,-0.0817541789104277,-0.0996150058437673,-0.0996150058437673,-0.0724322299570999,-0.0712298206007124,0 days 00:03:41.885730
1181,ExpGrad.01,0,0.68586,-0.011315339503931,-0.016375041347877,-0.016375041347877,-0.0106336765782378,-0.007247030139968,0 days 00:07:05.950011
1182,RedGrid25,0,0.69345,-0.0360869589528402,-0.0440410321894034,-0.0382893989749067,-0.0182615671277766,-0.0440410321894034,0 days 00:15:22.358162
1183,RedGrid5,0,0.69345,-0.0360869589528402,-0.0440410321894034,-0.0382893989749067,-0.0182615671277766,-0.0440410321894034,0 days 00:15:24.841720
1184,RedGrid75,0,0.69345,-0.0360869589528402,-0.0440410321894034,-0.0382893989749067,-0.0182615671277766,-0.0440410321894034,0 days 00:15:21.122790
1185,ExpGrad.1,0,0.70699,-0.0814154245203939,-0.0988168258899966,-0.0988168258899966,-0.0725424836721141,-0.0710505755340463,0 days 00:03:11.907210
1186,ExpGrad.01,0,0.684766,-0.011835578219087,-0.0167387014240154,-0.0167387014240154,-0.0127998684975308,-0.0069980802733903,0 days 00:05:25.992800
1187,RedGrid25,0,0.694141,-0.0372304685381024,-0.0447264785767644,-0.0397318857840424,-0.0197160098621619,-0.0447264785767644,0 days 00:12:41.769183
1188,RedGrid5,0,0.694141,-0.0372304685381024,-0.0447264785767644,-0.0397318857840424,-0.0197160098621619,-0.0447264785767644,0 days 00:12:40.405789
1189,RedGrid75,0,0.694141,-0.0372304685381024,-0.0447264785767644,-0.0397318857840424,-0.0197160098621619,-0.0447264785767644,0 days 00:12:41.336317
1190,ExpGrad.1,2,0.697106,-0.0453384845770868,-0.0699691213389274,-0.0699691213389274,-0.0422590480191572,-0.0254991564946044,0 days 00:02:47.489576
1191,ExpGrad.01,2,0.628987,-0.0053720332350232,-0.0103258167270187,-0.0075600630641,-0.0103258167270187,-0.0001085854570366,0 days 00:03:51.609549
1192,RedGrid25,2,0.705205,-0.0553067026456596,-0.0986992270492159,-0.0986992270492159,-0.0001423772983999,-0.0536683320560191,0 days 00:10:39.204812
1193,RedGrid5,2,0.676371,-0.032201488259047,-0.0477262534929368,-0.0477262534929368,0.0,-0.0399638829967569,0 days 00:10:34.975382
1194,RedGrid75,2,0.676371,-0.032201488259047,-0.0477262534929368,-0.0477262534929368,0.0,-0.0399638829967569,0 days 00:10:41.361172
1195,ExpGrad.1,0,0.707236,-0.0823584588765062,-0.0996246298607084,-0.0996246298607084,-0.0748198668411357,-0.0714246274561153,0 days 00:03:44.961853
1196,ExpGrad.01,0,0.685976,-0.0120738214142967,-0.0169101206149965,-0.0169101206149965,-0.0100333447860616,-0.0089717622634304,0 days 00:06:52.468192
1197,RedGrid25,0,0.683394,-0.1117113499563661,-0.146684321554795,-0.146684321554795,-0.0935135432344751,-0.091189944026067,0 days 00:15:19.011559
1198,RedGrid5,0,0.683394,-0.1117113499563661,-0.146684321554795,-0.146684321554795,-0.0935135432344751,-0.091189944026067,0 days 00:15:32.173853
1199,RedGrid75,0,0.683394,-0.1117113499563661,-0.146684321554795,-0.146684321554795,-0.0935135432344751,-0.091189944026067,0 days 00:15:27.593676
1200,ExpGrad.1,2,0.712209,-0.0712899053588209,-0.0981918613890723,-0.0981918613890723,-0.0710243463425014,-0.0471958076641192,0 days 00:01:57.665134
1201,ExpGrad.01,2,0.624974,-0.0091615569838215,-0.0106835591340625,-0.0106835591340625,-0.0076332613502802,-0.0088233544291869,0 days 00:03:31.986783
1202,RedGrid25,2,0.730505,-0.1017883271005975,-0.1256392518525927,-0.1256392518525927,-0.1079438544349854,-0.0760981940949262,0 days 00:10:53.480095
1203,RedGrid5,2,0.669356,-0.0371182366898665,-0.071762084003431,-0.0431318179662512,-0.071762084003431,-0.0082277447449817,0 days 00:10:38.077454
1204,RedGrid75,2,0.623655,-0.0167326171313718,-0.0514231572207663,-0.0092370152500095,-0.0514231572207663,0.0,0 days 00:10:34.155603
1205,ExpGrad.1,0,0.706858,-0.0828799645376637,-0.1004029234706787,-0.1004029234706787,-0.0749286553784198,-0.0718872142041436,0 days 00:03:07.979309
1206,ExpGrad.01,0,0.688017,-0.0129089816753736,-0.0196214039015361,-0.0196214039015361,-0.0081809908762657,-0.0096285379375014,0 days 00:06:10.192556
1207,RedGrid25,0,0.686536,-0.1241268899013769,-0.1530175459493218,-0.1530175459493218,-0.1058572933838561,-0.1088571202838115,0 days 00:11:47.845639
1208,RedGrid5,0,0.686536,-0.1241268899013769,-0.1530175459493218,-0.1530175459493218,-0.1058572933838561,-0.1088571202838115,0 days 00:11:47.642861
1209,RedGrid75,0,0.667863,-0.0500467661394607,-0.107237679920697,-0.107237679920697,0.0,-0.027497665825645,0 days 00:11:44.671447
1210,ExpGrad.1,0,0.706108,-0.0779101069755352,-0.0955023479270676,-0.0955023479270676,-0.067093882990413,-0.0684791730165728,0 days 00:03:51.605005
1211,ExpGrad.01,0,0.688298,-0.0158384732877162,-0.020582018668372,-0.020582018668372,-0.0148562679647922,-0.0122295091148281,0 days 00:06:48.731152
1212,RedGrid25,0,0.69086,-0.024201736804573,-0.0292938059938467,-0.0292938059938467,-0.0141739239753104,-0.0252730959879112,0 days 00:16:32.134305
1213,RedGrid5,0,0.69086,-0.024201736804573,-0.0292938059938467,-0.0292938059938467,-0.0141739239753104,-0.0252730959879112,0 days 00:16:31.684509
1214,RedGrid75,0,0.69086,-0.024201736804573,-0.0292938059938467,-0.0292938059938467,-0.0141739239753104,-0.0252730959879112,0 days 00:16:31.957898
1215,ExpGrad.1,1,0.710163,-0.0391905512755705,-0.111681554942895,-0.111681554942895,-0.0416230299690083,-0.035638332057678,0 days 00:02:09.867917
1216,ExpGrad.01,1,0.609143,-0.0109205915508746,-0.023489661568339,-0.023489661568339,-0.0080180848054505,-0.0121460238476904,0 days 00:02:27.247387
1217,RedGrid25,1,0.706243,-0.0704012977859453,-0.1343311502834441,-0.1343311502834441,-0.0755910852007298,-0.0655821702077743,0 days 00:10:53.468081
1218,RedGrid5,1,0.697861,-0.0018008987560121,-0.0938078971124451,-0.0938078971124451,0.0,0.0,0 days 00:10:52.962729
1219,RedGrid75,1,0.697861,-0.0018008987560121,-0.0938078971124451,-0.0938078971124451,0.0,0.0,0 days 00:10:47.993700
1220,ExpGrad.1,0,0.706504,-0.0766314100234776,-0.0955105998795688,-0.0955105998795688,-0.0648117719009579,-0.0665867625523928,0 days 00:03:28.118710
1221,ExpGrad.01,0,0.687132,-0.0136285651554208,-0.0201204171921463,-0.0201204171921463,-0.0102739586689106,-0.0097822235110566,0 days 00:05:12.875280
1222,RedGrid25,0,0.686078,-0.1229284426363374,-0.1525309201360294,-0.1525309201360294,-0.1008612590786581,-0.1091322206689726,0 days 00:13:24.961638
1223,RedGrid5,0,0.686078,-0.1229284426363374,-0.1525309201360294,-0.1525309201360294,-0.1008612590786581,-0.1091322206689726,0 days 00:13:27.552106
1224,RedGrid75,0,0.668044,-0.0499486808914988,-0.1062880575353875,-0.1062880575353875,0.0,-0.0280870099131944,0 days 00:13:30.362422
1225,ExpGrad.1,1,0.709987,-0.0215509381517892,-0.1061234229094706,-0.1061234229094706,-0.0135234218161195,-0.0233390861985812,0 days 00:02:37.458136
1226,ExpGrad.01,1,0.583542,-0.0001106774423276,-0.0055866685059687,-0.0055866685059687,0.0,0.0,0 days 00:02:32.918169
1227,RedGrid25,1,0.706098,-0.0688138336809451,-0.1382365715371418,-0.1382365715371418,-0.0797268836239701,-0.0605929968008535,0 days 00:10:45.647829
1228,RedGrid5,1,0.706098,-0.0688138336809451,-0.1382365715371418,-0.1382365715371418,-0.0797268836239701,-0.0605929968008535,0 days 00:10:45.023504
1229,RedGrid75,1,0.69859,-0.0019101012791125,-0.0964162383481831,-0.0964162383481831,0.0,0.0,0 days 00:10:40.331812
1230,ExpGrad.1,1,0.711468,-0.03883229230796,-0.1225761887051993,-0.1225761887051993,-0.0324027656968178,-0.039775047633022,0 days 00:02:16.504566
1231,ExpGrad.01,1,0.611645,-0.0052856338914273,-0.023667510363051,-0.023667510363051,0.0,-0.007634535203638,0 days 00:03:09.130350
1232,RedGrid25,1,0.698778,-0.0118954733729506,-0.1087262092385271,-0.1087262092385271,-0.0022152308022689,-0.0142272534418956,0 days 00:11:42.509271
1233,RedGrid5,1,0.698778,-0.0118954733729506,-0.1087262092385271,-0.1087262092385271,-0.0022152308022689,-0.0142272534418956,0 days 00:11:34.552138
1234,RedGrid75,1,0.698778,-0.0118954733729506,-0.1087262092385271,-0.1087262092385271,-0.0022152308022689,-0.0142272534418956,0 days 00:11:36.221483
1235,ExpGrad.1,0,0.706786,-0.085166175696523,-0.1014405624803846,-0.1014405624803846,-0.0770813873232122,-0.0753835617194764,0 days 00:03:19.440360
1236,ExpGrad.01,0,0.684698,-0.0104098729919309,-0.0148141289072567,-0.0148141289072567,-0.0063901807430964,-0.0087764271910217,0 days 00:08:22.517728
1237,RedGrid25,0,0.683894,-0.1180458328983572,-0.1517298148680401,-0.1517298148680401,-0.1007124014319561,-0.098130307114873,0 days 00:14:58.421296
1238,RedGrid5,0,0.683894,-0.1180458328983572,-0.1517298148680401,-0.1517298148680401,-0.1007124014319561,-0.098130307114873,0 days 00:15:04.795592
1239,RedGrid75,0,0.683894,-0.1180458328983572,-0.1517298148680401,-0.1517298148680401,-0.1007124014319561,-0.098130307114873,0 days 00:15:16.584465
1240,ExpGrad.1,1,0.703143,-0.0017279543773006,-0.0889136863349494,-0.0889136863349494,0.0,0.0,0 days 00:02:21.708433
1241,ExpGrad.01,1,0.586247,-1.2566421205250049e-05,-0.0006466182487652,-0.0006466182487652,0.0,0.0,0 days 00:02:28.306469
1242,RedGrid25,1,0.700387,-0.0246002419871752,-0.1230634008538111,-0.1230634008538111,-0.0123964111897284,-0.0283204963277273,0 days 00:11:37.430715
1243,RedGrid5,1,0.700387,-0.0246002419871752,-0.1230634008538111,-0.1230634008538111,-0.0123964111897284,-0.0283204963277273,0 days 00:11:45.790006
1244,RedGrid75,1,0.683024,-0.0009553266733147,-0.0491573257340355,-0.0491573257340355,0.0,0.0,0 days 00:11:46.580327
1245,ExpGrad.1,2,0.708571,-0.0595833160932859,-0.0902563518482636,-0.0902563518482636,-0.0627092557953232,-0.0301104667616462,0 days 00:01:44.531033
1246,ExpGrad.01,2,0.628923,-0.0056648461092548,-0.0127487636412048,-0.0067119361697624,-0.0127487636412048,0.0,0 days 00:02:47.290140
1247,RedGrid25,2,0.725623,-0.0919465503252183,-0.1207498030696582,-0.1207498030696582,-0.0937518205218075,-0.0650249088663874,0 days 00:08:35.314924
1248,RedGrid5,2,0.684026,-0.0298569768608527,-0.0694879818705531,-0.0694879818705531,0.0,-0.0144091435533396,0 days 00:08:30.388257
1249,RedGrid75,2,0.684026,-0.0298569768608527,-0.0694879818705531,-0.0694879818705531,0.0,-0.0144091435533396,0 days 00:08:22.340468
1250,ExpGrad.1,0,0.706887,-0.0785141823841146,-0.0974680988465563,-0.0974680988465563,-0.0654005479638416,-0.0691472385232904,0 days 00:03:31.410830
1251,ExpGrad.01,0,0.685681,-0.0138351651511857,-0.0189405715939954,-0.0189405715939954,-0.013288482969352,-0.0096672362174051,0 days 00:07:55.749615
1252,RedGrid25,0,0.682804,-0.1146181708152954,-0.1497710455464144,-0.1497710455464144,-0.0943434941064479,-0.0950164126469564,0 days 00:16:30.197973
1253,RedGrid5,0,0.682804,-0.1146181708152954,-0.1497710455464144,-0.1497710455464144,-0.0943434941064479,-0.0950164126469564,0 days 00:16:28.000088
1254,RedGrid75,0,0.682804,-0.1146181708152954,-0.1497710455464144,-0.1497710455464144,-0.0943434941064479,-0.0950164126469564,0 days 00:16:30.873489
1255,ExpGrad.1,1,0.710533,-0.0323057462760591,-0.1202209415143525,-0.1202209415143525,-0.0351494130032129,-0.0280481882867462,0 days 00:02:49.404242
1256,ExpGrad.01,1,0.603583,-0.004444528332802,-0.0251185707824389,-0.0251185707824389,-0.0113328778026315,0.0,0 days 00:04:01.192635
1257,RedGrid25,1,0.699308,-0.0067110065957972,-0.1090420739426415,-0.1090420739426415,0.0,-0.0073031394291727,0 days 00:12:46.078768
1258,RedGrid5,1,0.699308,-0.0067110065957972,-0.1090420739426415,-0.1090420739426415,0.0,-0.0073031394291727,0 days 00:12:12.894430
1259,RedGrid75,1,0.699308,-0.0067110065957972,-0.1090420739426415,-0.1090420739426415,0.0,-0.0073031394291727,0 days 00:12:18.521534
1260,ExpGrad.1,1,0.706155,-0.0120709299211864,-0.1041361919566963,-0.1041361919566963,-0.0170030714057141,-0.0064992222768047,0 days 00:02:05.258023
1261,ExpGrad.01,1,0.587024,-0.0039987604744227,-0.0094956143804229,-0.0094956143804229,0.0,-0.0060326140718344,0 days 00:02:46.645999
1262,RedGrid25,1,0.700891,-0.0081745692678541,-0.1123079002087543,-0.1123079002087543,0.0,-0.0094535618001964,0 days 00:10:38.617594
1263,RedGrid5,1,0.700891,-0.0081745692678541,-0.1123079002087543,-0.1123079002087543,0.0,-0.0094535618001964,0 days 00:10:37.601523
1264,RedGrid75,1,0.700891,-0.0081745692678541,-0.1123079002087543,-0.1123079002087543,0.0,-0.0094535618001964,0 days 00:10:34.473650
1265,ExpGrad.1,2,0.709957,-0.0568492097479214,-0.0885902116231517,-0.0885902116231517,-0.0427260416829843,-0.0383403467806559,0 days 00:03:23.586585
1266,ExpGrad.01,2,0.620998,-0.0043773921109154,-0.0078484657721126,-0.0078484657721126,-0.0026468732656086,-0.0024791971798429,0 days 00:04:06.906662
1267,RedGrid25,2,0.708294,-0.0655376326292943,-0.0865636845034824,-0.0865636845034824,-0.0584550788433363,-0.0517393178674091,0 days 00:11:49.338811
1268,RedGrid5,2,0.708294,-0.0655376326292943,-0.0865636845034824,-0.0865636845034824,-0.0584550788433363,-0.0517393178674091,0 days 00:11:50.563329
1269,RedGrid75,2,0.624128,-0.0081806638147907,-0.0257019614562163,-0.0040277314911591,-0.0257019614562163,0.0,0 days 00:11:50.969290
1270,ExpGrad.1,1,0.713181,-0.0511903093060956,-0.1221540895725928,-0.1221540895725928,-0.0536298844698972,-0.0476599809148494,0 days 00:02:13.702593
1271,ExpGrad.01,1,0.591568,-0.005567734901267,-0.0102719919458963,-0.0102719919458963,-0.0003571373516723,-0.008311346257,0 days 00:02:55.955244
1272,RedGrid25,1,0.705871,-0.0577257730860005,-0.1362191916105418,-0.1362191916105418,-0.0553451331805772,-0.0566359612932914,0 days 00:10:02.981295
1273,RedGrid5,1,0.705871,-0.0577257730860005,-0.1362191916105418,-0.1362191916105418,-0.0553451331805772,-0.0566359612932914,0 days 00:10:03.365038
1274,RedGrid75,1,0.699005,-0.0025669562929515,-0.0941027845249036,-0.0941027845249036,0.0,-0.0011800846363051,0 days 00:10:01.282609
1275,ExpGrad.1,2,0.722747,-0.0757313369247268,-0.1057202720868344,-0.1057202720868344,-0.0580274300924582,-0.0608706405264142,0 days 00:02:21.462589
1276,ExpGrad.01,2,0.633229,-0.0098661467791257,-0.0159197712880134,-0.0159197712880134,-0.0090815628255876,-0.0049952929948146,0 days 00:03:16.747555
1277,RedGrid25,2,0.721055,-0.0886215397131214,-0.1009144687253215,-0.0960301301687519,-0.1009144687253215,-0.0737699009768325,0 days 00:10:34.107564
1278,RedGrid5,2,0.68561,-0.0349574328581389,-0.0805908628543538,-0.0805908628543538,0.0,-0.0177228523256836,0 days 00:10:43.865872
1279,RedGrid75,2,0.682794,-0.0325519329747389,-0.0776314541274224,-0.0776314541274224,0.0,-0.0141975212394306,0 days 00:10:35.633831
1280,ExpGrad.1,2,0.706121,-0.0640273074320759,-0.0881592426747477,-0.0881592426747477,-0.0635069641454482,-0.0426298481047568,0 days 00:02:54.903498
1281,ExpGrad.01,2,0.62773,-0.0084740255278999,-0.0160723379300765,-0.0160723379300765,-0.0108828938786141,0.0,0 days 00:03:46.633508
1282,RedGrid25,2,0.730568,-0.0975947660311142,-0.1247749678540501,-0.1247749678540501,-0.1061542266018199,-0.0673207602734635,0 days 00:11:00.713822
1283,RedGrid5,2,0.697557,-0.0678099455374829,-0.0863882053969059,-0.073672444208728,-0.0863882053969059,-0.0499851633580492,0 days 00:10:42.954116
1284,RedGrid75,2,0.697557,-0.0678099455374829,-0.0863882053969059,-0.073672444208728,-0.0863882053969059,-0.0499851633580492,0 days 00:10:34.508638
1285,ExpGrad.1,1,0.709556,-0.0308507269119293,-0.1148608751223878,-0.1148608751223878,-0.0304753836274784,-0.0284662138240853,0 days 00:02:01.687286
1286,ExpGrad.01,1,0.595312,-0.0145129153934115,-0.0216196411244847,-0.0216196411244847,-0.0166934198050561,-0.0130871701381526,0 days 00:03:43.293783
1287,RedGrid25,1,0.706982,-0.061407820525157,-0.1444913559406495,-0.1444913559406495,-0.0682481136985511,-0.0550595219820686,0 days 00:09:41.702582
1288,RedGrid5,1,0.698745,-0.0018578440911521,-0.0953829890302521,-0.0953829890302521,0.0,0.0,0 days 00:09:45.528366
1289,RedGrid75,1,0.698745,-0.0018578440911521,-0.0953829890302521,-0.0953829890302521,0.0,0.0,0 days 00:09:39.214491
1290,ExpGrad.1,2,0.714704,-0.0611224020286195,-0.0921424601047682,-0.0921424601047682,-0.0321334513709705,-0.0529213089587916,0 days 00:01:44.260676
1291,ExpGrad.01,2,0.628557,-0.0079166002340311,-0.0122931136428462,-0.0122931136428462,-0.0120258466020228,-0.0013434547419429,0 days 00:03:17.863545
1292,RedGrid25,2,0.719265,-0.0842777094216866,-0.1018390753959688,-0.0951808303981407,-0.1018390753959688,-0.0630641496092195,0 days 00:08:27.525451
1293,RedGrid5,2,0.696744,-0.0456023018830032,-0.0802594597364545,-0.0802594597364545,0.0,-0.0451685655436441,0 days 00:08:53.571181
1294,RedGrid75,2,0.696744,-0.0456023018830032,-0.0802594597364545,-0.0802594597364545,0.0,-0.0451685655436441,0 days 00:08:52.224093
1295,ExpGrad.1,0,0.70681,-0.0813201012518291,-0.0988922784685431,-0.0988922784685431,-0.0728738963741353,-0.0705536297078091,0 days 00:03:33.553804
1296,ExpGrad.01,0,0.686861,-0.0131356764244954,-0.0180166625695151,-0.0180166625695151,-0.0125570821932571,-0.0091696085224413,0 days 00:06:54.843074
1297,RedGrid25,0,0.686902,-0.0795933528735658,-0.1127049015884864,-0.1127049015884864,-0.0055715825883755,-0.0913751958405497,0 days 00:14:15.521033
1298,RedGrid5,0,0.686902,-0.0795933528735658,-0.1127049015884864,-0.1127049015884864,-0.0055715825883755,-0.0913751958405497,0 days 00:14:13.626019
1299,RedGrid75,0,0.686902,-0.0795933528735658,-0.1127049015884864,-0.1127049015884864,-0.0055715825883755,-0.0913751958405497,0 days 00:14:08.510899
1300,ExpGrad.1,0,0.706645,-0.0804318369197701,-0.0978195421219506,-0.0978195421219506,-0.0716817196460889,-0.0699986806516766,0 days 00:03:10.400701
1301,ExpGrad.01,0,0.686263,-0.0091101091318184,-0.0138818039227965,-0.0138818039227965,-0.0083883695224793,-0.0053155682098817,0 days 00:06:03.939149
1302,RedGrid25,0,0.691269,-0.0197913959217287,-0.0253144685894548,-0.0253144685894548,-0.0061155287655616,-0.0225199112836895,0 days 00:12:53.859339
1303,RedGrid5,0,0.691269,-0.0197913959217287,-0.0253144685894548,-0.0253144685894548,-0.0061155287655616,-0.0225199112836895,0 days 00:12:52.610564
1304,RedGrid75,0,0.691269,-0.0197913959217287,-0.0253144685894548,-0.0253144685894548,-0.0061155287655616,-0.0225199112836895,0 days 00:12:51.880002
1305,ExpGrad.1,2,0.717571,-0.0762684762569412,-0.1097509276657545,-0.1097509276657545,-0.0705625129283848,-0.0505025277697669,0 days 00:03:29.569902
1306,ExpGrad.01,2,0.613437,-0.0022062546405214,-0.0042829941184094,-0.0028229098471204,-0.0042829941184094,-0.0002883890933396,0 days 00:03:19.607621
1307,RedGrid25,2,0.717377,-0.0750721604519805,-0.1102291520221775,-0.1102291520221775,-0.05088293237854,-0.0600559029282713,0 days 00:11:43.573414
1308,RedGrid5,2,0.682144,-0.0283833705181515,-0.0705940220048387,-0.0705940220048387,0.0,-0.0099183968772465,0 days 00:11:44.137803
1309,RedGrid75,2,0.682144,-0.0283833705181515,-0.0705940220048387,-0.0705940220048387,0.0,-0.0099183968772465,0 days 00:11:45.002499
1310,ExpGrad.1,1,0.711676,-0.0379336983394073,-0.1060175238836501,-0.1060175238836501,-0.0343194981840945,-0.0378312384580101,0 days 00:02:42.111812
1311,ExpGrad.01,1,0.600134,-0.0014129203698928,-0.0105486185781223,-0.0105486185781223,0.0,-0.001912552446235,0 days 00:02:59.101230
1312,RedGrid25,1,0.706472,-0.0561333321629168,-0.1223245431046941,-0.1223245431046941,-0.0546526456720174,-0.054908962633011,0 days 00:10:50.667826
1313,RedGrid5,1,0.706472,-0.0561333321629168,-0.1223245431046941,-0.1223245431046941,-0.0546526456720174,-0.054908962633011,0 days 00:10:55.586009
1314,RedGrid75,1,0.706472,-0.0561333321629168,-0.1223245431046941,-0.1223245431046941,-0.0546526456720174,-0.054908962633011,0 days 00:10:51.472931
1315,ExpGrad.1,1,0.708287,-0.0253925444861953,-0.0999269555541013,-0.0999269555541013,-0.0377052746409133,-0.0163093542452048,0 days 00:01:53.373840
1316,ExpGrad.01,1,0.599917,-0.0004198903999124,-0.0104766027687081,-0.0104766027687081,-0.0006201389487033,0.0,0 days 00:03:02.731085
1317,RedGrid25,1,0.704817,-0.0735057694731798,-0.1345614401892331,-0.1345614401892331,-0.085774262326047,-0.0648617438992208,0 days 00:09:10.367682
1318,RedGrid5,1,0.704817,-0.0735057694731798,-0.1345614401892331,-0.1345614401892331,-0.085774262326047,-0.0648617438992208,0 days 00:09:13.206652
1319,RedGrid75,1,0.704817,-0.0735057694731798,-0.1345614401892331,-0.1345614401892331,-0.085774262326047,-0.0648617438992208,0 days 00:09:40.902663
1320,ExpGrad.1,1,0.712395,-0.0506229632081934,-0.1229363806451169,-0.1229363806451169,-0.0524350988103206,-0.0473662631827188,0 days 00:02:24.264364
1321,ExpGrad.01,1,0.606694,-0.0046136843418455,-0.0167057600340692,-0.0167057600340692,-0.0052526422921198,-0.0038831853875339,0 days 00:04:07.180595
1322,RedGrid25,1,0.7046,-0.0726315026595328,-0.1412399751869421,-0.1412399751869421,-0.0777212835385101,-0.0676762901978441,0 days 00:12:03.023147
1323,RedGrid5,1,0.7046,-0.0726315026595328,-0.1412399751869421,-0.1412399751869421,-0.0777212835385101,-0.0676762901978441,0 days 00:15:23.445874
1324,RedGrid75,1,0.7046,-0.0726315026595328,-0.1412399751869421,-0.1412399751869421,-0.0777212835385101,-0.0676762901978441,0 days 00:15:11.720616
1325,ExpGrad.1,2,0.712599,-0.0640748751946255,-0.0988304384320538,-0.0988304384320538,-0.0324034668902591,-0.0547033765751551,0 days 00:02:39.548089
1326,ExpGrad.01,2,0.634777,-0.0170351941983432,-0.0200868041605763,-0.0199525378410839,-0.008634474035187,-0.0200868041605763,0 days 00:03:13.452645
1327,RedGrid25,2,0.704371,-0.0598550768093226,-0.1006788668706626,-0.1006788668706626,0.0,-0.0639896924851324,0 days 00:11:49.211929
1328,RedGrid5,2,0.675648,-0.0406596551646011,-0.0554336595674661,-0.054774933979403,0.0,-0.0554336595674661,0 days 00:12:02.718054
1329,RedGrid75,2,0.675648,-0.0406596551646011,-0.0554336595674661,-0.054774933979403,0.0,-0.0554336595674661,0 days 00:12:02.307348
1330,ExpGrad.1,0,0.706906,-0.0820998151701825,-0.099251589209525,-0.099251589209525,-0.0730136173878092,-0.0720933459498089,0 days 00:02:50.007995
1331,ExpGrad.01,0,0.688632,-0.0145350886825679,-0.0184277323797321,-0.0184277323797321,-0.0122858026792064,-0.0123674903321338,0 days 00:07:37.947973
1332,RedGrid25,0,0.687284,-0.0822939634904011,-0.1150294129252611,-0.1150294129252611,-0.0056690182557596,-0.0959495735791751,0 days 00:13:18.803384
1333,RedGrid5,0,0.687284,-0.0822939634904011,-0.1150294129252611,-0.1150294129252611,-0.0056690182557596,-0.0959495735791751,0 days 00:13:28.484058
1334,RedGrid75,0,0.664098,-0.0525190709877536,-0.1087196785254721,-0.1087196785254721,0.0,-0.0322986425573483,0 days 00:13:31.750193
1335,ExpGrad.1,2,0.712628,-0.0592705873657188,-0.08358508127074,-0.08358508127074,-0.0498956180246265,-0.0437055682111907,0 days 00:02:47.329942
1336,ExpGrad.01,2,0.632023,-0.0085076932043869,-0.0130246672746409,-0.0098243685579355,0.0,-0.0130246672746409,0 days 00:05:33.316651
1337,RedGrid25,2,0.711286,-0.068354120935117,-0.1038872758329169,-0.1038872758329169,-0.0771349430144334,-0.0305453682237821,0 days 00:13:59.308434
1338,RedGrid5,2,0.685617,-0.0362785508927079,-0.0831685167635054,-0.0831685167635054,0.0,-0.018454795151114,0 days 00:13:35.023679
1339,RedGrid75,2,0.629496,-0.0112660167641049,-0.0273914690445467,-0.0117805493519944,-0.0273914690445467,0.0,0 days 00:13:26.718076
1340,ExpGrad.1,2,0.682292,-0.0483996442664912,-0.0819065265766864,-0.0819065265766864,-0.0328999447001886,-0.0289282698233413,0 days 00:01:58.579616
1341,ExpGrad.01,2,0.623119,-0.0025518209051622,-0.007336200917119,-0.007336200917119,0.0,0.0,0 days 00:03:45.532268
1342,RedGrid25,2,0.718894,-0.0763201538460742,-0.0931086556908081,-0.0931086556908081,-0.0763875118536669,-0.0612795721260517,0 days 00:10:42.532497
1343,RedGrid5,2,0.67107,-0.0170772856101354,-0.049095294305936,-0.049095294305936,0.0,0.0,0 days 00:10:38.176747
1344,RedGrid75,2,0.668554,-0.0208747502776699,-0.0600125823179341,-0.0600125823179341,0.0,0.0,0 days 00:10:41.407486
1345,ExpGrad.1,0,0.707073,-0.0828631650758001,-0.1003983125758221,-0.1003983125758221,-0.0732034189099231,-0.0728146875021156,0 days 00:03:07.784625
1346,ExpGrad.01,0,0.685799,-0.0133503715506966,-0.0176313514949003,-0.0176313514949003,-0.0134826083282679,-0.0095177898196108,0 days 00:05:57.745215
1347,RedGrid25,0,0.68652,-0.1250213227893137,-0.1554455658769021,-0.1554455658769021,-0.1011539442735655,-0.1115231279776431,0 days 00:12:46.095522
1348,RedGrid5,0,0.68652,-0.1250213227893137,-0.1554455658769021,-0.1554455658769021,-0.1011539442735655,-0.1115231279776431,0 days 00:13:14.901645
1349,RedGrid75,0,0.68652,-0.1250213227893137,-0.1554455658769021,-0.1554455658769021,-0.1011539442735655,-0.1115231279776431,0 days 00:12:54.372767
1350,ExpGrad.1,1,0.708403,-0.024944483940586,-0.1030050618032043,-0.1030050618032043,-0.0291420600204741,-0.0202031795677531,0 days 00:03:13.954003
1351,ExpGrad.01,1,0.600591,-0.0017421915048213,-0.0110537411695736,-0.0110537411695736,-0.0043738699283301,0.0,0 days 00:04:35.266156
1352,RedGrid25,1,0.704797,-0.0670320279419344,-0.1338125488085901,-0.1338125488085901,-0.0648244397714382,-0.0661775747335583,0 days 00:12:25.396520
1353,RedGrid5,1,0.700383,-0.0158339706684546,-0.1054284021858033,-0.1054284021858033,0.0,-0.0217950485618392,0 days 00:12:43.674982
1354,RedGrid75,1,0.700383,-0.0158339706684546,-0.1054284021858033,-0.1054284021858033,0.0,-0.0217950485618392,0 days 00:12:47.623464
1355,ExpGrad.1,1,0.71233,-0.0556508396599993,-0.1266441860659923,-0.1266441860659923,-0.0551119266689317,-0.0537511454531194,0 days 00:02:43.102441
1356,ExpGrad.01,1,0.591054,-0.0099626559698833,-0.0160441435893526,-0.0158891944600299,-0.0160441435893526,-0.0064077037562142,0 days 00:03:23.479069
1357,RedGrid25,1,0.705216,-0.0717683523108699,-0.1384459163726096,-0.1384459163726096,-0.0823976581091568,-0.0638109235894782,0 days 00:12:00.816899
1358,RedGrid5,1,0.705216,-0.0717683523108699,-0.1384459163726096,-0.1384459163726096,-0.0823976581091568,-0.0638109235894782,0 days 00:11:53.404449
1359,RedGrid75,1,0.705216,-0.0717683523108699,-0.1384459163726096,-0.1384459163726096,-0.0823976581091568,-0.0638109235894782,0 days 00:11:53.208883
1360,ExpGrad.1,0,0.706635,-0.0825595727344014,-0.1008045515086706,-0.1008045515086706,-0.0718426450069605,-0.0725172045180727,0 days 00:03:39.218680
1361,ExpGrad.01,0,0.684938,-0.0091031804982622,-0.0151599844570337,-0.0151599844570337,-0.0069613938575312,-0.0049823185124564,0 days 00:06:29.807625
1362,RedGrid25,0,0.693292,-0.0328272403562995,-0.0392788718503391,-0.0366455902806281,-0.0151974612921709,-0.0392788718503391,0 days 00:15:38.330935
1363,RedGrid5,0,0.693292,-0.0328272403562995,-0.0392788718503391,-0.0366455902806281,-0.0151974612921709,-0.0392788718503391,0 days 00:15:28.216902
1364,RedGrid75,0,0.693292,-0.0328272403562995,-0.0392788718503391,-0.0366455902806281,-0.0151974612921709,-0.0392788718503391,0 days 00:15:23.305455
1365,ExpGrad.1,1,0.712237,-0.0348944168687551,-0.1142860583445078,-0.1142860583445078,-0.0304765566557073,-0.0349127536003412,0 days 00:02:33.282097
1366,ExpGrad.01,1,0.601784,-0.0003416515462938,-0.0177203471318029,-0.0177203471318029,0.0,0.0,0 days 00:03:39.081790
1367,RedGrid25,1,0.708529,-0.0599609015684654,-0.1340911397083961,-0.1340911397083961,-0.0610677688226003,-0.0570863162983042,0 days 00:11:26.807573
1368,RedGrid5,1,0.696531,-0.001524090982752,-0.0790496093689309,-0.0790496093689309,0.0,0.0,0 days 00:11:26.112721
1369,RedGrid75,1,0.696531,-0.001524090982752,-0.0790496093689309,-0.0790496093689309,0.0,0.0,0 days 00:11:26.622757
1370,ExpGrad.1,0,0.706296,-0.082253277009816,-0.0989402409992044,-0.0989402409992044,-0.0735940696130628,-0.072364985406339,0 days 00:02:48.463731
1371,ExpGrad.01,0,0.68525,-0.0130139100958284,-0.0169981213728241,-0.0169981213728241,-0.0092426310630455,-0.0115944496753943,0 days 00:05:58.600615
1372,RedGrid25,0,0.683604,-0.1150530508787316,-0.1489816474362361,-0.1489816474362361,-0.0963382675084192,-0.0955603455760542,0 days 00:12:16.473668
1373,RedGrid5,0,0.683604,-0.1150530508787316,-0.1489816474362361,-0.1489816474362361,-0.0963382675084192,-0.0955603455760542,0 days 00:12:09.615168
1374,RedGrid75,0,0.683604,-0.1150530508787316,-0.1489816474362361,-0.1489816474362361,-0.0963382675084192,-0.0955603455760542,0 days 00:12:13.914090
1375,ExpGrad.1,1,0.709348,-0.0202890606908346,-0.0963729781416662,-0.0963729781416662,-0.0189714091116551,-0.0186843713821642,0 days 00:02:22.056067
1376,ExpGrad.01,1,0.595772,-0.0001680105978143,-0.0086752732995189,-0.0086752732995189,0.0,0.0,0 days 00:04:16.129732
1377,RedGrid25,1,0.699572,-0.0447388151468754,-0.1127695923396384,-0.1127695923396384,0.0,-0.0673535820220587,0 days 00:10:32.266409
1378,RedGrid5,1,0.683457,-0.0007454782521344,-0.0384929740161928,-0.0384929740161928,0.0,0.0,0 days 00:10:26.634951
1379,RedGrid75,1,0.683457,-0.0007454782521344,-0.0384929740161928,-0.0384929740161928,0.0,0.0,0 days 00:10:14.742236
1380,ExpGrad.1,2,0.721914,-0.0671325312383347,-0.0918509957946522,-0.0918509957946522,-0.07221952002196,-0.0417050112234601,0 days 00:03:12.279709
1381,ExpGrad.01,2,0.631735,-0.0086907536995289,-0.0131870560823512,-0.0101623338906313,0.0,-0.0131870560823512,0 days 00:02:38.190180
1382,RedGrid25,2,0.720702,-0.0817653239223741,-0.0944751492614414,-0.0887794044938852,-0.0944751492614414,-0.0670211534564765,0 days 00:11:01.711712
1383,RedGrid5,2,0.679034,-0.030294252594773,-0.0520695645685543,-0.0479595782761296,-0.0520695645685543,0.0,0 days 00:11:05.424148
1384,RedGrid75,2,0.679034,-0.030294252594773,-0.0520695645685543,-0.0479595782761296,-0.0520695645685543,0.0,0 days 00:11:02.253834
1385,ExpGrad.1,1,0.710799,-0.0427334768660162,-0.1180590328527361,-0.1180590328527361,-0.0469300719857087,-0.0380620737781305,0 days 00:02:54.469926
1386,ExpGrad.01,1,0.612152,-0.0080387263664127,-0.017477696549476,-0.017477696549476,-0.0007632987464615,-0.0117672852079974,0 days 00:03:41.611628
1387,RedGrid25,1,0.699851,-0.0139297870606635,-0.104293591348787,-0.104293591348787,0.0,-0.0188125112982668,0 days 00:14:01.090234
1388,RedGrid5,1,0.699851,-0.0139297870606635,-0.104293591348787,-0.104293591348787,0.0,-0.0188125112982668,0 days 00:13:19.208313
1389,RedGrid75,1,0.699851,-0.0139297870606635,-0.104293591348787,-0.104293591348787,0.0,-0.0188125112982668,0 days 00:13:00.605226
1390,ExpGrad.1,0,0.706385,-0.0729306957228924,-0.0924157656041816,-0.0924157656041816,-0.0571888268678631,-0.0645358315805599,0 days 00:03:02.473184
1391,ExpGrad.01,0,0.685887,-0.0137746474285147,-0.0194771502621222,-0.0194771502621222,-0.0091128247889353,-0.0113481413636005,0 days 00:06:33.268773
1392,RedGrid25,0,0.683072,-0.1148157316513173,-0.1489613100354749,-0.1489613100354749,-0.0937908554243844,-0.0964728882371879,0 days 00:12:27.632939
1393,RedGrid5,0,0.683072,-0.1148157316513173,-0.1489613100354749,-0.1489613100354749,-0.0937908554243844,-0.0964728882371879,0 days 00:12:38.815698
1394,RedGrid75,0,0.683072,-0.1148157316513173,-0.1489613100354749,-0.1489613100354749,-0.0937908554243844,-0.0964728882371879,0 days 00:12:26.832385
1395,ExpGrad.1,2,0.701824,-0.0498467910351957,-0.0818379313109783,-0.0818379313109783,-0.0323424390219136,-0.0330574015933713,0 days 00:02:05.609337
1396,ExpGrad.01,2,0.623821,-0.0102302221478869,-0.0175071420968765,-0.0175071420968765,0.0,-0.0106046514474349,0 days 00:03:12.915898
1397,RedGrid25,2,0.697545,-0.0501012435742918,-0.0842347228122196,-0.0746773000684462,-0.0842347228122196,-0.0052717240706133,0 days 00:09:05.484485
1398,RedGrid5,2,0.65729,-0.0118947735093195,-0.0341784409835759,-0.0341784409835759,0.0,0.0,0 days 00:09:04.795563
1399,RedGrid75,2,0.601851,-0.015087544349609,-0.0457845639303549,-0.0089066774546425,-0.0457845639303549,0.0,0 days 00:08:59.159202
1400,ExpGrad.1,1,0.70984,-0.0369577897072986,-0.1116309789509939,-0.1116309789509939,-0.0484785042722218,-0.0282914291476991,0 days 00:02:38.739890
1401,ExpGrad.01,1,0.591946,-0.0051993374445171,-0.0095579576668153,-0.0095579576668153,-0.0056564688882086,-0.004812512785798,0 days 00:02:37.570824
1402,RedGrid25,1,0.705699,-0.0599229800052233,-0.1386069111814492,-0.1386069111814492,-0.061946219572544,-0.05638309528688,0 days 00:13:07.931179
1403,RedGrid5,1,0.705699,-0.0599229800052233,-0.1386069111814492,-0.1386069111814492,-0.061946219572544,-0.05638309528688,0 days 00:13:14.042286
1404,RedGrid75,1,0.705699,-0.0599229800052233,-0.1386069111814492,-0.1386069111814492,-0.061946219572544,-0.05638309528688,0 days 00:13:04.457690
1405,ExpGrad.1,2,0.705434,-0.0470852971380078,-0.0865378108668111,-0.0865378108668111,-0.0223802937088857,-0.0282777540606972,0 days 00:03:10.632042
1406,ExpGrad.01,2,0.628338,-0.0058282285002477,-0.0092980325142314,-0.0092980325142314,-0.0026550580661134,-0.0048359361662311,0 days 00:03:21.316786
1407,RedGrid25,2,0.717745,-0.0806872538498678,-0.0963423434716311,-0.0910333877612602,-0.0963423434716311,-0.0611125074901924,0 days 00:12:15.752587
1408,RedGrid5,2,0.688859,-0.0382030789203836,-0.0980299676298445,-0.0980299676298445,0.0,-0.0101721624131926,0 days 00:12:13.248494
1409,RedGrid75,2,0.688859,-0.0382030789203836,-0.0980299676298445,-0.0980299676298445,0.0,-0.0101721624131926,0 days 00:12:07.045990
1410,ExpGrad.1,1,0.710479,-0.0389911586989929,-0.1130381585828921,-0.1130381585828921,-0.0377359564193723,-0.0373987746410648,0 days 00:02:24.280677
1411,ExpGrad.01,1,0.551318,-0.0012995257719442,-0.0121584147828565,-0.0121584147828565,0.0,-0.0016819377573636,0 days 00:01:37.102709
1412,RedGrid25,1,0.700611,-0.0172131850075638,-0.1035436522204341,-0.1035436522204341,-0.0087223801977713,-0.0192370392147791,0 days 00:10:46.689665
1413,RedGrid5,1,0.700611,-0.0172131850075638,-0.1035436522204341,-0.1035436522204341,-0.0087223801977713,-0.0192370392147791,0 days 00:10:45.767998
1414,RedGrid75,1,0.700611,-0.0172131850075638,-0.1035436522204341,-0.1035436522204341,-0.0087223801977713,-0.0192370392147791,0 days 00:10:40.371945
1415,ExpGrad.1,1,0.712032,-0.0321155471846122,-0.1075949793448407,-0.1075949793448407,-0.0223951382734542,-0.0351776602951966,0 days 00:01:59.858597
1416,ExpGrad.01,1,0.604078,-0.0002984969729079,-0.0100114943766613,-0.0100114943766613,0.0,-0.0001655904619097,0 days 00:02:45.534767
1417,RedGrid25,1,0.708329,-0.0618541603110191,-0.1297732234748295,-0.1297732234748295,-0.0649690574372147,-0.0580463949741574,0 days 00:10:25.201029
1418,RedGrid5,1,0.708329,-0.0618541603110191,-0.1297732234748295,-0.1297732234748295,-0.0649690574372147,-0.0580463949741574,0 days 00:10:22.704519
1419,RedGrid75,1,0.699028,-0.001683367660693,-0.0868903958396122,-0.0868903958396122,0.0,0.0,0 days 00:10:11.721162
1420,ExpGrad.1,1,0.712301,-0.0514799156386308,-0.1267815289844023,-0.1267815289844023,-0.0543859908761452,-0.0475710411993998,0 days 00:02:26.855694
1421,ExpGrad.01,1,0.605293,-0.0053127452374154,-0.0172964124679796,-0.0172964124679796,-0.0110206179103192,-0.0017881895167218,0 days 00:03:33.213217
1422,RedGrid25,1,0.704622,-0.0686474013720777,-0.1419774667054469,-0.1419774667054469,-0.0738335891277688,-0.0635370885251963,0 days 00:10:46.332654
1423,RedGrid5,1,0.700308,-0.0105998020759374,-0.1083531680686805,-0.1083531680686805,0.0,-0.0134782681669683,0 days 00:10:43.644875
1424,RedGrid75,1,0.700308,-0.0105998020759374,-0.1083531680686805,-0.1083531680686805,0.0,-0.0134782681669683,0 days 00:10:35.169938
1425,ExpGrad.1,0,0.70645,-0.0789508043700524,-0.0970734584001765,-0.0970734584001765,-0.0688082794953057,-0.0686731364814873,0 days 00:02:35.109900
1426,ExpGrad.01,0,0.68648,-0.0132537428948691,-0.0186534834364286,-0.0186534834364286,-0.0116900160966194,-0.0093851139332209,0 days 00:05:08.228897
1427,RedGrid25,0,0.694314,-0.0565701583637339,-0.080340113674551,-0.0517891950946688,-0.080340113674551,-0.04761774032241,0 days 00:08:38.606889
1428,RedGrid5,0,0.694314,-0.0565701583637339,-0.080340113674551,-0.0517891950946688,-0.080340113674551,-0.04761774032241,0 days 00:08:47.576777
1429,RedGrid75,0,0.694314,-0.0565701583637339,-0.080340113674551,-0.0517891950946688,-0.080340113674551,-0.04761774032241,0 days 00:08:49.809626
1430,ExpGrad.1,1,0.709736,-0.0316756234465079,-0.1079793547607107,-0.1079793547607107,-0.0376469930856432,-0.0259718659451339,0 days 00:06:23.206835
1431,ExpGrad.01,1,0.586557,-0.0075863240779656,-0.0142477156874764,-0.0108019037809495,-0.0142477156874764,-0.0038030584376373,0 days 00:03:38.801301
1432,RedGrid25,1,0.703095,-0.0200259267304906,-0.1124648484751678,-0.1124648484751678,-0.0121864714022257,-0.0214477376186261,0 days 00:13:13.225218
1433,RedGrid5,1,0.703095,-0.0200259267304906,-0.1124648484751678,-0.1124648484751678,-0.0121864714022257,-0.0214477376186261,0 days 00:13:14.965022
1434,RedGrid75,1,0.703095,-0.0200259267304906,-0.1124648484751678,-0.1124648484751678,-0.0121864714022257,-0.0214477376186261,0 days 00:13:00.431976
1435,ExpGrad.1,1,0.712286,-0.0500778990014667,-0.1253882595417086,-0.1253882595417086,-0.0554209303833322,-0.0447957434230232,0 days 00:02:16.590519
1436,ExpGrad.01,1,0.59014,-0.0063301199083797,-0.0119043930155368,-0.0117335027394716,-0.0119043930155368,-0.0030764519585896,0 days 00:03:35.096779
1437,RedGrid25,1,0.706017,-0.0645398360447779,-0.1359300451125847,-0.1359300451125847,-0.0716863084638042,-0.0583798837935567,0 days 00:12:49.383408
1438,RedGrid5,1,0.700806,-0.0070972140292407,-0.1035572442350411,-0.1035572442350411,0.0,-0.008051907192311,0 days 00:13:02.379339
1439,RedGrid75,1,0.700806,-0.0070972140292407,-0.1035572442350411,-0.1035572442350411,0.0,-0.008051907192311,0 days 00:13:16.084644
1440,ExpGrad.1,1,0.712319,-0.0386871079808248,-0.1174725738787407,-0.1174725738787407,-0.0400704102466189,-0.0355077368359645,0 days 00:03:12.671638
1441,ExpGrad.01,1,0.607603,-0.0002053349889939,-0.0105960896728685,-0.0105960896728685,0.0,0.0,0 days 00:04:21.488406
1442,RedGrid25,1,0.705282,-0.0681757837139061,-0.1429917776600098,-0.1429917776600098,-0.0719523687374777,-0.0637974777571044,0 days 00:13:39.400338
1443,RedGrid5,1,0.700567,-0.0107743890170784,-0.111459992856487,-0.111459992856487,0.0,-0.0136322922603675,0 days 00:13:39.074271
1444,RedGrid75,1,0.700567,-0.0107743890170784,-0.111459992856487,-0.111459992856487,0.0,-0.0136322922603675,0 days 00:13:36.159965
1445,ExpGrad.1,0,0.706511,-0.0736932120349389,-0.0925343765257925,-0.0925343765257925,-0.0614174173366834,-0.0639363465326253,0 days 00:03:41.518875
1446,ExpGrad.01,0,0.686248,-0.0126755511185818,-0.018342227232839,-0.018342227232839,-0.0081706041641187,-0.0101904737098948,0 days 00:07:42.265874
1447,RedGrid25,0,0.685786,-0.1237233738049159,-0.1544659340684518,-0.1544659340684518,-0.102009331028623,-0.1087343971019586,0 days 00:15:07.927636
1448,RedGrid5,0,0.685786,-0.1237233738049159,-0.1544659340684518,-0.1544659340684518,-0.102009331028623,-0.1087343971019586,0 days 00:15:07.835445
1449,RedGrid75,0,0.666837,-0.0504949241406605,-0.1087834387660324,-0.1087834387660324,0.0,-0.0272307054167422,0 days 00:15:06.876215
1450,ExpGrad.1,1,0.710103,-0.0368437149038382,-0.1286692094711705,-0.1286692094711705,-0.048589247906931,-0.0275379980202992,0 days 00:02:04.672173
1451,ExpGrad.01,1,0.596358,-0.0003797973954874,-0.0194546750088853,-0.0194546750088853,0.0,0.0,0 days 00:02:43.634942
1452,RedGrid25,1,0.707701,-0.070966726591902,-0.1526645629560713,-0.1526645629560713,-0.0814273203505997,-0.062681573495216,0 days 00:10:18.905030
1453,RedGrid5,1,0.707701,-0.070966726591902,-0.1526645629560713,-0.1526645629560713,-0.0814273203505997,-0.062681573495216,0 days 00:10:18.440765
1454,RedGrid75,1,0.707701,-0.070966726591902,-0.1526645629560713,-0.1526645629560713,-0.0814273203505997,-0.062681573495216,0 days 00:10:17.966953
1455,ExpGrad.1,2,0.711647,-0.0582372760222678,-0.095702057158814,-0.095702057158814,-0.0341273171056733,-0.0415436023392909,0 days 00:02:28.519858
1456,ExpGrad.01,2,0.624865,-0.0049132937212362,-0.0142719789085988,-0.0142719789085988,0.0,0.0,0 days 00:04:23.408808
1457,RedGrid25,2,0.726068,-0.0912216879229766,-0.1182774834030587,-0.1182774834030587,-0.0971832034448632,-0.0635073177503591,0 days 00:12:52.479294
1458,RedGrid5,2,0.676614,-0.0351209197720649,-0.0542050759572078,-0.0542050759572078,0.0,-0.0419187906544816,0 days 00:12:50.171556
1459,RedGrid75,2,0.676614,-0.0351209197720649,-0.0542050759572078,-0.0542050759572078,0.0,-0.0419187906544816,0 days 00:12:51.150569
1460,ExpGrad.1,0,0.705964,-0.0756018081569589,-0.0935428850156299,-0.0935428850156299,-0.0646434852204655,-0.065902679729158,0 days 00:03:34.044116
1461,ExpGrad.01,0,0.684571,-0.0132329439094358,-0.0169281406980458,-0.0169281406980458,-0.014069633830798,-0.0095207125698822,0 days 00:07:10.734051
1462,RedGrid25,0,0.68609,-0.1184168227144975,-0.1480489749080469,-0.1480489749080469,-0.09554255432559,-0.1050438029719901,0 days 00:14:19.415351
1463,RedGrid5,0,0.68609,-0.1184168227144975,-0.1480489749080469,-0.1480489749080469,-0.09554255432559,-0.1050438029719901,0 days 00:14:22.679464
1464,RedGrid75,0,0.68609,-0.1184168227144975,-0.1480489749080469,-0.1480489749080469,-0.09554255432559,-0.1050438029719901,0 days 00:14:21.724667
1465,ExpGrad.1,0,0.706078,-0.0829750431789411,-0.1015737712517537,-0.1015737712517537,-0.0720255424065935,-0.0727003224669053,0 days 00:03:49.987312
1466,ExpGrad.01,0,0.686047,-0.0110561958781847,-0.0168011375888581,-0.0168011375888581,-0.0039052741186144,-0.0099598456421915,0 days 00:07:25.641953
1467,RedGrid25,0,0.682421,-0.112706572161311,-0.1481330051496988,-0.1481330051496988,-0.0928269022184712,-0.0925971499789816,0 days 00:16:06.119040
1468,RedGrid5,0,0.682421,-0.112706572161311,-0.1481330051496988,-0.1481330051496988,-0.0928269022184712,-0.0925971499789816,0 days 00:16:16.557858
1469,RedGrid75,0,0.682421,-0.112706572161311,-0.1481330051496988,-0.1481330051496988,-0.0928269022184712,-0.0925971499789816,0 days 00:16:02.943863
1470,ExpGrad.1,2,0.708461,-0.0486752108475257,-0.0928413956224205,-0.0928413956224205,-0.0516834517696094,-0.0076693638029003,0 days 00:03:34.303133
1471,ExpGrad.01,2,0.606077,-0.0044057428215208,-0.0126987718230914,-0.0126987718230914,0.0,0.0,0 days 00:02:31.035407
1472,RedGrid25,2,0.718751,-0.072436884778815,-0.1125001706263988,-0.1125001706263988,-0.0961548391990428,-0.0213314228309928,0 days 00:10:40.700962
1473,RedGrid5,2,0.718751,-0.072436884778815,-0.1125001706263988,-0.1125001706263988,-0.0961548391990428,-0.0213314228309928,0 days 00:10:45.600549
1474,RedGrid75,2,0.666337,-0.0294336278366818,-0.0600936775936153,-0.0392359944112268,-0.0600936775936153,-0.0004575661614109,0 days 00:10:42.072742
1475,ExpGrad.1,2,0.713259,-0.0585314093132653,-0.0931230799725492,-0.0931230799725492,-0.0514875977336637,-0.0323181236393739,0 days 00:02:28.574487
1476,ExpGrad.01,2,0.619084,-0.0041195416946157,-0.0105786716802951,-0.0105786716802951,-0.0016548401526637,0.0,0 days 00:03:42.094009
1477,RedGrid25,2,0.730644,-0.0965593287114669,-0.1226250331224941,-0.1226250331224941,-0.1045524361766103,-0.0678374929711189,0 days 00:12:31.519646
1478,RedGrid5,2,0.685629,-0.0307085976142464,-0.0753269136801354,-0.0753269136801354,0.0,-0.0114788343020107,0 days 00:12:40.614192
1479,RedGrid75,2,0.682873,-0.0292181973726231,-0.0733808293951825,-0.0733808293951825,0.0,-0.0093912623474515,0 days 00:12:26.005684
1480,ExpGrad.1,1,0.710739,-0.0424839711831928,-0.111474638631555,-0.111474638631555,-0.0596904874354865,-0.0308449903274712,0 days 00:02:47.941503
1481,ExpGrad.01,1,0.602852,-0.0043693258168507,-0.0131541905538493,-0.0131541905538493,-0.0103364295213377,-0.0008036962981574,0 days 00:03:59.735619
1482,RedGrid25,1,0.705632,-0.0664387752120613,-0.1293736169450745,-0.1293736169450745,-0.0714433955879236,-0.0617208153600653,0 days 00:11:55.344597
1483,RedGrid5,1,0.705632,-0.0664387752120613,-0.1293736169450745,-0.1293736169450745,-0.0714433955879236,-0.0617208153600653,0 days 00:12:31.676370
1484,RedGrid75,1,0.700884,-0.0111003690559797,-0.0977616780495434,-0.0977616780495434,0.0,-0.0145312089430054,0 days 00:12:34.217254
1485,ExpGrad.1,0,0.706326,-0.0820282378116485,-0.09975308498992,-0.09975308498992,-0.0740327166052402,-0.0709223811247358,0 days 00:02:57.510848
1486,ExpGrad.01,0,0.687493,-0.0124185269192835,-0.0185427322685229,-0.0185427322685229,-0.0114327272351791,-0.0075977445557353,0 days 00:06:12.061096
1487,RedGrid25,0,0.685915,-0.1235112723869221,-0.1540811505898751,-0.1540811505898751,-0.1019037145712928,-0.1086846488990919,0 days 00:11:11.886362
1488,RedGrid5,0,0.685915,-0.1235112723869221,-0.1540811505898751,-0.1540811505898751,-0.1019037145712928,-0.1086846488990919,0 days 00:11:13.066707
1489,RedGrid75,0,0.685915,-0.1235112723869221,-0.1540811505898751,-0.1540811505898751,-0.1019037145712928,-0.1086846488990919,0 days 00:10:29.584428
1490,ExpGrad.1,1,0.705685,-0.0055545071497463,-0.0896447781846604,-0.0896447781846604,-0.010892801171605,0.0,0 days 00:02:12.193174
1491,ExpGrad.01,1,0.602794,-0.0001901666530668,-0.0097495661365452,-0.0097495661365452,0.0,0.0,0 days 00:02:55.643384
1492,RedGrid25,1,0.704527,-0.0659094141598822,-0.1406816686595809,-0.1406816686595809,-0.0736389169870908,-0.0593190118755353,0 days 00:10:35.969315
1493,RedGrid5,1,0.699846,-0.0074861493443403,-0.1068502197841131,-0.1068502197841131,0.0,-0.0085597959252207,0 days 00:10:34.341977
1494,RedGrid75,1,0.699846,-0.0074861493443403,-0.1068502197841131,-0.1068502197841131,0.0,-0.0085597959252207,0 days 00:10:33.031002
1495,ExpGrad.1,1,0.710793,-0.0359608878173724,-0.1189554510686318,-0.1189554510686318,-0.0364784373400343,-0.0330845519131969,0 days 00:02:11.706160
1496,ExpGrad.01,1,0.602159,-0.0002906644187651,-0.0147710026944444,-0.0147710026944444,0.0,0.0,0 days 00:04:19.902367
1497,RedGrid25,1,0.701794,-0.0163930191153068,-0.1169860129005035,-0.1169860129005035,-0.0010761499046235,-0.0217451144100737,0 days 00:10:37.952628
1498,RedGrid5,1,0.701794,-0.0163930191153068,-0.1169860129005035,-0.1169860129005035,-0.0010761499046235,-0.0217451144100737,0 days 00:10:33.215140
1499,RedGrid75,1,0.701794,-0.0163930191153068,-0.1169860129005035,-0.1169860129005035,-0.0010761499046235,-0.0217451144100737,0 days 00:10:40.155805
1500,ExpGrad.1,0,0.707248,-0.0812604532054245,-0.0998932923299908,-0.0998932923299908,-0.0724915469387734,-0.0697372860877415,0 days 00:03:39.094423
1501,ExpGrad.01,0,0.689233,-0.0116086549036047,-0.0191131353321817,-0.0191131353321817,-0.0072857689659237,-0.0074053911892664,0 days 00:09:21.281109
1502,RedGrid25,0,0.683676,-0.1104194101723725,-0.1469956551007005,-0.1469956551007005,-0.0909544617802352,-0.0890452734272713,0 days 00:14:46.852873
1503,RedGrid5,0,0.683676,-0.1104194101723725,-0.1469956551007005,-0.1469956551007005,-0.0909544617802352,-0.0890452734272713,0 days 00:14:47.954328
1504,RedGrid75,0,0.669072,-0.0543253078126008,-0.1116847792967546,-0.1116847792967546,-0.0021857067188172,-0.0327654636489865,0 days 00:14:53.927976
