,method,k_set,accuracy,mean_unfairness,max_unfairness,A_unfairness,B_unfairness,C_unfairness,runtime
0,ExpGrad.1,2,0.722202,-0.0783348215958956,-0.1123618351003135,-0.1123618351003135,-0.0613497897181156,-0.0593060737173293,0 days 00:03:17.786618
1,ExpGrad.01,2,0.622969,-0.0074900965700783,-0.0174994166855668,-0.0174994166855668,0.0,-0.0035658853097804,0 days 00:05:14.547753
2,RedGrid25,2,0.708052,-0.0624664822866499,-0.1104786268553249,-0.1104786268553249,-0.0073948189730024,-0.0564876260325152,0 days 00:14:31.770158
3,RedGrid5,2,0.693035,-0.0447244094648793,-0.0833555908696594,-0.0833555908696594,0.0,-0.0401908854849391,0 days 00:14:32.203422
4,RedGrid75,2,0.684584,-0.0279805109118294,-0.0731318872553737,-0.0731318872553737,0.0,-0.0063825148837163,0 days 00:14:03.861928
5,ExpGrad.1,2,0.693163,-0.0454615844524161,-0.0731874068068018,-0.0731874068068018,-0.0397300105014988,-0.0245159173033222,0 days 00:02:11.444926
6,ExpGrad.01,2,0.620653,-0.0039417554751611,-0.0113188773596809,-0.0113188773596809,0.0,0.0,0 days 00:04:29.549271
7,RedGrid25,2,0.727185,-0.0894121904361063,-0.1122958767778764,-0.1122958767778764,-0.0854391790724289,-0.0716131670527275,0 days 00:10:44.231245
8,RedGrid5,2,0.658043,-0.0164227886211566,-0.0471585646238581,-0.0471585646238581,0.0,0.0,0 days 00:10:45.874119
9,RedGrid75,2,0.658043,-0.0164227886211566,-0.0471585646238581,-0.0471585646238581,0.0,0.0,0 days 00:10:25.747822
10,ExpGrad.1,0,0.707025,-0.0813504130490625,-0.1001682139504267,-0.1001682139504267,-0.0724312907057486,-0.0697618752712208,0 days 00:03:13.016369
11,ExpGrad.01,0,0.689075,-0.0107555712607538,-0.0184852931472345,-0.0184852931472345,-0.0073038649107322,-0.0058783136244369,0 days 00:07:27.195191
12,RedGrid25,0,0.686517,-0.1231282846769511,-0.1541229312793031,-0.1541229312793031,-0.1018641500101705,-0.1076715661518777,0 days 00:11:29.589031
13,RedGrid5,0,0.686517,-0.1231282846769511,-0.1541229312793031,-0.1541229312793031,-0.1018641500101705,-0.1076715661518777,0 days 00:11:29.523233
14,RedGrid75,0,0.686517,-0.1231282846769511,-0.1541229312793031,-0.1541229312793031,-0.1018641500101705,-0.1076715661518777,0 days 00:11:29.600910
15,ExpGrad.1,1,0.712266,-0.0520243311600263,-0.1239030701313614,-0.1239030701313614,-0.0632323386445268,-0.0435645922797779,0 days 00:02:46.516393
16,ExpGrad.01,1,0.607725,-0.0007856173540309,-0.008235366223165,-0.008235366223165,-0.0017830651777634,0.0,0 days 00:07:28.741157
17,RedGrid25,1,0.707649,-0.0727020697678862,-0.134614081169634,-0.134614081169634,-0.0724718701084516,-0.0709042913896002,0 days 00:14:19.956406
18,RedGrid5,1,0.707649,-0.0727020697678862,-0.134614081169634,-0.134614081169634,-0.0724718701084516,-0.0709042913896002,0 days 00:14:18.220308
19,RedGrid75,1,0.707649,-0.0727020697678862,-0.134614081169634,-0.134614081169634,-0.0724718701084516,-0.0709042913896002,0 days 00:14:18.109161
20,ExpGrad.1,2,0.713928,-0.0589817785618114,-0.0904939663349852,-0.0904939663349852,-0.0600015021612043,-0.0302776716753815,0 days 00:02:26.786648
21,ExpGrad.01,2,0.633011,-0.0076415230009014,-0.0138936623110258,-0.0114860740539289,-0.0138936623110258,0.0,0 days 00:05:29.419672
22,RedGrid25,2,0.71503,-0.0687510915862086,-0.0918833993691967,-0.0918833993691967,-0.073375830953752,-0.0450615842108124,0 days 00:10:36.464282
23,RedGrid5,2,0.71503,-0.0687510915862086,-0.0918833993691967,-0.0918833993691967,-0.073375830953752,-0.0450615842108124,0 days 00:10:34.892611
24,RedGrid75,2,0.669438,-0.0216270525498041,-0.0623874043226957,-0.0623874043226957,0.0,0.0,0 days 00:10:33.993746
25,ExpGrad.1,1,0.711055,-0.030889557065387,-0.1143211617026352,-0.1143211617026352,-0.0330421203039952,-0.0271065172147679,0 days 00:01:57.065191
26,ExpGrad.01,1,0.589513,-0.000128020227447,-0.0065464083376456,-0.0065464083376456,0.0,0.0,0 days 00:02:36.105895
27,RedGrid25,1,0.70048,-0.0120233948280626,-0.1139289382521027,-0.1139289382521027,-0.0014300041246713,-0.014743545402191,0 days 00:09:14.454714
28,RedGrid5,1,0.70048,-0.0120233948280626,-0.1139289382521027,-0.1139289382521027,-0.0014300041246713,-0.014743545402191,0 days 00:09:15.883378
29,RedGrid75,1,0.70048,-0.0120233948280626,-0.1139289382521027,-0.1139289382521027,-0.0014300041246713,-0.014743545402191,0 days 00:09:10.900101
30,ExpGrad.1,2,0.70236,-0.0438254358744413,-0.0754798892142558,-0.0754798892142558,-0.0258622217923633,-0.0272584696326744,0 days 00:02:00.771709
31,ExpGrad.01,2,0.623485,-0.0027441938577871,-0.0073980032612884,-0.0073980032612884,-0.0005609064611953,0.0,0 days 00:03:14.251625
32,RedGrid25,2,0.714204,-0.0704012965946883,-0.0849836589889022,-0.0849836589889022,-0.0784845723726808,-0.0517409406583972,0 days 00:08:19.641060
33,RedGrid5,2,0.654595,-0.0112743630740275,-0.0321091580259453,-0.0321091580259453,0.0,0.0,0 days 00:08:17.067874
34,RedGrid75,2,0.654595,-0.0112743630740275,-0.0321091580259453,-0.0321091580259453,0.0,0.0,0 days 00:08:14.580775
35,ExpGrad.1,0,0.706715,-0.0829023117159949,-0.1005533477108158,-0.1005533477108158,-0.0744326030159645,-0.0721540885724211,0 days 00:03:03.068499
36,ExpGrad.01,0,0.690125,-0.0168440484326734,-0.0231835285456227,-0.0231835285456227,-0.0151396171297961,-0.0122469196005529,0 days 00:06:16.842919
37,RedGrid25,0,0.687393,-0.082860195313739,-0.1162204445848961,-0.1162204445848961,-0.0059386187179105,-0.0961036052841837,0 days 00:09:08.519494
38,RedGrid5,0,0.687393,-0.082860195313739,-0.1162204445848961,-0.1162204445848961,-0.0059386187179105,-0.0961036052841837,0 days 00:09:10.630776
39,RedGrid75,0,0.664445,-0.0529400362404409,-0.1097752236961018,-0.1097752236961018,0.0,-0.0324720028407797,0 days 00:09:08.954413
40,ExpGrad.1,0,0.706827,-0.0833993557548754,-0.101057910904895,-0.101057910904895,-0.0745725123493952,-0.0727839470362583,0 days 00:03:18.414211
41,ExpGrad.01,0,0.684148,-0.0118688571724949,-0.0165103189244567,-0.0165103189244567,-0.0086763705370229,-0.0095606627659898,0 days 00:05:18.823507
42,RedGrid25,0,0.686699,-0.0767580813350544,-0.1100826346583605,-0.1100826346583605,0.0,-0.0899314818792733,0 days 00:11:01.513649
43,RedGrid5,0,0.686699,-0.0767580813350544,-0.1100826346583605,-0.1100826346583605,0.0,-0.0899314818792733,0 days 00:11:01.772190
44,RedGrid75,0,0.686699,-0.0767580813350544,-0.1100826346583605,-0.1100826346583605,0.0,-0.0899314818792733,0 days 00:10:58.725001
45,ExpGrad.1,1,0.711189,-0.0462574381502004,-0.1217315063296986,-0.1217315063296986,-0.0605352997001269,-0.0359971707807418,0 days 00:02:24.479231
46,ExpGrad.01,1,0.598495,-0.0020611734527357,-0.0118216686126791,-0.0118216686126791,-0.0052332158689157,0.0,0 days 00:03:27.994908
47,RedGrid25,1,0.706449,-0.0619219014820613,-0.1407775676796212,-0.1407775676796212,-0.0684465835419297,-0.055851026831983,0 days 00:11:13.714782
48,RedGrid5,1,0.706449,-0.0619219014820613,-0.1407775676796212,-0.1407775676796212,-0.0684465835419297,-0.055851026831983,0 days 00:11:14.610602
49,RedGrid75,1,0.706449,-0.0619219014820613,-0.1407775676796212,-0.1407775676796212,-0.0684465835419297,-0.055851026831983,0 days 00:11:13.404080
50,ExpGrad.1,2,0.698342,-0.0421638728154381,-0.0819450617842673,-0.0819450617842673,-0.0121259773240129,-0.0268457252844463,0 days 00:02:28.381661
51,ExpGrad.01,2,0.611794,-0.0063366405505103,-0.0182290062959593,-0.0182290062959593,0.0,0.0,0 days 00:02:58.322148
52,RedGrid25,2,0.721208,-0.0984611508945288,-0.1151241066045933,-0.1151241066045933,-0.0959608217693608,-0.0853416454572848,0 days 00:10:40.644989
53,RedGrid5,2,0.696399,-0.0590142848655411,-0.0770529225458772,-0.0770529225458772,-0.0559968876970982,-0.0450181908889731,0 days 00:10:43.161863
54,RedGrid75,2,0.696399,-0.0590142848655411,-0.0770529225458772,-0.0770529225458772,-0.0559968876970982,-0.0450181908889731,0 days 00:10:40.515864
55,ExpGrad.1,2,0.704544,-0.0502917411521646,-0.0803467065960871,-0.0803467065960871,-0.0357337713303487,-0.0326986713085787,0 days 00:02:16.033407
56,ExpGrad.01,2,0.626019,-0.0075417836975047,-0.0106685605161863,-0.0106685605161863,-0.0017602412331752,-0.0085906537992409,0 days 00:03:25.570488
57,RedGrid25,2,0.726446,-0.0901229667676615,-0.1096580032816278,-0.1096580032816278,-0.1090699365477239,-0.0595186112594939,0 days 00:10:33.256195
58,RedGrid5,2,0.676757,-0.0360786335634418,-0.0553008831848838,-0.0553008831848838,0.0,-0.0428882807465324,0 days 00:10:30.914388
59,RedGrid75,2,0.647784,-0.0106776804217723,-0.0302813862175106,-0.0302813862175106,0.0,0.0,0 days 00:10:31.717039
60,ExpGrad.1,1,0.711211,-0.0343377115991436,-0.100691764569286,-0.100691764569286,-0.0455381974863641,-0.026118582190147,0 days 00:03:12.877104
61,ExpGrad.01,1,0.582933,-2.8986283614515197e-05,-0.0015036812063102,-0.0015036812063102,0.0,0.0,0 days 00:02:37.325979
62,RedGrid25,1,0.70825,-0.0678356005535723,-0.1290959200819595,-0.1290959200819595,-0.0770622958778181,-0.0608634283585217,0 days 00:11:03.743784
63,RedGrid5,1,0.691852,-0.0031592462889095,-0.0608430364612663,-0.0608430364612663,-0.0056881608109652,0.0,0 days 00:11:02.087718
64,RedGrid75,1,0.684473,-0.0006869198336184,-0.0356343868634708,-0.0356343868634708,0.0,0.0,0 days 00:11:00.739209
65,ExpGrad.1,0,0.706503,-0.0745678674919526,-0.093628852032926,-0.093628852032926,-0.0615750841003014,-0.0650127683632769,0 days 00:03:16.664391
66,ExpGrad.01,0,0.686369,-0.0156962718497961,-0.0201942052171141,-0.0201942052171141,-0.0111454262033595,-0.0142603068145883,0 days 00:08:21.613139
67,RedGrid25,0,0.682149,-0.1179191986838622,-0.1526130097253757,-0.1526130097253757,-0.1002666903462572,-0.0972209323271816,0 days 00:12:07.814168
68,RedGrid5,0,0.682149,-0.1179191986838622,-0.1526130097253757,-0.1526130097253757,-0.1002666903462572,-0.0972209323271816,0 days 00:12:10.968439
69,RedGrid75,0,0.667848,-0.0628377630012927,-0.1187823928892346,-0.1187823928892346,-0.0110984335864779,-0.042295572937163,0 days 00:12:10.974315
70,ExpGrad.1,0,0.707267,-0.0822978597231147,-0.0988834207773632,-0.0988834207773632,-0.073565586741974,-0.0725941918312743,0 days 00:03:54.887706
71,ExpGrad.01,0,0.688344,-0.0127053762828688,-0.0182925535350551,-0.0182925535350551,-0.0090347153588742,-0.0098407877168318,0 days 00:06:21.220675
72,RedGrid25,0,0.686995,-0.1224284929443702,-0.1513536728205511,-0.1513536728205511,-0.0995546134701796,-0.1097448279639372,0 days 00:15:25.074467
73,RedGrid5,0,0.686995,-0.1224284929443702,-0.1513536728205511,-0.1513536728205511,-0.0995546134701796,-0.1097448279639372,0 days 00:15:28.906204
74,RedGrid75,0,0.686995,-0.1224284929443702,-0.1513536728205511,-0.1513536728205511,-0.0995546134701796,-0.1097448279639372,0 days 00:15:26.094907
75,ExpGrad.1,2,0.709574,-0.0511564836397192,-0.0901762026780507,-0.0901762026780507,-0.0461126768418991,-0.0191506752722789,0 days 00:02:04.494093
76,ExpGrad.01,2,0.624658,-0.006336397462276,-0.0140477511068616,-0.0140477511068616,-0.0053561372476193,0.0,0 days 00:02:54.747267
77,RedGrid25,2,0.714873,-0.0696850271521985,-0.0897004894761364,-0.0897004894761364,-0.0820364384467889,-0.0431629749723848,0 days 00:10:32.679984
78,RedGrid5,2,0.677165,-0.0282954679097654,-0.0496055245863014,-0.0496055245863014,-0.0371812638515602,-0.002942460461682,0 days 00:10:31.363608
79,RedGrid75,2,0.677165,-0.0282954679097654,-0.0496055245863014,-0.0496055245863014,-0.0371812638515602,-0.002942460461682,0 days 00:10:30.265926
80,ExpGrad.1,0,0.706007,-0.0828113739791438,-0.1004201129568386,-0.1004201129568386,-0.0727539968000579,-0.0728734563269229,0 days 00:03:16.850074
81,ExpGrad.01,0,0.684145,-0.0134117927170853,-0.0174253635883637,-0.0174253635883637,-0.0075726458600554,-0.0131146765085482,0 days 00:04:52.932549
82,RedGrid25,0,0.685365,-0.1223004105376096,-0.1521075503071755,-0.1521075503071755,-0.1007346355300434,-0.1079978557394941,0 days 00:12:03.845220
83,RedGrid5,0,0.685365,-0.1223004105376096,-0.1521075503071755,-0.1521075503071755,-0.1007346355300434,-0.1079978557394941,0 days 00:12:11.604358
84,RedGrid75,0,0.685365,-0.1223004105376096,-0.1521075503071755,-0.1521075503071755,-0.1007346355300434,-0.1079978557394941,0 days 00:12:12.554786
85,ExpGrad.1,0,0.706957,-0.0832814769620245,-0.1011109982750865,-0.1011109982750865,-0.0738507764639839,-0.0728747520518758,0 days 00:02:39.956092
86,ExpGrad.01,0,0.685886,-0.0146818546768057,-0.019588592441766,-0.019588592441766,-0.0081153389254227,-0.0140184368498604,0 days 00:06:35.348446
87,RedGrid25,0,0.682889,-0.1155477789957854,-0.1509085691485312,-0.1509085691485312,-0.0944593928092648,-0.0962298737024339,0 days 00:12:00.088145
88,RedGrid5,0,0.682889,-0.1155477789957854,-0.1509085691485312,-0.1509085691485312,-0.0944593928092648,-0.0962298737024339,0 days 00:12:02.575724
89,RedGrid75,0,0.682889,-0.1155477789957854,-0.1509085691485312,-0.1509085691485312,-0.0944593928092648,-0.0962298737024339,0 days 00:12:09.170270
90,ExpGrad.1,2,0.72154,-0.0762182711049686,-0.1090295623999885,-0.1090295623999885,-0.0542211902550828,-0.0618723882066151,0 days 00:02:46.761835
91,ExpGrad.01,2,0.632517,-0.0083375047043224,-0.0155548137563328,-0.0155548137563328,-0.0112238402224399,0.0,0 days 00:04:24.639189
92,RedGrid25,2,0.723098,-0.0953362973488852,-0.1217739468053471,-0.1217739468053471,-0.0704886282811237,-0.0885556563215737,0 days 00:10:34.381029
93,RedGrid5,2,0.691268,-0.0433877454770958,-0.0725780398362045,-0.0648188781673457,-0.0725780398362045,-0.0047985222024699,0 days 00:10:40.876778
94,RedGrid75,2,0.691268,-0.0433877454770958,-0.0725780398362045,-0.0648188781673457,-0.0725780398362045,-0.0047985222024699,0 days 00:10:39.535824
95,ExpGrad.1,0,0.70632,-0.0785732530286007,-0.0962782819907747,-0.0962782819907747,-0.0666589729061885,-0.0696579375930284,0 days 00:03:24.078889
96,ExpGrad.01,0,0.689017,-0.0128657992582889,-0.0186007183070334,-0.0186007183070334,-0.0098819214778246,-0.009492491836986,0 days 00:07:00.895667
97,RedGrid25,0,0.686029,-0.0763245512008955,-0.1091134589166308,-0.1091134589166308,0.0,-0.0899091720272825,0 days 00:11:07.333439
98,RedGrid5,0,0.686029,-0.0763245512008955,-0.1091134589166308,-0.1091134589166308,0.0,-0.0899091720272825,0 days 00:11:10.156343
99,RedGrid75,0,0.663638,-0.0521770175223143,-0.1096198637079934,-0.1096198637079934,0.0,-0.0307517954149031,0 days 00:11:13.097154
100,ExpGrad.1,1,0.711714,-0.0435530695204423,-0.1177684299268397,-0.1177684299268397,-0.043854330285223,-0.0410818651275326,0 days 00:02:10.617736
101,ExpGrad.01,1,0.579915,-0.0057884448899257,-0.011618586021302,-0.011618586021302,-0.0111937169795202,-0.0026313848658534,0 days 00:02:33.934791
102,RedGrid25,1,0.705453,-0.0587914675000228,-0.1300414187337479,-0.1300414187337479,-0.0615489008197978,-0.0550600919694134,0 days 00:11:41.810637
103,RedGrid5,1,0.705453,-0.0587914675000228,-0.1300414187337479,-0.1300414187337479,-0.0615489008197978,-0.0550600919694134,0 days 00:11:39.241505
104,RedGrid75,1,0.705453,-0.0587914675000228,-0.1300414187337479,-0.1300414187337479,-0.0615489008197978,-0.0550600919694134,0 days 00:11:25.452953
105,ExpGrad.1,0,0.705284,-0.0847571884948344,-0.1026646595037238,-0.1026646595037238,-0.0753492142838767,-0.0742433602839781,0 days 00:03:22.903815
106,ExpGrad.01,0,0.688524,-0.0130677988404983,-0.0197391267454347,-0.0197391267454347,-0.0065019707874043,-0.0108397625724615,0 days 00:08:23.990135
107,RedGrid25,0,0.686307,-0.1356495632771831,-0.1584084445307975,-0.1584084445307975,-0.1376668277463399,-0.1145774125723173,0 days 00:10:52.776769
108,RedGrid5,0,0.66325,-0.0522559046589976,-0.1103534824483654,-0.1103534824483654,0.0,-0.0301367896509687,0 days 00:10:53.193953
109,RedGrid75,0,0.66325,-0.0522559046589976,-0.1103534824483654,-0.1103534824483654,0.0,-0.0301367896509687,0 days 00:10:53.850866
110,ExpGrad.1,1,0.710761,-0.0233192238112161,-0.1091699390932041,-0.1091699390932041,-0.0201340217684178,-0.0224041835865994,0 days 00:02:36.082474
111,ExpGrad.01,1,0.590374,-0.0172780350230236,-0.0194560853261083,-0.0138020051844732,-0.0135412450252898,-0.0194560853261083,0 days 00:02:45.842984
112,RedGrid25,1,0.702894,-0.0158004470554995,-0.1135992885833975,-0.1135992885833975,-0.0050907688690378,-0.0186798816215308,0 days 00:11:29.152344
113,RedGrid5,1,0.702894,-0.0158004470554995,-0.1135992885833975,-0.1135992885833975,-0.0050907688690378,-0.0186798816215308,0 days 00:11:26.439613
114,RedGrid75,1,0.702894,-0.0158004470554995,-0.1135992885833975,-0.1135992885833975,-0.0050907688690378,-0.0186798816215308,0 days 00:11:25.383874
115,ExpGrad.1,1,0.706775,-0.0420366933082248,-0.1114768184824259,-0.1114768184824259,-0.0396817958584819,-0.0412111417803978,0 days 00:01:44.712726
116,ExpGrad.01,1,0.58206,-0.0034842997838008,-0.007278132445618,-0.007278132445618,0.0,-0.0052962555029779,0 days 00:02:26.410745
117,RedGrid25,1,0.707879,-0.0638377468603478,-0.1299211020672133,-0.1299211020672133,-0.0736490791570426,-0.0563821373946202,0 days 00:08:37.929272
118,RedGrid5,1,0.701302,-0.0034373461742665,-0.0912948745057294,-0.0912948745057294,0.0,-0.0026462256141599,0 days 00:08:39.110454
119,RedGrid75,1,0.701302,-0.0034373461742665,-0.0912948745057294,-0.0912948745057294,0.0,-0.0026462256141599,0 days 00:08:41.562976
120,ExpGrad.1,0,0.706963,-0.0776343124162668,-0.0965643284587591,-0.0965643284587591,-0.0641994511520557,-0.0684604906200715,0 days 00:02:36.850426
121,ExpGrad.01,0,0.688067,-0.0165029254697223,-0.0219634910759014,-0.0219634910759014,-0.0118058939573151,-0.0143096754356857,0 days 00:04:40.992852
122,RedGrid25,0,0.685124,-0.1242262601951321,-0.1552668434520852,-0.1552668434520852,-0.100170274981055,-0.1103006523039408,0 days 00:09:22.432484
123,RedGrid5,0,0.685124,-0.1242262601951321,-0.1552668434520852,-0.1552668434520852,-0.100170274981055,-0.1103006523039408,0 days 00:09:19.367371
124,RedGrid75,0,0.666639,-0.0507933087836992,-0.1078701182504271,-0.1078701182504271,0.0,-0.028804207021677,0 days 00:09:21.671845
125,ExpGrad.1,1,0.710022,-0.0264845340390606,-0.1026005365901232,-0.1026005365901232,-0.0278107055729365,-0.0234054361081708,0 days 00:02:20.762074
126,ExpGrad.01,1,0.595615,0.0,0.0,0.0,0.0,0.0,0 days 00:03:08.885467
127,RedGrid25,1,0.708517,-0.0583395468047759,-0.1273771393289938,-0.1273771393289938,-0.0642622076499833,-0.0529223469518868,0 days 00:11:29.066548
128,RedGrid5,1,0.69979,-0.0018352658982945,-0.094661271182334,-0.094661271182334,0.0,0.0,0 days 00:11:25.953999
129,RedGrid75,1,0.69979,-0.0018352658982945,-0.094661271182334,-0.094661271182334,0.0,0.0,0 days 00:11:27.410203
130,ExpGrad.1,2,0.710215,-0.0553938721016402,-0.0890385747685107,-0.0890385747685107,-0.0593925075848838,-0.0230668812377879,0 days 00:02:54.018431
131,ExpGrad.01,2,0.628588,-0.0062090237103127,-0.010305681985995,-0.010177008537333,-0.010305681985995,0.0,0 days 00:04:18.106821
132,RedGrid25,2,0.706728,-0.0560576670561932,-0.0950000875501064,-0.0950000875501064,-0.0866133343223096,-0.0015004490622972,0 days 00:11:54.483506
133,RedGrid5,2,0.664255,-0.0192728499924922,-0.039600643495782,-0.039600643495782,0.0,-0.0140791510281392,0 days 00:11:45.293840
134,RedGrid75,2,0.597632,-0.011785687478646,-0.0453427760470023,0.0,-0.0453427760470023,0.0,0 days 00:11:53.856845
135,ExpGrad.1,2,0.714674,-0.063909095680199,-0.0971827873967006,-0.0971827873967006,-0.0525513068091146,-0.0417245456303088,0 days 00:03:06.424310
136,ExpGrad.01,2,0.629779,-0.0124987503538564,-0.0154148035191314,-0.0154148035191314,-0.0064853964927803,-0.0139289379242422,0 days 00:03:08.509001
137,RedGrid25,2,0.703332,-0.0607583139743538,-0.0998672088045758,-0.0998672088045758,-0.0076510216552301,-0.0614188633984214,0 days 00:10:54.081820
138,RedGrid5,2,0.668456,-0.0170743867872849,-0.0489356053794683,-0.0489356053794683,0.0,0.0,0 days 00:10:54.821000
139,RedGrid75,2,0.668456,-0.0170743867872849,-0.0489356053794683,-0.0489356053794683,0.0,0.0,0 days 00:10:53.388033
140,ExpGrad.1,2,0.712814,-0.0636158140780463,-0.0973093579854913,-0.0973093579854913,-0.0311716790613447,-0.0553568915057159,0 days 00:02:58.008201
141,ExpGrad.01,2,0.612707,-0.0035804790346655,-0.0103461282529704,-0.0103461282529704,0.0,0.0,0 days 00:03:22.424799
142,RedGrid25,2,0.724564,-0.0871391683996425,-0.1314988845933843,-0.1314988845933843,-0.0726929496909236,-0.0577485870240374,0 days 00:10:59.205854
143,RedGrid5,2,0.692451,-0.0402065040679872,-0.1011989066094556,-0.1011989066094556,0.0,-0.0131219329696584,0 days 00:10:53.300807
144,RedGrid75,2,0.674135,-0.0315924408839365,-0.0553069038122441,-0.0499266016585375,-0.0553069038122441,0.0,0 days 00:10:45.727823
145,ExpGrad.1,1,0.710715,-0.037545970124411,-0.1170212843203304,-0.1170212843203304,-0.0392114989354155,-0.0341774354382704,0 days 00:02:22.392077
146,ExpGrad.01,1,0.596037,-0.0057579216275704,-0.0191683453674935,-0.0191683453674935,-0.0108146808074425,-0.0025506569341401,0 days 00:04:19.312685
147,RedGrid25,1,0.70664,-0.0573666038319935,-0.1391095029657926,-0.1391095029657926,-0.058317679113518,-0.0543229940213053,0 days 00:11:22.958661
148,RedGrid5,1,0.698204,-0.0019114331593408,-0.0982470580671521,-0.0982470580671521,0.0,0.0,0 days 00:11:21.891347
149,RedGrid75,1,0.683624,-0.0009906738915574,-0.0509203237758119,-0.0509203237758119,0.0,0.0,0 days 00:11:20.262544
150,ExpGrad.1,0,0.706241,-0.0802328953764015,-0.0984779113472898,-0.0984779113472898,-0.0704030861541836,-0.0696096717043374,0 days 00:03:23.169713
151,ExpGrad.01,0,0.686939,-0.0121407331458364,-0.0183767281505432,-0.0183767281505432,-0.008847037976162,-0.0084734077776135,0 days 00:08:02.469539
152,RedGrid25,0,0.683224,-0.113341274237392,-0.14861628259153,-0.14861628259153,-0.0927926564003568,-0.0936528340015647,0 days 00:12:04.329923
153,RedGrid5,0,0.683224,-0.113341274237392,-0.14861628259153,-0.14861628259153,-0.0927926564003568,-0.0936528340015647,0 days 00:12:01.867317
154,RedGrid75,0,0.683224,-0.113341274237392,-0.14861628259153,-0.14861628259153,-0.0927926564003568,-0.0936528340015647,0 days 00:11:59.336324
155,ExpGrad.1,1,0.70752,-0.0157434133286622,-0.0990266062753814,-0.0990266062753814,-0.0154696531438458,-0.0133480630236618,0 days 00:01:52.075957
156,ExpGrad.01,1,0.594552,-0.0051043833506032,-0.0122667236580063,-0.0122667236580063,-0.0017242871047715,-0.0067532876534483,0 days 00:02:56.863560
157,RedGrid25,1,0.706876,-0.0625551987291661,-0.1358964785053021,-0.1358964785053021,-0.0575978604993795,-0.0630520994776654,0 days 00:08:36.565998
158,RedGrid5,1,0.706876,-0.0625551987291661,-0.1358964785053021,-0.1358964785053021,-0.0575978604993795,-0.0630520994776654,0 days 00:08:47.410447
159,RedGrid75,1,0.706876,-0.0625551987291661,-0.1358964785053021,-0.1358964785053021,-0.0575978604993795,-0.0630520994776654,0 days 00:08:45.641600
160,ExpGrad.1,1,0.709958,-0.0236204147118122,-0.0988477593789396,-0.0988477593789396,-0.0158181506969284,-0.0255991313493986,0 days 00:02:04.499731
161,ExpGrad.01,1,0.581899,-0.0023956688981523,-0.0109340932334615,-0.0109340932334615,-0.001318787144382,-0.002725952148965,0 days 00:02:07.187316
162,RedGrid25,1,0.701,-0.0130034917680263,-0.101577410511863,-0.101577410511863,-0.0041353469696676,-0.015157373269563,0 days 00:08:53.546880
163,RedGrid5,1,0.701,-0.0130034917680263,-0.101577410511863,-0.101577410511863,-0.0041353469696676,-0.015157373269563,0 days 00:08:17.786901
164,RedGrid75,1,0.701,-0.0130034917680263,-0.101577410511863,-0.101577410511863,-0.0041353469696676,-0.015157373269563,0 days 00:08:18.771238
165,ExpGrad.1,0,0.706616,-0.0774421927079243,-0.0950397536098041,-0.0950397536098041,-0.0674610670899927,-0.0674810703065453,0 days 00:03:01.390464
166,ExpGrad.01,0,0.687457,-0.013188926675051,-0.0187646476186038,-0.0187646476186038,-0.0145127934546231,-0.0075489860414998,0 days 00:05:43.483648
167,RedGrid25,0,0.682508,-0.1149386837363174,-0.1487492260271515,-0.1487492260271515,-0.0974848113488529,-0.0948462358355329,0 days 00:11:56.494191
168,RedGrid5,0,0.682508,-0.1149386837363174,-0.1487492260271515,-0.1487492260271515,-0.0974848113488529,-0.0948462358355329,0 days 00:11:54.969491
169,RedGrid75,0,0.682508,-0.1149386837363174,-0.1487492260271515,-0.1487492260271515,-0.0974848113488529,-0.0948462358355329,0 days 00:11:50.971737
170,ExpGrad.1,1,0.703032,-0.0014970871850121,-0.0766371069263373,-0.0766371069263373,0.0,0.0,0 days 00:02:40.393397
171,ExpGrad.01,1,0.56504,-0.0023412114076977,-0.002820852783586,0.0,-0.0016016571999534,-0.002820852783586,0 days 00:02:01.536633
172,RedGrid25,1,0.708536,-0.061544598077228,-0.130301655675496,-0.130301655675496,-0.068054617916311,-0.055834858998056,0 days 00:11:20.447116
173,RedGrid5,1,0.708536,-0.061544598077228,-0.130301655675496,-0.130301655675496,-0.068054617916311,-0.055834858998056,0 days 00:11:22.343412
174,RedGrid75,1,0.708536,-0.061544598077228,-0.130301655675496,-0.130301655675496,-0.068054617916311,-0.055834858998056,0 days 00:11:20.058482
175,ExpGrad.1,1,0.709707,-0.0238462153910455,-0.1052800117818024,-0.1052800117818024,-0.0181287422255013,-0.0245359483479716,0 days 00:02:08.111612
176,ExpGrad.01,1,0.606061,-0.0115018973964442,-0.0155931607571342,-0.0136581977435505,-0.0040262032835995,-0.0155931607571342,0 days 00:02:53.547157
177,RedGrid25,1,0.705851,-0.0627984781199103,-0.1336143288077776,-0.1336143288077776,-0.0706223392590681,-0.0562825837244747,0 days 00:08:27.641040
178,RedGrid5,1,0.696717,-0.0017692023213106,-0.0918158467169161,-0.0918158467169161,0.0,0.0,0 days 00:08:29.294999
179,RedGrid75,1,0.696717,-0.0017692023213106,-0.0918158467169161,-0.0918158467169161,0.0,0.0,0 days 00:08:28.259252
180,ExpGrad.1,1,0.711412,-0.0389131478009514,-0.1231877946917294,-0.1231877946917294,-0.0379646491946037,-0.0367752351374004,0 days 00:02:07.709568
181,ExpGrad.01,1,0.600531,-0.0187930150478345,-0.0238460557658795,-0.0238460557658795,-0.0167304683602232,-0.0197695633951063,0 days 00:04:27.860258
182,RedGrid25,1,0.69896,-0.0446508436762725,-0.1196046463351745,-0.1196046463351745,0.0,-0.0668786340143425,0 days 00:10:49.492734
183,RedGrid5,1,0.693609,-0.0474458514016524,-0.1257596433744531,-0.1257596433744531,0.0,-0.071107078830358,0 days 00:10:48.266839
184,RedGrid75,1,0.693609,-0.0474458514016524,-0.1257596433744531,-0.1257596433744531,0.0,-0.071107078830358,0 days 00:10:48.979673
185,ExpGrad.1,0,0.706974,-0.0823879965932361,-0.0993103695507545,-0.0993103695507545,-0.0725195057282337,-0.0729935820094428,0 days 00:03:25.933733
186,ExpGrad.01,0,0.685689,-0.0116874083497406,-0.0170144831449726,-0.0170144831449726,-0.0075614161860525,-0.0092972970104699,0 days 00:05:06.125520
187,RedGrid25,0,0.695293,-0.0574821098535071,-0.0811407064809218,-0.0524303599589207,-0.0811407064809218,-0.0487624178896979,0 days 00:11:38.339905
188,RedGrid5,0,0.695293,-0.0574821098535071,-0.0811407064809218,-0.0524303599589207,-0.0811407064809218,-0.0487624178896979,0 days 00:11:44.291432
189,RedGrid75,0,0.695293,-0.0574821098535071,-0.0811407064809218,-0.0524303599589207,-0.0811407064809218,-0.0487624178896979,0 days 00:11:34.598912
190,ExpGrad.1,2,0.706828,-0.0454282046577133,-0.0766214212878939,-0.0766214212878939,-0.0441275373229927,-0.0185790806176286,0 days 00:02:40.175511
191,ExpGrad.01,2,0.627877,-0.0087723843418575,-0.0144324843529659,-0.0063888301515438,-0.0034230819370078,-0.0144324843529659,0 days 00:05:20.803216
192,RedGrid25,2,0.695003,-0.0329412634684582,-0.0645230921549152,-0.0645230921549152,-0.0398910231829288,-0.0002829274735874,0 days 00:14:16.524659
193,RedGrid5,2,0.682226,-0.0271643537425263,-0.0674803516168813,-0.0674803516168813,0.0,-0.0093396754995406,0 days 00:14:16.235325
194,RedGrid75,2,0.676561,-0.0335442775379783,-0.0497536992772442,-0.0497536992772442,0.0,-0.0413599063039463,0 days 00:14:16.269319
195,ExpGrad.1,1,0.712914,-0.047380656123901,-0.119793939099062,-0.119793939099062,-0.0528899787427258,-0.0420805833146682,0 days 00:02:58.028020
196,ExpGrad.01,1,0.595634,0.0,0.0,0.0,0.0,0.0,0 days 00:02:53.556020
197,RedGrid25,1,0.705271,-0.0654228610037334,-0.1367242352419705,-0.1367242352419705,-0.074372325371632,-0.0582481433716061,0 days 00:09:09.276932
198,RedGrid5,1,0.699367,-0.0080521868901111,-0.1016105577569498,-0.1016105577569498,0.0,-0.0096230905185992,0 days 00:09:05.034804
199,RedGrid75,1,0.699367,-0.0080521868901111,-0.1016105577569498,-0.1016105577569498,0.0,-0.0096230905185992,0 days 00:08:51.138891
200,ExpGrad.1,0,0.706092,-0.0773807166094752,-0.0952395712987771,-0.0952395712987771,-0.0671335608953667,-0.0674348588853573,0 days 00:03:16.138641
201,ExpGrad.01,0,0.686427,-0.0121818045787449,-0.0177479502250431,-0.0177479502250431,-0.011767809332537,-0.007544018018623,0 days 00:06:40.002416
202,RedGrid25,0,0.682511,-0.1137709717150865,-0.1491250154810339,-0.1491250154810339,-0.0942447845680003,-0.0936616152608128,0 days 00:12:23.366418
203,RedGrid5,0,0.682511,-0.1137709717150865,-0.1491250154810339,-0.1491250154810339,-0.0942447845680003,-0.0936616152608128,0 days 00:12:24.851719
204,RedGrid75,0,0.682511,-0.1137709717150865,-0.1491250154810339,-0.1491250154810339,-0.0942447845680003,-0.0936616152608128,0 days 00:12:21.969861
205,ExpGrad.1,0,0.706818,-0.084447231678839,-0.101552168078842,-0.101552168078842,-0.0770682230092214,-0.0735390439694955,0 days 00:02:24.143577
206,ExpGrad.01,0,0.688473,-0.0117604326833959,-0.0176121563696015,-0.0176121563696015,-0.0085451363179718,-0.0084106514872824,0 days 00:05:28.252805
207,RedGrid25,0,0.689393,-0.0200156364162215,-0.0255911942851706,-0.0255911942851706,-0.0065518026220325,-0.0225742586442644,0 days 00:09:11.278116
208,RedGrid5,0,0.689393,-0.0200156364162215,-0.0255911942851706,-0.0255911942851706,-0.0065518026220325,-0.0225742586442644,0 days 00:09:18.738053
209,RedGrid75,0,0.689393,-0.0200156364162215,-0.0255911942851706,-0.0255911942851706,-0.0065518026220325,-0.0225742586442644,0 days 00:09:23.400690
210,ExpGrad.1,2,0.685252,-0.0287340305627229,-0.0643774640980618,-0.0643774640980618,-0.0086090311860307,-0.0102539449731878,0 days 00:03:14.260110
211,ExpGrad.01,2,0.595871,0.0,0.0,0.0,0.0,0.0,0 days 00:04:33.830515
212,RedGrid25,2,0.715243,-0.0671579025711772,-0.1111995188071192,-0.1111995188071192,-0.0816826928561471,-0.0178619390015473,0 days 00:14:31.886103
213,RedGrid5,2,0.715243,-0.0671579025711772,-0.1111995188071192,-0.1111995188071192,-0.0816826928561471,-0.0178619390015473,0 days 00:14:41.313330
214,RedGrid75,2,0.627759,-0.0172329639836207,-0.0293476878043857,-0.0166333425114679,0.0,-0.0293476878043857,0 days 00:14:47.248007
215,ExpGrad.1,1,0.710785,-0.0278705394140652,-0.1128879933404537,-0.1128879933404537,-0.0287879256336008,-0.0247661702881615,0 days 00:02:59.106281
216,ExpGrad.01,1,0.600698,-1.9929398761557555e-05,-0.0010351691424702,-0.0010351691424702,0.0,0.0,0 days 00:03:58.930483
217,RedGrid25,1,0.704252,-0.0645227527294942,-0.1371568062604401,-0.1371568062604401,-0.0695490651722979,-0.0595158431916097,0 days 00:11:47.981368
218,RedGrid5,1,0.699266,-0.008302084391726,-0.0996234657796011,-0.0996234657796011,0.0,-0.0101223055065928,0 days 00:11:44.136630
219,RedGrid75,1,0.699266,-0.008302084391726,-0.0996234657796011,-0.0996234657796011,0.0,-0.0101223055065928,0 days 00:11:46.193849
220,ExpGrad.1,1,0.71017,-0.0446827495838457,-0.1166390014074639,-0.1166390014074639,-0.0474808650723368,-0.0408999530712673,0 days 00:02:57.558965
221,ExpGrad.01,1,0.584459,0.0,0.0,0.0,0.0,0.0,0 days 00:03:03.400726
222,RedGrid25,1,0.704898,-0.0606130884940287,-0.1314565144230364,-0.1314565144230364,-0.0604222412730486,-0.0585198757716688,0 days 00:11:35.424445
223,RedGrid5,1,0.700638,-0.0070111379689975,-0.0973315214693674,-0.0973315214693674,0.0,-0.0080899049358673,0 days 00:11:37.967682
224,RedGrid75,1,0.700638,-0.0070111379689975,-0.0973315214693674,-0.0973315214693674,0.0,-0.0080899049358673,0 days 00:11:43.969587
225,ExpGrad.1,1,0.708285,-0.0258268672861655,-0.1092109152980769,-0.1092109152980769,-0.0401072583543206,-0.0153638906367764,0 days 00:02:58.102846
226,ExpGrad.01,1,0.578354,-9.867051916280244e-05,-0.0038315814477909,-0.0038315814477909,-6.863016045677295e-05,0.0,0 days 00:03:41.725802
227,RedGrid25,1,0.705596,-0.0659750937296235,-0.1413285025980916,-0.1413285025980916,-0.0694971486302168,-0.0617028155659951,0 days 00:14:04.479877
228,RedGrid5,1,0.705596,-0.0659750937296235,-0.1413285025980916,-0.1413285025980916,-0.0694971486302168,-0.0617028155659951,0 days 00:13:55.940968
229,RedGrid75,1,0.705596,-0.0659750937296235,-0.1413285025980916,-0.1413285025980916,-0.0694971486302168,-0.0617028155659951,0 days 00:14:13.444236
230,ExpGrad.1,1,0.710147,-0.0238079956808183,-0.0959703022271455,-0.0959703022271455,-0.0175777541274136,-0.025013118233898,0 days 00:02:06.135830
231,ExpGrad.01,1,0.609104,-0.0171934133685774,-0.0196949986585467,-0.017407274779671,-0.0126514224371228,-0.0196949986585467,0 days 00:04:28.518717
232,RedGrid25,1,0.705666,-0.0673244020591926,-0.1300215957611635,-0.1300215957611635,-0.0698377562455074,-0.0639942773556049,0 days 00:10:51.200380
233,RedGrid5,1,0.701587,-0.0122558598042455,-0.101839270115877,-0.101839270115877,0.0,-0.016248834798066,0 days 00:10:53.238734
234,RedGrid75,1,0.701587,-0.0122558598042455,-0.101839270115877,-0.101839270115877,0.0,-0.016248834798066,0 days 00:10:53.830822
235,ExpGrad.1,0,0.7077,-0.0824607715263043,-0.0995468423515325,-0.0995468423515325,-0.0724477137621726,-0.0730123846336915,0 days 00:02:23.098710
236,ExpGrad.01,0,0.685097,-0.0120836793177126,-0.0163849146514737,-0.0163849146514737,-0.0110869618256898,-0.0088620137483754,0 days 00:04:07.727300
237,RedGrid25,0,0.683607,-0.0791865523250731,-0.1118295083843423,-0.1118295083843423,0.0,-0.0943618319099544,0 days 00:08:06.579481
238,RedGrid5,0,0.663695,-0.0508024871355833,-0.1076749296829142,-0.1076749296829142,0.0,-0.0290197935968998,0 days 00:08:05.320275
239,RedGrid75,0,0.663695,-0.0508024871355833,-0.1076749296829142,-0.1076749296829142,0.0,-0.0290197935968998,0 days 00:08:21.619588
240,ExpGrad.1,2,0.714869,-0.0553776727497954,-0.093285804824598,-0.093285804824598,-0.0516873837057082,-0.0236288591531356,0 days 00:02:11.848030
241,ExpGrad.01,2,0.626376,-0.0046171447317157,-0.0066021258673264,-0.0066021258673264,0.0,-0.0059068287467941,0 days 00:03:35.775214
242,RedGrid25,2,0.720149,-0.0779356761131711,-0.1022520662554681,-0.1022520662554681,-0.0664131396483668,-0.0636797453148532,0 days 00:12:37.608224
243,RedGrid5,2,0.682347,-0.0247272108612983,-0.0704101993822121,-0.0704101993822121,0.0,0.0,0 days 00:14:12.169577
244,RedGrid75,2,0.682347,-0.0247272108612983,-0.0704101993822121,-0.0704101993822121,0.0,0.0,0 days 00:14:19.000916
245,ExpGrad.1,0,0.706488,-0.0821810143901067,-0.0998125835820825,-0.0998125835820825,-0.0733640424200944,-0.0715381656239544,0 days 00:03:23.195035
246,ExpGrad.01,0,0.684997,-0.0159222168697207,-0.0204192254699033,-0.0204192254699033,-0.0177927252086043,-0.0109308093642728,0 days 00:05:48.951670
247,RedGrid25,0,0.689948,-0.0228950187543473,-0.0287472979442386,-0.0287472979442386,-0.0092019484772826,-0.025313513841088,0 days 00:12:47.228618
248,RedGrid5,0,0.689948,-0.0228950187543473,-0.0287472979442386,-0.0287472979442386,-0.0092019484772826,-0.025313513841088,0 days 00:12:47.280488
249,RedGrid75,0,0.689948,-0.0228950187543473,-0.0287472979442386,-0.0287472979442386,-0.0092019484772826,-0.025313513841088,0 days 00:12:48.327214
250,ExpGrad.1,2,0.706356,-0.0601039538316674,-0.0899853888234992,-0.0899853888234992,-0.0470833747589784,-0.0419476972840732,0 days 00:03:17.121481
251,ExpGrad.01,2,0.632666,-0.0044568686612389,-0.0127285983407049,-0.0127285983407049,0.0,0.0,0 days 00:05:52.571445
252,RedGrid25,2,0.705904,-0.0615928486142456,-0.0981730469800855,-0.0981730469800855,-0.0043488453695541,-0.0669395484009255,0 days 00:10:35.471480
253,RedGrid5,2,0.668743,-0.0177913163297343,-0.0411719396137268,-0.0411719396137268,0.0,-0.0086607431266299,0 days 00:10:32.890498
254,RedGrid75,2,0.668743,-0.0177913163297343,-0.0411719396137268,-0.0411719396137268,0.0,-0.0086607431266299,0 days 00:10:35.229517
255,ExpGrad.1,0,0.706598,-0.0838063054292162,-0.1023182675023492,-0.1023182675023492,-0.0728799618856902,-0.0736091004889375,0 days 00:03:33.628510
256,ExpGrad.01,0,0.684631,-0.0099208735052428,-0.0155013844353959,-0.0155013844353959,-0.0072773446899644,-0.0064856682773908,0 days 00:06:12.288545
257,RedGrid25,0,0.694152,-0.0358727085599222,-0.041275623123445,-0.0404233194502492,-0.0189477801529754,-0.041275623123445,0 days 00:16:30.426469
258,RedGrid5,0,0.694152,-0.0358727085599222,-0.041275623123445,-0.0404233194502492,-0.0189477801529754,-0.041275623123445,0 days 00:16:28.101889
259,RedGrid75,0,0.694152,-0.0358727085599222,-0.041275623123445,-0.0404233194502492,-0.0189477801529754,-0.041275623123445,0 days 00:16:22.000587
260,ExpGrad.1,2,0.697949,-0.040345641376658,-0.0724836401774026,-0.0724836401774026,-0.026320759970444,-0.0211612417817915,0 days 00:02:29.688389
261,ExpGrad.01,2,0.603796,-0.0069491269188841,-0.0106783578897245,-0.0106783578897245,0.0,-0.0083070587727074,0 days 00:02:20.428541
262,RedGrid25,2,0.683008,-0.0281861568279194,-0.0547807745669848,-0.0547807745669848,-0.0348598421862038,0.0,0 days 00:07:57.150207
263,RedGrid5,2,0.683008,-0.0281861568279194,-0.0547807745669848,-0.0547807745669848,-0.0348598421862038,0.0,0 days 00:07:58.581835
264,RedGrid75,2,0.6613,-0.0138776570811493,-0.0325680254970526,-0.0325680254970526,-0.0097609817999221,0.0,0 days 00:07:59.962687
265,ExpGrad.1,1,0.708411,-0.0270862081256077,-0.1121967240696663,-0.1121967240696663,-0.0212294731371774,-0.0277073006245242,0 days 00:03:03.660497
266,ExpGrad.01,1,0.58976,-0.0079820237884639,-0.0105968906586815,-0.0092901993203926,-0.0031877733870803,-0.0105968906586815,0 days 00:03:26.743516
267,RedGrid25,1,0.706109,-0.046110036610964,-0.132473558819583,-0.132473558819583,-0.0346142329791056,-0.0498155773771242,0 days 00:11:05.919119
268,RedGrid5,1,0.706109,-0.046110036610964,-0.132473558819583,-0.132473558819583,-0.0346142329791056,-0.0498155773771242,0 days 00:11:12.874546
269,RedGrid75,1,0.706109,-0.046110036610964,-0.132473558819583,-0.132473558819583,-0.0346142329791056,-0.0498155773771242,0 days 00:11:10.191186
270,ExpGrad.1,2,0.7078,-0.0527452692373148,-0.0928519001721132,-0.0928519001721132,-0.0495592888052857,-0.0191244179034582,0 days 00:03:36.787757
271,ExpGrad.01,2,0.617142,-0.0051396312089269,-0.0123093460418111,-0.0123093460418111,-0.0032803234730419,0.0,0 days 00:04:31.312646
272,RedGrid25,2,0.714815,-0.0735837179941965,-0.0995555336970067,-0.0995555336970067,-0.0727852893529529,-0.050958156575779,0 days 00:14:06.367291
273,RedGrid5,2,0.687267,-0.0381191792806149,-0.088986954052382,-0.088986954052382,0.0,-0.0184817631483042,0 days 00:13:56.666465
274,RedGrid75,2,0.687267,-0.0381191792806149,-0.088986954052382,-0.088986954052382,0.0,-0.0184817631483042,0 days 00:13:43.847098
275,ExpGrad.1,1,0.710625,-0.0275092759150016,-0.1186796051252255,-0.1186796051252255,-0.0379427118719454,-0.0189149674951349,0 days 00:02:58.387125
276,ExpGrad.01,1,0.605269,-0.0006068354424301,-0.0163219358382625,-0.0163219358382625,-0.0008250681891098,0.0,0 days 00:04:51.231367
277,RedGrid25,1,0.708336,-0.0614752419747975,-0.1392135096148425,-0.1392135096148425,-0.0602103629245998,-0.0597709380421715,0 days 00:11:31.659446
278,RedGrid5,1,0.699975,-0.0021263617167728,-0.1075841957361145,-0.1075841957361145,0.0,-4.151710634092698e-05,0 days 00:11:35.106824
279,RedGrid75,1,0.692345,-0.0014648885389845,-0.0750414323227777,-0.0750414323227777,0.0,0.0,0 days 00:11:38.294655
280,ExpGrad.1,0,0.707724,-0.0810183155738323,-0.0990561251987607,-0.0990561251987607,-0.0709773098478425,-0.0707412560565882,0 days 00:03:17.516098
281,ExpGrad.01,0,0.685555,-0.0109268547023421,-0.017205128680841,-0.017205128680841,-0.0060177397984796,-0.0081338886481308,0 days 00:05:32.125757
282,RedGrid25,0,0.683347,-0.1117612361429219,-0.1471058388303915,-0.1471058388303915,-0.0907412544971071,-0.09236926673272,0 days 00:11:57.925363
283,RedGrid5,0,0.683347,-0.1117612361429219,-0.1471058388303915,-0.1471058388303915,-0.0907412544971071,-0.09236926673272,0 days 00:11:55.886303
284,RedGrid75,0,0.683347,-0.1117612361429219,-0.1471058388303915,-0.1471058388303915,-0.0907412544971071,-0.09236926673272,0 days 00:11:53.822239
285,ExpGrad.1,2,0.689777,-0.0337634805172198,-0.0713777581224245,-0.0713777581224245,0.0,-0.0230431061140587,0 days 00:01:51.965999
286,ExpGrad.01,2,0.617724,-0.0026423043438042,-0.0065796038099934,-0.0065796038099934,-0.0014079371186386,0.0,0 days 00:03:54.571387
287,RedGrid25,2,0.685693,-0.0303523995472345,-0.0748762332665189,-0.0748762332665189,0.0,-0.011308616476805,0 days 00:10:20.454524
288,RedGrid5,2,0.682816,-0.0288138637273456,-0.0726091220073038,-0.0726091220073038,0.0,-0.0093930656801397,0 days 00:10:24.899599
289,RedGrid75,2,0.682816,-0.0288138637273456,-0.0726091220073038,-0.0726091220073038,0.0,-0.0093930656801397,0 days 00:10:25.163110
290,ExpGrad.1,0,0.706859,-0.0837783225285902,-0.1023054049290496,-0.1023054049290496,-0.0741391680430562,-0.0729070355684031,0 days 00:03:12.504497
291,ExpGrad.01,0,0.688655,-0.0159804398247102,-0.0215076462621702,-0.0215076462621702,-0.0171881618087482,-0.0104736753960723,0 days 00:06:26.994702
292,RedGrid25,0,0.686502,-0.0796752734248248,-0.1134189072131516,-0.1134189072131516,-0.0035497277302236,-0.0923418449065042,0 days 00:11:18.311848
293,RedGrid5,0,0.686502,-0.0796752734248248,-0.1134189072131516,-0.1134189072131516,-0.0035497277302236,-0.0923418449065042,0 days 00:11:17.475885
294,RedGrid75,0,0.686502,-0.0796752734248248,-0.1134189072131516,-0.1134189072131516,-0.0035497277302236,-0.0923418449065042,0 days 00:11:16.843617
295,ExpGrad.1,0,0.706806,-0.0812373762128634,-0.0988098074649251,-0.0988098074649251,-0.0715596970696488,-0.0711308714911103,0 days 00:03:23.603440
296,ExpGrad.01,0,0.689404,-0.011386276064516,-0.0175880832119621,-0.0175880832119621,-0.0073692224030372,-0.0081522495453401,0 days 00:09:13.789977
297,RedGrid25,0,0.685616,-0.0782472739899396,-0.1114111870141338,-0.1114111870141338,0.0,-0.0923640234684944,0 days 00:12:00.487721
298,RedGrid5,0,0.685616,-0.0782472739899396,-0.1114111870141338,-0.1114111870141338,0.0,-0.0923640234684944,0 days 00:12:02.272065
299,RedGrid75,0,0.6647,0.0,0.0,0.0,0.0,0.0,0 days 00:12:14.176753
300,ExpGrad.1,0,0.70707,-0.0830150504716145,-0.0999662198278702,-0.0999662198278702,-0.0757983303671756,-0.0720754570204034,0 days 00:03:15.335953
301,ExpGrad.01,0,0.685352,-0.012640746370728,-0.0165529757915839,-0.0165529757915839,-0.0125397268103739,-0.0092501854186509,0 days 00:06:34.235385
302,RedGrid25,0,0.686712,-0.0831525556166139,-0.1149412722169694,-0.1149412722169694,-0.0098515769899444,-0.0957104668798847,0 days 00:10:54.634269
303,RedGrid5,0,0.686712,-0.0831525556166139,-0.1149412722169694,-0.1149412722169694,-0.0098515769899444,-0.0957104668798847,0 days 00:10:47.998735
304,RedGrid75,0,0.664352,-0.0544846234136597,-0.1112254107976288,-0.1112254107976288,0.0,-0.0346488438913652,0 days 00:10:49.178851
305,ExpGrad.1,2,0.697804,-0.0324882771834565,-0.0773003793959821,-0.0773003793959821,0.0,-0.0136121004158693,0 days 00:02:20.264749
306,ExpGrad.01,2,0.620417,-0.0121323112739007,-0.0175709512816581,-0.0175709512816581,-0.0091973375947086,-0.00916943490354,0 days 00:02:22.381780
307,RedGrid25,2,0.689591,-0.0445170146035777,-0.0803652336942696,-0.0673122269123338,-0.0803652336942696,0.0,0 days 00:08:28.537797
308,RedGrid5,2,0.689591,-0.0445170146035777,-0.0803652336942696,-0.0673122269123338,-0.0803652336942696,0.0,0 days 00:08:31.031512
309,RedGrid75,2,0.665069,-0.0289472057176559,-0.0523578250829762,-0.0436958794763875,-0.0523578250829762,0.0,0 days 00:08:27.375088
310,ExpGrad.1,1,0.70616,-0.0171958080329611,-0.0890478631741381,-0.0890478631741381,-0.0126048081232597,-0.0175006953765012,0 days 00:02:56.512424
311,ExpGrad.01,1,0.58242,-0.0009879756087921,-0.0015682300065465,0.0,0.0,-0.0015682300065465,0 days 00:02:57.670700
312,RedGrid25,1,0.69959,-0.0018076685782527,-0.0917176941509279,-0.0917176941509279,0.0,0.0,0 days 00:11:41.185857
313,RedGrid5,1,0.69959,-0.0018076685782527,-0.0917176941509279,-0.0917176941509279,0.0,0.0,0 days 00:11:42.615664
314,RedGrid75,1,0.69959,-0.0018076685782527,-0.0917176941509279,-0.0917176941509279,0.0,0.0,0 days 00:11:39.335497
315,ExpGrad.1,2,0.716496,-0.0648904247214815,-0.1040710628794799,-0.1040710628794799,-0.059294061143708,-0.0339387364708865,0 days 00:02:55.910776
316,ExpGrad.01,2,0.634859,-0.0113503868994868,-0.0177390813864161,-0.0160409072025704,-0.0177390813864161,-0.0028240756952325,0 days 00:04:31.874097
317,RedGrid25,2,0.714935,-0.0638537745798633,-0.1076292847811431,-0.1076292847811431,-0.0762079606713814,-0.016564157866163,0 days 00:10:33.564112
318,RedGrid5,2,0.708983,-0.0585252451039279,-0.1033406640196533,-0.1033406640196533,-0.0807577622471967,-0.0035659853622481,0 days 00:10:33.179917
319,RedGrid75,2,0.649789,-0.0123973424633731,-0.0359058802408138,-0.0359058802408138,0.0,0.0,0 days 00:10:36.837925
320,ExpGrad.1,0,0.706252,-0.0788750710401789,-0.0980390286978336,-0.0980390286978336,-0.0667630335519356,-0.0687650946108318,0 days 00:02:15.952707
321,ExpGrad.01,0,0.684124,-0.0134558286677457,-0.0197411015369148,-0.0197411015369148,-0.0104567826256696,-0.0095983762195136,0 days 00:03:43.024781
322,RedGrid25,0,0.682906,-0.1140721471812829,-0.1505135949233119,-0.1505135949233119,-0.0921909215314004,-0.0942071645098602,0 days 00:09:19.723753
323,RedGrid5,0,0.682906,-0.1140721471812829,-0.1505135949233119,-0.1505135949233119,-0.0921909215314004,-0.0942071645098602,0 days 00:09:19.235140
324,RedGrid75,0,0.682906,-0.1140721471812829,-0.1505135949233119,-0.1505135949233119,-0.0921909215314004,-0.0942071645098602,0 days 00:09:23.109561
325,ExpGrad.1,2,0.706525,-0.0506415611947321,-0.0808882775232021,-0.0808882775232021,-0.0556336628456895,-0.0209007185686177,0 days 00:02:25.208430
326,ExpGrad.01,2,0.618444,-0.0078295712709428,-0.0150983675882123,-0.0094303853316456,-0.0150983675882123,-0.00170406504053,0 days 00:03:50.269917
327,RedGrid25,2,0.705992,-0.0549613818759179,-0.0943342901387738,-0.0943342901387738,-0.0579937688888798,-0.018499103479101,0 days 00:10:32.007968
328,RedGrid5,2,0.677514,-0.0240367614340768,-0.0649384211185478,-0.0649384211185478,0.0,-0.0038243347462647,0 days 00:10:33.228915
329,RedGrid75,2,0.677514,-0.0240367614340768,-0.0649384211185478,-0.0649384211185478,0.0,-0.0038243347462647,0 days 00:10:33.279369
330,ExpGrad.1,1,0.710008,-0.032483612160492,-0.1138850249768322,-0.1138850249768322,-0.0382299472265998,-0.0267415023901854,0 days 00:02:00.692065
331,ExpGrad.01,1,0.59392,-0.0119448729518931,-0.0182438008188122,-0.0182438008188122,-0.0134524351710412,-0.0109108025959737,0 days 00:01:55.107600
332,RedGrid25,1,0.705113,-0.0679732778238841,-0.1382347449885604,-0.1382347449885604,-0.0723196649527282,-0.0633574083010019,0 days 00:08:34.672940
333,RedGrid5,1,0.700448,-0.0132171540866864,-0.1012454750931965,-0.1012454750931965,0.0,-0.0177887990053005,0 days 00:09:04.685682
334,RedGrid75,1,0.700448,-0.0132171540866864,-0.1012454750931965,-0.1012454750931965,0.0,-0.0177887990053005,0 days 00:09:03.829009
335,ExpGrad.1,0,0.707102,-0.0826961013986654,-0.0997073621498227,-0.0997073621498227,-0.0731250491393429,-0.0730914682973699,0 days 00:03:11.477146
336,ExpGrad.01,0,0.68846,-0.01757142269316,-0.0224532159729009,-0.0224532159729009,-0.0123572851621733,-0.0161813918383898,0 days 00:07:20.559218
337,RedGrid25,0,0.694817,-0.0407202221117274,-0.0472502315060918,-0.0424680479013573,-0.0261611958562025,-0.0472502315060918,0 days 00:15:35.501348
338,RedGrid5,0,0.694817,-0.0407202221117274,-0.0472502315060918,-0.0424680479013573,-0.0261611958562025,-0.0472502315060918,0 days 00:15:35.083863
339,RedGrid75,0,0.694817,-0.0407202221117274,-0.0472502315060918,-0.0424680479013573,-0.0261611958562025,-0.0472502315060918,0 days 00:15:32.123191
340,ExpGrad.1,1,0.711442,-0.0528213198086091,-0.1204041654350848,-0.1204041654350848,-0.0627054154739872,-0.0452704456571779,0 days 00:02:22.852881
341,ExpGrad.01,1,0.57783,-0.0106093857504283,-0.0141296597272193,-0.0141296597272193,-0.0140192250086745,-0.0086115747127882,0 days 00:03:10.415314
342,RedGrid25,1,0.705317,-0.0626893939271546,-0.1247800361997513,-0.1247800361997513,-0.0680780093515931,-0.0577985078553077,0 days 00:11:19.404629
343,RedGrid5,1,0.705317,-0.0626893939271546,-0.1247800361997513,-0.1247800361997513,-0.0680780093515931,-0.0577985078553077,0 days 00:11:19.973873
344,RedGrid75,1,0.705317,-0.0626893939271546,-0.1247800361997513,-0.1247800361997513,-0.0680780093515931,-0.0577985078553077,0 days 00:11:20.010614
345,ExpGrad.1,0,0.707036,-0.0837901586630555,-0.1013645835596273,-0.1013645835596273,-0.0736059989019288,-0.0740182884311776,0 days 00:03:31.294474
346,ExpGrad.01,0,0.689149,-0.0154169529481893,-0.0217356717810814,-0.0217356717810814,-0.0118266264333755,-0.0118640704783368,0 days 00:06:08.608233
347,RedGrid25,0,0.683283,-0.1167087891967273,-0.1514994284893812,-0.1514994284893812,-0.0961187285864418,-0.097602083564845,0 days 00:12:17.415197
348,RedGrid5,0,0.683283,-0.1167087891967273,-0.1514994284893812,-0.1514994284893812,-0.0961187285864418,-0.097602083564845,0 days 00:12:00.699744
349,RedGrid75,0,0.683283,-0.1167087891967273,-0.1514994284893812,-0.1514994284893812,-0.0961187285864418,-0.097602083564845,0 days 00:11:58.336218
350,ExpGrad.1,2,0.714403,-0.059048026192837,-0.0934441169226756,-0.0934441169226756,-0.0723478854898216,-0.0194222333009492,0 days 00:03:17.897311
351,ExpGrad.01,2,0.6242,-0.0039487145379908,-0.0041571115736562,-0.0041571115736562,-0.0041248747064401,-0.0036446318515671,0 days 00:04:05.374522
352,RedGrid25,2,0.707394,-0.0509888129825738,-0.1000963251671274,-0.1000963251671274,-0.0440678633660098,-0.011763659208078,0 days 00:11:01.071964
353,RedGrid5,2,0.707394,-0.0509888129825738,-0.1000963251671274,-0.1000963251671274,-0.0440678633660098,-0.011763659208078,0 days 00:10:58.073039
354,RedGrid75,2,0.653097,-0.0198180526728453,-0.0353965203046866,-0.0303279434617951,-0.0353965203046866,0.0,0 days 00:10:58.691688
355,ExpGrad.1,1,0.709806,-0.0312739469017271,-0.1090403421213452,-0.1090403421213452,-0.0475123880542994,-0.0198522094434551,0 days 00:03:19.621132
356,ExpGrad.01,1,0.58375,-0.0014722912437145,-0.010685592252683,-0.010685592252683,-0.0036108608756369,0.0,0 days 00:02:28.109064
357,RedGrid25,1,0.705856,-0.0651586489664167,-0.1360483295986962,-0.1360483295986962,-0.0725445673064471,-0.0588608188021452,0 days 00:11:29.049277
358,RedGrid5,1,0.705856,-0.0651586489664167,-0.1360483295986962,-0.1360483295986962,-0.0725445673064471,-0.0588608188021452,0 days 00:11:32.892447
359,RedGrid75,1,0.70067,-0.0062263601439609,-0.1003003733743607,-0.1003003733743607,0.0,-0.0067593088467684,0 days 00:12:43.288227
360,ExpGrad.1,0,0.70671,-0.0820843098996461,-0.0987893319146299,-0.0987893319146299,-0.0728938890254469,-0.072490185459724,0 days 00:03:10.950059
361,ExpGrad.01,0,0.68575,-0.01195953831538,-0.0157730395253721,-0.0157730395253721,-0.0098343501642649,-0.0097843568599321,0 days 00:06:18.276335
362,RedGrid25,0,0.683471,-0.1143037129409405,-0.1477900537264752,-0.1477900537264752,-0.09514338384939,-0.0954793127772473,0 days 00:11:58.457554
363,RedGrid5,0,0.683471,-0.1143037129409405,-0.1477900537264752,-0.1477900537264752,-0.09514338384939,-0.0954793127772473,0 days 00:12:00.313050
364,RedGrid75,0,0.683471,-0.1143037129409405,-0.1477900537264752,-0.1477900537264752,-0.09514338384939,-0.0954793127772473,0 days 00:11:58.652442
365,ExpGrad.1,2,0.703873,-0.0444971065397852,-0.0774547322011878,-0.0774547322011878,-0.0447258286255182,-0.0150999746830128,0 days 00:02:14.627371
366,ExpGrad.01,2,0.617059,-0.0035243566619748,-0.0086685572210777,-0.0086685572210777,0.0,-0.0013132740180837,0 days 00:02:07.584834
367,RedGrid25,2,0.697436,-0.0400416684308582,-0.0720652479616544,-0.0720652479616544,-0.0429538584044495,-0.0096813484528345,0 days 00:08:28.210858
368,RedGrid5,2,0.697436,-0.0400416684308582,-0.0720652479616544,-0.0720652479616544,-0.0429538584044495,-0.0096813484528345,0 days 00:08:25.362494
369,RedGrid75,2,0.697436,-0.0400416684308582,-0.0720652479616544,-0.0720652479616544,-0.0429538584044495,-0.0096813484528345,0 days 00:08:27.989468
370,ExpGrad.1,2,0.705627,-0.0486431760759485,-0.0814525083985314,-0.0814525083985314,-0.0375208971812991,-0.0263960743470785,0 days 00:02:19.540066
371,ExpGrad.01,2,0.628543,-0.0053404533539434,-0.0104717227195559,-0.0073642497907497,-0.0104717227195559,0.0,0 days 00:03:35.561362
372,RedGrid25,2,0.730518,-0.097064377161853,-0.1198173402187289,-0.1198173402187289,-0.1132722889084272,-0.065318929615538,0 days 00:10:35.892741
373,RedGrid5,2,0.661238,-0.0135858447647381,-0.0387181835589894,-0.0387181835589894,0.0,0.0,0 days 00:10:38.349895
374,RedGrid75,2,0.661238,-0.0135858447647381,-0.0387181835589894,-0.0387181835589894,0.0,0.0,0 days 00:10:30.825862
375,ExpGrad.1,1,0.708655,-0.0223847482060302,-0.1165192303566068,-0.1165192303566068,-0.0153792194223323,-0.0233659018050553,0 days 00:02:16.730427
376,ExpGrad.01,1,0.582592,-0.0011626981840784,-0.0152001966680866,-0.0152001966680866,0.0,-0.0013742459437857,0 days 00:02:51.703871
377,RedGrid25,1,0.702569,-0.0115764907210843,-0.1174569144512266,-0.1174569144512266,0.0,-0.0147234917384835,0 days 00:11:10.075968
378,RedGrid5,1,0.702569,-0.0115764907210843,-0.1174569144512266,-0.1174569144512266,0.0,-0.0147234917384835,0 days 00:11:09.276667
379,RedGrid75,1,0.702569,-0.0115764907210843,-0.1174569144512266,-0.1174569144512266,0.0,-0.0147234917384835,0 days 00:11:18.048066
380,ExpGrad.1,0,0.706765,-0.0838632389912126,-0.1020162520838913,-0.1020162520838913,-0.0745291618772926,-0.073048738649419,0 days 00:02:10.243865
381,ExpGrad.01,0,0.68655,-0.0106244663080271,-0.0161330155022758,-0.0161330155022758,-0.0082603531152309,-0.0070842547588493,0 days 00:04:46.107734
382,RedGrid25,0,0.686225,-0.0790619704433485,-0.1116827283674612,-0.1116827283674612,-0.0007431363449849,-0.0936052416757279,0 days 00:08:06.795313
383,RedGrid5,0,0.686225,-0.0790619704433485,-0.1116827283674612,-0.1116827283674612,-0.0007431363449849,-0.0936052416757279,0 days 00:08:06.009907
384,RedGrid75,0,0.660832,-0.0482261321778955,-0.1056259594420103,-0.1056259594420103,0.0,-0.0243606892036384,0 days 00:08:06.914937
385,ExpGrad.1,1,0.709245,-0.0268531958668994,-0.1015936364627219,-0.1015936364627219,-0.0301252564396654,-0.0227480416491544,0 days 00:01:57.026976
386,ExpGrad.01,1,0.58706,-0.003393632300468,-0.0052236729810541,-0.0048013671655381,0.0,-0.0052236729810541,0 days 00:01:52.645578
387,RedGrid25,1,0.706014,-0.0601020325545229,-0.1306017020617393,-0.1306017020617393,-0.0654085504781588,-0.0550042652554058,0 days 00:08:04.928565
388,RedGrid5,1,0.706014,-0.0601020325545229,-0.1306017020617393,-0.1306017020617393,-0.0654085504781588,-0.0550042652554058,0 days 00:08:07.107375
389,RedGrid75,1,0.706014,-0.0601020325545229,-0.1306017020617393,-0.1306017020617393,-0.0654085504781588,-0.0550042652554058,0 days 00:08:06.659688
390,ExpGrad.1,0,0.70679,-0.0825521150875312,-0.1003003456517428,-0.1003003456517428,-0.0733180242608491,-0.0720808495500058,0 days 00:03:18.204988
391,ExpGrad.01,0,0.684733,-0.015924342608,-0.0219074533698917,-0.0219074533698917,-0.0112109142565457,-0.0132828537437712,0 days 00:05:14.175709
392,RedGrid25,0,0.683492,-0.1130141570004534,-0.1478967779578035,-0.1478967779578035,-0.0925339610854227,-0.0937279842887848,0 days 00:11:22.979806
393,RedGrid5,0,0.683492,-0.1130141570004534,-0.1478967779578035,-0.1478967779578035,-0.0925339610854227,-0.0937279842887848,0 days 00:11:23.678180
394,RedGrid75,0,0.683492,-0.1130141570004534,-0.1478967779578035,-0.1478967779578035,-0.0925339610854227,-0.0937279842887848,0 days 00:11:23.026417
395,ExpGrad.1,1,0.711215,-0.0444232544610777,-0.1091903054453692,-0.1091903054453692,-0.0659908605858952,-0.0304948697907571,0 days 00:01:37.620543
396,ExpGrad.01,1,0.609198,-0.0001970582956522,-0.0101228008558098,-0.0101228008558098,0.0,0.0,0 days 00:02:44.062710
397,RedGrid25,1,0.705316,-0.0503887175608426,-0.1107348840738691,-0.1107348840738691,-0.0488643915043623,-0.0493711361344231,0 days 00:08:15.671987
398,RedGrid5,1,0.705316,-0.0503887175608426,-0.1107348840738691,-0.1107348840738691,-0.0488643915043623,-0.0493711361344231,0 days 00:08:08.477437
399,RedGrid75,1,0.705316,-0.0503887175608426,-0.1107348840738691,-0.1107348840738691,-0.0488643915043623,-0.0493711361344231,0 days 00:08:10.182156
400,ExpGrad.1,2,0.707197,-0.0497500864243498,-0.0782762970188962,-0.0782762970188962,-0.0478346737411851,-0.0256723076668924,0 days 00:02:56.147232
401,ExpGrad.01,2,0.612299,-0.0069121903407319,-0.0179769312880818,-0.0065693406071496,-0.0179769312880818,0.0,0 days 00:03:23.090088
402,RedGrid25,2,0.730712,-0.0924905696217872,-0.1141158084875217,-0.1141158084875217,-0.0975036999335724,-0.0700209294930038,0 days 00:10:28.250466
403,RedGrid5,2,0.675911,-0.0256638082730265,-0.0449740040178403,-0.0449740040178403,0.0,-0.0252575421670824,0 days 00:10:31.985096
404,RedGrid75,2,0.651118,-0.0367925030205605,-0.0613196327605961,-0.0263044682783366,-0.0613196327605961,-0.0301073587960286,0 days 00:10:30.884628
405,ExpGrad.1,0,0.707321,-0.0821455865895953,-0.0997417969700641,-0.0997417969700641,-0.0726559542933417,-0.0719422544171347,0 days 00:03:23.679319
406,ExpGrad.01,0,0.687952,-0.0122050683999437,-0.0177073069203002,-0.0177073069203002,-0.0080051940457555,-0.0096966263306493,0 days 00:06:41.966656
407,RedGrid25,0,0.684279,-0.0819078397457173,-0.1129844849216751,-0.1129844849216751,0.0,-0.099941207024348,0 days 00:10:26.066708
408,RedGrid5,0,0.661355,-0.04987685448644,-0.1078697802248411,-0.1078697802248411,0.0,-0.0265431727673267,0 days 00:10:24.586823
409,RedGrid75,0,0.661355,-0.04987685448644,-0.1078697802248411,-0.1078697802248411,0.0,-0.0265431727673267,0 days 00:10:22.990318
410,ExpGrad.1,1,0.71075,-0.0381260130453065,-0.1206663339451877,-0.1206663339451877,-0.0488066229076907,-0.0296978802083101,0 days 00:01:48.392330
411,ExpGrad.01,1,0.604128,-0.0003815419178378,-0.0198209546153242,-0.0198209546153242,0.0,0.0,0 days 00:03:24.099993
412,RedGrid25,1,0.704895,-0.068515240833183,-0.1429669200149263,-0.1429669200149263,-0.0759283447777983,-0.062142215055522,0 days 00:08:33.782640
413,RedGrid5,1,0.699777,-0.0084048504757797,-0.1077644835836526,-0.1077644835836526,0.0,-0.0100272047995906,0 days 00:08:30.575724
414,RedGrid75,1,0.699777,-0.0084048504757797,-0.1077644835836526,-0.1077644835836526,0.0,-0.0100272047995906,0 days 00:08:31.917138
415,ExpGrad.1,0,0.707066,-0.0727079732319319,-0.0918058715527433,-0.0918058715527433,-0.0588657825430855,-0.0636456208828472,0 days 00:03:17.113210
416,ExpGrad.01,0,0.688903,-0.0148154568165539,-0.0198811923797495,-0.0198811923797495,-0.0132266218356619,-0.011255557751199,0 days 00:06:05.665506
417,RedGrid25,0,0.686942,-0.1235140995914966,-0.15454547961244,-0.15454547961244,-0.1001405879234215,-0.1092785797294546,0 days 00:11:39.457553
418,RedGrid5,0,0.686942,-0.1235140995914966,-0.15454547961244,-0.15454547961244,-0.1001405879234215,-0.1092785797294546,0 days 00:11:40.256751
419,RedGrid75,0,0.686942,-0.1235140995914966,-0.15454547961244,-0.15454547961244,-0.1001405879234215,-0.1092785797294546,0 days 00:11:38.434764
420,ExpGrad.1,2,0.710319,-0.0648410030294841,-0.0915117285369699,-0.0915117285369699,-0.0574267153359393,-0.046188645453227,0 days 00:02:53.325517
421,ExpGrad.01,2,0.619761,-0.0065190737623473,-0.0187793405202812,-0.0187793405202812,0.0,0.0,0 days 00:03:08.808406
422,RedGrid25,2,0.717086,-0.1091812359671244,-0.1432187056761223,-0.1164801829685854,-0.1432187056761223,-0.0802483932928929,0 days 00:10:46.277194
423,RedGrid5,2,0.610845,-0.0011867836418323,-0.0045692880273428,0.0,-0.0045692880273428,0.0,0 days 00:10:48.804073
424,RedGrid75,2,0.610845,-0.0011867836418323,-0.0045692880273428,0.0,-0.0045692880273428,0.0,0 days 00:10:45.045706
425,ExpGrad.1,0,0.706937,-0.0832452733711096,-0.0995508437068474,-0.0995508437068474,-0.0729131974441921,-0.0746246038163396,0 days 00:03:15.062371
426,ExpGrad.01,0,0.68592,-0.0141924244885631,-0.0179896931520248,-0.0179896931520248,-0.0099968805337443,-0.0131744640713221,0 days 00:05:49.365812
427,RedGrid25,0,0.686304,-0.1244869174051304,-0.1528907720635225,-0.1528907720635225,-0.1033240646114533,-0.1112201852690935,0 days 00:11:52.560017
428,RedGrid5,0,0.686304,-0.1244869174051304,-0.1528907720635225,-0.1528907720635225,-0.1033240646114533,-0.1112201852690935,0 days 00:11:51.974217
429,RedGrid75,0,0.668027,-0.0517328427370614,-0.1078495613019958,-0.1078495613019958,0.0,-0.0310095368168763,0 days 00:11:52.457715
430,ExpGrad.1,2,0.720568,-0.0656403882540706,-0.0990935310562338,-0.0990935310562338,-0.0713297346622529,-0.0318389181790487,0 days 00:04:29.910223
431,ExpGrad.01,2,0.634561,-0.0071390036847397,-0.0143247607438503,-0.0143247607438503,-0.0081773958161099,0.0,0 days 00:06:58.473230
432,RedGrid25,2,0.721078,-0.073249729707964,-0.0994427471662127,-0.0994427471662127,-0.0693579076711648,-0.0523082370975432,0 days 00:14:31.959531
433,RedGrid5,2,0.691544,-0.0423600114337253,-0.0759424932253542,-0.063981428811456,-0.0759424932253542,-0.0007200294018454,0 days 00:14:30.840007
434,RedGrid75,2,0.691544,-0.0423600114337253,-0.0759424932253542,-0.063981428811456,-0.0759424932253542,-0.0007200294018454,0 days 00:14:02.757043
435,ExpGrad.1,2,0.702237,-0.0494545710640847,-0.0753399408981687,-0.0753399408981687,-0.0341105296578602,-0.0366558858788689,0 days 00:02:09.685371
436,ExpGrad.01,2,0.623436,-0.0135701882099479,-0.0155217589373462,-0.0099945808195468,-0.0154138204574747,-0.0155217589373462,0 days 00:05:15.077099
437,RedGrid25,2,0.724441,-0.0773821190777634,-0.0983817024286942,-0.0983817024286942,-0.0731057109283143,-0.061559176600951,0 days 00:10:20.829360
438,RedGrid5,2,0.724441,-0.0773821190777634,-0.0983817024286942,-0.0983817024286942,-0.0731057109283143,-0.061559176600951,0 days 00:10:18.001519
439,RedGrid75,2,0.688902,-0.0453808678157069,-0.0754282583110892,-0.0754282583110892,0.0,-0.0488781879469329,0 days 00:10:13.814354
440,ExpGrad.1,1,0.713703,-0.0449186441123464,-0.1304229830763773,-0.1304229830763773,-0.0414542791005808,-0.0441948450191409,0 days 00:02:23.702829
441,ExpGrad.01,1,0.611284,-0.0104003256494906,-0.0320495272496774,-0.0320495272496774,-0.005980995039682,-0.0121751431792794,0 days 00:03:10.421151
442,RedGrid25,1,0.699956,-0.04449374379894,-0.1209288053100144,-0.1209288053100144,0.0,-0.0667304877115061,0 days 00:11:16.958827
443,RedGrid5,1,0.696292,-0.0419331360408235,-0.117552310429395,-0.117552310429395,0.0,-0.0627795809704899,0 days 00:11:16.400418
444,RedGrid75,1,0.696292,-0.0419331360408235,-0.117552310429395,-0.117552310429395,0.0,-0.0627795809704899,0 days 00:11:16.757771
445,ExpGrad.1,2,0.707261,-0.0544535296067208,-0.09505015208767,-0.09505015208767,-0.0329113060655919,-0.032414546524694,0 days 00:02:38.622189
446,ExpGrad.01,2,0.623285,-0.0026451681038955,-0.0075618243567621,-0.0075618243567621,0.0,0.0,0 days 00:03:25.397348
447,RedGrid25,2,0.695144,-0.0438452431104876,-0.1029568089572287,-0.1029568089572287,-0.0059895313630751,-0.0160531523715991,0 days 00:10:35.102686
448,RedGrid5,2,0.654314,-0.0122596995687034,-0.0350471845886393,-0.0350471845886393,0.0,0.0,0 days 00:10:33.463225
449,RedGrid75,2,0.654314,-0.0122596995687034,-0.0350471845886393,-0.0350471845886393,0.0,0.0,0 days 00:10:40.007637
450,ExpGrad.1,0,0.705983,-0.0829864298985249,-0.1016129891606455,-0.1016129891606455,-0.071616807649782,-0.0729482862664218,0 days 00:03:17.794361
451,ExpGrad.01,0,0.685385,-0.0118458020029477,-0.0187944172562039,-0.0187944172562039,-0.0061439283102825,-0.0089111282514334,0 days 00:05:09.541262
452,RedGrid25,0,0.682617,-0.1176898309493038,-0.152359044742901,-0.152359044742901,-0.0988781422168232,-0.0977024238123905,0 days 00:11:33.670658
453,RedGrid5,0,0.682617,-0.1176898309493038,-0.152359044742901,-0.152359044742901,-0.0988781422168232,-0.0977024238123905,0 days 00:11:34.661915
454,RedGrid75,0,0.682617,-0.1176898309493038,-0.152359044742901,-0.152359044742901,-0.0988781422168232,-0.0977024238123905,0 days 00:11:35.555022
455,ExpGrad.1,2,0.710467,-0.0534420784425851,-0.0907752570064071,-0.0907752570064071,-0.0299972048431683,-0.0357343424051265,0 days 00:02:48.002546
456,ExpGrad.01,2,0.62294,-0.012244584536217,-0.0134764760151134,-0.0134764760151134,-0.0094039792814882,-0.0130241508229405,0 days 00:04:14.714090
457,RedGrid25,2,0.718469,-0.0815328736157015,-0.1000620682174051,-0.1000620682174051,-0.0822130592793718,-0.0646174184279499,0 days 00:11:04.332011
458,RedGrid5,2,0.691521,-0.0329806582508044,-0.0600757839057827,-0.0600757839057827,-0.0458534746110336,-0.0004076479818789,0 days 00:10:41.451385
459,RedGrid75,2,0.691521,-0.0329806582508044,-0.0600757839057827,-0.0600757839057827,-0.0458534746110336,-0.0004076479818789,0 days 00:10:41.230971
460,ExpGrad.1,1,0.710906,-0.0370860083950505,-0.1085970279485277,-0.1085970279485277,-0.0405637294441453,-0.0329542057251585,0 days 00:02:23.578444
461,ExpGrad.01,1,0.602615,-0.0060581347190579,-0.0102399127437142,-0.0087912764716558,-0.0102399127437142,-0.0036626664798239,0 days 00:03:04.878780
462,RedGrid25,1,0.705802,-0.061165221166368,-0.1306287054809769,-0.1306287054809769,-0.0621554400125229,-0.0584713795242588,0 days 00:11:15.601279
463,RedGrid5,1,0.695804,-0.0020098264705735,-0.0891556315264396,-0.0891556315264396,0.0,-0.0004274903666875,0 days 00:11:12.250032
464,RedGrid75,1,0.695804,-0.0020098264705735,-0.0891556315264396,-0.0891556315264396,0.0,-0.0004274903666875,0 days 00:11:11.016707
465,ExpGrad.1,2,0.71337,-0.0631546578132213,-0.0958615346806674,-0.0958615346806674,-0.0353243849503636,-0.0526957404425245,0 days 00:01:58.872566
466,ExpGrad.01,2,0.619547,-0.0039715396652107,-0.011430995977414,-0.011430995977414,0.0,0.0,0 days 00:03:02.217668
467,RedGrid25,2,0.726273,-0.0876456890700928,-0.1142370179081072,-0.1142370179081072,-0.0870487404997809,-0.0644340208380813,0 days 00:09:55.286807
468,RedGrid5,2,0.677112,-0.0265380454708733,-0.070234388655835,-0.070234388655835,0.0,-0.0054588954192072,0 days 00:09:57.771700
469,RedGrid75,2,0.665053,-0.0276351849630474,-0.0479015416732562,-0.0479015416732562,0.0,-0.0280918532496625,0 days 00:09:58.509799
470,ExpGrad.1,2,0.678378,-0.0250898277449697,-0.059560917312124,-0.059560917312124,0.0,-0.0115565871868522,0 days 00:02:15.939992
471,ExpGrad.01,2,0.602214,-0.0053753427117848,-0.0155601295267196,-0.0155601295267196,0.0,0.0,0 days 00:02:59.190073
472,RedGrid25,2,0.710505,-0.0775571637606839,-0.1021134533557538,-0.0912462075928257,-0.1021134533557538,-0.0488582204011595,0 days 00:10:26.575390
473,RedGrid5,2,0.646812,-0.0264375871879762,-0.0600309186683684,-0.0306652976944273,-0.0600309186683684,0.0,0 days 00:10:26.722256
474,RedGrid75,2,0.646812,-0.0264375871879762,-0.0600309186683684,-0.0306652976944273,-0.0600309186683684,0.0,0 days 00:10:26.921402
475,ExpGrad.1,0,0.707464,-0.0810233177340052,-0.0992608668055511,-0.0992608668055511,-0.0699275132585238,-0.0711594668245833,0 days 00:03:25.949954
476,ExpGrad.01,0,0.686798,-0.0131118494015085,-0.0171031482923913,-0.0171031482923913,-0.0088572884742174,-0.0119682728303763,0 days 00:06:32.339999
477,RedGrid25,0,0.694443,-0.0532235140846565,-0.0731534465960676,-0.0492729450542479,-0.0731534465960676,-0.0456179662717864,0 days 00:11:33.622579
478,RedGrid5,0,0.694443,-0.0532235140846565,-0.0731534465960676,-0.0492729450542479,-0.0731534465960676,-0.0456179662717864,0 days 00:11:33.376002
479,RedGrid75,0,0.694443,-0.0532235140846565,-0.0731534465960676,-0.0492729450542479,-0.0731534465960676,-0.0456179662717864,0 days 00:11:33.529204
480,ExpGrad.1,0,0.70637,-0.0814531624014891,-0.1005284280798451,-0.1005284280798451,-0.0728964627042861,-0.0694689899826027,0 days 00:03:03.858147
481,ExpGrad.01,0,0.689126,-0.0158330148401618,-0.0217261303933112,-0.0217261303933112,-0.0137471401922107,-0.0118226737203877,0 days 00:07:18.286307
482,RedGrid25,0,0.690446,-0.0227794168628142,-0.0293343024919826,-0.0293343024919826,-0.0114832293086509,-0.0232757065833469,0 days 00:12:32.399990
483,RedGrid5,0,0.690446,-0.0227794168628142,-0.0293343024919826,-0.0293343024919826,-0.0114832293086509,-0.0232757065833469,0 days 00:12:31.415852
484,RedGrid75,0,0.690446,-0.0227794168628142,-0.0293343024919826,-0.0293343024919826,-0.0114832293086509,-0.0232757065833469,0 days 00:12:26.995770
485,ExpGrad.1,2,0.708436,-0.0547603950643965,-0.0788367607367908,-0.0788367607367908,-0.0618388825877846,-0.0287117551986527,0 days 00:03:56.523985
486,ExpGrad.01,2,0.611247,-0.0041553763286458,-0.0119596644735466,-0.0119596644735466,0.0,0.0,0 days 00:03:49.805411
487,RedGrid25,2,0.725057,-0.0832848720960292,-0.1066090838770088,-0.1066090838770088,-0.0841834183674561,-0.0620117477533038,0 days 00:14:20.734523
488,RedGrid5,2,0.70333,-0.0564283588974601,-0.0817588563944043,-0.0768953878764397,-0.0817588563944043,-0.0214442573233208,0 days 00:13:23.627386
489,RedGrid75,2,0.70333,-0.0564283588974601,-0.0817588563944043,-0.0768953878764397,-0.0817588563944043,-0.0214442573233208,0 days 00:13:06.782694
490,ExpGrad.1,1,0.710218,-0.0413573798632541,-0.1144230203268529,-0.1144230203268529,-0.05672894199775,-0.0305844573463708,0 days 00:02:40.933648
491,ExpGrad.01,1,0.595854,-0.0129327061744291,-0.0134192751538835,-0.0134192751538835,-0.0134080795651783,-0.0126542813498488,0 days 00:03:30.590764
492,RedGrid25,1,0.70454,-0.0659634527124575,-0.1383396017149605,-0.1383396017149605,-0.0529323339895558,-0.0709497418307704,0 days 00:10:45.279644
493,RedGrid5,1,0.70454,-0.0659634527124575,-0.1383396017149605,-0.1383396017149605,-0.0529323339895558,-0.0709497418307704,0 days 00:10:44.702729
494,RedGrid75,1,0.694946,-0.0049075044856923,-0.094493806557331,-0.094493806557331,0.0,-0.0048612204330923,0 days 00:10:44.708289
495,ExpGrad.1,1,0.710902,-0.0340560795210266,-0.1155482209813022,-0.1155482209813022,-0.0384573020950275,-0.0291084259573047,0 days 00:01:37.066764
496,ExpGrad.01,1,0.58475,-0.0067950628672815,-0.0122817129881689,-0.0097127531271562,-0.0122817129881689,-0.003670301096114,0 days 00:01:51.714357
497,RedGrid25,1,0.705974,-0.0449533263506685,-0.1306229126354687,-0.1306229126354687,-0.0394165518589622,-0.0453737497164028,0 days 00:08:05.674624
498,RedGrid5,1,0.705974,-0.0449533263506685,-0.1306229126354687,-0.1306229126354687,-0.0394165518589622,-0.0453737497164028,0 days 00:08:02.125129
499,RedGrid75,1,0.705974,-0.0449533263506685,-0.1306229126354687,-0.1306229126354687,-0.0394165518589622,-0.0453737497164028,0 days 00:08:05.182561
500,ExpGrad.1,2,0.701657,-0.047960192074663,-0.0876388329339875,-0.0876388329339875,-0.0177153160731361,-0.0328237828742563,0 days 00:03:22.257220
501,ExpGrad.01,2,0.609632,-0.0057052952687523,-0.0126503761873219,-0.0126503761873219,0.0,-0.0033331465201928,0 days 00:02:58.475744
502,RedGrid25,2,0.677217,-0.0362107161443126,-0.0586227315520352,-0.0586227315520352,0.0,-0.0405490288855048,0 days 00:14:07.865860
503,RedGrid5,2,0.677217,-0.0362107161443126,-0.0586227315520352,-0.0586227315520352,0.0,-0.0405490288855048,0 days 00:14:04.313073
504,RedGrid75,2,0.627356,-0.0174900003959907,-0.0352746245451302,-0.007126078903759,-0.0352746245451302,-0.0147832233338764,0 days 00:14:02.750454
505,ExpGrad.1,1,0.709585,-0.0300191384914708,-0.1052037435761203,-0.1052037435761203,-0.0146073464669763,-0.0362816773067348,0 days 00:03:15.329202
506,ExpGrad.01,1,0.597011,-0.0001775652263109,-0.0091545035791918,-0.0091545035791918,0.0,0.0,0 days 00:04:39.771514
507,RedGrid25,1,0.70142,-0.0145940542681105,-0.1043512641116087,-0.1043512641116087,-0.0037065654956707,-0.0178899364975894,0 days 00:17:02.829196
508,RedGrid5,1,0.70142,-0.0145940542681105,-0.1043512641116087,-0.1043512641116087,-0.0037065654956707,-0.0178899364975894,0 days 00:17:02.131039
509,RedGrid75,1,0.70142,-0.0145940542681105,-0.1043512641116087,-0.1043512641116087,-0.0037065654956707,-0.0178899364975894,0 days 00:17:03.093816
510,ExpGrad.1,1,0.709198,-0.0152192209273128,-0.1022085753844973,-0.1022085753844973,-0.0054224987914733,-0.0179772116585958,0 days 00:01:54.165259
511,ExpGrad.01,1,0.574219,0.0,0.0,0.0,0.0,0.0,0 days 00:02:01.651935
512,RedGrid25,1,0.707997,-0.067955848434659,-0.1444921543617139,-0.1444921543617139,-0.0746442205788515,-0.0618896136983502,0 days 00:08:32.395414
513,RedGrid5,1,0.699171,-0.0020645109815337,-0.1063614873849515,-0.1063614873849515,0.0,0.0,0 days 00:08:41.387770
514,RedGrid75,1,0.699171,-0.0020645109815337,-0.1063614873849515,-0.1063614873849515,0.0,0.0,0 days 00:08:31.248273
515,ExpGrad.1,2,0.712252,-0.0589737761352497,-0.0951454797346001,-0.0951454797346001,-0.0493606783502986,-0.0330414245612577,0 days 00:02:19.105531
516,ExpGrad.01,2,0.618843,-0.0034383713111263,-0.0098613000791122,-0.0098613000791122,0.0,0.0,0 days 00:02:58.530935
517,RedGrid25,2,0.71356,-0.0671586335663563,-0.0904351396087942,-0.0904351396087942,-0.0796373700689183,-0.0378973709744914,0 days 00:10:36.240421
518,RedGrid5,2,0.698016,-0.0477710151088943,-0.0777567202324238,-0.0777567202324238,-0.0652958600399915,-0.0090992058734029,0 days 00:10:37.179316
519,RedGrid75,2,0.6599,-0.0169283465105506,-0.0485507496655579,-0.0485507496655579,0.0,0.0,0 days 00:10:37.722924
520,ExpGrad.1,2,0.679785,-0.0335169293872329,-0.0814913474651393,-0.0814913474651393,-0.0120904447038613,-0.004718319591112,0 days 00:05:26.431463
521,ExpGrad.01,2,0.626918,-0.0082873849892818,-0.0128629039993913,-0.0128629039993913,0.0,-0.0096335728877296,0 days 00:03:39.825038
522,RedGrid25,2,0.709038,-0.0907704367357777,-0.1505168655785877,-0.1100919607634534,-0.1505168655785877,-0.0343516786328726,0 days 00:10:53.368218
523,RedGrid5,2,0.633244,-0.0163188398327345,-0.0465699560645503,-0.0465699560645503,0.0,0.0,0 days 00:10:49.596213
524,RedGrid75,2,0.633244,-0.0163188398327345,-0.0465699560645503,-0.0465699560645503,0.0,0.0,0 days 00:10:48.018425
525,ExpGrad.1,0,0.706919,-0.0832300866057221,-0.1001528142969503,-0.1001528142969503,-0.074018757074508,-0.073467308582694,0 days 00:02:29.060090
526,ExpGrad.01,0,0.68863,-0.0117970233038387,-0.017190624235259,-0.017190624235259,-0.0099663160673646,-0.0080734373361071,0 days 00:05:20.659430
527,RedGrid25,0,0.694605,-0.0593756496495107,-0.0847801017893007,-0.0541838864942366,-0.0847801017893007,-0.0498671733846209,0 days 00:09:35.304686
528,RedGrid5,0,0.694605,-0.0593756496495107,-0.0847801017893007,-0.0541838864942366,-0.0847801017893007,-0.0498671733846209,0 days 00:09:30.667175
529,RedGrid75,0,0.694605,-0.0593756496495107,-0.0847801017893007,-0.0541838864942366,-0.0847801017893007,-0.0498671733846209,0 days 00:09:40.687669
530,ExpGrad.1,2,0.705718,-0.0491789275873406,-0.0816761375480744,-0.0816761375480744,-0.0444167480256592,-0.0230641149663308,0 days 00:01:45.252736
531,ExpGrad.01,2,0.611216,-0.0021385206467843,-0.006089391509601,-0.006089391509601,0.0,0.0,0 days 00:03:13.868949
532,RedGrid25,2,0.706094,-0.0610765395516326,-0.1071851890340077,-0.1071851890340077,-0.0187615863624487,-0.0476537868427497,0 days 00:08:11.116311
533,RedGrid5,2,0.658321,-0.013750192724019,-0.0362185194584993,-0.0362185194584993,0.0,-0.0026442660980579,0 days 00:08:08.808970
534,RedGrid75,2,0.658321,-0.013750192724019,-0.0362185194584993,-0.0362185194584993,0.0,-0.0026442660980579,0 days 00:08:08.293932
535,ExpGrad.1,2,0.713681,-0.0617332439108294,-0.0996074583841666,-0.0996074583841666,-0.0241631889256884,-0.0530975206729139,0 days 00:02:11.182137
536,ExpGrad.01,2,0.623803,-0.0144002266993175,-0.0190323109267714,-0.0158646076962474,-0.0053890793810596,-0.0190323109267714,0 days 00:03:06.271606
537,RedGrid25,2,0.705584,-0.0597532453649327,-0.1084318302156688,-0.1084318302156688,-0.0007876945644491,-0.0556694244100374,0 days 00:11:04.251242
538,RedGrid5,2,0.695234,-0.0428482695050672,-0.086180434346457,-0.086180434346457,0.0,-0.0328787860304125,0 days 00:11:06.085472
539,RedGrid75,2,0.695234,-0.0428482695050672,-0.086180434346457,-0.086180434346457,0.0,-0.0328787860304125,0 days 00:11:19.372516
540,ExpGrad.1,0,0.707607,-0.0826563480493884,-0.1013976213723596,-0.1013976213723596,-0.0736549827924281,-0.0711858286228892,0 days 00:02:37.539583
541,ExpGrad.01,0,0.683453,-0.0103524609737403,-0.0154343054768918,-0.0154343054768918,-0.0073667226762675,-0.0075439173987831,0 days 00:03:49.717762
542,RedGrid25,0,0.683745,-0.1146722373895392,-0.149815776038191,-0.149815776038191,-0.0950004140979007,-0.0947092035785636,0 days 00:09:05.932557
543,RedGrid5,0,0.683745,-0.1146722373895392,-0.149815776038191,-0.149815776038191,-0.0950004140979007,-0.0947092035785636,0 days 00:09:31.849418
544,RedGrid75,0,0.683745,-0.1146722373895392,-0.149815776038191,-0.149815776038191,-0.0950004140979007,-0.0947092035785636,0 days 00:09:19.833066
545,ExpGrad.1,0,0.706975,-0.0777000072267333,-0.0958167772816055,-0.0958167772816055,-0.0655959850270707,-0.0684914141561424,0 days 00:03:19.658320
546,ExpGrad.01,0,0.68606,-0.0126118997953162,-0.0166834527455667,-0.0166834527455667,-0.0131755045190931,-0.0087266706283175,0 days 00:07:17.981102
547,RedGrid25,0,0.689881,-0.0197515086158848,-0.0255898981245327,-0.0255898981245327,-0.0030400914183589,-0.023867154454827,0 days 00:13:00.064694
548,RedGrid5,0,0.689881,-0.0197515086158848,-0.0255898981245327,-0.0255898981245327,-0.0030400914183589,-0.023867154454827,0 days 00:12:57.351746
549,RedGrid75,0,0.689881,-0.0197515086158848,-0.0255898981245327,-0.0255898981245327,-0.0030400914183589,-0.023867154454827,0 days 00:12:53.629518
550,ExpGrad.1,1,0.710754,-0.0402392084215164,-0.1169349328699594,-0.1169349328699594,-0.0448551536907982,-0.0352831378340537,0 days 00:02:27.629117
551,ExpGrad.01,1,0.607412,-0.0136144859768901,-0.0238557866942961,-0.0238557866942961,-0.0049274413905527,-0.0181040273359733,0 days 00:04:04.108926
552,RedGrid25,1,0.699352,-0.045363897972255,-0.1176220277218462,-0.1176220277218462,0.0,-0.0682207038943225,0 days 00:11:46.498203
553,RedGrid5,1,0.685468,-0.0010566806809212,-0.0535174123379265,-0.0535174123379265,0.0,0.0,0 days 00:11:45.431965
554,RedGrid75,1,0.685468,-0.0010566806809212,-0.0535174123379265,-0.0535174123379265,0.0,0.0,0 days 00:11:40.635309
555,ExpGrad.1,1,0.71164,-0.0527282827010769,-0.133748183522658,-0.133748183522658,-0.0643117879957434,-0.0438410842523374,0 days 00:02:34.648408
556,ExpGrad.01,1,0.621699,-0.014532639592305,-0.0217009801565712,-0.0217009801565712,-0.0157964360364489,-0.0136144729241655,0 days 00:04:38.812449
557,RedGrid25,1,0.704301,-0.0670660604580677,-0.1430872005286292,-0.1430872005286292,-0.0726234146980221,-0.061658460289287,0 days 00:11:27.285722
558,RedGrid5,1,0.704301,-0.0670660604580677,-0.1430872005286292,-0.1430872005286292,-0.0726234146980221,-0.061658460289287,0 days 00:11:31.900760
559,RedGrid75,1,0.704301,-0.0670660604580677,-0.1430872005286292,-0.1430872005286292,-0.0726234146980221,-0.061658460289287,0 days 00:11:25.383299
560,ExpGrad.1,0,0.706771,-0.0785524497514284,-0.0945470605448649,-0.0945470605448649,-0.0709422842212493,-0.0687538613880578,0 days 00:02:29.322792
561,ExpGrad.01,0,0.685495,-0.0093986442683273,-0.0137907605018355,-0.0137907605018355,-0.0059319644136952,-0.0074674552591857,0 days 00:05:29.989382
562,RedGrid25,0,0.683462,-0.1098185459882441,-0.1450163198626626,-0.1450163198626626,-0.0914542999763076,-0.0891478384516634,0 days 00:09:30.863949
563,RedGrid5,0,0.683462,-0.1098185459882441,-0.1450163198626626,-0.1450163198626626,-0.0914542999763076,-0.0891478384516634,0 days 00:09:31.483951
564,RedGrid75,0,0.683462,-0.1098185459882441,-0.1450163198626626,-0.1450163198626626,-0.0914542999763076,-0.0891478384516634,0 days 00:09:28.622761
565,ExpGrad.1,2,0.705576,-0.0560484294343148,-0.0911444665924619,-0.0911444665924619,-0.0324020882811429,-0.0406311102290801,0 days 00:02:08.575681
566,ExpGrad.01,2,0.611691,-0.0086218956512582,-0.0128246151712912,-0.0128246151712912,0.0,-0.0107100631655449,0 days 00:02:57.631709
567,RedGrid25,2,0.70712,-0.0587743307852829,-0.0928924007193485,-0.0928924007193485,-0.0891682437316036,-0.0075150045187018,0 days 00:11:01.603962
568,RedGrid5,2,0.70712,-0.0587743307852829,-0.0928924007193485,-0.0928924007193485,-0.0891682437316036,-0.0075150045187018,0 days 00:11:00.462298
569,RedGrid75,2,0.598594,-0.0112447547121713,-0.0426398748043789,0.0,-0.0426398748043789,0.0,0 days 00:10:57.052546
570,ExpGrad.1,0,0.70568,-0.0831707388638486,-0.1012215998331697,-0.1012215998331697,-0.0752853812251177,-0.0717349580384102,0 days 00:03:23.954502
571,ExpGrad.01,0,0.687214,-0.0127622279776535,-0.0187970169067366,-0.0187970169067366,-0.0101126101874488,-0.0089464102342197,0 days 00:08:03.384940
572,RedGrid25,0,0.682203,-0.1144059932872828,-0.1500164658818388,-0.1500164658818388,-0.0952054400390598,-0.0938644434865693,0 days 00:12:18.502997
573,RedGrid5,0,0.682203,-0.1144059932872828,-0.1500164658818388,-0.1500164658818388,-0.0952054400390598,-0.0938644434865693,0 days 00:12:22.770001
574,RedGrid75,0,0.682203,-0.1144059932872828,-0.1500164658818388,-0.1500164658818388,-0.0952054400390598,-0.0938644434865693,0 days 00:12:14.456672
575,ExpGrad.1,2,0.702958,-0.0661489101380667,-0.083692976261437,-0.083692976261437,-0.0804964428780038,-0.0412374802287791,0 days 00:03:20.320028
576,ExpGrad.01,2,0.61227,-0.0124461538272147,-0.0137879839015368,-0.0137879839015368,-0.0115402077901689,-0.0118789040731386,0 days 00:03:01.671198
577,RedGrid25,2,0.702062,-0.0535033677341924,-0.0817970493857482,-0.0766414783100142,-0.0817970493857482,-0.01438935476792,0 days 00:10:52.664414
578,RedGrid5,2,0.702062,-0.0535033677341924,-0.0817970493857482,-0.0766414783100142,-0.0817970493857482,-0.01438935476792,0 days 00:10:53.835360
579,RedGrid75,2,0.650549,-0.032420776801691,-0.0530289438778512,-0.0530289438778512,0.0,-0.0360702198214313,0 days 00:10:52.404419
580,ExpGrad.1,0,0.707102,-0.0826155141143746,-0.1004956798586653,-0.1004956798586653,-0.0722562478525457,-0.0726854945599071,0 days 00:03:34.218195
581,ExpGrad.01,0,0.685859,-0.0121430553001883,-0.017214143423349,-0.017214143423349,-0.0067597132416923,-0.0106799543972047,0 days 00:07:57.665191
582,RedGrid25,0,0.687352,-0.0803207751020392,-0.113640487246306,-0.113640487246306,-0.004989562932566,-0.0928208358379852,0 days 00:14:39.292960
583,RedGrid5,0,0.687352,-0.0803207751020392,-0.113640487246306,-0.113640487246306,-0.004989562932566,-0.0928208358379852,0 days 00:14:33.487611
584,RedGrid75,0,0.664136,-0.0538199367923496,-0.1113133911184386,-0.1113133911184386,0.0,-0.0332400391723858,0 days 00:14:29.744354
585,ExpGrad.1,2,0.710806,-0.054648748430869,-0.08750391046006,-0.08750391046006,-0.034300125169259,-0.038937225376549,0 days 00:03:44.767754
586,ExpGrad.01,2,0.630258,-0.0090563608397323,-0.0156804720523126,-0.0083988212971167,0.0,-0.0156804720523126,0 days 00:05:45.244896
587,RedGrid25,2,0.69511,-0.0574752669679206,-0.1043573016756207,-0.1043573016756207,0.0,-0.0540172900330364,0 days 00:15:35.170205
588,RedGrid5,2,0.663191,-0.0199091816994365,-0.0423154420346978,-0.0254865809751343,-0.0423154420346978,0.0,0 days 00:15:38.558405
589,RedGrid75,2,0.663191,-0.0199091816994365,-0.0423154420346978,-0.0254865809751343,-0.0423154420346978,0.0,0 days 00:15:37.323452
590,ExpGrad.1,0,0.706729,-0.0839775325576741,-0.1019709197576985,-0.1019709197576985,-0.075538977505425,-0.0728766203105286,0 days 00:03:19.451940
591,ExpGrad.01,0,0.685325,-0.0145133633872986,-0.0198683315696795,-0.0198683315696795,-0.0142535087109761,-0.00995902346005,0 days 00:06:19.132342
592,RedGrid25,0,0.689858,-0.0222159891013064,-0.028075213503418,-0.028075213503418,-0.0079258173890651,-0.0250124319188089,0 days 00:13:00.569108
593,RedGrid5,0,0.689858,-0.0222159891013064,-0.028075213503418,-0.028075213503418,-0.0079258173890651,-0.0250124319188089,0 days 00:13:02.539875
594,RedGrid75,0,0.689858,-0.0222159891013064,-0.028075213503418,-0.028075213503418,-0.0079258173890651,-0.0250124319188089,0 days 00:12:57.881226
595,ExpGrad.1,2,0.688456,-0.0474043827630973,-0.0721635623256763,-0.0721635623256763,-0.0613585800927883,-0.0164463969520638,0 days 00:02:05.116875
596,ExpGrad.01,2,0.632266,-0.0028718273885324,-0.0080133076812043,-0.0080133076812043,-0.0003498438249087,0.0,0 days 00:03:58.566302
597,RedGrid25,2,0.71521,-0.0730084139956986,-0.1092596238150872,-0.1092596238150872,-0.0975269027487905,-0.0249986792484648,0 days 00:10:34.584007
598,RedGrid5,2,0.615338,-0.0026464883725448,-0.0076248444267154,-0.0076248444267154,0.0,0.0,0 days 00:10:34.733167
599,RedGrid75,2,0.615338,-0.0026464883725448,-0.0076248444267154,-0.0076248444267154,0.0,0.0,0 days 00:10:38.797171
600,ExpGrad.1,2,0.677766,-0.0366102456744313,-0.0682885849865944,-0.0682885849865944,-0.0220497061992185,-0.018058567540439,0 days 00:03:18.983888
601,ExpGrad.01,2,0.630215,-0.0079610613791183,-0.0110495492769315,-0.0110495492769315,-0.0097161627361505,-0.0040381221818976,0 days 00:04:41.618524
602,RedGrid25,2,0.696893,-0.0417284405608816,-0.0703035221304957,-0.0703035221304957,-0.06612477513428,0.0,0 days 00:11:10.497437
603,RedGrid5,2,0.696893,-0.0417284405608816,-0.0703035221304957,-0.0703035221304957,-0.06612477513428,0.0,0 days 00:11:10.534855
604,RedGrid75,2,0.641676,-0.0161315058812138,-0.0244346810111832,-0.0188676377613717,0.0,-0.0244346810111832,0 days 00:11:06.211238
605,ExpGrad.1,1,0.708163,-0.0181275320354828,-0.1082937336929816,-0.1082937336929816,-0.0111258261143982,-0.0192222945748659,0 days 00:01:28.309174
606,ExpGrad.01,1,0.595026,-0.0002959636844257,-0.0152562432439596,-0.0152562432439596,0.0,0.0,0 days 00:02:46.459933
607,RedGrid25,1,0.699477,-0.0160795830371388,-0.1140714656016577,-0.1140714656016577,-0.0040202399773977,-0.0197242445312759,0 days 00:08:24.295841
608,RedGrid5,1,0.699477,-0.0160795830371388,-0.1140714656016577,-0.1140714656016577,-0.0040202399773977,-0.0197242445312759,0 days 00:08:25.570346
609,RedGrid75,1,0.699477,-0.0160795830371388,-0.1140714656016577,-0.1140714656016577,-0.0040202399773977,-0.0197242445312759,0 days 00:08:17.030351
610,ExpGrad.1,0,0.707059,-0.0757597696719084,-0.0936373475432061,-0.0936373475432061,-0.0656633154178218,-0.0656146739669034,0 days 00:02:34.737731
611,ExpGrad.01,0,0.687168,-0.0126369300211201,-0.0177866049153646,-0.0177866049153646,-0.011857754767773,-0.0085383077192726,0 days 00:04:38.179484
612,RedGrid25,0,0.686547,-0.080163975996525,-0.1109271821726873,-0.1109271821726873,-0.007352036309598,-0.0933352234734716,0 days 00:08:24.776307
613,RedGrid5,0,0.686547,-0.080163975996525,-0.1109271821726873,-0.1109271821726873,-0.007352036309598,-0.0933352234734716,0 days 00:08:39.879518
614,RedGrid75,0,0.663684,-0.0540831391183012,-0.1106356489207969,-0.1106356489207969,0.0,-0.0342255569851904,0 days 00:08:56.739743
615,ExpGrad.1,1,0.712067,-0.0394775974665402,-0.1165260135084326,-0.1165260135084326,-0.0439006503450862,-0.0346189559549771,0 days 00:02:09.087752
616,ExpGrad.01,1,0.604331,-0.0006131631996546,-0.0174272535081831,-0.0174272535081831,0.0,-0.0004304987622903,0 days 00:02:52.945508
617,RedGrid25,1,0.707852,-0.0591574112334627,-0.1288082847248751,-0.1288082847248751,-0.0673571283375819,-0.0524292175169152,0 days 00:09:47.651270
618,RedGrid5,1,0.707852,-0.0591574112334627,-0.1288082847248751,-0.1288082847248751,-0.0673571283375819,-0.0524292175169152,0 days 00:09:53.726665
619,RedGrid75,1,0.707852,-0.0591574112334627,-0.1288082847248751,-0.1288082847248751,-0.0673571283375819,-0.0524292175169152,0 days 00:09:52.115813
620,ExpGrad.1,1,0.710827,-0.0402949294410486,-0.1227579181076486,-0.1227579181076486,-0.0564178472293401,-0.0288203228346183,0 days 00:02:31.987907
621,ExpGrad.01,1,0.603602,-0.000384281114614,-0.0195629686070759,-0.0195629686070759,0.0,0.0,0 days 00:02:34.543413
622,RedGrid25,1,0.704975,-0.0675681451044987,-0.1517565365531543,-0.1517565365531543,-0.0710874694968916,-0.0630044097298423,0 days 00:12:10.543593
623,RedGrid5,1,0.699714,-0.0107440657339738,-0.1183654149259667,-0.1183654149259667,0.0,-0.0133330798587066,0 days 00:12:13.414806
624,RedGrid75,1,0.699714,-0.0107440657339738,-0.1183654149259667,-0.1183654149259667,0.0,-0.0133330798587066,0 days 00:12:09.579826
625,ExpGrad.1,1,0.707989,-0.0182899695454407,-0.0958066491047067,-0.0958066491047067,-0.0191624783859762,-0.0153620488882786,0 days 00:01:25.747375
626,ExpGrad.01,1,0.595093,-0.0026558692263765,-0.0049365964426424,-0.0049365964426424,-0.0012732705811931,-0.0033476312093024,0 days 00:03:47.597767
627,RedGrid25,1,0.701495,-0.0091704029009326,-0.1007393873810668,-0.1007393873810668,0.0,-0.0113466389648411,0 days 00:08:38.530220
628,RedGrid5,1,0.701495,-0.0091704029009326,-0.1007393873810668,-0.1007393873810668,0.0,-0.0113466389648411,0 days 00:08:39.553535
629,RedGrid75,1,0.701495,-0.0091704029009326,-0.1007393873810668,-0.1007393873810668,0.0,-0.0113466389648411,0 days 00:08:41.362078
630,ExpGrad.1,1,0.710259,-0.0276528926006544,-0.1091894664300935,-0.1091894664300935,-0.0205135136321875,-0.0290665036592597,0 days 00:02:55.508187
631,ExpGrad.01,1,0.594366,-0.0129664024042735,-0.0210508491817524,-0.0210508491817524,-0.009184934190586,-0.014803722078217,0 days 00:02:51.779969
632,RedGrid25,1,0.699104,-0.0442729166354249,-0.1126965359576966,-0.1126965359576966,0.0,-0.0665973755470811,0 days 00:11:24.064862
633,RedGrid5,1,0.691482,-0.0013795426217179,-0.070427802794987,-0.070427802794987,0.0,0.0,0 days 00:11:22.308799
634,RedGrid75,1,0.687104,-0.0504315503551269,-0.1081077299007339,-0.1081077299007339,0.0,-0.0764899445729311,0 days 00:11:18.587969
635,ExpGrad.1,2,0.703425,-0.043772537093575,-0.0734460597929411,-0.0734460597929411,-0.0190935227701143,-0.0338422899895954,0 days 00:02:25.187968
636,ExpGrad.01,2,0.613775,-0.0014985232465775,-0.0043039011612843,-0.0043039011612843,0.0,0.0,0 days 00:02:33.466807
637,RedGrid25,2,0.730179,-0.0961841558004851,-0.1176025779359643,-0.1176025779359643,-0.1006371853283575,-0.0740852731503766,0 days 00:10:36.274942
638,RedGrid5,2,0.730179,-0.0961841558004851,-0.1176025779359643,-0.1176025779359643,-0.1006371853283575,-0.0740852731503766,0 days 00:10:36.660936
639,RedGrid75,2,0.627244,-0.0143487100338123,-0.0272911915721267,-0.0023529577895046,-0.0272911915721267,-0.0163743112092886,0 days 00:10:36.425430
640,ExpGrad.1,2,0.717141,-0.0635207563027494,-0.1033856107427085,-0.1033856107427085,-0.0491024387545608,-0.0379919162309674,0 days 00:01:59.178357
641,ExpGrad.01,2,0.622218,-0.0043031617710207,-0.0075553677568967,-0.0075553677568967,0.0,-0.0042980672924215,0 days 00:04:01.382042
642,RedGrid25,2,0.725709,-0.0891947183411154,-0.1204731619309197,-0.1204731619309197,-0.0943914346269774,-0.0581952905642965,0 days 00:11:01.130774
643,RedGrid5,2,0.684597,-0.0296144101952406,-0.0827699984856045,-0.0827699984856045,0.0,-0.0024770836837457,0 days 00:11:07.070812
644,RedGrid75,2,0.670596,-0.0251874874270535,-0.0727892977781083,-0.0727892977781083,0.0,0.0,0 days 00:11:05.681257
645,ExpGrad.1,2,0.719384,-0.0627951877847429,-0.0945690540763963,-0.0945690540763963,-0.0519985929464819,-0.0417759228068224,0 days 00:02:36.713684
646,ExpGrad.01,2,0.620412,-0.0065289410296677,-0.0133129344045216,-0.0133129344045216,0.0,-0.0049199638469065,0 days 00:02:51.512426
647,RedGrid25,2,0.719271,-0.069970803303126,-0.1064206764551631,-0.1064206764551631,-0.0793258959396727,-0.0310404216430493,0 days 00:10:17.235374
648,RedGrid5,2,0.685879,-0.0363515082033194,-0.06202783647487,-0.0574585682786298,-0.06202783647487,0.0,0 days 00:10:17.355078
649,RedGrid75,2,0.648925,-0.0245672877303194,-0.0482636937921123,-0.0339908891447733,-0.0482636937921123,0.0,0 days 00:10:18.313354
650,ExpGrad.1,2,0.714048,-0.065748972198132,-0.101323977432657,-0.101323977432657,-0.0398015580526796,-0.0516321692994121,0 days 00:03:15.665949
651,ExpGrad.01,2,0.626261,-0.0105957864827338,-0.0138530626421199,-0.0138530626421199,-0.0113906140821529,-0.0071923679566837,0 days 00:03:53.312618
652,RedGrid25,2,0.726951,-0.1006491016544189,-0.1336792532583663,-0.1336792532583663,-0.1016406252858594,-0.0708428786931427,0 days 00:10:29.079569
653,RedGrid5,2,0.678691,-0.0356149579734158,-0.0550809262384697,-0.0550809262384697,0.0,-0.0421492324266922,0 days 00:10:27.136942
654,RedGrid75,2,0.678691,-0.0356149579734158,-0.0550809262384697,-0.0550809262384697,0.0,-0.0421492324266922,0 days 00:10:28.950151
655,ExpGrad.1,0,0.706693,-0.0827842524664546,-0.1009524747602387,-0.1009524747602387,-0.0731282289849204,-0.0721497032018843,0 days 00:03:19.452728
656,ExpGrad.01,0,0.689451,-0.0162245371270064,-0.0215343618737831,-0.0215343618737831,-0.0151094558260264,-0.0121732727379885,0 days 00:08:17.670699
657,RedGrid25,0,0.685859,-0.1245134182001878,-0.1545033000487088,-0.1545033000487088,-0.1024553430177219,-0.1103404228332434,0 days 00:15:19.174512
658,RedGrid5,0,0.685859,-0.1245134182001878,-0.1545033000487088,-0.1545033000487088,-0.1024553430177219,-0.1103404228332434,0 days 00:15:18.308089
659,RedGrid75,0,0.667413,-0.0501705746920097,-0.1076636206975352,-0.1076636206975352,0.0,-0.0273559363307592,0 days 00:15:14.395251
660,ExpGrad.1,0,0.706787,-0.0773191899352659,-0.0960780946299826,-0.0960780946299826,-0.0651073164548886,-0.0676230304347406,0 days 00:03:21.496864
661,ExpGrad.01,0,0.689093,-0.0135499463670165,-0.0200293480440034,-0.0200293480440034,-0.0092520853513695,-0.0102450353580116,0 days 00:07:10.371107
662,RedGrid25,0,0.69111,-0.0234099654294303,-0.029764063908019,-0.029764063908019,-0.0081328992691998,-0.026291353391426,0 days 00:12:41.596879
663,RedGrid5,0,0.69111,-0.0234099654294303,-0.029764063908019,-0.029764063908019,-0.0081328992691998,-0.026291353391426,0 days 00:12:43.925118
664,RedGrid75,0,0.69111,-0.0234099654294303,-0.029764063908019,-0.029764063908019,-0.0081328992691998,-0.026291353391426,0 days 00:12:40.460557
665,ExpGrad.1,2,0.718107,-0.06659360046475,-0.098718077528368,-0.098718077528368,-0.0466612600709457,-0.0512447551256264,0 days 00:03:11.976675
666,ExpGrad.01,2,0.622449,-0.0118796420489319,-0.0200805391436253,-0.0114364721566841,0.0,-0.0200805391436253,0 days 00:04:29.816966
667,RedGrid25,2,0.724999,-0.0885628282587144,-0.1154406540979168,-0.1154406540979168,-0.0749143293624549,-0.0737302199474784,0 days 00:10:55.587669
668,RedGrid5,2,0.668238,-0.026802251038153,-0.0494782155396353,-0.0365496884990353,-0.0494782155396353,-0.0032649041199091,0 days 00:10:54.944410
669,RedGrid75,2,0.668238,-0.026802251038153,-0.0494782155396353,-0.0365496884990353,-0.0494782155396353,-0.0032649041199091,0 days 00:10:51.138218
670,ExpGrad.1,0,0.706337,-0.0834274528468165,-0.1001120626041304,-0.1001120626041304,-0.074966271922344,-0.0734395541749621,0 days 00:03:18.557092
671,ExpGrad.01,0,0.688571,-0.0144040176181629,-0.0211211559805469,-0.0211211559805469,-0.0113967313192001,-0.010161926245837,0 days 00:05:42.757907
672,RedGrid25,0,0.682767,-0.1152061591935015,-0.1485592359446281,-0.1485592359446281,-0.0978729257991091,-0.0954720680214991,0 days 00:12:14.807827
673,RedGrid5,0,0.682767,-0.1152061591935015,-0.1485592359446281,-0.1485592359446281,-0.0978729257991091,-0.0954720680214991,0 days 00:12:15.064983
674,RedGrid75,0,0.682767,-0.1152061591935015,-0.1485592359446281,-0.1485592359446281,-0.0978729257991091,-0.0954720680214991,0 days 00:12:15.962010
675,ExpGrad.1,2,0.717001,-0.0677175667252036,-0.0956672432377225,-0.0956672432377225,-0.0462297076447372,-0.0569654116085898,0 days 00:03:09.198000
676,ExpGrad.01,2,0.617469,-0.0130586796485227,-0.0133287110200197,-0.0133287110200197,-0.0126769161567407,-0.0130709206340479,0 days 00:03:13.597402
677,RedGrid25,2,0.712739,-0.0872868101761277,-0.1047914005005865,-0.1047914005005865,-0.061696480337952,-0.0886422440304968,0 days 00:10:45.088168
678,RedGrid5,2,0.67854,-0.0372334257538078,-0.0563804623086617,-0.0563804623086617,0.0,-0.044878055891749,0 days 00:10:44.854567
679,RedGrid75,2,0.67854,-0.0372334257538078,-0.0563804623086617,-0.0563804623086617,0.0,-0.044878055891749,0 days 00:10:44.195830
680,ExpGrad.1,2,0.686759,-0.0333760491055867,-0.071337003726619,-0.071337003726619,0.0,-0.0217768055938689,0 days 00:04:37.488126
681,ExpGrad.01,2,0.628343,-0.0089047203260011,-0.0124075135138477,-0.0124075135138477,-0.0041031865515074,-0.008964144413963,0 days 00:06:00.719779
682,RedGrid25,2,0.708886,-0.0913402109387101,-0.0988445096256852,-0.0917618844269017,-0.0793358726912648,-0.0988445096256852,0 days 00:13:37.205252
683,RedGrid5,2,0.647871,-0.0090199089254268,-0.0259481332522831,-0.0259481332522831,0.0,0.0,0 days 00:13:37.968825
684,RedGrid75,2,0.591946,-0.0029438841588333,-0.0113899068120835,0.0,-0.0113899068120835,0.0,0 days 00:13:19.700223
685,ExpGrad.1,0,0.706377,-0.0838028644223061,-0.1008731187592743,-0.1008731187592743,-0.0742408090110232,-0.0741532577732221,0 days 00:02:26.761024
686,ExpGrad.01,0,0.686627,-0.0126864934852608,-0.0169173067092502,-0.0169173067092502,-0.0112531063757987,-0.0097767314467391,0 days 00:04:21.983265
687,RedGrid25,0,0.682445,-0.1146765963500575,-0.1493165459956262,-0.1493165459956262,-0.0937989511645416,-0.0959104075164747,0 days 00:09:26.876106
688,RedGrid5,0,0.682445,-0.1146765963500575,-0.1493165459956262,-0.1493165459956262,-0.0937989511645416,-0.0959104075164747,0 days 00:09:27.107633
689,RedGrid75,0,0.682445,-0.1146765963500575,-0.1493165459956262,-0.1493165459956262,-0.0937989511645416,-0.0959104075164747,0 days 00:09:27.769761
690,ExpGrad.1,1,0.711105,-0.0247887542737187,-0.1172623636738677,-0.1172623636738677,-0.0227861411467978,-0.0230222017075887,0 days 00:02:51.304572
691,ExpGrad.01,1,0.584221,-0.0041066218925913,-0.0092849347282473,-0.0092849347282473,0.0,-0.0062080989208307,0 days 00:03:20.752498
692,RedGrid25,1,0.701031,-0.0029673034729779,-0.1099795346073003,-0.1099795346073003,0.0,-0.0012809866700523,0 days 00:11:33.570745
693,RedGrid5,1,0.701031,-0.0029673034729779,-0.1099795346073003,-0.1099795346073003,0.0,-0.0012809866700523,0 days 00:11:37.278310
694,RedGrid75,1,0.701031,-0.0029673034729779,-0.1099795346073003,-0.1099795346073003,0.0,-0.0012809866700523,0 days 00:12:48.396843
695,ExpGrad.1,1,0.711622,-0.0276468333832468,-0.1071292976332841,-0.1071292976332841,-0.0262014162179365,-0.0259572616192796,0 days 00:02:38.367185
696,ExpGrad.01,1,0.59551,-0.0001114551350405,-0.0056398039817016,-0.0056398039817016,0.0,0.0,0 days 00:04:07.028659
697,RedGrid25,1,0.70512,-0.0614194713588918,-0.1353707235717308,-0.1353707235717308,-0.0677382572148059,-0.0555933196701189,0 days 00:11:28.071385
698,RedGrid5,1,0.699427,-0.0047017161106877,-0.1048411580178575,-0.1048411580178575,0.0,-0.0041721130852315,0 days 00:11:33.567598
699,RedGrid75,1,0.699427,-0.0047017161106877,-0.1048411580178575,-0.1048411580178575,0.0,-0.0041721130852315,0 days 00:11:24.398759
700,ExpGrad.1,2,0.713233,-0.0555117940423582,-0.0881389804050665,-0.0881389804050665,-0.0299609471405311,-0.0437080024287181,0 days 00:03:14.073109
701,ExpGrad.01,2,0.617116,-0.0026139077849214,-0.0075372560976769,-0.0075372560976769,0.0,0.0,0 days 00:03:49.506943
702,RedGrid25,2,0.721036,-0.0806757035375305,-0.0986055217344166,-0.093584711093113,-0.0986055217344166,-0.0572001470122472,0 days 00:13:58.454438
703,RedGrid5,2,0.682893,-0.0363110397126785,-0.0642410468889659,-0.0642410468889659,0.0,-0.0358903465927832,0 days 00:13:55.448980
704,RedGrid75,2,0.682893,-0.0363110397126785,-0.0642410468889659,-0.0642410468889659,0.0,-0.0358903465927832,0 days 00:13:47.060936
705,ExpGrad.1,1,0.71251,-0.0540901712986365,-0.1231725393848874,-0.1231725393848874,-0.0624281301690299,-0.0473168617239948,0 days 00:02:36.792070
706,ExpGrad.01,1,0.601946,-0.0142703539378918,-0.0183652739507198,-0.0183652739507198,-0.0152972584946884,-0.0135744642877052,0 days 00:05:11.316871
707,RedGrid25,1,0.704283,-0.0681505716947365,-0.1404375508693051,-0.1404375508693051,-0.0632920812356764,-0.0685703068270199,0 days 00:13:58.870319
708,RedGrid5,1,0.704283,-0.0681505716947365,-0.1404375508693051,-0.1404375508693051,-0.0632920812356764,-0.0685703068270199,0 days 00:13:48.605596
709,RedGrid75,1,0.704283,-0.0681505716947365,-0.1404375508693051,-0.1404375508693051,-0.0632920812356764,-0.0685703068270199,0 days 00:14:06.634880
710,ExpGrad.1,2,0.713334,-0.0561748427044195,-0.0982822495340681,-0.0982822495340681,-0.017739421573035,-0.0436701223234389,0 days 00:01:46.038971
711,ExpGrad.01,2,0.598652,-0.0119144699771602,-0.0179639896029201,-0.0140244452404544,0.0,-0.0179639896029201,0 days 00:02:26.853663
712,RedGrid25,2,0.711405,-0.0632381930925281,-0.0914344821384002,-0.0914344821384002,-0.0462713755472752,-0.0490025751486483,0 days 00:08:27.378059
713,RedGrid5,2,0.689482,-0.0340022775555403,-0.090991509565566,-0.090991509565566,0.0,-0.0050357159801752,0 days 00:08:32.389861
714,RedGrid75,2,0.678047,-0.0329625604527722,-0.0579570722372251,-0.0579570722372251,0.0,-0.0323224233807615,0 days 00:08:09.445336
715,ExpGrad.1,1,0.709734,-0.0262799661668334,-0.1081799318178445,-0.1081799318178445,-0.0313126955988644,-0.0209442844912363,0 days 00:06:15.379059
716,ExpGrad.01,1,0.586058,-0.0015613789033847,-0.0044011061227902,-0.0011434834104457,-0.0044011061227902,0.0,0 days 00:06:24.328492
717,RedGrid25,1,0.707453,-0.0627986090947567,-0.13948661454394,-0.13948661454394,-0.0690898185045565,-0.056927206745715,0 days 00:24:36.569006
718,RedGrid5,1,0.707453,-0.0627986090947567,-0.13948661454394,-0.13948661454394,-0.0690898185045565,-0.056927206745715,0 days 00:24:44.911932
719,RedGrid75,1,0.707453,-0.0627986090947567,-0.13948661454394,-0.13948661454394,-0.0690898185045565,-0.056927206745715,0 days 00:24:39.231574
720,ExpGrad.1,1,0.712472,-0.0457784869447763,-0.1199854432099397,-0.1199854432099397,-0.0423724903605882,-0.0453635715393084,0 days 00:02:58.883476
721,ExpGrad.01,1,0.594791,-0.0091579035095185,-0.0209562798065423,-0.0209562798065423,-0.0120899183415437,-0.0071743317366887,0 days 00:03:00.171642
722,RedGrid25,1,0.702844,-0.0199111245369092,-0.1093330396820811,-0.1093330396820811,-0.0037343829094401,-0.0260758209566634,0 days 00:11:57.622921
723,RedGrid5,1,0.702844,-0.0199111245369092,-0.1093330396820811,-0.1093330396820811,-0.0037343829094401,-0.0260758209566634,0 days 00:11:57.213999
724,RedGrid75,1,0.702844,-0.0199111245369092,-0.1093330396820811,-0.1093330396820811,-0.0037343829094401,-0.0260758209566634,0 days 00:11:58.787211
725,ExpGrad.1,0,0.706612,-0.0800770013058926,-0.0996322587428358,-0.0996322587428358,-0.0682961119666191,-0.0694488623528842,0 days 00:03:04.490340
726,ExpGrad.01,0,0.685328,-0.0155373192031107,-0.0218445616873338,-0.0218445616873338,-0.014695354074086,-0.0104731909629476,0 days 00:05:19.712157
727,RedGrid25,0,0.694589,-0.0387942329454289,-0.0438498860874067,-0.0433971622574191,-0.0223597072062602,-0.0438498860874067,0 days 00:12:50.907855
728,RedGrid5,0,0.694589,-0.0387942329454289,-0.0438498860874067,-0.0433971622574191,-0.0223597072062602,-0.0438498860874067,0 days 00:12:50.526408
729,RedGrid75,0,0.694589,-0.0387942329454289,-0.0438498860874067,-0.0433971622574191,-0.0223597072062602,-0.0438498860874067,0 days 00:12:42.391186
730,ExpGrad.1,0,0.706744,-0.0795084241623941,-0.0978208285501128,-0.0978208285501128,-0.0710902763149879,-0.0680714384389882,0 days 00:02:57.811634
731,ExpGrad.01,0,0.686523,-0.0108272198298361,-0.0161223174706499,-0.0161223174706499,-0.0051889891047951,-0.0092991408264075,0 days 00:07:28.951314
732,RedGrid25,0,0.687519,-0.0815925190839889,-0.1143978183981229,-0.1143978183981229,-0.0088840121327911,-0.0931000711440802,0 days 00:11:11.379685
733,RedGrid5,0,0.687519,-0.0815925190839889,-0.1143978183981229,-0.1143978183981229,-0.0088840121327911,-0.0931000711440802,0 days 00:11:12.343033
734,RedGrid75,0,0.665062,-0.0559988052068384,-0.1139600249613637,-0.1139600249613637,-0.0022438646812055,-0.0348513457964635,0 days 00:11:11.408921
735,ExpGrad.1,1,0.712229,-0.0511710171431715,-0.1234919282974411,-0.1234919282974411,-0.0633713825579357,-0.0421422609394135,0 days 00:01:58.240038
736,ExpGrad.01,1,0.613131,-0.0113144438936124,-0.0250959924246458,-0.0250959924246458,-0.0149944920157313,-0.0088437152064012,0 days 00:04:26.107575
737,RedGrid25,1,0.704817,-0.063821851851564,-0.1363297414561105,-0.1363297414561105,-0.0658782628160474,-0.0604028886807286,0 days 00:08:59.358020
738,RedGrid5,1,0.704817,-0.063821851851564,-0.1363297414561105,-0.1363297414561105,-0.0658782628160474,-0.0604028886807286,0 days 00:08:59.655081
739,RedGrid75,1,0.699713,-0.0091860819921508,-0.1008896489567405,-0.1008896489567405,0.0,-0.0113871938921354,0 days 00:08:49.914515
740,ExpGrad.1,2,0.695576,-0.045420070044793,-0.074749511040893,-0.074749511040893,-0.0566755322123978,-0.0118132468550464,0 days 00:03:07.082833
741,ExpGrad.01,2,0.616959,-0.0038220086306373,-0.008413980384616,-0.008413980384616,-0.0034063424565998,0.0,0 days 00:03:27.692355
742,RedGrid25,2,0.713443,-0.0659055133812142,-0.1042789175134116,-0.091753816764793,-0.1042789175134116,-0.0174785502020425,0 days 00:13:20.403020
743,RedGrid5,2,0.679203,-0.0357795956138844,-0.0628565112430548,-0.0474484981184811,-0.0628565112430548,-0.0074703008316832,0 days 00:13:13.910486
744,RedGrid75,2,0.646699,-0.0336087052619312,-0.0439022471984056,-0.0226725295225099,-0.0439022471984056,-0.0365611557664675,0 days 00:13:35.004439
745,ExpGrad.1,1,0.708781,-0.0152755781217607,-0.0998789558455061,-0.0998789558455061,-0.0104932792622678,-0.0152851801431677,0 days 00:02:35.631433
746,ExpGrad.01,1,0.592062,0.0,0.0,0.0,0.0,0.0,0 days 00:03:16.753711
747,RedGrid25,1,0.707592,-0.0636942286946858,-0.1343101726773143,-0.1343101726773143,-0.076294638002221,-0.0545173236411022,0 days 00:11:19.574230
748,RedGrid5,1,0.691769,-0.0012077805413358,-0.0613907527682829,-0.0613907527682829,0.0,0.0,0 days 00:11:22.399315
749,RedGrid75,1,0.691769,-0.0012077805413358,-0.0613907527682829,-0.0613907527682829,0.0,0.0,0 days 00:11:18.912272
750,ExpGrad.1,1,0.713132,-0.0444556727569497,-0.1203200262549417,-0.1203200262549417,-0.0474095482883387,-0.0404865860292908,0 days 00:01:52.303146
751,ExpGrad.01,1,0.618137,-0.0003199627312248,-0.0165329860926417,-0.0165329860926417,0.0,0.0,0 days 00:03:14.195195
752,RedGrid25,1,0.708056,-0.0552111507904656,-0.1314480144946311,-0.1314480144946311,-0.0581772064958311,-0.051223865633154,0 days 00:09:12.791131
753,RedGrid5,1,0.708056,-0.0552111507904656,-0.1314480144946311,-0.1314480144946311,-0.0581772064958311,-0.051223865633154,0 days 00:08:41.073772
754,RedGrid75,1,0.708056,-0.0552111507904656,-0.1314480144946311,-0.1314480144946311,-0.0581772064958311,-0.051223865633154,0 days 00:08:40.263863
755,ExpGrad.1,0,0.706629,-0.0799493955427989,-0.097902064481451,-0.097902064481451,-0.0691894100923108,-0.0701547345852621,0 days 00:02:26.738169
756,ExpGrad.01,0,0.686285,-0.013537718410906,-0.0192000176262056,-0.0192000176262056,-0.0106678263096402,-0.0101579222832465,0 days 00:03:51.830634
757,RedGrid25,0,0.686324,-0.0774564597291414,-0.1105021187446874,-0.1105021187446874,-0.0008938601053449,-0.0909080460312657,0 days 00:08:34.283459
758,RedGrid5,0,0.686324,-0.0774564597291414,-0.1105021187446874,-0.1105021187446874,-0.0008938601053449,-0.0909080460312657,0 days 00:08:33.178214
759,RedGrid75,0,0.663974,-0.0510035566837322,-0.1068765453910794,-0.1068765453910794,0.0,-0.0302356463408915,0 days 00:08:24.667875
760,ExpGrad.1,2,0.691395,-0.0531192410829562,-0.0834860635865595,-0.0834860635865595,-0.0253037023489783,-0.0448377671182535,0 days 00:02:22.298527
761,ExpGrad.01,2,0.620853,-0.0059670525408199,-0.0107430553493524,-0.0107430553493524,0.0,-0.0057178332916212,0 days 00:02:34.838495
762,RedGrid25,2,0.723827,-0.0797496029184758,-0.1108685876501068,-0.1108685876501068,-0.0711610156658384,-0.0580891922321122,0 days 00:10:20.329370
763,RedGrid5,2,0.698069,-0.0602211179976137,-0.0855879430959816,-0.0855879430959816,0.0,-0.0777680649270143,0 days 00:10:20.529755
764,RedGrid75,2,0.676097,-0.0484401392481014,-0.0704563108915879,-0.0598508562693754,0.0,-0.0704563108915879,0 days 00:10:21.039178
765,ExpGrad.1,0,0.706758,-0.0827260863775493,-0.1007712752696095,-0.1007712752696095,-0.0725483411415069,-0.0725338065742706,0 days 00:03:20.571171
766,ExpGrad.01,0,0.684169,-0.0115736355271429,-0.0165042907067874,-0.0165042907067874,-0.014434449744436,-0.0056691125208712,0 days 00:05:21.236117
767,RedGrid25,0,0.690527,-0.0225781137983771,-0.0281136255476565,-0.0281136255476565,-0.0071285536228345,-0.0262679511882392,0 days 00:12:34.942521
768,RedGrid5,0,0.690527,-0.0225781137983771,-0.0281136255476565,-0.0281136255476565,-0.0071285536228345,-0.0262679511882392,0 days 00:12:35.423970
769,RedGrid75,0,0.690527,-0.0225781137983771,-0.0281136255476565,-0.0281136255476565,-0.0071285536228345,-0.0262679511882392,0 days 00:12:33.445595
770,ExpGrad.1,0,0.706473,-0.072454278309492,-0.0907952787816416,-0.0907952787816416,-0.0597504634964122,-0.0634087791340414,0 days 00:02:54.261053
771,ExpGrad.01,0,0.688664,-0.0137850911582415,-0.0193154758517165,-0.0193154758517165,-0.0113142241555366,-0.0103054130159784,0 days 00:05:28.015845
772,RedGrid25,0,0.684267,-0.0782402210153378,-0.1119367789611318,-0.1119367789611318,0.0,-0.0919915077680747,0 days 00:11:52.169236
773,RedGrid5,0,0.664753,-3.119785786060478e-05,-8.649117817272067e-05,-8.649117817272067e-05,0.0,0.0,0 days 00:11:54.546068
774,RedGrid75,0,0.664753,-3.119785786060478e-05,-8.649117817272067e-05,-8.649117817272067e-05,0.0,0.0,0 days 00:11:54.606178
775,ExpGrad.1,0,0.707472,-0.082425711031186,-0.101526961198185,-0.101526961198185,-0.0704123211005028,-0.0723606722773408,0 days 00:03:15.600045
776,ExpGrad.01,0,0.689514,-0.0123442011645066,-0.0188123738800436,-0.0188123738800436,-0.0070106609183319,-0.0096343622402883,0 days 00:09:05.452826
777,RedGrid25,0,0.695004,-0.0353457741647471,-0.0410562199871291,-0.0394470190654582,-0.0185040416900995,-0.0410562199871291,0 days 00:12:20.440159
778,RedGrid5,0,0.695004,-0.0353457741647471,-0.0410562199871291,-0.0394470190654582,-0.0185040416900995,-0.0410562199871291,0 days 00:12:22.297364
779,RedGrid75,0,0.695004,-0.0353457741647471,-0.0410562199871291,-0.0394470190654582,-0.0185040416900995,-0.0410562199871291,0 days 00:12:21.978061
780,ExpGrad.1,1,0.711537,-0.0455352831614207,-0.1321245395947281,-0.1321245395947281,-0.0423722517894231,-0.0445759735729438,0 days 00:02:40.760351
781,ExpGrad.01,1,0.573815,-0.0079882062032643,-0.0116824798567276,-0.0116824798567276,-0.0021692363961302,-0.0111020476114711,0 days 00:02:40.401791
782,RedGrid25,1,0.704936,-0.0617214233836764,-0.1454213789172936,-0.1454213789172936,-0.0672664310984368,-0.0560195301608006,0 days 00:15:11.335661
783,RedGrid5,1,0.704936,-0.0617214233836764,-0.1454213789172936,-0.1454213789172936,-0.0672664310984368,-0.0560195301608006,0 days 00:15:11.419239
784,RedGrid75,1,0.704936,-0.0617214233836764,-0.1454213789172936,-0.1454213789172936,-0.0672664310984368,-0.0560195301608006,0 days 00:15:13.111154
785,ExpGrad.1,2,0.712691,-0.0636488099253531,-0.0961900833502774,-0.0961900833502774,-0.0723740386574926,-0.0287498868410776,0 days 00:02:04.186353
786,ExpGrad.01,2,0.622929,-0.0038173463493839,-0.0109431358731033,-0.0109431358731033,0.0,0.0,0 days 00:03:45.511239
787,RedGrid25,2,0.702193,-0.0500289138236031,-0.0779979955473317,-0.0779979955473317,-0.069044763308852,-0.0123435416192708,0 days 00:10:39.141315
788,RedGrid5,2,0.702193,-0.0500289138236031,-0.0779979955473317,-0.0779979955473317,-0.069044763308852,-0.0123435416192708,0 days 00:10:49.815217
789,RedGrid75,2,0.702193,-0.0500289138236031,-0.0779979955473317,-0.0779979955473317,-0.069044763308852,-0.0123435416192708,0 days 00:10:47.425651
790,ExpGrad.1,0,0.706556,-0.0839639273114438,-0.1014934741421538,-0.1014934741421538,-0.0744974598942646,-0.0738090367771729,0 days 00:02:27.531946
791,ExpGrad.01,0,0.687136,-0.0157538330722984,-0.020912250278628,-0.020912250278628,-0.0131160629993011,-0.0126837063503459,0 days 00:05:05.579818
792,RedGrid25,0,0.694704,-0.0573524866261723,-0.0803354995012528,-0.0533817886015648,-0.0803354995012528,-0.0481224927222699,0 days 00:08:30.122472
793,RedGrid5,0,0.694704,-0.0573524866261723,-0.0803354995012528,-0.0533817886015648,-0.0803354995012528,-0.0481224927222699,0 days 00:08:29.849474
794,RedGrid75,0,0.694704,-0.0573524866261723,-0.0803354995012528,-0.0533817886015648,-0.0803354995012528,-0.0481224927222699,0 days 00:08:28.960853
795,ExpGrad.1,1,0.709456,-0.0123318426900006,-0.0960055971386739,-0.0960055971386739,-0.0016416154101458,-0.0156300581188184,0 days 00:02:10.068053
796,ExpGrad.01,1,0.603515,-9.497391650621973e-05,-0.0048297955651079,-0.0048297955651079,0.0,0.0,0 days 00:04:17.540339
797,RedGrid25,1,0.707367,-0.0601710762245898,-0.1368483907610668,-0.1368483907610668,-0.0652849647660591,-0.0549596557434023,0 days 00:11:27.730364
798,RedGrid5,1,0.69958,-0.0018984326868409,-0.0965427362465372,-0.0965427362465372,0.0,0.0,0 days 00:11:26.824516
799,RedGrid75,1,0.69958,-0.0018984326868409,-0.0965427362465372,-0.0965427362465372,0.0,0.0,0 days 00:11:27.054229
800,ExpGrad.1,2,0.708238,-0.0532984864456433,-0.0866758655949501,-0.0866758655949501,-0.0430253643835448,-0.0306261285609242,0 days 00:02:23.050671
801,ExpGrad.01,2,0.626133,-0.0033932439677672,-0.0097833958674729,-0.0097833958674729,0.0,0.0,0 days 00:02:47.076950
802,RedGrid25,2,0.710609,-0.0569169235286299,-0.0938710580839342,-0.0938710580839342,-0.0531098261439089,-0.026789171121226,0 days 00:11:16.158533
803,RedGrid5,2,0.685719,-0.02925443703473,-0.0722679579445956,-0.0722679579445956,0.0,-0.01067367018727,0 days 00:11:11.516353
804,RedGrid75,2,0.685719,-0.02925443703473,-0.0722679579445956,-0.0722679579445956,0.0,-0.01067367018727,0 days 00:11:08.128581
805,ExpGrad.1,1,0.709524,-0.0349348078001862,-0.1161800882276641,-0.1161800882276641,-0.0456972799559465,-0.0264729172822794,0 days 00:01:51.220735
806,ExpGrad.01,1,0.602818,-0.0003160813544556,-0.016143981267735,-0.016143981267735,0.0,0.0,0 days 00:05:53.299150
807,RedGrid25,1,0.695323,-0.0017414231094172,-0.0889438799895446,-0.0889438799895446,0.0,0.0,0 days 00:10:51.291114
808,RedGrid5,1,0.695323,-0.0017414231094172,-0.0889438799895446,-0.0889438799895446,0.0,0.0,0 days 00:10:49.581120
809,RedGrid75,1,0.695323,-0.0017414231094172,-0.0889438799895446,-0.0889438799895446,0.0,0.0,0 days 00:10:50.156342
810,ExpGrad.1,1,0.707293,-0.0175995923459579,-0.0910088180313016,-0.0910088180313016,-0.0202383080978201,-0.0138718665007641,0 days 00:02:40.510783
811,ExpGrad.01,1,0.591093,-0.000126833852715,-0.0065014419639126,-0.0065014419639126,0.0,0.0,0 days 00:03:40.839829
812,RedGrid25,1,0.705449,-0.0659524507797929,-0.1331981250821455,-0.1331981250821455,-0.075190450606956,-0.0587654581524632,0 days 00:16:19.187247
813,RedGrid5,1,0.700881,-0.0079369755980199,-0.1030429996079947,-0.1030429996079947,0.0,-0.0093876761679083,0 days 00:16:28.763184
814,RedGrid75,1,0.700881,-0.0079369755980199,-0.1030429996079947,-0.1030429996079947,0.0,-0.0093876761679083,0 days 00:16:27.825046
815,ExpGrad.1,2,0.716318,-0.0586756419432523,-0.0928734285653724,-0.0928734285653724,-0.0376093983173425,-0.041832223204721,0 days 00:02:13.801356
816,ExpGrad.01,2,0.623309,-0.0098525737265359,-0.0153484920668081,-0.0045613409152758,-0.0153484920668081,-0.0109418783027379,0 days 00:02:39.790100
817,RedGrid25,2,0.729806,-0.1003242323189149,-0.1175134437897306,-0.1175134437897306,-0.1156364642603212,-0.0742917636648833,0 days 00:10:48.861323
818,RedGrid5,2,0.69405,-0.0577963206306882,-0.0624464448241137,-0.0590216825317489,-0.0624464448241137,-0.0535271021887181,0 days 00:10:47.394104
819,RedGrid75,2,0.69405,-0.0577963206306882,-0.0624464448241137,-0.0590216825317489,-0.0624464448241137,-0.0535271021887181,0 days 00:10:48.176396
820,ExpGrad.1,1,0.709193,-0.0215900336716868,-0.098311565933138,-0.098311565933138,-0.026435833676859,-0.0165508088226076,0 days 00:02:43.933486
821,ExpGrad.01,1,0.597742,0.0,0.0,0.0,0.0,0.0,0 days 00:02:57.935593
822,RedGrid25,1,0.705794,-0.0674149453636446,-0.1371703946052903,-0.1371703946052903,-0.0721988822146876,-0.0626246363474737,0 days 00:12:14.274371
823,RedGrid5,1,0.705794,-0.0674149453636446,-0.1371703946052903,-0.1371703946052903,-0.0721988822146876,-0.0626246363474737,0 days 00:12:12.491173
824,RedGrid75,1,0.705794,-0.0674149453636446,-0.1371703946052903,-0.1371703946052903,-0.0721988822146876,-0.0626246363474737,0 days 00:12:12.766175
825,ExpGrad.1,0,0.707277,-0.0808288387566068,-0.0982734390517428,-0.0982734390517428,-0.071547029630855,-0.070627980226028,0 days 00:03:19.371348
826,ExpGrad.01,0,0.685542,-0.0095541277159862,-0.0153011245957899,-0.0153011245957899,-0.0060789037784657,-0.0064240997439826,0 days 00:06:11.269517
827,RedGrid25,0,0.684379,-0.0797669887245304,-0.1086369043364371,-0.1086369043364371,0.0,-0.0984629147876645,0 days 00:11:10.118441
828,RedGrid5,0,0.664349,-0.0550677821878394,-0.1117953135613514,-0.1117953135613514,0.0,-0.0356421396018542,0 days 00:11:10.682145
829,RedGrid75,0,0.664349,-0.0550677821878394,-0.1117953135613514,-0.1117953135613514,0.0,-0.0356421396018542,0 days 00:11:09.003767
830,ExpGrad.1,2,0.694826,-0.0697389569111337,-0.0819764405206439,-0.0819764405206439,-0.0719517256756684,-0.0573832610459412,0 days 00:02:08.272597
831,ExpGrad.01,2,0.635416,-0.010350827786874,-0.0169148582253845,-0.0169148582253845,0.0,-0.0113224209442934,0 days 00:04:39.510905
832,RedGrid25,2,0.711348,-0.0947170787499156,-0.09983955080921,-0.0931136700928365,-0.0891076193790109,-0.09983955080921,0 days 00:10:25.459423
833,RedGrid5,2,0.711348,-0.0947170787499156,-0.09983955080921,-0.0931136700928365,-0.0891076193790109,-0.09983955080921,0 days 00:10:25.673468
834,RedGrid75,2,0.682555,-0.0392289753741975,-0.0611897043346407,-0.0512685620204393,-0.0611897043346407,-0.0140430293141226,0 days 00:10:32.322949
835,ExpGrad.1,1,0.709642,-0.0251761672048649,-0.1074791522157789,-0.1074791522157789,-0.0327789207017766,-0.0184236619806128,0 days 00:02:09.236061
836,ExpGrad.01,1,0.579112,-0.0103729964251761,-0.014772656373292,-0.0136502008134864,-0.002223069190019,-0.014772656373292,0 days 00:02:28.038066
837,RedGrid25,1,0.700084,-0.0020245842834964,-0.1033259151923803,-0.1033259151923803,0.0,0.0,0 days 00:11:24.053443
838,RedGrid5,1,0.700084,-0.0020245842834964,-0.1033259151923803,-0.1033259151923803,0.0,0.0,0 days 00:11:25.793033
839,RedGrid75,1,0.700084,-0.0020245842834964,-0.1033259151923803,-0.1033259151923803,0.0,0.0,0 days 00:11:36.472806
840,ExpGrad.1,0,0.706642,-0.077386652153388,-0.0956777045225086,-0.0956777045225086,-0.065611859330109,-0.0679121109967714,0 days 00:02:40.880969
841,ExpGrad.01,0,0.687557,-0.0102383008133902,-0.0173166046087198,-0.0173166046087198,-0.0054968834523394,-0.0066743423198498,0 days 00:06:02.360466
842,RedGrid25,0,0.686711,-0.0800606117222253,-0.112280678219358,-0.112280678219358,-0.0038162336991975,-0.0941628614198186,0 days 00:11:13.923605
843,RedGrid5,0,0.686711,-0.0800606117222253,-0.112280678219358,-0.112280678219358,-0.0038162336991975,-0.0941628614198186,0 days 00:11:15.177449
844,RedGrid75,0,0.663732,-0.0523123343533395,-0.1098144814251403,-0.1098144814251403,0.0,-0.0310125897164802,0 days 00:11:11.490256
845,ExpGrad.1,2,0.719059,-0.0642067896660695,-0.0963420752924121,-0.0963420752924121,-0.0424087627395638,-0.0503868827595473,0 days 00:02:14.885199
846,ExpGrad.01,2,0.617415,-0.0098703551814883,-0.0111247074072556,-0.0111247074072556,-0.0071664727581804,-0.0105602394659732,0 days 00:03:01.228125
847,RedGrid25,2,0.725068,-0.073644064806345,-0.1017836628864016,-0.1017836628864016,-0.0682319237586578,-0.0524699985856879,0 days 00:10:45.348225
848,RedGrid5,2,0.692949,-0.0402815624296617,-0.0768602203231856,-0.0768602203231856,0.0,-0.0348134327678502,0 days 00:10:45.385022
849,RedGrid75,2,0.68224,-0.0232763527589983,-0.0661407548702697,-0.0661407548702697,0.0,-0.0009949140971785,0 days 00:10:45.207267
850,ExpGrad.1,1,0.712227,-0.0488245756065051,-0.1204251771297311,-0.1204251771297311,-0.0496439793458386,-0.0461625799355257,0 days 00:02:57.598691
851,ExpGrad.01,1,0.596081,-0.0117795843976319,-0.0137119991036047,-0.0132082955915701,-0.0082153079053798,-0.0137119991036047,0 days 00:03:49.199895
852,RedGrid25,1,0.705334,-0.0700317455941482,-0.1336995752559113,-0.1336995752559113,-0.0734835854223465,-0.0661545959500908,0 days 00:11:30.310527
853,RedGrid5,1,0.705334,-0.0700317455941482,-0.1336995752559113,-0.1336995752559113,-0.0734835854223465,-0.0661545959500908,0 days 00:11:20.067424
854,RedGrid75,1,0.705334,-0.0700317455941482,-0.1336995752559113,-0.1336995752559113,-0.0734835854223465,-0.0661545959500908,0 days 00:11:31.183444
855,ExpGrad.1,2,0.703998,-0.0432587108164533,-0.0863847938580237,-0.0863847938580237,-0.0037401856364043,-0.0310108228912849,0 days 00:01:54.530447
856,ExpGrad.01,2,0.623519,-0.005380935546466,-0.0154036557616129,-0.0154036557616129,0.0,0.0,0 days 00:03:35.648748
857,RedGrid25,2,0.7302,-0.0911361220900417,-0.1192853120333692,-0.1192853120333692,-0.0922955723238401,-0.0651803255882667,0 days 00:10:30.600171
858,RedGrid5,2,0.680924,-0.0348806948049723,-0.0597080880730849,-0.0597080880730849,0.0,-0.0359128761811794,0 days 00:10:30.781017
859,RedGrid75,2,0.657569,-0.0120226721152204,-0.0344165249701282,-0.0344165249701282,0.0,0.0,0 days 00:10:35.734014
860,ExpGrad.1,1,0.711235,-0.0253679599717978,-0.1169121275894227,-0.1169121275894227,-0.012109790954826,-0.029844992832509,0 days 00:02:36.382250
861,ExpGrad.01,1,0.597172,-0.0001119876455197,-0.0057306642612773,-0.0057306642612773,0.0,0.0,0 days 00:02:41.051512
862,RedGrid25,1,0.705485,-0.0675669012793896,-0.1404860584444639,-0.1404860584444639,-0.0706145290686182,-0.0636327923863674,0 days 00:11:17.393239
863,RedGrid5,1,0.700397,-0.0117855349850045,-0.1087285097007372,-0.1087285097007372,0.0,-0.0152840114307681,0 days 00:11:18.032407
864,RedGrid75,1,0.687335,-0.0378267626032424,-0.0875409077271023,-0.0875409077271023,0.0,-0.0571380464669947,0 days 00:11:14.954717
865,ExpGrad.1,1,0.711345,-0.0378314550952631,-0.1061570874359973,-0.1061570874359973,-0.0393689001017417,-0.0348642921032542,0 days 00:01:53.309963
866,ExpGrad.01,1,0.610897,-0.0040998376791988,-0.0147141479580453,-0.0147141479580453,0.0,-0.0060424036072634,0 days 00:03:19.078373
867,RedGrid25,1,0.706616,-0.0601124067521983,-0.1245803878087328,-0.1245803878087328,-0.055639274645696,-0.0605943808366846,0 days 00:08:18.847668
868,RedGrid5,1,0.706616,-0.0601124067521983,-0.1245803878087328,-0.1245803878087328,-0.055639274645696,-0.0605943808366846,0 days 00:08:20.616136
869,RedGrid75,1,0.706616,-0.0601124067521983,-0.1245803878087328,-0.1245803878087328,-0.055639274645696,-0.0605943808366846,0 days 00:08:23.149130
870,ExpGrad.1,1,0.710109,-0.0347771372014026,-0.1065461435667655,-0.1065461435667655,-0.0215969046033134,-0.0398373187287881,0 days 00:01:33.305164
871,ExpGrad.01,1,0.596743,-0.0021159620280433,-0.0078185773160879,-0.0078185773160879,-0.0056201029369393,0.0,0 days 00:02:25.174920
872,RedGrid25,1,0.70259,-0.0113367118162188,-0.1125903956366691,-0.1125903956366691,0.0,-0.0144601466013599,0 days 00:09:07.754023
873,RedGrid5,1,0.70259,-0.0113367118162188,-0.1125903956366691,-0.1125903956366691,0.0,-0.0144601466013599,0 days 00:09:30.457872
874,RedGrid75,1,0.70259,-0.0113367118162188,-0.1125903956366691,-0.1125903956366691,0.0,-0.0144601466013599,0 days 00:09:09.655506
875,ExpGrad.1,2,0.685146,-0.0503997415518183,-0.0642730711086763,-0.0642730711086763,-0.0485902936451003,-0.039137934328499,0 days 00:01:48.730905
876,ExpGrad.01,2,0.622765,-0.0150685256772997,-0.0215476298245438,-0.014090964136296,-0.0215476298245438,-0.0116036140697572,0 days 00:02:29.544238
877,RedGrid25,2,0.720012,-0.1015469127987837,-0.1107746998900898,-0.1107746998900898,-0.1004338541209979,-0.0939955008291647,0 days 00:08:01.535372
878,RedGrid5,2,0.65785,-0.0327608498877969,-0.0476723034174834,-0.0406046495138806,0.0,-0.0476723034174834,0 days 00:08:01.923260
879,RedGrid75,2,0.65785,-0.0327608498877969,-0.0476723034174834,-0.0406046495138806,0.0,-0.0476723034174834,0 days 00:08:03.323341
880,ExpGrad.1,0,0.706531,-0.0810212347977557,-0.0983610128193331,-0.0983610128193331,-0.0704907931492442,-0.0716538702715434,0 days 00:03:19.991711
881,ExpGrad.01,0,0.68639,-0.0113815708321152,-0.0171595599365166,-0.0171595599365166,-0.0061813383850646,-0.0091928170366023,0 days 00:07:06.762595
882,RedGrid25,0,0.682595,-0.1116247040742264,-0.1460990752070265,-0.1460990752070265,-0.090575895152914,-0.0930628784753256,0 days 00:12:33.601279
883,RedGrid5,0,0.682595,-0.1116247040742264,-0.1460990752070265,-0.1460990752070265,-0.090575895152914,-0.0930628784753256,0 days 00:12:25.181287
884,RedGrid75,0,0.682595,-0.1116247040742264,-0.1460990752070265,-0.1460990752070265,-0.090575895152914,-0.0930628784753256,0 days 00:12:15.640000
885,ExpGrad.1,2,0.713276,-0.0666932794485411,-0.0966903527125783,-0.0966903527125783,-0.0429614707040975,-0.055684853196756,0 days 00:02:02.521397
886,ExpGrad.01,2,0.59637,-0.0084402769739975,-0.0128491234915305,-0.0128491234915305,0.0,-0.010080199370982,0 days 00:02:31.532743
887,RedGrid25,2,0.730876,-0.0979853594825344,-0.1219658241334501,-0.1219658241334501,-0.1043526740070066,-0.0725153445440713,0 days 00:10:21.511905
888,RedGrid5,2,0.6495,-0.0125668807707545,-0.0360435246236219,-0.0360435246236219,0.0,0.0,0 days 00:10:21.452552
889,RedGrid75,2,0.6495,-0.0125668807707545,-0.0360435246236219,-0.0360435246236219,0.0,0.0,0 days 00:10:22.283477
890,ExpGrad.1,0,0.706624,-0.0842178492175459,-0.1019259158375941,-0.1019259158375941,-0.0746742395862517,-0.0739368025476441,0 days 00:03:18.840578
891,ExpGrad.01,0,0.687695,-0.0156661000320822,-0.0216951042842102,-0.0216951042842102,-0.0115997109946556,-0.0126166176107777,0 days 00:07:07.261542
892,RedGrid25,0,0.694559,-0.0378214526019127,-0.0457018129993018,-0.042156004273119,-0.0166430694061608,-0.0457018129993018,0 days 00:12:43.360941
893,RedGrid5,0,0.694559,-0.0378214526019127,-0.0457018129993018,-0.042156004273119,-0.0166430694061608,-0.0457018129993018,0 days 00:12:44.080411
894,RedGrid75,0,0.694559,-0.0378214526019127,-0.0457018129993018,-0.042156004273119,-0.0166430694061608,-0.0457018129993018,0 days 00:12:40.994918
895,ExpGrad.1,1,0.712512,-0.0454040121470822,-0.1255068312925451,-0.1255068312925451,-0.0436843959994631,-0.0438632283888804,0 days 00:01:54.982204
896,ExpGrad.01,1,0.577325,-0.0003153664024034,-0.0160587609393442,-0.0160587609393442,0.0,0.0,0 days 00:02:05.095656
897,RedGrid25,1,0.69417,-0.0016376311391915,-0.0833897548079957,-0.0833897548079957,0.0,0.0,0 days 00:08:34.075445
898,RedGrid5,1,0.69417,-0.0016376311391915,-0.0833897548079957,-0.0833897548079957,0.0,0.0,0 days 00:08:19.212030
899,RedGrid75,1,0.69417,-0.0016376311391915,-0.0833897548079957,-0.0833897548079957,0.0,0.0,0 days 00:08:20.666052
900,ExpGrad.1,2,0.708366,-0.0516417370463311,-0.0855056706248355,-0.0855056706248355,-0.0152366701222361,-0.0453082305919353,0 days 00:02:04.386609
901,ExpGrad.01,2,0.627574,-0.0080276815333419,-0.0163709775009872,-0.0163709775009872,-0.0063908224721901,-0.001630228314857,0 days 00:03:20.503799
902,RedGrid25,2,0.719757,-0.0875584764535801,-0.1008096592732759,-0.0991722934186258,-0.1008096592732759,-0.0684088318694897,0 days 00:10:55.787607
903,RedGrid5,2,0.688406,-0.0444562245403602,-0.0751736889113381,-0.0751736889113381,0.0,-0.046253662843139,0 days 00:10:57.803450
904,RedGrid75,2,0.633297,-0.0215376333942763,-0.046067809661934,-0.0101463135222448,-0.046067809661934,-0.015564734201418,0 days 00:11:00.019780
905,ExpGrad.1,0,0.707133,-0.0817102587345607,-0.0991426887940198,-0.0991426887940198,-0.0702483654593613,-0.0727032773371444,0 days 00:03:00.071781
906,ExpGrad.01,0,0.686077,-0.0141342607831837,-0.0184493744938004,-0.0184493744938004,-0.0118059040572315,-0.0116240444269221,0 days 00:05:35.406556
907,RedGrid25,0,0.68728,-0.1233851874046442,-0.1526660241438211,-0.1526660241438211,-0.1004088495151925,-0.1103106050947161,0 days 00:11:26.352229
908,RedGrid5,0,0.68728,-0.1233851874046442,-0.1526660241438211,-0.1526660241438211,-0.1004088495151925,-0.1103106050947161,0 days 00:11:22.889749
909,RedGrid75,0,0.68728,-0.1233851874046442,-0.1526660241438211,-0.1526660241438211,-0.1004088495151925,-0.1103106050947161,0 days 00:11:21.786272
910,ExpGrad.1,0,0.706099,-0.081162584791223,-0.0990572249553344,-0.0990572249553344,-0.0721242417751208,-0.0704806113484435,0 days 00:02:53.542889
911,ExpGrad.01,0,0.685608,-0.0091923649658569,-0.0156566680096917,-0.0156566680096917,-0.0067426409166396,-0.0048833588914326,0 days 00:05:39.026306
912,RedGrid25,0,0.685801,-0.1211986041222618,-0.1508696834389273,-0.1508696834389273,-0.0998423135873711,-0.1070043390820598,0 days 00:11:58.738303
913,RedGrid5,0,0.685801,-0.1211986041222618,-0.1508696834389273,-0.1508696834389273,-0.0998423135873711,-0.1070043390820598,0 days 00:11:57.989354
914,RedGrid75,0,0.685801,-0.1211986041222618,-0.1508696834389273,-0.1508696834389273,-0.0998423135873711,-0.1070043390820598,0 days 00:11:59.795252
915,ExpGrad.1,2,0.7139,-0.060556855847791,-0.0977877260644704,-0.0977877260644704,-0.0481293533535983,-0.0355402433601586,0 days 00:02:30.551455
916,ExpGrad.01,2,0.634536,-0.0087615706602642,-0.0109546745900989,-0.0109546745900989,-0.0064054733916006,-0.008378649279056,0 days 00:04:42.088876
917,RedGrid25,2,0.71767,-0.0710062842533575,-0.0958627801484437,-0.0958627801484437,-0.0734500719606789,-0.0470910078889536,0 days 00:10:55.867895
918,RedGrid5,2,0.694756,-0.0460068479978352,-0.0896059496517958,-0.0896059496517958,0.0,-0.0378351870298915,0 days 00:10:41.587689
919,RedGrid75,2,0.675801,-0.0265071223652903,-0.0759533406919463,-0.0759533406919463,0.0,0.0,0 days 00:10:45.981382
920,ExpGrad.1,2,0.717072,-0.0597247807006653,-0.0987944427479911,-0.0987944427479911,-0.0462015341392491,-0.0342061161285278,0 days 00:02:28.429379
921,ExpGrad.01,2,0.615266,-0.0052505217421611,-0.0102437616930494,-0.0102437616930494,-0.0065274888177372,0.0,0 days 00:03:08.686488
922,RedGrid25,2,0.714381,-0.0599534746810313,-0.1037088426240976,-0.1037088426240976,-0.0477373207365395,-0.0294356727542116,0 days 00:10:17.407455
923,RedGrid5,2,0.714381,-0.0599534746810313,-0.1037088426240976,-0.1037088426240976,-0.0477373207365395,-0.0294356727542116,0 days 00:10:17.226129
924,RedGrid75,2,0.678058,-0.036016344575606,-0.0655006771989336,-0.0542816533788456,-0.0655006771989336,-0.0003864809285056,0 days 00:10:19.461536
925,ExpGrad.1,2,0.673053,-0.037634207180787,-0.0657412475783394,-0.0657412475783394,-0.0222116608286078,-0.0231193481196339,0 days 00:01:45.665871
926,ExpGrad.01,2,0.619079,-0.0044337794400241,-0.0128120473220766,-0.0128120473220766,0.0,0.0,0 days 00:02:01.271900
927,RedGrid25,2,0.716983,-0.0706241628109144,-0.0922484701960479,-0.0922484701960479,-0.0808425113917946,-0.0449821260774349,0 days 00:07:48.839318
928,RedGrid5,2,0.667512,-0.0168307667141226,-0.0440979561066603,-0.0440979561066603,0.0,-0.0039747009877873,0 days 00:07:48.953188
929,RedGrid75,2,0.667512,-0.0168307667141226,-0.0440979561066603,-0.0440979561066603,0.0,-0.0039747009877873,0 days 00:07:46.449814
930,ExpGrad.1,2,0.723899,-0.0766319986189655,-0.1100058703395612,-0.1100058703395612,-0.0696229431687969,-0.0513383460282882,0 days 00:02:16.149593
931,ExpGrad.01,2,0.628461,-0.0106550204430466,-0.0155978534119218,-0.0132329110714684,0.0,-0.0155978534119218,0 days 00:03:18.508300
932,RedGrid25,2,0.716276,-0.0711047521580132,-0.1064109924344605,-0.1064109924344605,-0.0967583780571976,-0.021796815588111,0 days 00:10:42.125557
933,RedGrid5,2,0.695242,-0.0394720978320903,-0.0609281193507984,-0.0609281193507984,-0.0601125107140822,-0.006063158414065,0 days 00:10:37.551214
934,RedGrid75,2,0.695242,-0.0394720978320903,-0.0609281193507984,-0.0609281193507984,-0.0601125107140822,-0.006063158414065,0 days 00:10:38.777155
935,ExpGrad.1,0,0.707093,-0.0801676349906195,-0.0965101939093079,-0.0965101939093079,-0.0722580151953985,-0.0701603822802993,0 days 00:02:57.326098
936,ExpGrad.01,0,0.688489,-0.012361787071804,-0.0167472996970746,-0.0167472996970746,-0.0124204596590836,-0.0084619474765194,0 days 00:07:39.385518
937,RedGrid25,0,0.686409,-0.1230985119734729,-0.1526789734129234,-0.1526789734129234,-0.1017869608013026,-0.1088795851127109,0 days 00:12:04.470307
938,RedGrid5,0,0.686409,-0.1230985119734729,-0.1526789734129234,-0.1526789734129234,-0.1017869608013026,-0.1088795851127109,0 days 00:11:59.597779
939,RedGrid75,0,0.686409,-0.1230985119734729,-0.1526789734129234,-0.1526789734129234,-0.1017869608013026,-0.1088795851127109,0 days 00:12:00.751584
940,ExpGrad.1,2,0.718163,-0.0641608958122726,-0.0942867886072791,-0.0942867886072791,-0.0478448167819742,-0.0485385020664753,0 days 00:02:12.344139
941,ExpGrad.01,2,0.619262,-0.0090289469411151,-0.0128895540212014,-0.0128895540212014,-0.0097580660976653,-0.0051563683365267,0 days 00:03:29.026398
942,RedGrid25,2,0.708743,-0.0521505482990014,-0.094121191472563,-0.094121191472563,-0.0436887073577474,-0.0209206317582791,0 days 00:10:48.809212
943,RedGrid5,2,0.680698,-0.0354103763757163,-0.0582201969524804,-0.0582201969524804,0.0,-0.0388759280435959,0 days 00:10:52.866372
944,RedGrid75,2,0.680698,-0.0354103763757163,-0.0582201969524804,-0.0582201969524804,0.0,-0.0388759280435959,0 days 00:10:52.551402
945,ExpGrad.1,2,0.705478,-0.0592285680214411,-0.0929168641218723,-0.0929168641218723,-0.0486007883490807,-0.0364041016260932,0 days 00:01:54.098549
946,ExpGrad.01,2,0.621639,-0.004316975185494,-0.0080668874469061,-0.0080668874469061,0.0,-0.0038696234067181,0 days 00:05:14.410964
947,RedGrid25,2,0.715282,-0.065754932379972,-0.1039730741347388,-0.1039730741347388,-0.0948357653583133,-0.0123842080023023,0 days 00:10:43.350989
948,RedGrid5,2,0.684486,-0.0307605973094074,-0.0786257276301006,-0.0786257276301006,0.0,-0.0087911489131711,0 days 00:10:41.279622
949,RedGrid75,2,0.658302,-0.0132694361983394,-0.0381868732749442,-0.0381868732749442,0.0,0.0,0 days 00:10:40.302296
950,ExpGrad.1,1,0.7095,-0.0323924465570814,-0.1145374150763085,-0.1145374150763085,-0.0233173015317762,-0.0349002685816677,0 days 00:02:31.240031
951,ExpGrad.01,1,0.583952,-0.0016360691911848,-0.0059029526803747,-0.0059029526803747,0.0,-0.0024122351436594,0 days 00:02:11.344718
952,RedGrid25,1,0.705327,-0.0671949149777935,-0.1402683204806069,-0.1402683204806069,-0.072212728184641,-0.0621659691980264,0 days 00:11:27.502400
953,RedGrid5,1,0.705327,-0.0671949149777935,-0.1402683204806069,-0.1402683204806069,-0.072212728184641,-0.0621659691980264,0 days 00:11:20.354017
954,RedGrid75,1,0.705327,-0.0671949149777935,-0.1402683204806069,-0.1402683204806069,-0.072212728184641,-0.0621659691980264,0 days 00:11:23.797529
955,ExpGrad.1,1,0.711578,-0.0443911285690246,-0.1168829434253759,-0.1168829434253759,-0.0556892478374466,-0.0358899236937152,0 days 00:02:24.709287
956,ExpGrad.01,1,0.594448,-0.0028431888013364,-0.0048758825336011,-0.0048758825336011,0.0,-0.0043563319431135,0 days 00:03:38.409779
957,RedGrid25,1,0.705821,-0.0660816714331558,-0.1358364968536659,-0.1358364968536659,-0.0745701144196314,-0.0592223444425948,0 days 00:11:36.650071
958,RedGrid5,1,0.705821,-0.0660816714331558,-0.1358364968536659,-0.1358364968536659,-0.0745701144196314,-0.0592223444425948,0 days 00:11:32.929495
959,RedGrid75,1,0.705821,-0.0660816714331558,-0.1358364968536659,-0.1358364968536659,-0.0745701144196314,-0.0592223444425948,0 days 00:11:36.682678
960,ExpGrad.1,0,0.707539,-0.08148033747921,-0.0987587073932764,-0.0987587073932764,-0.0713963947076971,-0.0718643339905396,0 days 00:04:15.417310
961,ExpGrad.01,0,0.686782,-0.0131680220632436,-0.0182044511984144,-0.0182044511984144,-0.0091931382144105,-0.0109398863241312,0 days 00:07:41.969014
962,RedGrid25,0,0.686857,-0.1253407526641396,-0.1549759299296828,-0.1549759299296828,-0.1047746423284342,-0.1106631740096629,0 days 00:17:10.825284
963,RedGrid5,0,0.686857,-0.1253407526641396,-0.1549759299296828,-0.1549759299296828,-0.1047746423284342,-0.1106631740096629,0 days 00:17:13.035029
964,RedGrid75,0,0.686857,-0.1253407526641396,-0.1549759299296828,-0.1549759299296828,-0.1047746423284342,-0.1106631740096629,0 days 00:17:09.847253
965,ExpGrad.1,0,0.706335,-0.0823224100448372,-0.099778230056583,-0.099778230056583,-0.0730903016479712,-0.0720921350742295,0 days 00:03:13.072875
966,ExpGrad.01,0,0.685893,-0.0129188089172051,-0.0178325106594995,-0.0178325106594995,-0.0101814790993152,-0.0101154464570422,0 days 00:05:58.057142
967,RedGrid25,0,0.685837,-0.1210393935353384,-0.1513652466954095,-0.1513652466954095,-0.0983178432543623,-0.1069511510728472,0 days 00:12:11.302767
968,RedGrid5,0,0.685837,-0.1210393935353384,-0.1513652466954095,-0.1513652466954095,-0.0983178432543623,-0.1069511510728472,0 days 00:12:13.063761
969,RedGrid75,0,0.667202,-0.0497485740816769,-0.1071804553323586,-0.1071804553323586,0.0,-0.0267720555173747,0 days 00:12:23.223273
970,ExpGrad.1,1,0.709926,-0.0371185344329964,-0.1107327159745306,-0.1107327159745306,-0.0415261017623268,-0.0323735453603356,0 days 00:01:28.471200
971,ExpGrad.01,1,0.592417,-0.0001816122791274,-0.0091431696455387,-0.0091431696455387,0.0,0.0,0 days 00:02:47.976160
972,RedGrid25,1,0.699541,-0.0451645735249689,-0.1035523573341163,-0.1035523573341163,0.0,-0.068234166127012,0 days 00:08:37.449749
973,RedGrid5,1,0.699541,-0.0451645735249689,-0.1035523573341163,-0.1035523573341163,0.0,-0.068234166127012,0 days 00:08:34.273390
974,RedGrid75,1,0.682444,-0.0006517321256889,-0.0328110930453061,-0.0328110930453061,0.0,0.0,0 days 00:08:41.996088
975,ExpGrad.1,0,0.707592,-0.0782342836408246,-0.0962241662151094,-0.0962241662151094,-0.0683892062985397,-0.0678453760052285,0 days 00:03:19.237301
976,ExpGrad.01,0,0.690359,-0.0105213523848194,-0.0167740680174509,-0.0167740680174509,-0.0067699973229942,-0.0070923404204019,0 days 00:08:41.574082
977,RedGrid25,0,0.687205,-0.0795055232481481,-0.1123882954027256,-0.1123882954027256,-0.0039485162624905,-0.0922817337029349,0 days 00:11:10.193228
978,RedGrid5,0,0.687205,-0.0795055232481481,-0.1123882954027256,-0.1123882954027256,-0.0039485162624905,-0.0922817337029349,0 days 00:11:09.733550
979,RedGrid75,0,0.663614,-0.0530525669349074,-0.1101236740522776,-0.1101236740522776,0.0,-0.0321362336051256,0 days 00:11:09.822676
980,ExpGrad.1,2,0.714124,-0.0619217651351579,-0.0936313835485922,-0.0936313835485922,-0.0554624791186428,-0.0380923453539169,0 days 00:02:40.891818
981,ExpGrad.01,2,0.63206,-0.009969821605897,-0.0129551811144385,-0.0051490746974048,-0.0119065669081954,-0.0129551811144385,0 days 00:05:27.570656
982,RedGrid25,2,0.692008,-0.032998204104783,-0.0573542431632995,-0.0573542431632995,-0.0490581461113689,-0.0006614556557472,0 days 00:11:06.727236
983,RedGrid5,2,0.673778,-0.0168131312548808,-0.0477902172804935,-0.0477902172804935,0.0,-0.0005458680386539,0 days 00:11:01.292793
984,RedGrid75,2,0.673778,-0.0168131312548808,-0.0477902172804935,-0.0477902172804935,0.0,-0.0005458680386539,0 days 00:10:44.095681
985,ExpGrad.1,2,0.72131,-0.0712540085733845,-0.1040647210065798,-0.1040647210065798,-0.0541005545905832,-0.0532216483462224,0 days 00:02:07.168309
986,ExpGrad.01,2,0.636574,-0.0147288275019358,-0.0228622706480415,-0.0228622706480415,-0.0111586644685498,-0.0098101228126741,0 days 00:04:03.255639
987,RedGrid25,2,0.701054,-0.0594611951023584,-0.0745328592414931,-0.0745328592414931,-0.0347635949513281,-0.0622420160039293,0 days 00:10:35.807983
988,RedGrid5,2,0.678345,-0.032954162756531,-0.0537644753888093,-0.0537644753888093,0.0,-0.0360390801938261,0 days 00:11:19.937569
989,RedGrid75,2,0.678345,-0.032954162756531,-0.0537644753888093,-0.0537644753888093,0.0,-0.0360390801938261,0 days 00:12:42.121311
990,ExpGrad.1,0,0.706666,-0.0822020389263814,-0.099722027893823,-0.099722027893823,-0.0730383064157313,-0.0718938031487127,0 days 00:03:15.037987
991,ExpGrad.01,0,0.687922,-0.0146354186481923,-0.01853154835587,-0.01853154835587,-0.0153263843537294,-0.0108263489967785,0 days 00:05:09.400050
992,RedGrid25,0,0.684069,-0.113444728911708,-0.1486172066583202,-0.1486172066583202,-0.0935721072719346,-0.0935705932356008,0 days 00:11:37.378942
993,RedGrid5,0,0.684069,-0.113444728911708,-0.1486172066583202,-0.1486172066583202,-0.0935721072719346,-0.0935705932356008,0 days 00:11:37.264998
994,RedGrid75,0,0.684069,-0.113444728911708,-0.1486172066583202,-0.1486172066583202,-0.0935721072719346,-0.0935705932356008,0 days 00:11:37.123411
995,ExpGrad.1,2,0.689702,-0.0389839921153293,-0.072368451883283,-0.072368451883283,0.0,-0.0350289126111181,0 days 00:04:07.285826
996,ExpGrad.01,2,0.628713,-0.0100013048935649,-0.0170422943009382,-0.0170422943009382,0.0,-0.0103688713957089,0 days 00:03:16.842853
997,RedGrid25,2,0.720571,-0.0819213733627121,-0.0976031192824499,-0.0898106462656131,-0.0976031192824499,-0.0641738111383446,0 days 00:14:16.686350
998,RedGrid5,2,0.682743,-0.0368184449816263,-0.0614461241984367,-0.0614461241984367,0.0,-0.0393442890904294,0 days 00:14:19.186024
999,RedGrid75,2,0.68053,-0.0347332352902655,-0.058855567153389,-0.058855567153389,0.0,-0.0363091977848185,0 days 00:14:20.518610
1000,ExpGrad.1,0,0.706998,-0.0768122163908445,-0.0954700046953294,-0.0954700046953294,-0.0648461275070728,-0.0671016575508487,0 days 00:02:51.253995
1001,ExpGrad.01,0,0.688701,-0.0164167030199848,-0.0223805123058129,-0.0223805123058129,-0.0133566048665455,-0.0128891130014856,0 days 00:06:17.927200
1002,RedGrid25,0,0.686598,-0.0772874077400218,-0.1109981560641707,-0.1109981560641707,-0.0005352724944501,-0.0902862384431059,0 days 00:08:59.313373
1003,RedGrid5,0,0.686598,-0.0772874077400218,-0.1109981560641707,-0.1109981560641707,-0.0005352724944501,-0.0902862384431059,0 days 00:08:37.433588
1004,RedGrid75,0,0.664337,-0.0526200448976106,-0.1103290638826135,-0.1103290638826135,0.0,-0.0312324190409635,0 days 00:09:03.155906
1005,ExpGrad.1,1,0.71058,-0.0295660724019773,-0.1098836955398131,-0.1098836955398131,-0.0201945891048421,-0.0322448470756653,0 days 00:02:20.402793
1006,ExpGrad.01,1,0.592643,-0.0109991753752591,-0.019465466040527,-0.019465466040527,-0.0067080852912454,-0.0131011459195953,0 days 00:03:39.553474
1007,RedGrid25,1,0.705304,-0.0617119678551063,-0.1392669725623823,-0.1392669725623823,-0.061668498896406,-0.0593378007506221,0 days 00:11:31.157911
1008,RedGrid5,1,0.705304,-0.0617119678551063,-0.1392669725623823,-0.1392669725623823,-0.061668498896406,-0.0593378007506221,0 days 00:11:41.795066
1009,RedGrid75,1,0.705304,-0.0617119678551063,-0.1392669725623823,-0.1392669725623823,-0.061668498896406,-0.0593378007506221,0 days 00:11:39.310988
1010,ExpGrad.1,2,0.711753,-0.057835645865765,-0.0974487797755863,-0.0974487797755863,-0.0528506309003522,-0.0259009062554418,0 days 00:03:12.218591
1011,ExpGrad.01,2,0.625977,-0.0091353240611408,-0.0168327720494624,-0.0071775037330559,-0.0168327720494624,-0.005764245481396,0 days 00:05:34.175134
1012,RedGrid25,2,0.715362,-0.063855631217658,-0.0888755351970853,-0.0888755351970853,-0.0745066630565116,-0.0345190071251992,0 days 00:14:07.068710
1013,RedGrid5,2,0.672102,-0.0271421367322447,-0.0470664818796418,-0.0427725931572179,-0.0470664818796418,0.0,0 days 00:13:57.788917
1014,RedGrid75,2,0.672102,-0.0271421367322447,-0.0470664818796418,-0.0427725931572179,-0.0470664818796418,0.0,0 days 00:13:42.289061
1015,ExpGrad.1,1,0.71218,-0.0464133833831038,-0.1212230726340064,-0.1212230726340064,-0.0575596033641836,-0.0379357697051666,0 days 00:01:59.660861
1016,ExpGrad.01,1,0.595841,-0.0143088725509592,-0.0208215825525617,-0.0208215825525617,-0.006256588141566,-0.0185708503435086,0 days 00:03:07.827238
1017,RedGrid25,1,0.707927,-0.0703466388837999,-0.1415420636904983,-0.1415420636904983,-0.077537820028206,-0.0641719189203442,0 days 00:08:47.276119
1018,RedGrid5,1,0.707927,-0.0703466388837999,-0.1415420636904983,-0.1415420636904983,-0.077537820028206,-0.0641719189203442,0 days 00:08:46.137451
1019,RedGrid75,1,0.707927,-0.0703466388837999,-0.1415420636904983,-0.1415420636904983,-0.077537820028206,-0.0641719189203442,0 days 00:08:46.104135
1020,ExpGrad.1,0,0.706446,-0.0830835549521525,-0.1012959802431663,-0.1012959802431663,-0.0744842285831144,-0.0718912702695249,0 days 00:03:18.615534
1021,ExpGrad.01,0,0.686831,-0.0142137437329308,-0.0207569361558671,-0.0207569361558671,-0.0130731761038894,-0.0091160092667585,0 days 00:06:50.513480
1022,RedGrid25,0,0.682118,-0.1137820242707826,-0.1487548523452213,-0.1487548523452213,-0.0950762754398162,-0.0935011289890676,0 days 00:12:16.394162
1023,RedGrid5,0,0.682118,-0.1137820242707826,-0.1487548523452213,-0.1487548523452213,-0.0950762754398162,-0.0935011289890676,0 days 00:12:10.588782
1024,RedGrid75,0,0.682118,-0.1137820242707826,-0.1487548523452213,-0.1487548523452213,-0.0950762754398162,-0.0935011289890676,0 days 00:12:13.051111
1025,ExpGrad.1,0,0.706001,-0.0811537919810885,-0.0991593238682786,-0.0991593238682786,-0.0714472338606192,-0.070787816433002,0 days 00:03:21.580745
1026,ExpGrad.01,0,0.687484,-0.0147378379895263,-0.0196100863472312,-0.0196100863472312,-0.0086795874968421,-0.0138346565830463,0 days 00:05:13.986739
1027,RedGrid25,0,0.689505,-0.0224160277193431,-0.0277987789660617,-0.0277987789660617,-0.0082654472345574,-0.0255511614351331,0 days 00:12:39.627331
1028,RedGrid5,0,0.689505,-0.0224160277193431,-0.0277987789660617,-0.0277987789660617,-0.0082654472345574,-0.0255511614351331,0 days 00:12:39.981706
1029,RedGrid75,0,0.689505,-0.0224160277193431,-0.0277987789660617,-0.0277987789660617,-0.0082654472345574,-0.0255511614351331,0 days 00:12:34.469335
1030,ExpGrad.1,1,0.710951,-0.0273118609510945,-0.1073795877325873,-0.1073795877325873,-0.0295667958987254,-0.0235458205442694,0 days 00:02:45.355702
1031,ExpGrad.01,1,0.575523,-0.0025556240577346,-0.0040231037966556,-0.0008935104336753,0.0,-0.0040231037966556,0 days 00:02:50.706615
1032,RedGrid25,1,0.69997,-0.0446455751636438,-0.1125318070297431,-0.1125318070297431,0.0,-0.0672345237556053,0 days 00:12:05.087073
1033,RedGrid5,1,0.692116,-0.0044992491411467,-0.0711768202806666,-0.0711768202806666,-0.0088384417823269,0.0,0 days 00:12:08.235341
1034,RedGrid75,1,0.692116,-0.0044992491411467,-0.0711768202806666,-0.0711768202806666,-0.0088384417823269,0.0,0 days 00:12:02.205972
1035,ExpGrad.1,0,0.707511,-0.0810931708942743,-0.0974878477092383,-0.0974878477092383,-0.0731377063492194,-0.0711229438465618,0 days 00:03:27.663046
1036,ExpGrad.01,0,0.688357,-0.0122843259245441,-0.0182178270435461,-0.0182178270435461,-0.009572292036182,-0.0085832278502011,0 days 00:06:37.120383
1037,RedGrid25,0,0.685441,-0.0787808640281537,-0.1128470484431883,-0.1128470484431883,0.0,-0.0925853410892281,0 days 00:11:48.098933
1038,RedGrid5,0,0.685441,-0.0787808640281537,-0.1128470484431883,-0.1128470484431883,0.0,-0.0925853410892281,0 days 00:11:55.140157
1039,RedGrid75,0,0.664699,0.0,0.0,0.0,0.0,0.0,0 days 00:11:57.851458
1040,ExpGrad.1,0,0.705962,-0.0742577071562358,-0.0933608093913749,-0.0933608093913749,-0.060680729579795,-0.0650449984558443,0 days 00:03:00.642754
1041,ExpGrad.01,0,0.688433,-0.0147476355216961,-0.020378301366549,-0.020378301366549,-0.0116739388888456,-0.011519110826073,0 days 00:06:40.084258
1042,RedGrid25,0,0.688875,-0.0172570289272353,-0.0232842370369125,-0.0232842370369125,-0.0028713180619293,-0.0199346604888874,0 days 00:12:41.769882
1043,RedGrid5,0,0.688875,-0.0172570289272353,-0.0232842370369125,-0.0232842370369125,-0.0028713180619293,-0.0199346604888874,0 days 00:12:41.767210
1044,RedGrid75,0,0.688875,-0.0172570289272353,-0.0232842370369125,-0.0232842370369125,-0.0028713180619293,-0.0199346604888874,0 days 00:12:42.762930
1045,ExpGrad.1,0,0.706877,-0.0796475995570712,-0.0971485724040199,-0.0971485724040199,-0.067943711945248,-0.0707271488832742,0 days 00:03:15.370321
1046,ExpGrad.01,0,0.684271,-0.0138572325227331,-0.0168971570097353,-0.0168971570097353,-0.0143276580078608,-0.0109272707750387,0 days 00:06:32.134602
1047,RedGrid25,0,0.684245,-0.1167765970992982,-0.1509752701300901,-0.1509752701300901,-0.0986444672445606,-0.0967321523205994,0 days 00:12:13.448052
1048,RedGrid5,0,0.684245,-0.1167765970992982,-0.1509752701300901,-0.1509752701300901,-0.0986444672445606,-0.0967321523205994,0 days 00:12:08.351809
1049,RedGrid75,0,0.684245,-0.1167765970992982,-0.1509752701300901,-0.1509752701300901,-0.0986444672445606,-0.0967321523205994,0 days 00:12:12.145952
1050,ExpGrad.1,0,0.706647,-0.078797937219853,-0.0968635187401089,-0.0968635187401089,-0.0703000780850158,-0.0676462413947036,0 days 00:04:14.143232
1051,ExpGrad.01,0,0.685101,-0.0106084224240841,-0.0165882117932274,-0.0165882117932274,-0.0068313585374304,-0.0074497400637205,0 days 00:07:33.192097
1052,RedGrid25,0,0.682644,-0.1068430563279254,-0.1427909106999291,-0.1427909106999291,-0.0850548263674748,-0.087347513621836,0 days 00:16:37.965828
1053,RedGrid5,0,0.682644,-0.1068430563279254,-0.1427909106999291,-0.1427909106999291,-0.0850548263674748,-0.087347513621836,0 days 00:17:25.613049
1054,RedGrid75,0,0.682644,-0.1068430563279254,-0.1427909106999291,-0.1427909106999291,-0.0850548263674748,-0.087347513621836,0 days 00:17:44.058721
1055,ExpGrad.1,0,0.706386,-0.0807680291474938,-0.0972933692397899,-0.0972933692397899,-0.0730160032582951,-0.0705438165338658,0 days 00:02:32.393347
1056,ExpGrad.01,0,0.686365,-0.0122878050361953,-0.0168441798805754,-0.0168441798805754,-0.0097734905439821,-0.0096781388055154,0 days 00:04:43.438912
1057,RedGrid25,0,0.683096,-0.1114785786841871,-0.1452064216748397,-0.1452064216748397,-0.0950210412373459,-0.0909643601005182,0 days 00:09:21.575281
1058,RedGrid5,0,0.683096,-0.1114785786841871,-0.1452064216748397,-0.1452064216748397,-0.0950210412373459,-0.0909643601005182,0 days 00:09:18.899608
1059,RedGrid75,0,0.683096,-0.1114785786841871,-0.1452064216748397,-0.1452064216748397,-0.0950210412373459,-0.0909643601005182,0 days 00:09:23.058648
1060,ExpGrad.1,2,0.7203,-0.0687574265951319,-0.094842542972962,-0.094842542972962,-0.0681318881414962,-0.0457314860218741,0 days 00:03:06.085329
1061,ExpGrad.01,2,0.628783,-0.0083658230999509,-0.0120414355602216,-0.0120414355602216,-0.0005444583293302,-0.0102390362672747,0 days 00:04:53.128447
1062,RedGrid25,2,0.719166,-0.104668170062364,-0.1147834787827563,-0.1147834787827563,-0.1119914034789517,-0.0907321831620549,0 days 00:16:46.643926
1063,RedGrid5,2,0.671904,-0.0280884988280877,-0.0432030207680496,-0.0432030207680496,0.0,-0.0330953525245066,0 days 00:15:38.748099
1064,RedGrid75,2,0.671904,-0.0280884988280877,-0.0432030207680496,-0.0432030207680496,0.0,-0.0330953525245066,0 days 00:15:39.544194
1065,ExpGrad.1,1,0.710744,-0.033014757454835,-0.1147737598957451,-0.1147737598957451,-0.0417702628132226,-0.0256604473594243,0 days 00:01:56.162666
1066,ExpGrad.01,1,0.603269,-0.0002418714346923,-0.0124070914355423,-0.0124070914355423,0.0,0.0,0 days 00:02:22.035502
1067,RedGrid25,1,0.70453,-0.0715054755574,-0.1420061094938545,-0.1420061094938545,-0.0734883585408209,-0.0682359885989214,0 days 00:08:44.935020
1068,RedGrid5,1,0.700075,-0.0137804618038428,-0.1072883813336854,-0.1072883813336854,0.0,-0.0185000690197633,0 days 00:08:57.915178
1069,RedGrid75,1,0.700075,-0.0137804618038428,-0.1072883813336854,-0.1072883813336854,0.0,-0.0185000690197633,0 days 00:08:55.353412
1070,ExpGrad.1,2,0.712357,-0.051755967272587,-0.0820229965603392,-0.0820229965603392,-0.0323703219904001,-0.0375746304840385,0 days 00:02:56.036795
1071,ExpGrad.01,2,0.626965,-0.0010785729856034,-0.0030849294209716,-0.0030849294209716,0.0,0.0,0 days 00:03:06.120949
1072,RedGrid25,2,0.715562,-0.0621659358949919,-0.0840265417924377,-0.0840265417924377,-0.0554419680010062,-0.0470412231797783,0 days 00:08:16.915119
1073,RedGrid5,2,0.68466,-0.0264003675604906,-0.0639050841268615,-0.0639050841268615,0.0,-0.0104238945060781,0 days 00:08:18.120468
1074,RedGrid75,2,0.681826,-0.0245753827803849,-0.0618691417728625,-0.0618691417728625,0.0,-0.0075640947078091,0 days 00:08:07.190034
1075,ExpGrad.1,0,0.705765,-0.0836156806440653,-0.1013268906548326,-0.1013268906548326,-0.0741982327892211,-0.0733102311136787,0 days 00:02:21.483715
1076,ExpGrad.01,0,0.688269,-0.0157469711674764,-0.021627108963508,-0.021627108963508,-0.0150203192954193,-0.0109941049933329,0 days 00:03:59.947654
1077,RedGrid25,0,0.690201,-0.0193665041222114,-0.0267563264361054,-0.0267563264361054,-0.0026855501021685,-0.0221410231305242,0 days 00:10:22.078239
1078,RedGrid5,0,0.690201,-0.0193665041222114,-0.0267563264361054,-0.0267563264361054,-0.0026855501021685,-0.0221410231305242,0 days 00:10:22.439729
1079,RedGrid75,0,0.690201,-0.0193665041222114,-0.0267563264361054,-0.0267563264361054,-0.0026855501021685,-0.0221410231305242,0 days 00:10:21.250540
1080,ExpGrad.1,2,0.704478,-0.0509315101746596,-0.0844356680710782,-0.0844356680710782,-0.0178842571968808,-0.0427177803484977,0 days 00:02:20.501869
1081,ExpGrad.01,2,0.619214,-0.0051307128629278,-0.0136599343108611,-0.0136599343108611,0.0,-0.0008555254500573,0 days 00:02:50.220231
1082,RedGrid25,2,0.708113,-0.0587768899334206,-0.1057950327560318,-0.1057950327560318,-0.0096083011452013,-0.0491078878890957,0 days 00:10:25.199131
1083,RedGrid5,2,0.682053,-0.0304395180004156,-0.0727464253881893,-0.0727464253881893,0.0,-0.0125542957849067,0 days 00:10:29.100129
1084,RedGrid75,2,0.673591,-0.0315246932589374,-0.0510748801916777,-0.0510748801916777,0.0,-0.0348779542236556,0 days 00:10:26.318569
1085,ExpGrad.1,0,0.707041,-0.0791395499422738,-0.097235795475476,-0.097235795475476,-0.0669812160874196,-0.0699927873550404,0 days 00:02:29.976586
1086,ExpGrad.01,0,0.68766,-0.0120179534643134,-0.0167981005458047,-0.0167981005458047,-0.0080541730775282,-0.0100177756060648,0 days 00:05:37.009836
1087,RedGrid25,0,0.694486,-0.0569378655341313,-0.0802928807002261,-0.052232623839196,-0.0802928807002261,-0.0481485380513713,0 days 00:08:19.637728
1088,RedGrid5,0,0.694486,-0.0569378655341313,-0.0802928807002261,-0.052232623839196,-0.0802928807002261,-0.0481485380513713,0 days 00:08:20.486847
1089,RedGrid75,0,0.694486,-0.0569378655341313,-0.0802928807002261,-0.052232623839196,-0.0802928807002261,-0.0481485380513713,0 days 00:08:20.112301
1090,ExpGrad.1,2,0.705988,-0.0519240884852052,-0.0877038194948384,-0.0877038194948384,-0.0112037169944798,-0.046906213236798,0 days 00:03:53.975509
1091,ExpGrad.01,2,0.621857,-0.0048349590791649,-0.0102504710984019,-0.0102504710984019,0.0,-0.0031952111748568,0 days 00:03:28.988109
1092,RedGrid25,2,0.702487,-0.0572931190419396,-0.0922889894869129,-0.0922889894869129,0.0,-0.0639585732599058,0 days 00:13:19.812122
1093,RedGrid5,2,0.665216,-0.0145056308428245,-0.0414707644654615,-0.0414707644654615,0.0,0.0,0 days 00:13:25.784855
1094,RedGrid75,2,0.665216,-0.0145056308428245,-0.0414707644654615,-0.0414707644654615,0.0,0.0,0 days 00:13:30.814296
1095,ExpGrad.1,0,0.707246,-0.0796569011129279,-0.0967950258626595,-0.0967950258626595,-0.0701644355406345,-0.0699069834061557,0 days 00:03:18.241318
1096,ExpGrad.01,0,0.685342,-0.0100136984377242,-0.0132749625932785,-0.0132749625932785,-0.0065429079982907,-0.0090838070836294,0 days 00:06:48.321969
1097,RedGrid25,0,0.690855,-0.0153067055547679,-0.0205852043407716,-0.0205852043407716,0.0,-0.0191888791739729,0 days 00:12:37.093928
1098,RedGrid5,0,0.690855,-0.0153067055547679,-0.0205852043407716,-0.0205852043407716,0.0,-0.0191888791739729,0 days 00:12:39.180246
1099,RedGrid75,0,0.690855,-0.0153067055547679,-0.0205852043407716,-0.0205852043407716,0.0,-0.0191888791739729,0 days 00:12:41.418787
1100,ExpGrad.1,1,0.709421,-0.0143753565899034,-0.0939564304663974,-0.0939564304663974,-0.0013595588534446,-0.0191421412663902,0 days 00:04:28.111224
1101,ExpGrad.01,1,0.601216,-0.0050696765817956,-0.0151901948439811,-0.0151901948439811,0.0,-0.0075697073631771,0 days 00:04:43.256859
1102,RedGrid25,1,0.699569,-0.0439265792450731,-0.109177335825307,-0.109177335825307,0.0,-0.0662797963725061,0 days 00:17:13.027035
1103,RedGrid5,1,0.68238,-0.0006490444385011,-0.0333915030154837,-0.0333915030154837,0.0,0.0,0 days 00:17:15.405148
1104,RedGrid75,1,0.68238,-0.0006490444385011,-0.0333915030154837,-0.0333915030154837,0.0,0.0,0 days 00:17:12.448684
1105,ExpGrad.1,1,0.71154,-0.0402865999717349,-0.1174249911922198,-0.1174249911922198,-0.0471319791471003,-0.034125512257235,0 days 00:02:52.989611
1106,ExpGrad.01,1,0.606951,-0.0002143857657348,-0.0110304977032503,-0.0110304977032503,0.0,0.0,0 days 00:03:51.896836
1107,RedGrid25,1,0.699702,-0.0074306798894587,-0.0969544917970361,-0.0969544917970361,0.0,-0.0087848858074505,0 days 00:15:53.974717
1108,RedGrid5,1,0.699702,-0.0074306798894587,-0.0969544917970361,-0.0969544917970361,0.0,-0.0087848858074505,0 days 00:15:54.329382
1109,RedGrid75,1,0.699702,-0.0074306798894587,-0.0969544917970361,-0.0969544917970361,0.0,-0.0087848858074505,0 days 00:15:54.591079
1110,ExpGrad.1,2,0.708578,-0.0527068838405509,-0.0936808195569185,-0.0936808195569185,-0.0296287279245806,-0.0322855204878312,0 days 00:02:21.650481
1111,ExpGrad.01,2,0.604524,-0.0055002073513618,-0.0158150258271913,-0.0158150258271913,0.0,-0.000158337400235,0 days 00:02:29.137052
1112,RedGrid25,2,0.724358,-0.0827850038092972,-0.108763271506979,-0.108763271506979,-0.0687824322315441,-0.0694287557534455,0 days 00:10:23.042952
1113,RedGrid5,2,0.70464,-0.0535889061031669,-0.0818908388599189,-0.0818908388599189,-0.0689141609149015,-0.0191810929222955,0 days 00:10:22.837881
1114,RedGrid75,2,0.70464,-0.0535889061031669,-0.0818908388599189,-0.0818908388599189,-0.0689141609149015,-0.0191810929222955,0 days 00:10:34.915957
1115,ExpGrad.1,0,0.70694,-0.0819183173092012,-0.0994574474989802,-0.0994574474989802,-0.0727327404808548,-0.0715972907738184,0 days 00:03:02.131970
1116,ExpGrad.01,0,0.688756,-0.0143376264015266,-0.0203440543338456,-0.0203440543338456,-0.0082190732267374,-0.0124519066638001,0 days 00:07:11.000401
1117,RedGrid25,0,0.682654,-0.1138410790857928,-0.1483155575039187,-0.1483155575039187,-0.0947446666738719,-0.0941319433370245,0 days 00:12:04.684970
1118,RedGrid5,0,0.682654,-0.1138410790857928,-0.1483155575039187,-0.1483155575039187,-0.0947446666738719,-0.0941319433370245,0 days 00:12:04.287857
1119,RedGrid75,0,0.682654,-0.1138410790857928,-0.1483155575039187,-0.1483155575039187,-0.0947446666738719,-0.0941319433370245,0 days 00:11:58.971405
1120,ExpGrad.1,2,0.722894,-0.0776338565836308,-0.1138533625638165,-0.1138533625638165,-0.0674567834176825,-0.0522293021837524,0 days 00:03:04.937056
1121,ExpGrad.01,2,0.62882,-0.0088178698528444,-0.0141015904823603,-0.0141015904823603,-0.0080753521642874,-0.0046188411063673,0 days 00:03:17.827854
1122,RedGrid25,2,0.698883,-0.047598739153161,-0.0994261912364303,-0.0994261912364303,0.0,-0.033192977132971,0 days 00:10:53.081366
1123,RedGrid5,2,0.698883,-0.047598739153161,-0.0994261912364303,-0.0994261912364303,0.0,-0.033192977132971,0 days 00:10:54.317332
1124,RedGrid75,2,0.678743,-0.0373974570188841,-0.0690628726068254,-0.0690628726068254,0.0,-0.0341200748771308,0 days 00:10:56.090984
1125,ExpGrad.1,1,0.709889,-0.0264905833605909,-0.1055504871641641,-0.1055504871641641,-0.023491200587334,-0.0256675196985692,0 days 00:01:48.172158
1126,ExpGrad.01,1,0.593331,-0.0095527712072464,-0.0233284759427222,-0.0233284759427222,-0.0076122020302591,-0.0101982782453309,0 days 00:02:25.871398
1127,RedGrid25,1,0.700224,-0.039923270474579,-0.1061384111893088,-0.1061384111893088,-0.0464603676434645,-0.0341991203457279,0 days 00:08:20.255052
1128,RedGrid5,1,0.700224,-0.039923270474579,-0.1061384111893088,-0.1061384111893088,-0.0464603676434645,-0.0341991203457279,0 days 00:08:20.608808
1129,RedGrid75,1,0.700224,-0.039923270474579,-0.1061384111893088,-0.1061384111893088,-0.0464603676434645,-0.0341991203457279,0 days 00:08:22.112800
1130,ExpGrad.1,2,0.70699,-0.0513763718345166,-0.0904304551283746,-0.0904304551283746,-0.0259323687413337,-0.0331317178357799,0 days 00:02:17.237624
1131,ExpGrad.01,2,0.630195,-0.0082565508418298,-0.0165583074474318,-0.0165583074474318,-0.0001386004900119,-0.0061777002905795,0 days 00:03:16.280344
1132,RedGrid25,2,0.71282,-0.0637363677906379,-0.0983757494146972,-0.0983757494146972,-0.0695167695706438,-0.0287261384127331,0 days 00:10:48.692061
1133,RedGrid5,2,0.69744,-0.0472945862793653,-0.1041777624922353,-0.1041777624922353,0.0,-0.027518456406525,0 days 00:10:48.996566
1134,RedGrid75,2,0.69744,-0.0472945862793653,-0.1041777624922353,-0.1041777624922353,0.0,-0.027518456406525,0 days 00:10:47.375123
1135,ExpGrad.1,2,0.716342,-0.061817198642706,-0.1005849277210091,-0.1005849277210091,-0.04661556272153,-0.0377580535070416,0 days 00:03:28.193556
1136,ExpGrad.01,2,0.621548,-0.0041767758141936,-0.0093580040302777,-0.0093580040302777,0.0,-0.0024112138567341,0 days 00:04:04.399656
1137,RedGrid25,2,0.698582,-0.0413846158187521,-0.0820605100317226,-0.0820605100317226,0.0,-0.033332797368374,0 days 00:10:24.927239
1138,RedGrid5,2,0.6676,-0.0198629147637037,-0.0574499778020051,-0.0574499778020051,0.0,0.0,0 days 00:10:21.764980
1139,RedGrid75,2,0.6676,-0.0198629147637037,-0.0574499778020051,-0.0574499778020051,0.0,0.0,0 days 00:10:20.236532
1140,ExpGrad.1,0,0.706608,-0.0813461694360372,-0.1000412433061977,-0.1000412433061977,-0.0708168352545107,-0.070699631469869,0 days 00:03:35.173726
1141,ExpGrad.01,0,0.687261,-0.0130481210776982,-0.0206339716212272,-0.0206339716212272,-0.011834652732104,-0.0070321976739534,0 days 00:06:56.030948
1142,RedGrid25,0,0.685964,-0.1235046362373035,-0.1538833884983971,-0.1538833884983971,-0.1031075487644874,-0.1080269361254291,0 days 00:14:53.784642
1143,RedGrid5,0,0.685964,-0.1235046362373035,-0.1538833884983971,-0.1538833884983971,-0.1031075487644874,-0.1080269361254291,0 days 00:14:54.182580
1144,RedGrid75,0,0.685964,-0.1235046362373035,-0.1538833884983971,-0.1538833884983971,-0.1031075487644874,-0.1080269361254291,0 days 00:14:54.026311
1145,ExpGrad.1,0,0.707298,-0.0788428769221622,-0.096828095844039,-0.096828095844039,-0.0667704217101549,-0.0697946861096437,0 days 00:03:24.938869
1146,ExpGrad.01,0,0.685425,-0.0147826583306891,-0.0194744025137877,-0.0194744025137877,-0.0070660188955247,-0.0149501883567231,0 days 00:07:26.322754
1147,RedGrid25,0,0.690674,-0.0214046259307815,-0.0274665439900273,-0.0274665439900273,-0.0048611360678638,-0.0252592232017142,0 days 00:12:40.516970
1148,RedGrid5,0,0.690674,-0.0214046259307815,-0.0274665439900273,-0.0274665439900273,-0.0048611360678638,-0.0252592232017142,0 days 00:12:40.182890
1149,RedGrid75,0,0.690674,-0.0214046259307815,-0.0274665439900273,-0.0274665439900273,-0.0048611360678638,-0.0252592232017142,0 days 00:12:41.899481
1150,ExpGrad.1,1,0.711471,-0.0438756634865585,-0.1166272935060236,-0.1166272935060236,-0.0442362925344702,-0.0414230731117016,0 days 00:02:22.843484
1151,ExpGrad.01,1,0.622168,-0.0026272870810437,-0.0221791120871433,-0.0221791120871433,0.0,-0.0034827157525029,0 days 00:03:59.622186
1152,RedGrid25,1,0.699193,-0.0447232743126047,-0.1121857149501849,-0.1121857149501849,0.0,-0.0674993826839384,0 days 00:10:57.455536
1153,RedGrid5,1,0.6828,-0.000703487565218,-0.0360634499534204,-0.0360634499534204,0.0,0.0,0 days 00:11:01.080271
1154,RedGrid75,1,0.677956,-0.0344649830417667,-0.0729068856514598,-0.0729068856514598,0.0,-0.0524362221090329,0 days 00:11:01.481373
1155,ExpGrad.1,0,0.706216,-0.0838878285026123,-0.1008452769307177,-0.1008452769307177,-0.0741430416094243,-0.0743982131321339,0 days 00:03:26.514013
1156,ExpGrad.01,0,0.687274,-0.0159620007740584,-0.0200633515417261,-0.0200633515417261,-0.0134430189275348,-0.013756544143473,0 days 00:06:22.693639
1157,RedGrid25,0,0.690682,-0.0230120160672102,-0.028406473747219,-0.028406473747219,-0.0075757587580896,-0.026820928606091,0 days 00:12:42.137914
1158,RedGrid5,0,0.690682,-0.0230120160672102,-0.028406473747219,-0.028406473747219,-0.0075757587580896,-0.026820928606091,0 days 00:12:38.775952
1159,RedGrid75,0,0.690682,-0.0230120160672102,-0.028406473747219,-0.028406473747219,-0.0075757587580896,-0.026820928606091,0 days 00:12:37.820464
1160,ExpGrad.1,2,0.713299,-0.0537729654242343,-0.084650729650564,-0.084650729650564,-0.0346679927443998,-0.0390716467410229,0 days 00:02:51.488085
1161,ExpGrad.01,2,0.626476,-0.0079428785654196,-0.0120482170146154,-0.0120482170146154,-0.0101159692339073,-0.0028729385311652,0 days 00:03:57.172809
1162,RedGrid25,2,0.718526,-0.0662782681492419,-0.0948765187359834,-0.0948765187359834,-0.0894003010918961,-0.0256831818838045,0 days 00:11:10.916454
1163,RedGrid5,2,0.686391,-0.0284042947123478,-0.0733588149777334,-0.0733588149777334,0.0,-0.0073905737706547,0 days 00:10:46.202248
1164,RedGrid75,2,0.647603,-0.0174361131012249,-0.0384564468443942,-0.0214380362704345,-0.0384564468443942,0.0,0 days 00:10:44.095927
1165,ExpGrad.1,1,0.710258,-0.0204877741553853,-0.1059344117405471,-0.1059344117405471,-0.0203854299220834,-0.01787234701417,0 days 00:02:16.398396
1166,ExpGrad.01,1,0.598343,-0.0001197446369213,-0.0060759728489578,-0.0060759728489578,0.0,0.0,0 days 00:02:56.950559
1167,RedGrid25,1,0.704583,-0.0777170568063158,-0.139290842296182,-0.139290842296182,-0.083876725858111,-0.0723689241541152,0 days 00:10:07.949000
1168,RedGrid5,1,0.700786,-0.0218329508706023,-0.1090877257134482,-0.1090877257134482,-0.0073357012343941,-0.0271591064457398,0 days 00:10:09.313278
1169,RedGrid75,1,0.700786,-0.0218329508706023,-0.1090877257134482,-0.1090877257134482,-0.0073357012343941,-0.0271591064457398,0 days 00:09:47.294643
1170,ExpGrad.1,2,0.68228,-0.0505508994215775,-0.0778818798370429,-0.0778818798370429,-0.0293437410456857,-0.0403796136292968,0 days 00:03:20.151732
1171,ExpGrad.01,2,0.61801,-0.0036971739306416,-0.010632489406354,-0.010632489406354,0.0,0.0,0 days 00:03:31.338482
1172,RedGrid25,2,0.691942,-0.058608672381794,-0.0724034174103602,-0.0658529765629865,-0.0724034174103602,-0.0430451081996079,0 days 00:15:31.875028
1173,RedGrid5,2,0.668712,-0.0283419992215047,-0.0544776497372191,-0.0407755174279171,-0.0544776497372191,0.0,0 days 00:14:34.968386
1174,RedGrid75,2,0.636939,-0.0196533552378059,-0.0433507940285154,-0.0241076245116294,-0.0433507940285154,0.0,0 days 00:14:12.870969
1175,ExpGrad.1,0,0.706148,-0.0795596477368918,-0.0980194995394139,-0.0980194995394139,-0.0691227581335117,-0.0691780032499347,0 days 00:03:17.879213
1176,ExpGrad.01,0,0.685366,-0.0141627176995097,-0.0201628202801831,-0.0201628202801831,-0.0115840087958185,-0.0103385292836183,0 days 00:08:08.237338
1177,RedGrid25,0,0.682447,-0.1185463948820265,-0.1534866369495119,-0.1534866369495119,-0.1002260428389456,-0.0981034643105683,0 days 00:14:29.535250
1178,RedGrid5,0,0.682447,-0.1185463948820265,-0.1534866369495119,-0.1534866369495119,-0.1002260428389456,-0.0981034643105683,0 days 00:14:30.430548
1179,RedGrid75,0,0.682447,-0.1185463948820265,-0.1534866369495119,-0.1534866369495119,-0.1002260428389456,-0.0981034643105683,0 days 00:14:29.364915
1180,ExpGrad.1,0,0.707051,-0.0818702223299986,-0.0991076917228037,-0.0991076917228037,-0.0746718703796663,-0.070675987717045,0 days 00:02:43.368275
1181,ExpGrad.01,0,0.686349,-0.0162278093891756,-0.0209718052800547,-0.0209718052800547,-0.0126563244052938,-0.014028207432532,0 days 00:06:52.640032
1182,RedGrid25,0,0.683049,-0.1128115129258946,-0.147879272360091,-0.147879272360091,-0.0964058170615823,-0.09101403531257,0 days 00:09:52.821854
1183,RedGrid5,0,0.683049,-0.1128115129258946,-0.147879272360091,-0.147879272360091,-0.0964058170615823,-0.09101403531257,0 days 00:09:49.801014
1184,RedGrid75,0,0.683049,-0.1128115129258946,-0.147879272360091,-0.147879272360091,-0.0964058170615823,-0.09101403531257,0 days 00:09:42.477911
1185,ExpGrad.1,2,0.689799,-0.0320479311297588,-0.0806584609261411,-0.0806584609261411,0.0,-0.0101070994923717,0 days 00:01:51.006999
1186,ExpGrad.01,2,0.627793,-0.0075459826949255,-0.0104980761197197,-0.0099409430806046,0.0,-0.0104980761197197,0 days 00:02:38.865543
1187,RedGrid25,2,0.721642,-0.0830951047659659,-0.1056703327243813,-0.1056703327243813,-0.0722632698987669,-0.0701671381644867,0 days 00:08:11.089409
1188,RedGrid5,2,0.68887,-0.0353229665081878,-0.0929055491790373,-0.0929055491790373,0.0,-0.0075481144321796,0 days 00:08:09.030375
1189,RedGrid75,2,0.638127,-0.0108348114692775,-0.0310786791051887,-0.0310786791051887,0.0,0.0,0 days 00:08:06.584749
1190,ExpGrad.1,0,0.707355,-0.0829824159418382,-0.1003939868000877,-0.1003939868000877,-0.0732967406806797,-0.0730513309834647,0 days 00:02:28.179857
1191,ExpGrad.01,0,0.689103,-0.010254087992611,-0.0168217744207465,-0.0168217744207465,-0.0060382646984986,-0.0068190748294006,0 days 00:06:46.685795
1192,RedGrid25,0,0.683729,-0.1142535539362454,-0.1493095087310635,-0.1493095087310635,-0.0956799810396417,-0.0937457564250624,0 days 00:09:48.266936
1193,RedGrid5,0,0.683729,-0.1142535539362454,-0.1493095087310635,-0.1493095087310635,-0.0956799810396417,-0.0937457564250624,0 days 00:09:46.898604
1194,RedGrid75,0,0.683729,-0.1142535539362454,-0.1493095087310635,-0.1493095087310635,-0.0956799810396417,-0.0937457564250624,0 days 00:09:40.716253
1195,ExpGrad.1,2,0.697195,-0.0428174149042169,-0.0773216244615879,-0.0773216244615879,-0.0311877220253345,-0.0199247385039076,0 days 00:02:13.073317
1196,ExpGrad.01,2,0.583888,-0.0017122728145683,-0.0030781095812466,-0.0030781095812466,0.0,-0.0016347386383478,0 days 00:02:06.523935
1197,RedGrid25,2,0.727911,-0.0905298780007827,-0.1183237086859069,-0.1183237086859069,-0.091093939995781,-0.0655152017554366,0 days 00:10:33.443966
1198,RedGrid5,2,0.654,-0.0303472593413297,-0.0662898168998836,-0.0377423131474407,-0.0662898168998836,0.0,0 days 00:10:32.826940
1199,RedGrid75,2,0.654,-0.0303472593413297,-0.0662898168998836,-0.0377423131474407,-0.0662898168998836,0.0,0 days 00:10:41.165695
1200,ExpGrad.1,0,0.706771,-0.0816689414915562,-0.0987096137312133,-0.0987096137312133,-0.0737473581254763,-0.0711232446734801,0 days 00:03:21.864076
1201,ExpGrad.01,0,0.685697,-0.0142476929682985,-0.0187672635819849,-0.0187672635819849,-0.0145769411332888,-0.0100987936499652,0 days 00:06:19.620669
1202,RedGrid25,0,0.683536,-0.1164151582153311,-0.152552925260424,-0.152552925260424,-0.0956802913913477,-0.0962406015812421,0 days 00:12:35.685205
1203,RedGrid5,0,0.683536,-0.1164151582153311,-0.152552925260424,-0.152552925260424,-0.0956802913913477,-0.0962406015812421,0 days 00:12:28.482164
1204,RedGrid75,0,0.683536,-0.1164151582153311,-0.152552925260424,-0.152552925260424,-0.0956802913913477,-0.0962406015812421,0 days 00:12:31.491743
1205,ExpGrad.1,0,0.707418,-0.0822167411798847,-0.0996450374026293,-0.0996450374026293,-0.0728784340502763,-0.07207306871797,0 days 00:02:30.994495
1206,ExpGrad.01,0,0.690283,-0.0131271701289981,-0.0185863795421263,-0.0185863795421263,-0.0095023549325061,-0.0103364019503202,0 days 00:05:16.146964
1207,RedGrid25,0,0.683582,-0.1154033251392294,-0.1500792872459705,-0.1500792872459705,-0.0965032193970925,-0.0953980790791347,0 days 00:09:16.775240
1208,RedGrid5,0,0.683582,-0.1154033251392294,-0.1500792872459705,-0.1500792872459705,-0.0965032193970925,-0.0953980790791347,0 days 00:09:16.131308
1209,RedGrid75,0,0.683582,-0.1154033251392294,-0.1500792872459705,-0.1500792872459705,-0.0965032193970925,-0.0953980790791347,0 days 00:09:21.408403
1210,ExpGrad.1,1,0.708051,-0.0399538045588104,-0.1060269968311231,-0.1060269968311231,-0.0446873270446191,-0.0353044217368775,0 days 00:02:18.629435
1211,ExpGrad.01,1,0.600176,-0.0001357801575346,-0.0069704270155719,-0.0069704270155719,0.0,0.0,0 days 00:04:04.001460
1212,RedGrid25,1,0.706019,-0.0553903669801099,-0.1347531324284362,-0.1347531324284362,-0.0653109118388575,-0.0474686596720314,0 days 00:09:08.110103
1213,RedGrid5,1,0.706019,-0.0553903669801099,-0.1347531324284362,-0.1347531324284362,-0.0653109118388575,-0.0474686596720314,0 days 00:09:06.628738
1214,RedGrid75,1,0.706019,-0.0553903669801099,-0.1347531324284362,-0.1347531324284362,-0.0653109118388575,-0.0474686596720314,0 days 00:09:10.949242
1215,ExpGrad.1,0,0.706424,-0.0805234544680156,-0.0976439421323412,-0.0976439421323412,-0.0715290805156613,-0.0704443788582914,0 days 00:03:19.282019
1216,ExpGrad.01,0,0.686371,-0.0111244784019871,-0.015985704459462,-0.015985704459462,-0.0063796127112557,-0.0094764708055545,0 days 00:05:27.879896
1217,RedGrid25,0,0.683025,-0.1104125073301344,-0.1454448342918649,-0.1454448342918649,-0.0907906600755701,-0.0904629251895777,0 days 00:11:47.086110
1218,RedGrid5,0,0.683025,-0.1104125073301344,-0.1454448342918649,-0.1454448342918649,-0.0907906600755701,-0.0904629251895777,0 days 00:11:38.147675
1219,RedGrid75,0,0.683025,-0.1104125073301344,-0.1454448342918649,-0.1454448342918649,-0.0907906600755701,-0.0904629251895777,0 days 00:11:51.294400
1220,ExpGrad.1,1,0.711473,-0.0484003476451759,-0.1243815720276951,-0.1243815720276951,-0.0555891181969488,-0.0420607774440693,0 days 00:01:42.862173
1221,ExpGrad.01,1,0.592976,-0.0005635595985721,-0.012201618338146,-0.012201618338146,0.0,-0.000510544994257,0 days 00:02:29.284165
1222,RedGrid25,1,0.707554,-0.0583052398877244,-0.1377685511297249,-0.1377685511297249,-0.0631949932653378,-0.0531246675324607,0 days 00:08:18.115821
1223,RedGrid5,1,0.707554,-0.0583052398877244,-0.1377685511297249,-0.1377685511297249,-0.0631949932653378,-0.0531246675324607,0 days 00:08:19.839213
1224,RedGrid75,1,0.707554,-0.0583052398877244,-0.1377685511297249,-0.1377685511297249,-0.0631949932653378,-0.0531246675324607,0 days 00:08:15.777645
1225,ExpGrad.1,1,0.710172,-0.0399057955946617,-0.1098722988735207,-0.1098722988735207,-0.0418832473730276,-0.0366336033157006,0 days 00:01:58.413176
1226,ExpGrad.01,1,0.547476,-0.0013774619443772,-0.0021842866632928,0.0,0.0,-0.0021842866632928,0 days 00:01:51.022390
1227,RedGrid25,1,0.705508,-0.0671352584968541,-0.1328204340482891,-0.1328204340482891,-0.07538739737384,-0.060515986262706,0 days 00:11:46.382534
1228,RedGrid5,1,0.705508,-0.0671352584968541,-0.1328204340482891,-0.1328204340482891,-0.07538739737384,-0.060515986262706,0 days 00:11:51.001829
1229,RedGrid75,1,0.705508,-0.0671352584968541,-0.1328204340482891,-0.1328204340482891,-0.07538739737384,-0.060515986262706,0 days 00:11:51.369024
1230,ExpGrad.1,0,0.706522,-0.0790667030647991,-0.0964310477336291,-0.0964310477336291,-0.0715071520637565,-0.0679899451057665,0 days 00:03:19.232475
1231,ExpGrad.01,0,0.686571,-0.0120634060485043,-0.0169483809391066,-0.0169483809391066,-0.0098261368997607,-0.0090083587162396,0 days 00:06:24.777448
1232,RedGrid25,0,0.68629,-0.1194427866529571,-0.1496213456584401,-0.1496213456584401,-0.1000429580951883,-0.1036504289990326,0 days 00:12:09.054685
1233,RedGrid5,0,0.68629,-0.1194427866529571,-0.1496213456584401,-0.1496213456584401,-0.1000429580951883,-0.1036504289990326,0 days 00:12:06.855555
1234,RedGrid75,0,0.68629,-0.1194427866529571,-0.1496213456584401,-0.1496213456584401,-0.1000429580951883,-0.1036504289990326,0 days 00:12:06.629032
1235,ExpGrad.1,1,0.71309,-0.0494481744229295,-0.1340191234534646,-0.1340191234534646,-0.0503814008752677,-0.0463154779897516,0 days 00:02:49.355259
1236,ExpGrad.01,1,0.569524,-0.0001598482533908,-0.0081823754301548,-0.0081823754301548,0.0,0.0,0 days 00:02:25.646864
1237,RedGrid25,1,0.702564,-0.0126751741541817,-0.1107794212531327,-0.1107794212531327,0.0,-0.0166476731890397,0 days 00:13:34.081984
1238,RedGrid5,1,0.702564,-0.0126751741541817,-0.1107794212531327,-0.1107794212531327,0.0,-0.0166476731890397,0 days 00:13:30.703252
1239,RedGrid75,1,0.702564,-0.0126751741541817,-0.1107794212531327,-0.1107794212531327,0.0,-0.0166476731890397,0 days 00:13:30.605653
1240,ExpGrad.1,2,0.715968,-0.0615886657074788,-0.0994605165209444,-0.0994605165209444,-0.0328725360496381,-0.04696183842256,0 days 00:02:40.774257
1241,ExpGrad.01,2,0.629067,-0.0057697070850955,-0.0149333188812771,-0.0149333188812771,0.0,-0.0014397317428336,0 days 00:03:28.144148
1242,RedGrid25,2,0.731262,-0.0991604230592221,-0.1251691067244558,-0.1251691067244558,-0.1012032066497463,-0.0745118091720494,0 days 00:10:19.667566
1243,RedGrid5,2,0.684869,-0.0350359068813625,-0.0811403999749794,-0.0811403999749794,0.0,-0.0172814261202269,0 days 00:10:21.151859
1244,RedGrid75,2,0.684869,-0.0350359068813625,-0.0811403999749794,-0.0811403999749794,0.0,-0.0172814261202269,0 days 00:10:20.805969
1245,ExpGrad.1,0,0.706648,-0.078307517942507,-0.0959916090970275,-0.0959916090970275,-0.0669484197750798,-0.0690780930393609,0 days 00:02:54.172382
1246,ExpGrad.01,0,0.688036,-0.0107026609559639,-0.0155897154550789,-0.0155897154550789,-0.0063747083313737,-0.0088087352380519,0 days 00:06:26.944540
1247,RedGrid25,0,0.686762,-0.0839021329697772,-0.1141372189330143,-0.1141372189330143,-0.0111320472725139,-0.0975898402852218,0 days 00:10:37.220422
1248,RedGrid5,0,0.686762,-0.0839021329697772,-0.1141372189330143,-0.1141372189330143,-0.0111320472725139,-0.0975898402852218,0 days 00:10:40.755600
1249,RedGrid75,0,0.665072,-0.0567101594063051,-0.1132258965585849,-0.1132258965585849,-0.0022724064484395,-0.0372316427284782,0 days 00:10:42.086437
1250,ExpGrad.1,1,0.711287,-0.0381773406608874,-0.1158297999476838,-0.1158297999476838,-0.0338817697218393,-0.0381882216734001,0 days 00:01:50.858057
1251,ExpGrad.01,1,0.57591,-0.0066663318077449,-0.0150540660291941,-0.0150540660291941,0.0,-0.010121143289356,0 days 00:02:12.089338
1252,RedGrid25,1,0.705589,-0.0580736339557997,-0.130521109298823,-0.130521109298823,-0.0542724156925967,-0.0579688430302242,0 days 00:08:38.734999
1253,RedGrid5,1,0.705589,-0.0580736339557997,-0.130521109298823,-0.130521109298823,-0.0542724156925967,-0.0579688430302242,0 days 00:08:38.497730
1254,RedGrid75,1,0.705589,-0.0580736339557997,-0.130521109298823,-0.130521109298823,-0.0542724156925967,-0.0579688430302242,0 days 00:08:42.366254
1255,ExpGrad.1,1,0.713331,-0.0558099257926611,-0.1281021773612953,-0.1281021773612953,-0.0562942100967218,-0.0533295283435508,0 days 00:01:42.565518
1256,ExpGrad.01,1,0.605173,-0.0053598715028118,-0.0211504790830986,-0.0211504790830986,0.0,-0.0078630455855369,0 days 00:02:51.421621
1257,RedGrid25,1,0.706863,-0.0621610996167782,-0.1337225921018202,-0.1337225921018202,-0.0660832776494906,-0.0577877683613319,0 days 00:09:11.520386
1258,RedGrid5,1,0.706863,-0.0621610996167782,-0.1337225921018202,-0.1337225921018202,-0.0660832776494906,-0.0577877683613319,0 days 00:09:10.448713
1259,RedGrid75,1,0.706863,-0.0621610996167782,-0.1337225921018202,-0.1337225921018202,-0.0660832776494906,-0.0577877683613319,0 days 00:09:16.822227
1260,ExpGrad.1,2,0.684722,-0.0291757302950516,-0.0774042811477296,-0.0774042811477296,-0.0047456041566157,-0.0021690889724994,0 days 00:02:40.748370
1261,ExpGrad.01,2,0.610406,-0.0072571996625728,-0.0140377807875961,-0.0103839909181137,-0.0140377807875961,0.0,0 days 00:03:35.004702
1262,RedGrid25,2,0.680279,-0.0391603229217201,-0.0728089415539521,-0.0728089415539521,0.0,-0.0348766710661324,0 days 00:10:53.063571
1263,RedGrid5,2,0.680279,-0.0391603229217201,-0.0728089415539521,-0.0728089415539521,0.0,-0.0348766710661324,0 days 00:10:52.188818
1264,RedGrid75,2,0.672011,-0.0327848136513026,-0.0848427072991807,-0.0848427072991807,0.0,-0.0078567728896531,0 days 00:10:54.551143
1265,ExpGrad.1,1,0.711163,-0.0281535301978207,-0.1114889816051731,-0.1114889816051731,-0.0264793338526558,-0.0264884462874963,0 days 00:01:53.650431
1266,ExpGrad.01,1,0.597797,-0.0089742751568339,-0.0160974907848862,-0.0160974907848862,-0.0029723271012038,-0.012078049934757,0 days 00:03:18.188055
1267,RedGrid25,1,0.700914,-0.0066547005244193,-0.1068024294020563,-0.1068024294020563,0.0,-0.0072260196969827,0 days 00:08:57.906175
1268,RedGrid5,1,0.700914,-0.0066547005244193,-0.1068024294020563,-0.1068024294020563,0.0,-0.0072260196969827,0 days 00:09:08.824671
1269,RedGrid75,1,0.700914,-0.0066547005244193,-0.1068024294020563,-0.1068024294020563,0.0,-0.0072260196969827,0 days 00:09:23.548431
1270,ExpGrad.1,2,0.709819,-0.0588666347116585,-0.0956481539066965,-0.0956481539066965,-0.0407018616427177,-0.0379854753790181,0 days 00:02:14.064690
1271,ExpGrad.01,2,0.624407,-0.0077156750920643,-0.0116048650898435,-0.0116048650898435,-0.0020976319333748,-0.0079785180758185,0 days 00:02:57.599176
1272,RedGrid25,2,0.692312,-0.0462619639385218,-0.0888392873535249,-0.0888392873535249,0.0,-0.0389538185817379,0 days 00:10:36.213877
1273,RedGrid5,2,0.684158,-0.0285280710210477,-0.0784256406134853,-0.0784256406134853,0.0,-0.0027975688378527,0 days 00:10:35.139328
1274,RedGrid75,2,0.684158,-0.0285280710210477,-0.0784256406134853,-0.0784256406134853,0.0,-0.0027975688378527,0 days 00:10:33.978796
1275,ExpGrad.1,2,0.690327,-0.0414220864922834,-0.0843783223652362,-0.0843783223652362,-0.0060246275286185,-0.0267518313482771,0 days 00:02:11.836585
1276,ExpGrad.01,2,0.608196,-0.0069836041435321,-0.0120843537579742,-0.0120843537579742,0.0,-0.0071102753700893,0 days 00:02:10.536843
1277,RedGrid25,2,0.721007,-0.0763367559957351,-0.1112365214185183,-0.1112365214185183,-0.0764209326023573,-0.0450331812182911,0 days 00:09:55.223607
1278,RedGrid5,2,0.678686,-0.032986858043551,-0.0766860041832029,-0.0766860041832029,0.0,-0.0160313277298582,0 days 00:09:59.515218
1279,RedGrid75,2,0.678686,-0.032986858043551,-0.0766860041832029,-0.0766860041832029,0.0,-0.0160313277298582,0 days 00:09:58.957048
1280,ExpGrad.1,1,0.708291,-0.0171743915568107,-0.0972055659346307,-0.0972055659346307,-0.0294766737903565,-0.0078674246415069,0 days 00:03:54.994876
1281,ExpGrad.01,1,0.588097,-0.0002124392372416,-0.0107706046446061,-0.0107706046446061,0.0,0.0,0 days 00:04:26.807415
1282,RedGrid25,1,0.699663,-0.011704130234162,-0.1011123064105543,-0.1011123064105543,0.0,-0.0153848641966871,0 days 00:14:44.224744
1283,RedGrid5,1,0.699663,-0.011704130234162,-0.1011123064105543,-0.1011123064105543,0.0,-0.0153848641966871,0 days 00:14:44.379040
1284,RedGrid75,1,0.699663,-0.011704130234162,-0.1011123064105543,-0.1011123064105543,0.0,-0.0153848641966871,0 days 00:14:44.989308
1285,ExpGrad.1,2,0.708109,-0.0562367960490556,-0.0875013492520139,-0.0875013492520139,-0.0536400407463581,-0.0300391907880613,0 days 00:01:31.004962
1286,ExpGrad.01,2,0.610499,-0.0019705099143999,-0.005619831212137,-0.005619831212137,-5.167651222132141e-05,0.0,0 days 00:02:03.288513
1287,RedGrid25,2,0.730568,-0.0941782743172774,-0.1198151852987561,-0.1198151852987561,-0.1054499073187343,-0.063677477709842,0 days 00:07:40.470105
1288,RedGrid5,2,0.687698,-0.048920887409924,-0.0909194535845083,-0.0909194535845083,0.0,-0.0443047809254959,0 days 00:07:41.459956
1289,RedGrid75,2,0.687698,-0.048920887409924,-0.0909194535845083,-0.0909194535845083,0.0,-0.0443047809254959,0 days 00:07:44.622602
1290,ExpGrad.1,0,0.70597,-0.0831041715795184,-0.1004737872849161,-0.1004737872849161,-0.0739977657890165,-0.0728579689711161,0 days 00:02:35.830593
1291,ExpGrad.01,0,0.684197,-0.0125094249463422,-0.0173264476844383,-0.0173264476844383,-0.0120718418052948,-0.0085110746975386,0 days 00:04:45.732084
1292,RedGrid25,0,0.685705,-0.1246873705595617,-0.1548290922828928,-0.1548290922828928,-0.1007309431648398,-0.1114249128669234,0 days 00:09:55.256662
1293,RedGrid5,0,0.685705,-0.1246873705595617,-0.1548290922828928,-0.1548290922828928,-0.1007309431648398,-0.1114249128669234,0 days 00:09:55.879867
1294,RedGrid75,0,0.685705,-0.1246873705595617,-0.1548290922828928,-0.1548290922828928,-0.1007309431648398,-0.1114249128669234,0 days 00:09:55.414098
1295,ExpGrad.1,0,0.706032,-0.0807142016755638,-0.0985368387575453,-0.0985368387575453,-0.071943227148527,-0.069932779630926,0 days 00:02:32.707271
1296,ExpGrad.01,0,0.685294,-0.0093241693450783,-0.0152597951323896,-0.0152597951323896,-0.0041294843440534,-0.0069895728336597,0 days 00:04:51.369248
1297,RedGrid25,0,0.682658,-0.1120979079480687,-0.1481384309756397,-0.1481384309756397,-0.0912283748496248,-0.0920267990980853,0 days 00:09:30.787310
1298,RedGrid5,0,0.682658,-0.1120979079480687,-0.1481384309756397,-0.1481384309756397,-0.0912283748496248,-0.0920267990980853,0 days 00:09:22.853631
1299,RedGrid75,0,0.682658,-0.1120979079480687,-0.1481384309756397,-0.1481384309756397,-0.0912283748496248,-0.0920267990980853,0 days 00:09:34.906051
1300,ExpGrad.1,2,0.708751,-0.0487658337269244,-0.0871058077020128,-0.0871058077020128,-0.00020183643557,-0.0469900749299204,0 days 00:02:46.048502
1301,ExpGrad.01,2,0.621169,-0.0064521586607729,-0.009747281041623,-0.0076125868700872,0.0,-0.009747281041623,0 days 00:05:55.000572
1302,RedGrid25,2,0.707632,-0.0591318430440503,-0.1054644656529256,-0.1054644656529256,0.0,-0.0572842104438863,0 days 00:15:25.689451
1303,RedGrid5,2,0.679486,-0.0325861692662173,-0.0511095848904688,-0.0511095848904688,0.0,-0.0378604209376814,0 days 00:14:56.275270
1304,RedGrid75,2,0.679486,-0.0325861692662173,-0.0511095848904688,-0.0511095848904688,0.0,-0.0378604209376814,0 days 00:14:52.700539
1305,ExpGrad.1,1,0.702745,-0.0168009334554419,-0.0933350133811193,-0.0933350133811193,0.0,-0.0237578837048323,0 days 00:01:36.425778
1306,ExpGrad.01,1,0.59899,-0.0001379054937547,-0.0071008427269252,-0.0071008427269252,0.0,0.0,0 days 00:03:36.361051
1307,RedGrid25,1,0.701419,-0.0129034839100533,-0.1122278935937383,-0.1122278935937383,-0.0003102341538095,-0.0168264747883793,0 days 00:09:06.696283
1308,RedGrid5,1,0.701419,-0.0129034839100533,-0.1122278935937383,-0.1122278935937383,-0.0003102341538095,-0.0168264747883793,0 days 00:08:38.752488
1309,RedGrid75,1,0.701419,-0.0129034839100533,-0.1122278935937383,-0.1122278935937383,-0.0003102341538095,-0.0168264747883793,0 days 00:09:00.382649
1310,ExpGrad.1,1,0.708409,-0.0228523074308412,-0.1053854124507633,-0.1053854124507633,-0.0271786310340645,-0.0179022804076669,0 days 00:02:00.344781
1311,ExpGrad.01,1,0.587867,-0.0128201034332967,-0.0167342623586239,-0.0167342623586239,-0.0077968867069169,-0.0154809316029342,0 days 00:02:16.692067
1312,RedGrid25,1,0.705848,-0.0708017537568682,-0.1402258745872855,-0.1402258745872855,-0.0762209663341447,-0.0656521276169196,0 days 00:08:05.542374
1313,RedGrid5,1,0.696563,-0.0051279092511023,-0.0960221173459692,-0.0960221173459692,0.0,-0.0051550792366436,0 days 00:08:09.800277
1314,RedGrid75,1,0.696563,-0.0051279092511023,-0.0960221173459692,-0.0960221173459692,0.0,-0.0051550792366436,0 days 00:08:12.196694
1315,ExpGrad.1,1,0.71279,-0.0417455274663309,-0.1187823917982958,-0.1187823917982958,-0.03919205725505,-0.0407769738412832,0 days 00:02:02.359477
1316,ExpGrad.01,1,0.603785,-0.0067631298975686,-0.0128345852269072,-0.0128345852269072,0.0,-0.0103130716724538,0 days 00:02:38.354850
1317,RedGrid25,1,0.706513,-0.0653164556886571,-0.1431202688281646,-0.1431202688281646,-0.0673415420798777,-0.0617939763273205,0 days 00:09:12.502196
1318,RedGrid5,1,0.697724,-0.0019132037421643,-0.0980766795392859,-0.0980766795392859,0.0,0.0,0 days 00:08:42.966844
1319,RedGrid75,1,0.697724,-0.0019132037421643,-0.0980766795392859,-0.0980766795392859,0.0,0.0,0 days 00:09:03.851368
1320,ExpGrad.1,2,0.710163,-0.0542594793823359,-0.0838795897102003,-0.0838795897102003,-0.0722433321070024,-0.01514954645214,0 days 00:02:32.288422
1321,ExpGrad.01,2,0.618907,-0.0076648957639233,-0.0119950953932515,-0.0119950953932515,-0.0092085170884522,-0.0026844599147053,0 days 00:02:59.893248
1322,RedGrid25,2,0.721287,-0.0714583235144166,-0.1106786665892565,-0.1106786665892565,-0.0736268187571973,-0.0343700633960701,0 days 00:10:55.839048
1323,RedGrid5,2,0.669284,-0.029296066681983,-0.057645633907375,-0.0403577168854003,-0.057645633907375,0.0,0 days 00:10:59.710003
1324,RedGrid75,2,0.669284,-0.029296066681983,-0.057645633907375,-0.0403577168854003,-0.057645633907375,0.0,0 days 00:11:00.361178
1325,ExpGrad.1,0,0.707092,-0.082517217666288,-0.0997693551746833,-0.0997693551746833,-0.0745610440714842,-0.071757109148039,0 days 00:03:21.311831
1326,ExpGrad.01,0,0.68831,-0.0155637174696143,-0.0203890779700111,-0.0203890779700111,-0.0126685459619673,-0.0129250722357976,0 days 00:06:55.888867
1327,RedGrid25,0,0.686464,-0.1240217802356668,-0.1536395105819878,-0.1536395105819878,-0.1043219242372984,-0.1088943682797612,0 days 00:11:52.114649
1328,RedGrid5,0,0.686464,-0.1240217802356668,-0.1536395105819878,-0.1536395105819878,-0.1043219242372984,-0.1088943682797612,0 days 00:11:49.040913
1329,RedGrid75,0,0.667496,-0.0527208908411885,-0.1106796424758578,-0.1106796424758578,-0.0022694696313323,-0.0297079910054918,0 days 00:11:50.638707
1330,ExpGrad.1,2,0.700929,-0.05588438355927,-0.0897092959877229,-0.0897092959877229,-0.0419703316926872,-0.0349757175016296,0 days 00:02:51.354615
1331,ExpGrad.01,2,0.623533,-0.0081979466075771,-0.0093112875963602,-0.0093112875963602,-0.008289751179014,-0.0071395818376805,0 days 00:03:58.138441
1332,RedGrid25,2,0.715388,-0.0680949500718307,-0.0941638597555408,-0.0941638597555408,-0.0806514046536776,-0.0363065541071043,0 days 00:10:37.109365
1333,RedGrid5,2,0.68066,-0.029387043337996,-0.0731376870986203,-0.0731376870986203,0.0,-0.0100115356406527,0 days 00:10:40.932920
1334,RedGrid75,2,0.626101,-0.0101924907915718,-0.0257711848297566,-0.0098613754272196,-0.0257711848297566,0.0,0 days 00:10:42.391323
1335,ExpGrad.1,2,0.691801,-0.0477569264091319,-0.0828802667470556,-0.0828802667470556,-0.0390853183265399,-0.0222750106919746,0 days 00:02:58.453062
1336,ExpGrad.01,2,0.626477,-0.0061011233574324,-0.0161783611388018,-0.0161783611388018,-0.0018088079797164,0.0,0 days 00:02:51.632506
1337,RedGrid25,2,0.720474,-0.0780730271425321,-0.0959643567805732,-0.0959643567805732,-0.0826298932639313,-0.0590753949251923,0 days 00:10:25.580619
1338,RedGrid5,2,0.705571,-0.0566482926128559,-0.0854028932461277,-0.0854028932461277,-0.0781541588071267,-0.0166058943655209,0 days 00:10:24.340038
1339,RedGrid75,2,0.705571,-0.0566482926128559,-0.0854028932461277,-0.0854028932461277,-0.0781541588071267,-0.0166058943655209,0 days 00:10:39.975724
1340,ExpGrad.1,0,0.705566,-0.0809604706247776,-0.0986428936186195,-0.0986428936186195,-0.0711155408890318,-0.0709129791611072,0 days 00:03:26.077165
1341,ExpGrad.01,0,0.686512,-0.0151005968540652,-0.0208483893195609,-0.0208483893195609,-0.0118716634042247,-0.0118505052952924,0 days 00:06:43.924824
1342,RedGrid25,0,0.68182,-0.1125075065455278,-0.1482512647806593,-0.1482512647806593,-0.0903610643898843,-0.0934393144654478,0 days 00:12:49.690167
1343,RedGrid5,0,0.68182,-0.1125075065455278,-0.1482512647806593,-0.1482512647806593,-0.0903610643898843,-0.0934393144654478,0 days 00:12:50.970370
1344,RedGrid75,0,0.68182,-0.1125075065455278,-0.1482512647806593,-0.1482512647806593,-0.0903610643898843,-0.0934393144654478,0 days 00:12:48.355888
1345,ExpGrad.1,1,0.708123,-0.0213333598226556,-0.0969398280961696,-0.0969398280961696,-0.0085070814909694,-0.0260800916042583,0 days 00:02:38.075374
1346,ExpGrad.01,1,0.577034,-0.0003427544183256,-0.017354288176521,-0.017354288176521,0.0,0.0,0 days 00:03:15.342396
1347,RedGrid25,1,0.701925,-0.01342810533663,-0.1092727529509651,-0.1092727529509651,0.0,-0.0178747225860786,0 days 00:10:51.518138
1348,RedGrid5,1,0.701925,-0.01342810533663,-0.1092727529509651,-0.1092727529509651,0.0,-0.0178747225860786,0 days 00:10:46.252805
1349,RedGrid75,1,0.701925,-0.01342810533663,-0.1092727529509651,-0.1092727529509651,0.0,-0.0178747225860786,0 days 00:10:45.765978
1350,ExpGrad.1,1,0.707531,-0.0198352012526691,-0.104938557276986,-0.104938557276986,-0.0287604926814949,-0.0122308876154813,0 days 00:02:19.847728
1351,ExpGrad.01,1,0.592425,-0.0073513984545521,-0.0172585332370475,-0.0172585332370475,-0.0139739185728551,-0.0033721991271349,0 days 00:03:29.453108
1352,RedGrid25,1,0.707666,-0.0709815995223376,-0.1527167642998952,-0.1527167642998952,-0.0789001206887929,-0.0640403832406587,0 days 00:11:29.296551
1353,RedGrid5,1,0.707666,-0.0709815995223376,-0.1527167642998952,-0.1527167642998952,-0.0789001206887929,-0.0640403832406587,0 days 00:11:27.862777
1354,RedGrid75,1,0.694408,-0.0014439406721598,-0.0732782003479123,-0.0732782003479123,0.0,0.0,0 days 00:11:24.588286
1355,ExpGrad.1,0,0.706212,-0.0798552789340054,-0.0976013284996281,-0.0976013284996281,-0.0682060322822982,-0.0706835899220229,0 days 00:02:06.054050
1356,ExpGrad.01,0,0.683057,-0.0124568009492788,-0.0163592860676744,-0.0163592860676744,-0.0083457560737584,-0.0112955964169162,0 days 00:04:01.685991
1357,RedGrid25,0,0.682587,-0.1152383429703279,-0.1499778383274582,-0.1499778383274582,-0.0959938055358369,-0.0953176928875146,0 days 00:08:33.217523
1358,RedGrid5,0,0.682587,-0.1152383429703279,-0.1499778383274582,-0.1499778383274582,-0.0959938055358369,-0.0953176928875146,0 days 00:08:31.041364
1359,RedGrid75,0,0.682587,-0.1152383429703279,-0.1499778383274582,-0.1499778383274582,-0.0959938055358369,-0.0953176928875146,0 days 00:08:33.598587
1360,ExpGrad.1,1,0.711496,-0.040955944399605,-0.1125121724232426,-0.1125121724232426,-0.0352404070870941,-0.0419103905002344,0 days 00:02:21.256132
1361,ExpGrad.01,1,0.602084,-0.0149893734241424,-0.0205707940114827,-0.0205707940114827,-0.0112134766920523,-0.0169041563038477,0 days 00:02:34.159922
1362,RedGrid25,1,0.699184,-0.0478040746464429,-0.1137451436386027,-0.1137451436386027,0.0,-0.0721912853029294,0 days 00:11:03.673358
1363,RedGrid5,1,0.699184,-0.0478040746464429,-0.1137451436386027,-0.1137451436386027,0.0,-0.0721912853029294,0 days 00:11:04.415856
1364,RedGrid75,1,0.680971,-0.0427925771514544,-0.0914836517079673,-0.0914836517079673,0.0,-0.0649415965271386,0 days 00:11:00.243224
1365,ExpGrad.1,0,0.706583,-0.0821950873232641,-0.0997143898520859,-0.0997143898520859,-0.0723849725655783,-0.0722514899914277,0 days 00:02:39.465605
1366,ExpGrad.01,0,0.687647,-0.0148623041136479,-0.0192208077067139,-0.0192208077067139,-0.0134454834170661,-0.0118188348169686,0 days 00:06:30.956319
1367,RedGrid25,0,0.682987,-0.1152670897961439,-0.1500814194729786,-0.1500814194729786,-0.0961954672717898,-0.0952718005160196,0 days 00:09:16.138005
1368,RedGrid5,0,0.682987,-0.1152670897961439,-0.1500814194729786,-0.1500814194729786,-0.0961954672717898,-0.0952718005160196,0 days 00:09:16.675175
1369,RedGrid75,0,0.682987,-0.1152670897961439,-0.1500814194729786,-0.1500814194729786,-0.0961954672717898,-0.0952718005160196,0 days 00:09:13.890113
1370,ExpGrad.1,1,0.710827,-0.0262530936568349,-0.1113730241615098,-0.1113730241615098,-0.024768564410322,-0.0244624834590693,0 days 00:02:55.966709
1371,ExpGrad.01,1,0.582981,-2.041360207879976e-05,-0.0010539244422864,-0.0010539244422864,0.0,0.0,0 days 00:03:15.894251
1372,RedGrid25,1,0.701272,-0.0122273305239638,-0.1133383852579415,-0.1133383852579415,0.0,-0.0159162351952399,0 days 00:11:09.154665
1373,RedGrid5,1,0.701272,-0.0122273305239638,-0.1133383852579415,-0.1133383852579415,0.0,-0.0159162351952399,0 days 00:11:05.071055
1374,RedGrid75,1,0.701272,-0.0122273305239638,-0.1133383852579415,-0.1133383852579415,0.0,-0.0159162351952399,0 days 00:11:04.724237
1375,ExpGrad.1,2,0.703859,-0.048591414806335,-0.0903415443124079,-0.0903415443124079,-0.0600545665612448,-0.0043543522069964,0 days 00:02:45.600389
1376,ExpGrad.01,2,0.626961,-0.0112117619768559,-0.0223340614661875,-0.0156136112900595,-0.0223340614661875,0.0,0 days 00:03:49.833005
1377,RedGrid25,2,0.702383,-0.0574330431123734,-0.0955372050991099,-0.0955372050991099,-0.0937238912714321,0.0,0 days 00:10:40.848386
1378,RedGrid5,2,0.702383,-0.0574330431123734,-0.0955372050991099,-0.0955372050991099,-0.0937238912714321,0.0,0 days 00:10:47.995807
1379,RedGrid75,2,0.702383,-0.0574330431123734,-0.0955372050991099,-0.0955372050991099,-0.0937238912714321,0.0,0 days 00:10:44.365291
1380,ExpGrad.1,1,0.711777,-0.0452957253454263,-0.1220312476785159,-0.1220312476785159,-0.0484357035892369,-0.041254239676383,0 days 00:02:32.851512
1381,ExpGrad.01,1,0.604636,-0.0121036157959936,-0.0331701987370109,-0.0331701987370109,-0.0121609267794294,-0.0114400013882856,0 days 00:03:12.103583
1382,RedGrid25,1,0.705124,-0.0662433592653653,-0.1417081505071037,-0.1417081505071037,-0.0729527471502374,-0.0602620983740805,0 days 00:11:16.965006
1383,RedGrid5,1,0.705124,-0.0662433592653653,-0.1417081505071037,-0.1417081505071037,-0.0729527471502374,-0.0602620983740805,0 days 00:11:16.147210
1384,RedGrid75,1,0.705124,-0.0662433592653653,-0.1417081505071037,-0.1417081505071037,-0.0729527471502374,-0.0602620983740805,0 days 00:11:16.752218
1385,ExpGrad.1,0,0.706363,-0.0824741366369611,-0.0999724109213846,-0.0999724109213846,-0.0745276442860886,-0.0715134626177554,0 days 00:03:17.877310
1386,ExpGrad.01,0,0.686529,-0.0131196090587925,-0.0178907987933356,-0.0178907987933356,-0.0096282060783371,-0.0108625983243846,0 days 00:05:44.543410
1387,RedGrid25,0,0.686413,-0.1226638808191996,-0.1522843351597727,-0.1522843351597727,-0.1017092850554002,-0.1082538948323188,0 days 00:11:58.586027
1388,RedGrid5,0,0.686413,-0.1226638808191996,-0.1522843351597727,-0.1522843351597727,-0.1017092850554002,-0.1082538948323188,0 days 00:11:56.895351
1389,RedGrid75,0,0.686413,-0.1226638808191996,-0.1522843351597727,-0.1522843351597727,-0.1017092850554002,-0.1082538948323188,0 days 00:11:57.065027
1390,ExpGrad.1,2,0.69601,-0.0453119050240417,-0.0765816017061274,-0.0765816017061274,-0.0382350122641793,-0.0220577766319891,0 days 00:02:16.571936
1391,ExpGrad.01,2,0.62125,-0.0055621240535209,-0.0070452962454277,-0.0070452962454277,-0.0032010298768594,-0.0058053800909149,0 days 00:03:29.922452
1392,RedGrid25,2,0.727292,-0.0920884879848987,-0.1143002132267482,-0.1143002132267482,-0.1026610258609586,-0.0652019770808837,0 days 00:10:14.771595
1393,RedGrid5,2,0.659907,-0.0204745513384274,-0.0560739373926637,-0.0560739373926637,0.0,-0.0022542948338679,0 days 00:10:10.080027
1394,RedGrid75,2,0.659907,-0.0204745513384274,-0.0560739373926637,-0.0560739373926637,0.0,-0.0022542948338679,0 days 00:10:11.303829
1395,ExpGrad.1,1,0.70837,-0.0292167521774887,-0.1082652671656385,-0.1082652671656385,-0.0375705637775442,-0.0221703687771324,0 days 00:02:06.845765
1396,ExpGrad.01,1,0.589829,-0.0009859688361751,-0.0177464537628852,-0.0177464537628852,-0.0018390531406942,0.0,0 days 00:03:15.024334
1397,RedGrid25,1,0.69898,-0.009871698842897,-0.1115386876935811,-0.1115386876935811,0.0,-0.0122168420706086,0 days 00:12:12.121131
1398,RedGrid5,1,0.69898,-0.009871698842897,-0.1115386876935811,-0.1115386876935811,0.0,-0.0122168420706086,0 days 00:10:02.980952
1399,RedGrid75,1,0.69898,-0.009871698842897,-0.1115386876935811,-0.1115386876935811,0.0,-0.0122168420706086,0 days 00:09:48.118528
1400,ExpGrad.1,2,0.714997,-0.0601964271716362,-0.0919757642379075,-0.0919757642379075,-0.0473501742571687,-0.0402419828567847,0 days 00:01:53.023647
1401,ExpGrad.01,2,0.61913,-0.0064231365053404,-0.014489943539952,-0.014489943539952,-0.0052109238623592,0.0,0 days 00:02:28.923665
1402,RedGrid25,2,0.72487,-0.0819232234021555,-0.1063788229900568,-0.1063788229900568,-0.0745276716599973,-0.0649167833751682,0 days 00:08:18.845331
1403,RedGrid5,2,0.673785,-0.0280287643843063,-0.0470061512180834,-0.0470061512180834,0.0,-0.0296065649469591,0 days 00:08:33.729876
1404,RedGrid75,2,0.673785,-0.0280287643843063,-0.0470061512180834,-0.0470061512180834,0.0,-0.0296065649469591,0 days 00:08:36.853144
1405,ExpGrad.1,1,0.708265,-0.0172001168187919,-0.1039701092276013,-0.1039701092276013,-0.0274461029955265,-0.0088509093945933,0 days 00:03:33.007143
1406,ExpGrad.01,1,0.604195,-0.0002533175413629,-0.0130445448524941,-0.0130445448524941,0.0,0.0,0 days 00:02:46.081085
1407,RedGrid25,1,0.704815,-0.0598996244227182,-0.1399712315190107,-0.1399712315190107,-0.0652102072143582,-0.0544918553124181,0 days 00:12:06.068943
1408,RedGrid5,1,0.704815,-0.0598996244227182,-0.1399712315190107,-0.1399712315190107,-0.0652102072143582,-0.0544918553124181,0 days 00:12:04.899125
1409,RedGrid75,1,0.704815,-0.0598996244227182,-0.1399712315190107,-0.1399712315190107,-0.0652102072143582,-0.0544918553124181,0 days 00:11:51.102342
1410,ExpGrad.1,1,0.711535,-0.0496196903418417,-0.1337408652446976,-0.1337408652446976,-0.0546898833814998,-0.0441881045922509,0 days 00:01:45.493066
1411,ExpGrad.01,1,0.585166,-0.0021405422039018,-0.0080890003527804,-0.0080890003527804,0.0,-0.0031462839484365,0 days 00:02:36.118979
1412,RedGrid25,1,0.707033,-0.066594318525433,-0.1440394017410369,-0.1440394017410369,-0.0700321300696862,-0.0622778451779761,0 days 00:08:37.082846
1413,RedGrid5,1,0.707033,-0.066594318525433,-0.1440394017410369,-0.1440394017410369,-0.0700321300696862,-0.0622778451779761,0 days 00:09:01.756645
1414,RedGrid75,1,0.707033,-0.066594318525433,-0.1440394017410369,-0.1440394017410369,-0.0700321300696862,-0.0622778451779761,0 days 00:09:12.712861
1415,ExpGrad.1,1,0.711776,-0.0399962896159425,-0.1205626771786237,-0.1205626771786237,-0.0406452022628743,-0.0371479128267239,0 days 00:02:07.323185
1416,ExpGrad.01,1,0.609547,-0.0073161142437488,-0.0308560062031434,-0.0308560062031434,-0.0048575449470114,-0.0079532632372747,0 days 00:03:54.546184
1417,RedGrid25,1,0.700518,-0.0177672557450548,-0.1114843463983249,-0.1114843463983249,-0.0033616700400048,-0.0228659972297602,0 days 00:11:18.575055
1418,RedGrid5,1,0.700518,-0.0177672557450548,-0.1114843463983249,-0.1114843463983249,-0.0033616700400048,-0.0228659972297602,0 days 00:11:19.710721
1419,RedGrid75,1,0.700518,-0.0177672557450548,-0.1114843463983249,-0.1114843463983249,-0.0033616700400048,-0.0228659972297602,0 days 00:11:19.027321
1420,ExpGrad.1,0,0.706385,-0.0839794295806831,-0.1014293916255976,-0.1014293916255976,-0.0744551613998398,-0.0739692905468677,0 days 00:03:25.222947
1421,ExpGrad.01,0,0.688279,-0.0168245294686755,-0.0229615370632196,-0.0229615370632196,-0.0116099495403073,-0.0143333730030608,0 days 00:06:13.955935
1422,RedGrid25,0,0.683516,-0.0790772272436135,-0.109202183081066,-0.109202183081066,0.0,-0.0963659074889679,0 days 00:11:07.238321
1423,RedGrid5,0,0.662558,-0.0493565393162364,-0.1069410055069313,-0.1069410055069313,0.0,-0.0262175090433852,0 days 00:11:10.130507
1424,RedGrid75,0,0.662558,-0.0493565393162364,-0.1069410055069313,-0.1069410055069313,0.0,-0.0262175090433852,0 days 00:11:23.086458
1425,ExpGrad.1,1,0.711772,-0.0523787951020474,-0.1243563623471202,-0.1243563623471202,-0.0535717728304251,-0.0494876666138583,0 days 00:02:20.021187
1426,ExpGrad.01,1,0.587722,-0.0008113543757706,-0.0023208631126158,0.0,-0.0023208631126158,0.0,0 days 00:04:07.988178
1427,RedGrid25,1,0.699046,-0.0445839703954223,-0.1166049161261068,-0.1166049161261068,0.0,-0.0670587287750599,0 days 00:11:03.522295
1428,RedGrid5,1,0.699046,-0.0445839703954223,-0.1166049161261068,-0.1166049161261068,0.0,-0.0670587287750599,0 days 00:11:03.081038
1429,RedGrid75,1,0.699046,-0.0445839703954223,-0.1166049161261068,-0.1166049161261068,0.0,-0.0670587287750599,0 days 00:11:03.253121
1430,ExpGrad.1,1,0.711627,-0.0466475468698921,-0.1208745449082457,-0.1208745449082457,-0.064539905706491,-0.0344421647614265,0 days 00:01:42.123124
1431,ExpGrad.01,1,0.602175,-0.0049974526503235,-0.0209720362003299,-0.0209720362003299,-0.0078262411712606,-0.0029365475905647,0 days 00:02:48.081356
1432,RedGrid25,1,0.7057,-0.066138892006387,-0.1368514800797454,-0.1368514800797454,-0.0679715628843736,-0.0629351172610666,0 days 00:09:02.066581
1433,RedGrid5,1,0.7057,-0.066138892006387,-0.1368514800797454,-0.1368514800797454,-0.0679715628843736,-0.0629351172610666,0 days 00:08:44.094129
1434,RedGrid75,1,0.7057,-0.066138892006387,-0.1368514800797454,-0.1368514800797454,-0.0679715628843736,-0.0629351172610666,0 days 00:08:46.288741
1435,ExpGrad.1,1,0.709975,-0.0345639950566584,-0.1134748194087945,-0.1134748194087945,-0.0462921009224159,-0.0256024033968305,0 days 00:03:13.274300
1436,ExpGrad.01,1,0.596503,-0.0001210441038466,-0.0061624909933598,-0.0061624909933598,0.0,0.0,0 days 00:05:19.143037
1437,RedGrid25,1,0.705075,-0.0700684026889484,-0.1394448165881721,-0.1394448165881721,-0.0776146363896477,-0.063722825603642,0 days 00:14:29.700454
1438,RedGrid5,1,0.7006,-0.0122183285211462,-0.1110902188446448,-0.1110902188446448,-0.0012042746159021,-0.0152466620522113,0 days 00:14:41.571736
1439,RedGrid75,1,0.7006,-0.0122183285211462,-0.1110902188446448,-0.1110902188446448,-0.0012042746159021,-0.0152466620522113,0 days 00:14:21.663278
1440,ExpGrad.1,0,0.706296,-0.0817230195046494,-0.0990137350604635,-0.0990137350604635,-0.0735145850166376,-0.0711174747573897,0 days 00:03:16.294647
1441,ExpGrad.01,0,0.689368,-0.011534572540972,-0.0176267920238771,-0.0176267920238771,-0.0096687749401835,-0.0072296037183576,0 days 00:07:50.207116
1442,RedGrid25,0,0.6861,-0.1217622812018262,-0.1511382218977849,-0.1511382218977849,-0.1008203161659626,-0.1076172819152117,0 days 00:11:35.755207
1443,RedGrid5,0,0.6861,-0.1217622812018262,-0.1511382218977849,-0.1511382218977849,-0.1008203161659626,-0.1076172819152117,0 days 00:11:48.694210
1444,RedGrid75,0,0.667426,-0.0483513850350832,-0.105162379618261,-0.105162379618261,0.0,-0.0253423982723923,0 days 00:11:50.371140
1445,ExpGrad.1,1,0.70953,-0.0219194276853046,-0.0985377754333435,-0.0985377754333435,-0.0202173775993798,-0.0204612652293678,0 days 00:03:00.056699
1446,ExpGrad.01,1,0.592476,-0.000304557741408,-0.0124857436528488,-0.0124857436528488,-0.0001651679455985,0.0,0 days 00:03:26.822887
1447,RedGrid25,1,0.706057,-0.0568379866017148,-0.1257233968152435,-0.1257233968152435,-0.0636458187989769,-0.0509051118855312,0 days 00:11:03.149633
1448,RedGrid5,1,0.699877,-0.0017601703891454,-0.0890411914462545,-0.0890411914462545,0.0,0.0,0 days 00:11:04.571210
1449,RedGrid75,1,0.699877,-0.0017601703891454,-0.0890411914462545,-0.0890411914462545,0.0,0.0,0 days 00:11:04.067739
1450,ExpGrad.1,2,0.702514,-0.0552551767893799,-0.0908934300826866,-0.0908934300826866,-0.0126632831283108,-0.0521648313064995,0 days 00:02:16.511378
1451,ExpGrad.01,2,0.613625,-0.0044432736173069,-0.0114511071553983,-0.0114511071553983,-0.0018261832521359,0.0,0 days 00:02:29.914533
1452,RedGrid25,2,0.71212,-0.0727247214693098,-0.1171770836356265,-0.1171770836356265,-0.0222007232715746,-0.0671369566535315,0 days 00:10:36.140659
1453,RedGrid5,2,0.679748,-0.0325041343234788,-0.0748967224416903,-0.0748967224416903,0.0,-0.0167313216619546,0 days 00:10:35.287015
1454,RedGrid75,2,0.67662,-0.02985612109037,-0.0713190032180622,-0.0713190032180622,0.0,-0.0131401600993595,0 days 00:10:34.931225
1455,ExpGrad.1,0,0.70625,-0.0787946282968944,-0.0967701227765414,-0.0967701227765414,-0.0667859457149046,-0.0696488578955096,0 days 00:02:21.421321
1456,ExpGrad.01,0,0.689406,-0.0135795046960985,-0.0198482717262713,-0.0198482717262713,-0.0106988216582452,-0.0096686133698894,0 days 00:05:28.768575
1457,RedGrid25,0,0.682649,-0.1146218844617267,-0.1487536132256682,-0.1487536132256682,-0.0950430205356064,-0.0954772601830441,0 days 00:08:53.695089
1458,RedGrid5,0,0.682649,-0.1146218844617267,-0.1487536132256682,-0.1487536132256682,-0.0950430205356064,-0.0954772601830441,0 days 00:09:40.672067
1459,RedGrid75,0,0.682649,-0.1146218844617267,-0.1487536132256682,-0.1487536132256682,-0.0950430205356064,-0.0954772601830441,0 days 00:09:29.646933
1460,ExpGrad.1,0,0.7064,-0.0803459659718524,-0.098961178640635,-0.098961178640635,-0.0705374224317829,-0.0694191301859565,0 days 00:03:20.470812
1461,ExpGrad.01,0,0.686548,-0.0066407428689467,-0.0144486919398141,-0.0144486919398141,-0.0044118705905132,-0.0010134186188893,0 days 00:06:54.541041
1462,RedGrid25,0,0.686167,-0.1229737662694509,-0.153354682678848,-0.153354682678848,-0.1028864608605587,-0.1074000845086307,0 days 00:12:22.924064
1463,RedGrid5,0,0.686167,-0.1229737662694509,-0.153354682678848,-0.153354682678848,-0.1028864608605587,-0.1074000845086307,0 days 00:12:23.963109
1464,RedGrid75,0,0.667324,-0.050578867518312,-0.1090731426776377,-0.1090731426776377,0.0,-0.0271870011040864,0 days 00:12:24.415533
1465,ExpGrad.1,2,0.714757,-0.058062018407762,-0.1075167104730223,-0.1075167104730223,-0.0495807688684078,-0.0195393068774472,0 days 00:02:50.583418
1466,ExpGrad.01,2,0.616883,-0.0104985567058359,-0.0245235996784324,-0.0245235996784324,-0.0049081071568873,-0.0017048842605223,0 days 00:04:17.424875
1467,RedGrid25,2,0.729758,-0.0930209720010442,-0.1238462337869247,-0.1238462337869247,-0.1045884452859049,-0.0577332667827893,0 days 00:16:16.705351
1468,RedGrid5,2,0.706204,-0.0555825697500481,-0.0966706048982441,-0.0966706048982441,-0.0837748243679429,0.0,0 days 00:16:16.008486
1469,RedGrid75,2,0.659117,-0.0147201532063698,-0.0422116685437631,-0.0422116685437631,0.0,0.0,0 days 00:16:16.257061
1470,ExpGrad.1,2,0.710941,-0.0552782537939466,-0.0905118009407371,-0.0905118009407371,-0.0205260354022418,-0.0468818383044176,0 days 00:03:07.578405
1471,ExpGrad.01,2,0.630979,-0.0074449897146286,-0.0109947915854008,-0.0109947915854008,-0.0068454625314935,-0.0046531903339618,0 days 00:03:40.163822
1472,RedGrid25,2,0.695505,-0.0480625292490947,-0.0879900167030859,-0.0879900167030859,0.0,-0.0443684173374008,0 days 00:14:11.468589
1473,RedGrid5,2,0.677583,-0.0365705972499895,-0.057685293033823,-0.057685293033823,0.0,-0.0420965434840557,0 days 00:14:09.900003
1474,RedGrid75,2,0.593014,-0.0027765983284424,-0.0106426458704988,0.0,-0.0106426458704988,0.0,0 days 00:14:09.867000
1475,ExpGrad.1,1,0.707132,-0.0202907977497707,-0.1161138035343152,-0.1161138035343152,-0.0324537848032756,-0.0105937890114855,0 days 00:03:04.290818
1476,ExpGrad.01,1,0.606288,-0.0004528401049849,-0.0230933418222091,-0.0230933418222091,0.0,0.0,0 days 00:03:21.352072
1477,RedGrid25,1,0.699328,-0.0145508844579068,-0.118784321274071,-0.118784321274071,-0.0058616657549471,-0.016115697848549,0 days 00:12:07.430630
1478,RedGrid5,1,0.699328,-0.0145508844579068,-0.118784321274071,-0.118784321274071,-0.0058616657549471,-0.016115697848549,0 days 00:12:18.872693
1479,RedGrid75,1,0.699328,-0.0145508844579068,-0.118784321274071,-0.118784321274071,-0.0058616657549471,-0.016115697848549,0 days 00:12:20.078489
1480,ExpGrad.1,0,0.706935,-0.0817176561007821,-0.0988138957842642,-0.0988138957842642,-0.0738953200555126,-0.071017674664923,0 days 00:03:24.112178
1481,ExpGrad.01,0,0.686076,-0.0089429185830889,-0.0141455383140667,-0.0141455383140667,-0.009494298132629,-0.0040660088837716,0 days 00:08:52.782908
1482,RedGrid25,0,0.683012,-0.1138599368728399,-0.1482320486018853,-0.1482320486018853,-0.0953678891423314,-0.0938761866230679,0 days 00:13:27.216881
1483,RedGrid5,0,0.683012,-0.1138599368728399,-0.1482320486018853,-0.1482320486018853,-0.0953678891423314,-0.0938761866230679,0 days 00:13:25.999109
1484,RedGrid75,0,0.683012,-0.1138599368728399,-0.1482320486018853,-0.1482320486018853,-0.0953678891423314,-0.0938761866230679,0 days 00:13:25.782777
1485,ExpGrad.1,1,0.711569,-0.0309277022632806,-0.1239648570033801,-0.1239648570033801,-0.0301924411406392,-0.0284632290068629,0 days 00:02:00.791716
1486,ExpGrad.01,1,0.602387,-0.001242702272593,-0.0233981565630418,-0.0233981565630418,-0.0022524805301599,0.0,0 days 00:02:25.579847
1487,RedGrid25,1,0.699039,-0.0147272852244795,-0.1215397200086617,-0.1215397200086617,-0.006109565395698,-0.0162005880623535,0 days 00:07:52.657266
1488,RedGrid5,1,0.699039,-0.0147272852244795,-0.1215397200086617,-0.1215397200086617,-0.006109565395698,-0.0162005880623535,0 days 00:07:50.918073
1489,RedGrid75,1,0.699039,-0.0147272852244795,-0.1215397200086617,-0.1215397200086617,-0.006109565395698,-0.0162005880623535,0 days 00:07:50.475131
1490,ExpGrad.1,1,0.712122,-0.0420191581177063,-0.1102576354879053,-0.1102576354879053,-0.0376581560884454,-0.0423106874186426,0 days 00:02:36.597109
1491,ExpGrad.01,1,0.610438,-0.0091722209913562,-0.0164882039269714,-0.0164882039269714,-0.0122294126427149,-0.0072576138931613,0 days 00:02:36.974043
1492,RedGrid25,1,0.706402,-0.0603561458832323,-0.1289690976495571,-0.1289690976495571,-0.0593178441491724,-0.0588017401052836,0 days 00:08:26.776389
1493,RedGrid5,1,0.706402,-0.0603561458832323,-0.1289690976495571,-0.1289690976495571,-0.0593178441491724,-0.0588017401052836,0 days 00:08:25.737620
1494,RedGrid75,1,0.706402,-0.0603561458832323,-0.1289690976495571,-0.1289690976495571,-0.0593178441491724,-0.0588017401052836,0 days 00:08:27.448609
1495,ExpGrad.1,0,0.706054,-0.0832260555648334,-0.0999701797885179,-0.0999701797885179,-0.0738280620541091,-0.0737756978563796,0 days 00:03:10.370803
1496,ExpGrad.01,0,0.683666,-0.0151756492352152,-0.0205518043952024,-0.0205518043952024,-0.012711887570009,-0.0118350073061807,0 days 00:04:50.575559
1497,RedGrid25,0,0.686894,-0.0781589809195049,-0.1109732936953098,-0.1109732936953098,-0.0018327897760861,-0.0916768330499399,0 days 00:11:11.956605
1498,RedGrid5,0,0.686894,-0.0781589809195049,-0.1109732936953098,-0.1109732936953098,-0.0018327897760861,-0.0916768330499399,0 days 00:11:12.162690
1499,RedGrid75,0,0.686894,-0.0781589809195049,-0.1109732936953098,-0.1109732936953098,-0.0018327897760861,-0.0916768330499399,0 days 00:11:11.817122
