,method,k_set,accuracy,mean_unfairness,max_unfairness,A_unfairness,B_unfairness,C_unfairness,runtime
0,ExpGrad.1,2,0.723832,-0.0773715744409071,-0.1029283368252585,-0.1029283368252585,-0.0634106968552145,-0.0645401746233054,0 days 00:03:57.655240
1,ExpGrad.01,2,0.630681,-0.0102604868938217,-0.012466163432582,-0.012466163432582,-0.0120161985042019,-0.0071774001869461,0 days 00:04:17.767056
2,RedGrid25,2,0.711975,-0.0552286097245242,-0.0929458943541666,-0.0929458943541666,-0.0693826441379356,-0.0130971053837334,0 days 00:14:09.482002
3,RedGrid5,2,0.678183,-0.0326316105419405,-0.0525937633097409,-0.0525937633097409,0.0,-0.0371079263196859,0 days 00:16:09.234500
4,RedGrid75,2,0.678183,-0.0326316105419405,-0.0525937633097409,-0.0525937633097409,0.0,-0.0371079263196859,0 days 00:14:56.870297
5,ExpGrad.1,2,0.710305,-0.049465236333571,-0.0783988510884777,-0.0783988510884777,-0.0340028038547939,-0.0339218113069011,0 days 00:02:01.132056
6,ExpGrad.01,2,0.626482,-0.0065632857692147,-0.0087216908583863,-0.0056512525897753,-0.0087216908583863,-0.0059279103931429,0 days 00:02:24.083532
7,RedGrid25,2,0.724237,-0.0736752431596257,-0.0986301256745272,-0.0986301256745272,-0.0733383364884794,-0.0515149627232708,0 days 00:10:54.135838
8,RedGrid5,2,0.692483,-0.0352650574472792,-0.0721995796471349,-0.0721995796471349,0.0,-0.02587993707941,0 days 00:10:54.929812
9,RedGrid75,2,0.692483,-0.0352650574472792,-0.0721995796471349,-0.0721995796471349,0.0,-0.02587993707941,0 days 00:10:53.286029
10,ExpGrad.1,0,0.706451,-0.0831117421892175,-0.1003920663770184,-0.1003920663770184,-0.0743469375632236,-0.0727739749831982,0 days 00:03:19.519522
11,ExpGrad.01,0,0.684828,-0.0128647625844032,-0.0174708447033495,-0.0174708447033495,-0.0089274982261973,-0.0109934459943273,0 days 00:05:58.385117
12,RedGrid25,0,0.682528,-0.1166717534318221,-0.1505490686212142,-0.1505490686212142,-0.0955578227250156,-0.0985760368214291,0 days 00:12:22.561620
13,RedGrid5,0,0.682528,-0.1166717534318221,-0.1505490686212142,-0.1505490686212142,-0.0955578227250156,-0.0985760368214291,0 days 00:12:25.144864
14,RedGrid75,0,0.682528,-0.1166717534318221,-0.1505490686212142,-0.1505490686212142,-0.0955578227250156,-0.0985760368214291,0 days 00:12:22.084051
15,ExpGrad.1,1,0.709968,-0.0271457136877749,-0.1064417490830613,-0.1064417490830613,-0.0294334309188394,-0.0233971559065689,0 days 00:03:40.999149
16,ExpGrad.01,1,0.598787,-0.0027330228877452,-0.0179295009460369,-0.0179295009460369,-0.0068005149452604,0.0,0 days 00:04:00.478485
17,RedGrid25,1,0.705679,-0.062800442213859,-0.1341973630670337,-0.1341973630670337,-0.0650233108722523,-0.0593347869476074,0 days 00:13:56.180760
18,RedGrid5,1,0.70022,-0.0066900757259806,-0.0994467102834354,-0.0994467102834354,0.0,-0.0075047106378579,0 days 00:13:46.012933
19,RedGrid75,1,0.70022,-0.0066900757259806,-0.0994467102834354,-0.0994467102834354,0.0,-0.0075047106378579,0 days 00:13:49.459253
20,ExpGrad.1,2,0.716865,-0.0632611564033095,-0.0902207363603622,-0.0902207363603622,-0.0613481793329412,-0.0402797197867603,0 days 00:01:48.817397
21,ExpGrad.01,2,0.632347,-0.0113456414592375,-0.0168619894416457,-0.0130837360139089,-0.0168619894416457,-0.006107397731047,0 days 00:02:14.540233
22,RedGrid25,2,0.718869,-0.0826337795940118,-0.0930402294990192,-0.0886831946815313,-0.0930402294990192,-0.0702592926981183,0 days 00:08:32.022425
23,RedGrid5,2,0.696571,-0.042737949137025,-0.0946773667500703,-0.0946773667500703,-0.0143030517760573,-0.0149484169856826,0 days 00:08:33.942373
24,RedGrid75,2,0.627735,-0.0193679099157732,-0.0315381653612214,-0.0034752484043674,-0.0225632873878887,-0.0315381653612214,0 days 00:08:23.629303
25,ExpGrad.1,1,0.712164,-0.0293380202834899,-0.1108483008574632,-0.1108483008574632,-0.0229123419220088,-0.0303772498361876,0 days 00:04:05.433377
26,ExpGrad.01,1,0.606055,-0.0002116884658785,-0.0108293662148877,-0.0108293662148877,0.0,0.0,0 days 00:06:48.910960
27,RedGrid25,1,0.699118,-0.0018370397566535,-0.0939776108894048,-0.0939776108894048,0.0,0.0,0 days 00:15:22.061400
28,RedGrid5,1,0.699118,-0.0018370397566535,-0.0939776108894048,-0.0939776108894048,0.0,0.0,0 days 00:15:19.812532
29,RedGrid75,1,0.699118,-0.0018370397566535,-0.0939776108894048,-0.0939776108894048,0.0,0.0,0 days 00:15:18.373506
30,ExpGrad.1,2,0.709023,-0.0532181946669221,-0.0789854467328408,-0.0789854467328408,-0.0403091918316201,-0.03895988261424,0 days 00:03:03.172737
31,ExpGrad.01,2,0.624068,-0.0081648321663936,-0.0118677554851027,-0.0118677554851027,-0.0042458570221597,-0.0074884253832936,0 days 00:03:44.609762
32,RedGrid25,2,0.680182,-0.022494964052625,-0.0645203420887028,-0.0645203420887028,0.0,-0.0001984997368323,0 days 00:11:04.245303
33,RedGrid5,2,0.680182,-0.022494964052625,-0.0645203420887028,-0.0645203420887028,0.0,-0.0001984997368323,0 days 00:11:50.165400
34,RedGrid75,2,0.680182,-0.022494964052625,-0.0645203420887028,-0.0645203420887028,0.0,-0.0001984997368323,0 days 00:11:10.242734
35,ExpGrad.1,0,0.706798,-0.0835626284370684,-0.0998243486489571,-0.0998243486489571,-0.0756886080319665,-0.0736111821450505,0 days 00:02:59.008874
36,ExpGrad.01,0,0.686759,-0.0128760839631793,-0.0169670602479364,-0.0169670602479364,-0.0099261994423444,-0.0109102229797052,0 days 00:07:20.666332
37,RedGrid25,0,0.686591,-0.1252488649447928,-0.1540179495268507,-0.1540179495268507,-0.1045418061892532,-0.1114034836515432,0 days 00:12:22.312616
38,RedGrid5,0,0.686591,-0.1252488649447928,-0.1540179495268507,-0.1540179495268507,-0.1045418061892532,-0.1114034836515432,0 days 00:12:20.640310
39,RedGrid75,0,0.668155,-0.0528771757425039,-0.1093636675840986,-0.1093636675840986,-0.0019958661274174,-0.0313651899043336,0 days 00:12:56.623579
40,ExpGrad.1,0,0.70726,-0.0830837690652679,-0.100252743693377,-0.100252743693377,-0.0744448652928425,-0.0727646209231432,0 days 00:03:02.461571
41,ExpGrad.01,0,0.688902,-0.0150540185940161,-0.019743600841982,-0.019743600841982,-0.0124626287898641,-0.0123636277686763,0 days 00:07:02.390356
42,RedGrid25,0,0.686842,-0.0827456185152194,-0.1153233678945441,-0.1153233678945441,-0.0063443682955338,-0.096366074088254,0 days 00:11:07.485927
43,RedGrid5,0,0.686842,-0.0827456185152194,-0.1153233678945441,-0.1153233678945441,-0.0063443682955338,-0.096366074088254,0 days 00:11:06.698295
44,RedGrid75,0,0.664073,-0.0562449839294669,-0.1141410453210419,-0.1141410453210419,0.0,-0.0364483102727993,0 days 00:11:06.411973
45,ExpGrad.1,1,0.711557,-0.0411549748468113,-0.1076663948800286,-0.1076663948800286,-0.0474804087972835,-0.0356020192526842,0 days 00:02:47.362741
46,ExpGrad.01,1,0.583259,-0.0008387408560722,-0.0033449980545053,-0.0033449980545053,-0.0022172833624776,0.0,0 days 00:03:54.400748
47,RedGrid25,1,0.70588,-0.0719518496511775,-0.1354526149439452,-0.1354526149439452,-0.0781049229835958,-0.0665873319004799,0 days 00:11:55.620332
48,RedGrid5,1,0.701423,-0.0130537728709992,-0.1006032709723414,-0.1006032709723414,0.0,-0.017548223529206,0 days 00:11:50.401620
49,RedGrid75,1,0.701423,-0.0130537728709992,-0.1006032709723414,-0.1006032709723414,0.0,-0.017548223529206,0 days 00:13:03.386587
50,ExpGrad.1,2,0.71323,-0.0609356438676948,-0.0947756818100123,-0.0947756818100123,-0.0428693463695488,-0.04263645964832,0 days 00:01:58.060974
51,ExpGrad.01,2,0.627199,-0.0110640649288382,-0.0144149181927319,-0.0144149181927319,-0.0093203325232756,-0.0092223776047761,0 days 00:04:31.852118
52,RedGrid25,2,0.729645,-0.1033673852693719,-0.1208609922001223,-0.1208609922001223,-0.1109870598861598,-0.0827657592073446,0 days 00:10:05.404286
53,RedGrid5,2,0.695265,-0.0425364663050742,-0.0970029701149108,-0.0970029701149108,0.0,-0.0219252936793402,0 days 00:10:07.264475
54,RedGrid75,2,0.674122,-0.026073189500496,-0.0705682612006061,-0.0705682612006061,0.0,-0.0035354296861317,0 days 00:10:12.292510
55,ExpGrad.1,2,0.71972,-0.0681278097688934,-0.0978305525561006,-0.0978305525561006,-0.0646072814698768,-0.0441507164786109,0 days 00:03:53.585225
56,ExpGrad.01,2,0.626729,-0.0070331377881325,-0.0120094894916905,-0.0066171333375349,0.0,-0.0120094894916905,0 days 00:05:08.326227
57,RedGrid25,2,0.71711,-0.0706543505839699,-0.0978238252811432,-0.0978238252811432,-0.0790432060104778,-0.0411157023051484,0 days 00:14:29.065188
58,RedGrid5,2,0.668624,-0.0155656479318936,-0.0446815660898449,-0.0446815660898449,0.0,0.0,0 days 00:14:26.950792
59,RedGrid75,2,0.645116,-0.0176187260753321,-0.0450932541869952,-0.0171858473869002,-0.0450932541869952,0.0,0 days 00:14:24.463060
60,ExpGrad.1,1,0.709941,-0.0313288668856318,-0.1150376797247614,-0.1150376797247614,-0.03656692506044,-0.0258383767926694,0 days 00:02:58.159000
61,ExpGrad.01,1,0.587545,-0.0087551884852225,-0.0234264060770051,-0.0234264060770051,-0.0099296484078064,-0.007651394884797,0 days 00:02:55.362196
62,RedGrid25,1,0.705092,-0.0705374950272987,-0.1419687042558619,-0.1419687042558619,-0.0773919176487665,-0.064536316280809,0 days 00:14:06.270046
63,RedGrid5,1,0.705092,-0.0705374950272987,-0.1419687042558619,-0.1419687042558619,-0.0773919176487665,-0.064536316280809,0 days 00:14:08.067085
64,RedGrid75,1,0.705092,-0.0705374950272987,-0.1419687042558619,-0.1419687042558619,-0.0773919176487665,-0.064536316280809,0 days 00:13:59.873197
65,ExpGrad.1,0,0.707309,-0.0813832918691038,-0.0985543867577525,-0.0985543867577525,-0.0744441247205414,-0.0701902155961928,0 days 00:03:29.530796
66,ExpGrad.01,0,0.687149,-0.0124416070986151,-0.018137651151789,-0.018137651151789,-0.0098978704164806,-0.0088624700701567,0 days 00:06:52.537619
67,RedGrid25,0,0.684476,-0.0805890439538573,-0.1109890615914205,-0.1109890615914205,-0.0017315186495759,-0.0976187910134581,0 days 00:11:16.717909
68,RedGrid5,0,0.684476,-0.0805890439538573,-0.1109890615914205,-0.1109890615914205,-0.0017315186495759,-0.0976187910134581,0 days 00:11:22.016655
69,RedGrid75,0,0.661192,-0.0486341646841409,-0.1050026066044041,-0.1050026066044041,0.0,-0.0261999764718301,0 days 00:11:22.798696
70,ExpGrad.1,0,0.70631,-0.081515969772264,-0.0999623251345925,-0.0999623251345925,-0.0718840659298659,-0.0706748248058583,0 days 00:02:32.285508
71,ExpGrad.01,0,0.686626,-0.0121546614507186,-0.0173354918354508,-0.0173354918354508,-0.0110916809455167,-0.008196611205797,0 days 00:04:27.515888
72,RedGrid25,0,0.682133,-0.1134984805901848,-0.1490398177466795,-0.1490398177466795,-0.0921553526812254,-0.0941590694433269,0 days 00:09:55.773255
73,RedGrid5,0,0.682133,-0.1134984805901848,-0.1490398177466795,-0.1490398177466795,-0.0921553526812254,-0.0941590694433269,0 days 00:09:59.910367
74,RedGrid75,0,0.682133,-0.1134984805901848,-0.1490398177466795,-0.1490398177466795,-0.0921553526812254,-0.0941590694433269,0 days 00:09:43.306292
75,ExpGrad.1,2,0.717652,-0.0717196206455383,-0.0981655130460158,-0.0981655130460158,-0.0747440931955967,-0.0460926498398041,0 days 00:02:37.197509
76,ExpGrad.01,2,0.63581,-0.0117947705134917,-0.0150880505471266,-0.0129332602276643,-0.0053917361395876,-0.0150880505471266,0 days 00:05:41.572170
77,RedGrid25,2,0.716668,-0.078901574010391,-0.0907147801530129,-0.0907147801530129,-0.0827519745706457,-0.0657722214094023,0 days 00:14:06.754578
78,RedGrid5,2,0.657901,-0.0124189971110167,-0.0357089213036832,-0.0357089213036832,0.0,0.0,0 days 00:14:02.257340
79,RedGrid75,2,0.657901,-0.0124189971110167,-0.0357089213036832,-0.0357089213036832,0.0,0.0,0 days 00:13:54.224312
80,ExpGrad.1,0,0.706797,-0.0838199621126086,-0.1006862249973078,-0.1006862249973078,-0.0754381101027192,-0.073643212809495,0 days 00:03:49.814506
81,ExpGrad.01,0,0.686268,-0.0129406339946936,-0.0174955991458657,-0.0174955991458657,-0.0035124627755124,-0.0141684072129689,0 days 00:08:29.047759
82,RedGrid25,0,0.693378,-0.0371802002963105,-0.0449422653053216,-0.0393607207648897,-0.0197395536171722,-0.0449422653053216,0 days 00:16:37.326886
83,RedGrid5,0,0.693378,-0.0371802002963105,-0.0449422653053216,-0.0393607207648897,-0.0197395536171722,-0.0449422653053216,0 days 00:16:44.308873
84,RedGrid75,0,0.693378,-0.0371802002963105,-0.0449422653053216,-0.0393607207648897,-0.0197395536171722,-0.0449422653053216,0 days 00:16:34.829447
85,ExpGrad.1,0,0.706746,-0.083558205361377,-0.1011404563380549,-0.1011404563380549,-0.0756234802784234,-0.0725670221849628,0 days 00:02:34.474842
86,ExpGrad.01,0,0.686328,-0.012979057136376,-0.0185165755220314,-0.0185165755220314,-0.0093950947683392,-0.01011727905671,0 days 00:06:43.822503
87,RedGrid25,0,0.695255,-0.0388456419034898,-0.0441516249493505,-0.0426554552789368,-0.0232228937691396,-0.0441516249493505,0 days 00:10:02.734230
88,RedGrid5,0,0.695255,-0.0388456419034898,-0.0441516249493505,-0.0426554552789368,-0.0232228937691396,-0.0441516249493505,0 days 00:09:57.665980
89,RedGrid75,0,0.695255,-0.0388456419034898,-0.0441516249493505,-0.0426554552789368,-0.0232228937691396,-0.0441516249493505,0 days 00:09:59.379207
90,ExpGrad.1,2,0.709984,-0.04978023133244,-0.085875974975761,-0.085875974975761,-0.0406607446908903,-0.0239514176591679,0 days 00:03:44.488925
91,ExpGrad.01,2,0.626861,-0.0034774141801383,-0.0100710992623099,-0.0100710992623099,0.0,0.0,0 days 00:04:54.117772
92,RedGrid25,2,0.707952,-0.0578671172780118,-0.0934865829698878,-0.0934865829698878,-0.082702113273662,-0.0092048558346107,0 days 00:11:30.756302
93,RedGrid5,2,0.667998,-0.0213322168290328,-0.0617812150181549,-0.0617812150181549,0.0,0.0,0 days 00:11:42.285739
94,RedGrid75,2,0.659938,-0.0209559514651308,-0.0606914955793633,-0.0606914955793633,0.0,0.0,0 days 00:11:41.391911
95,ExpGrad.1,0,0.707084,-0.0828685625116722,-0.1014489015233817,-0.1014489015233817,-0.0722403991773644,-0.0724712915146333,0 days 00:03:06.669519
96,ExpGrad.01,0,0.684944,-0.0094101699812302,-0.0157800372335183,-0.0157800372335183,-0.0024825139544657,-0.0076669006758247,0 days 00:07:16.971738
97,RedGrid25,0,0.683341,-0.1176770759142536,-0.1530718034826051,-0.1530718034826051,-0.0962455106051103,-0.0985281067243923,0 days 00:12:29.394687
98,RedGrid5,0,0.683341,-0.1176770759142536,-0.1530718034826051,-0.1530718034826051,-0.0962455106051103,-0.0985281067243923,0 days 00:12:44.194573
99,RedGrid75,0,0.683341,-0.1176770759142536,-0.1530718034826051,-0.1530718034826051,-0.0962455106051103,-0.0985281067243923,0 days 00:12:47.428883
100,ExpGrad.1,1,0.710748,-0.0257097239195302,-0.1131093811118852,-0.1131093811118852,-0.0150976559634357,-0.0288116531710435,0 days 00:02:37.489948
101,ExpGrad.01,1,0.574569,-0.0053145633735083,-0.0084060360480616,0.0,0.0,-0.0084060360480616,0 days 00:02:32.070663
102,RedGrid25,1,0.707635,-0.0605247112591489,-0.14112581306214,-0.14112581306214,-0.0645930325328122,-0.0557601023689456,0 days 00:11:42.677808
103,RedGrid5,1,0.699323,-0.0018561524562547,-0.0936962832958599,-0.0936962832958599,0.0,0.0,0 days 00:12:41.919677
104,RedGrid75,1,0.699323,-0.0018561524562547,-0.0936962832958599,-0.0936962832958599,0.0,0.0,0 days 00:12:42.288188
105,ExpGrad.1,0,0.70623,-0.0720639936744036,-0.0912795032089294,-0.0912795032089294,-0.0574194928839753,-0.0633452377065407,0 days 00:02:46.043534
106,ExpGrad.01,0,0.686839,-0.0086928139481788,-0.0140728064881789,-0.0140728064881789,-0.0025913985355806,-0.0073616341995935,0 days 00:07:20.150488
107,RedGrid25,0,0.682731,-0.1131760353084425,-0.1483584044145541,-0.1483584044145541,-0.0934748447698958,-0.0932681355727336,0 days 00:09:22.631919
108,RedGrid5,0,0.682731,-0.1131760353084425,-0.1483584044145541,-0.1483584044145541,-0.0934748447698958,-0.0932681355727336,0 days 00:09:31.466504
109,RedGrid75,0,0.682731,-0.1131760353084425,-0.1483584044145541,-0.1483584044145541,-0.0934748447698958,-0.0932681355727336,0 days 00:09:30.764812
110,ExpGrad.1,1,0.711788,-0.048844299700548,-0.1268868650341791,-0.1268868650341791,-0.0455071641056109,-0.0482575947926621,0 days 00:02:36.001221
111,ExpGrad.01,1,0.612934,-0.0018777460689996,-0.02207735625295,-0.02207735625295,-0.0040210409149858,-5.886417685047052e-05,0 days 00:03:36.389039
112,RedGrid25,1,0.706118,-0.0561410542304641,-0.1334936167744111,-0.1334936167744111,-0.0614757967231603,-0.0507684246081889,0 days 00:11:21.320923
113,RedGrid5,1,0.706118,-0.0561410542304641,-0.1334936167744111,-0.1334936167744111,-0.0614757967231603,-0.0507684246081889,0 days 00:11:20.968944
114,RedGrid75,1,0.706118,-0.0561410542304641,-0.1334936167744111,-0.1334936167744111,-0.0614757967231603,-0.0507684246081889,0 days 00:11:20.556677
115,ExpGrad.1,1,0.710606,-0.0262448295168596,-0.1100792856463563,-0.1100792856463563,-0.0310259511077161,-0.0209932102190891,0 days 00:02:42.668704
116,ExpGrad.01,1,0.5558,-0.0014064143336314,-0.0104119124693503,-0.0104119124693503,-0.0034363908150801,0.0,0 days 00:01:52.113555
117,RedGrid25,1,0.705406,-0.0639266544448398,-0.1403794601656157,-0.1403794601656157,-0.068507963766799,-0.0590145935954249,0 days 00:12:14.914593
118,RedGrid5,1,0.69998,-0.0065899059681925,-0.1047601194563818,-0.1047601194563818,0.0,-0.0072104749394618,0 days 00:12:22.235394
119,RedGrid75,1,0.69998,-0.0065899059681925,-0.1047601194563818,-0.1047601194563818,0.0,-0.0072104749394618,0 days 00:12:27.763334
120,ExpGrad.1,0,0.707131,-0.0758709197060331,-0.0949731079602961,-0.0949731079602961,-0.0639776300631792,-0.0656886566079565,0 days 00:03:15.569480
121,ExpGrad.01,0,0.685477,-0.0076452878202835,-0.014963923097867,-0.014963923097867,-0.002821046345991,-0.0038924652305594,0 days 00:07:01.713381
122,RedGrid25,0,0.697536,-0.0621095511137781,-0.0743352560073663,-0.0584698484333152,-0.0743352560073663,-0.0585287532911082,0 days 00:11:57.899093
123,RedGrid5,0,0.697536,-0.0621095511137781,-0.0743352560073663,-0.0584698484333152,-0.0743352560073663,-0.0585287532911082,0 days 00:11:57.330545
124,RedGrid75,0,0.697536,-0.0621095511137781,-0.0743352560073663,-0.0584698484333152,-0.0743352560073663,-0.0585287532911082,0 days 00:11:57.755670
125,ExpGrad.1,1,0.70875,-0.0279454647710867,-0.1102761077999248,-0.1102761077999248,-0.0321126738379206,-0.0231038468800961,0 days 00:04:28.737335
126,ExpGrad.01,1,0.590374,-8.345768502118234e-05,-0.0042960914138326,-0.0042960914138326,0.0,0.0,0 days 00:03:34.532997
127,RedGrid25,1,0.699032,-0.0071110097278719,-0.1064702148750891,-0.1064702148750891,0.0,-0.0079900489118688,0 days 00:14:35.574216
128,RedGrid5,1,0.699032,-0.0071110097278719,-0.1064702148750891,-0.1064702148750891,0.0,-0.0079900489118688,0 days 00:14:34.762339
129,RedGrid75,1,0.699032,-0.0071110097278719,-0.1064702148750891,-0.1064702148750891,0.0,-0.0079900489118688,0 days 00:14:32.409991
130,ExpGrad.1,2,0.696633,-0.0461135360897493,-0.0823607726066715,-0.0823607726066715,-0.0495269746000415,-0.0115583765221322,0 days 00:02:37.781414
131,ExpGrad.01,2,0.619832,-0.003227305492164,-0.0089643574135426,-0.0089643574135426,-0.0003582731787061,0.0,0 days 00:03:11.462311
132,RedGrid25,2,0.728552,-0.0978379491358056,-0.1251687052095683,-0.1251687052095683,-0.0992435203123005,-0.0725512316888961,0 days 00:10:57.643381
133,RedGrid5,2,0.668055,-0.0230633650064496,-0.0659509858083333,-0.0659509858083333,0.0,0.0,0 days 00:11:05.924003
134,RedGrid75,2,0.668055,-0.0230633650064496,-0.0659509858083333,-0.0659509858083333,0.0,0.0,0 days 00:11:09.027802
135,ExpGrad.1,2,0.721568,-0.0729482059514947,-0.1022446446031443,-0.1022446446031443,-0.0686435926804751,-0.0498908252058273,0 days 00:01:39.482808
136,ExpGrad.01,2,0.620419,-0.0089794956402213,-0.0154947701320126,-0.0130263110196732,-0.0154947701320126,-0.0010507907777942,0 days 00:02:40.971427
137,RedGrid25,2,0.722108,-0.0769855568529204,-0.1070396544550966,-0.1070396544550966,-0.0866264196192458,-0.0439531804799316,0 days 00:08:30.761796
138,RedGrid5,2,0.700346,-0.0436491361207639,-0.0734555806306871,-0.0734555806306871,-0.0664899774247603,-0.0020289317706116,0 days 00:08:52.363910
139,RedGrid75,2,0.700346,-0.0436491361207639,-0.0734555806306871,-0.0734555806306871,-0.0664899774247603,-0.0020289317706116,0 days 00:09:04.886718
140,ExpGrad.1,2,0.717558,-0.0581415786771253,-0.0950631123735665,-0.0950631123735665,-0.0552300796629329,-0.0271622948612363,0 days 00:02:50.833074
141,ExpGrad.01,2,0.632603,-0.0066317544332344,-0.0125429699261963,-0.0096203209625005,-0.0125429699261963,0.0,0 days 00:04:20.360844
142,RedGrid25,2,0.70733,-0.0542332695509855,-0.0862958387026694,-0.0862958387026694,-0.0528364487033327,-0.0265717576543953,0 days 00:10:49.915721
143,RedGrid5,2,0.70733,-0.0542332695509855,-0.0862958387026694,-0.0862958387026694,-0.0528364487033327,-0.0265717576543953,0 days 00:10:39.465519
144,RedGrid75,2,0.669448,-0.0331307347764431,-0.062761151179047,-0.0380046966008039,-0.062761151179047,-0.0089031668681485,0 days 00:10:37.215117
145,ExpGrad.1,1,0.712788,-0.050719959763559,-0.1267869777245768,-0.1267869777245768,-0.0573333977226185,-0.0447382630799996,0 days 00:02:54.010282
146,ExpGrad.01,1,0.61402,-0.0179141284494147,-0.0256032069175644,-0.0256032069175644,-0.0137767673664135,-0.0199576805009587,0 days 00:03:47.498087
147,RedGrid25,1,0.705117,-0.0552270100438501,-0.137057510031775,-0.137057510031775,-0.0603689573948991,-0.0498790498149698,0 days 00:11:35.816936
148,RedGrid5,1,0.705117,-0.0552270100438501,-0.137057510031775,-0.137057510031775,-0.0603689573948991,-0.0498790498149698,0 days 00:11:30.350986
149,RedGrid75,1,0.705117,-0.0552270100438501,-0.137057510031775,-0.137057510031775,-0.0603689573948991,-0.0498790498149698,0 days 00:11:27.677851
150,ExpGrad.1,0,0.705744,-0.078613919761383,-0.0965185619581708,-0.0965185619581708,-0.0680131029138223,-0.0687659886767767,0 days 00:03:26.000288
151,ExpGrad.01,0,0.687602,-0.0114504833535525,-0.0171018404081035,-0.0171018404081035,-0.0106502019421981,-0.0069344038400204,0 days 00:06:50.457681
152,RedGrid25,0,0.68301,-0.1137197129968431,-0.1484117068921862,-0.1484117068921862,-0.0965539827399728,-0.0927724410709982,0 days 00:13:15.460826
153,RedGrid5,0,0.68301,-0.1137197129968431,-0.1484117068921862,-0.1484117068921862,-0.0965539827399728,-0.0927724410709982,0 days 00:13:01.391395
154,RedGrid75,0,0.68301,-0.1137197129968431,-0.1484117068921862,-0.1484117068921862,-0.0965539827399728,-0.0927724410709982,0 days 00:12:45.810599
155,ExpGrad.1,1,0.710029,-0.0510218778266231,-0.1359596009739679,-0.1359596009739679,-0.0705431315075831,-0.0375455156398738,0 days 00:02:45.042045
156,ExpGrad.01,1,0.590557,-0.0001283120445049,-0.0010913878238847,-0.0010913878238847,-0.0003054497523691,0.0,0 days 00:02:53.400863
157,RedGrid25,1,0.704305,-0.0758030553197419,-0.155194106967156,-0.155194106967156,-0.0868719083894911,-0.0671832867685673,0 days 00:12:05.693018
158,RedGrid5,1,0.700475,-0.0193312993342066,-0.1235342567833933,-0.1235342567833933,-0.0129414561810219,-0.0196066474451456,0 days 00:12:03.532495
159,RedGrid75,1,0.700475,-0.0193312993342066,-0.1235342567833933,-0.1235342567833933,-0.0129414561810219,-0.0196066474451456,0 days 00:13:16.629307
160,ExpGrad.1,1,0.712719,-0.0502313270724591,-0.1212839579989302,-0.1212839579989302,-0.0499857285653251,-0.0481675876101279,0 days 00:03:01.527365
161,ExpGrad.01,1,0.624981,-0.0062417586546766,-0.0250579935675877,-0.0250579935675877,0.0,-0.0091171274590028,0 days 00:05:39.324102
162,RedGrid25,1,0.706173,-0.0726795033609565,-0.1391379936076525,-0.1391379936076525,-0.0831848375833236,-0.0648020030022638,0 days 00:14:59.994763
163,RedGrid5,1,0.697023,-0.0019147331058654,-0.098021857135499,-0.098021857135499,0.0,0.0,0 days 00:14:58.079238
164,RedGrid75,1,0.697023,-0.0019147331058654,-0.098021857135499,-0.098021857135499,0.0,0.0,0 days 00:14:49.953514
165,ExpGrad.1,0,0.705577,-0.0834391995856908,-0.1016081196945659,-0.1016081196945659,-0.0742248521185378,-0.0726242432441459,0 days 00:03:21.096742
166,ExpGrad.01,0,0.683774,-0.012889067485588,-0.0185855314678952,-0.0185855314678952,-0.0100684546868561,-0.0094603043908191,0 days 00:06:16.888824
167,RedGrid25,0,0.685192,-0.0800002932940533,-0.1147284328401834,-0.1147284328401834,-0.0002914002408395,-0.0938303667644823,0 days 00:11:52.963012
168,RedGrid5,0,0.685192,-0.0800002932940533,-0.1147284328401834,-0.1147284328401834,-0.0002914002408395,-0.0938303667644823,0 days 00:12:01.009468
169,RedGrid75,0,0.662097,-0.0004456361939587,-0.0012360798680571,-0.0012360798680571,0.0,0.0,0 days 00:12:02.673328
170,ExpGrad.1,1,0.707781,-0.0204099026650384,-0.0966113890274882,-0.0966113890274882,-0.0096860831282358,-0.023961206397948,0 days 00:02:51.602830
171,ExpGrad.01,1,0.588789,0.0,0.0,0.0,0.0,0.0,0 days 00:03:33.934801
172,RedGrid25,1,0.705481,-0.0608283606148832,-0.1255490093937217,-0.1255490093937217,-0.0603108984188291,-0.0590915802425636,0 days 00:12:29.023201
173,RedGrid5,1,0.700476,-0.0080192665495543,-0.0977866333458806,-0.0977866333458806,0.0,-0.009650147482712,0 days 00:12:47.214058
174,RedGrid75,1,0.700476,-0.0080192665495543,-0.0977866333458806,-0.0977866333458806,0.0,-0.009650147482712,0 days 00:13:08.636671
175,ExpGrad.1,1,0.710785,-0.0235537120127954,-0.1121085797946253,-0.1121085797946253,-0.0194949575358913,-0.0230472754599886,0 days 00:02:31.168083
176,ExpGrad.01,1,0.551373,-9.597826820707995e-05,-0.0048881939627057,-0.0048881939627057,0.0,0.0,0 days 00:01:44.345512
177,RedGrid25,1,0.700231,-0.0172108807378038,-0.1160563504675591,-0.1160563504675591,-0.0010988434160001,-0.0230676222146523,0 days 00:08:39.635273
178,RedGrid5,1,0.700231,-0.0172108807378038,-0.1160563504675591,-0.1160563504675591,-0.0010988434160001,-0.0230676222146523,0 days 00:08:38.937321
179,RedGrid75,1,0.700231,-0.0172108807378038,-0.1160563504675591,-0.1160563504675591,-0.0010988434160001,-0.0230676222146523,0 days 00:08:39.676880
180,ExpGrad.1,1,0.707711,-0.0389244650663379,-0.112396024168399,-0.112396024168399,-0.0366378624772473,-0.0378834191648093,0 days 00:02:56.684053
181,ExpGrad.01,1,0.587605,-5.63846151381526e-05,-0.002845390680902,-0.002845390680902,0.0,0.0,0 days 00:02:36.117261
182,RedGrid25,1,0.707564,-0.067867308152868,-0.1372863807120278,-0.1372863807120278,-0.0742650644054588,-0.0621379477661437,0 days 00:11:49.388951
183,RedGrid5,1,0.707564,-0.067867308152868,-0.1372863807120278,-0.1372863807120278,-0.0742650644054588,-0.0621379477661437,0 days 00:11:44.683921
184,RedGrid75,1,0.707564,-0.067867308152868,-0.1372863807120278,-0.1372863807120278,-0.0742650644054588,-0.0621379477661437,0 days 00:11:47.329973
185,ExpGrad.1,0,0.706082,-0.083240858376387,-0.0999003354071181,-0.0999003354071181,-0.075528134473138,-0.072880333195709,0 days 00:02:10.119497
186,ExpGrad.01,0,0.687723,-0.0156346100758553,-0.0213765416098666,-0.0213765416098666,-0.0139111167867517,-0.0115472075766369,0 days 00:04:26.369539
187,RedGrid25,0,0.690052,-0.0212486559608828,-0.0271461171432678,-0.0271461171432678,-0.0058044339862459,-0.0246056588036376,0 days 00:09:18.489849
188,RedGrid5,0,0.690052,-0.0212486559608828,-0.0271461171432678,-0.0271461171432678,-0.0058044339862459,-0.0246056588036376,0 days 00:09:20.437273
189,RedGrid75,0,0.690052,-0.0212486559608828,-0.0271461171432678,-0.0271461171432678,-0.0058044339862459,-0.0246056588036376,0 days 00:09:18.158771
190,ExpGrad.1,2,0.724556,-0.0774414834220946,-0.110350983087451,-0.110350983087451,-0.0853290793765088,-0.0428724705836718,0 days 00:04:03.645141
191,ExpGrad.01,2,0.629216,-0.0087185499777781,-0.0172887707018383,-0.0172887707018383,-0.0061038376155483,-0.0028592249528091,0 days 00:03:44.716982
192,RedGrid25,2,0.71785,-0.0701517841036984,-0.0998487653501194,-0.0998487653501194,-0.0792548143758075,-0.0376207014432234,0 days 00:11:09.100479
193,RedGrid5,2,0.69997,-0.0560570392527687,-0.0801097413283833,-0.0801097413283833,-0.0783093726842045,-0.0196919278111874,0 days 00:10:53.668615
194,RedGrid75,2,0.69997,-0.0560570392527687,-0.0801097413283833,-0.0801097413283833,-0.0783093726842045,-0.0196919278111874,0 days 00:10:48.722908
195,ExpGrad.1,1,0.707338,-0.0167639869170208,-0.0940528817700173,-0.0940528817700173,-0.0228002474553767,-0.0110282603819448,0 days 00:02:28.689289
196,ExpGrad.01,1,0.582258,-0.0012345278469103,-0.0024669591554069,-0.0024669591554069,-2.7745017531055627e-05,-0.0018640549496041,0 days 00:02:24.662005
197,RedGrid25,1,0.682971,-0.0006359131076048,-0.0325018855351739,-0.0325018855351739,0.0,0.0,0 days 00:11:25.285405
198,RedGrid5,1,0.682971,-0.0006359131076048,-0.0325018855351739,-0.0325018855351739,0.0,0.0,0 days 00:11:26.055238
199,RedGrid75,1,0.682971,-0.0006359131076048,-0.0325018855351739,-0.0325018855351739,0.0,0.0,0 days 00:11:24.099621
200,ExpGrad.1,0,0.706879,-0.0841989132086016,-0.1001142012769515,-0.1001142012769515,-0.0763930615403327,-0.0745466331872679,0 days 00:02:41.457198
201,ExpGrad.01,0,0.686269,-0.0144653539219229,-0.0185257774905226,-0.0185257774905226,-0.0150400169357131,-0.0105782026545454,0 days 00:05:33.559465
202,RedGrid25,0,0.682586,-0.1190509198713483,-0.1522151943833984,-0.1522151943833984,-0.1002297187241537,-0.1003561078253904,0 days 00:10:08.034869
203,RedGrid5,0,0.682586,-0.1190509198713483,-0.1522151943833984,-0.1522151943833984,-0.1002297187241537,-0.1003561078253904,0 days 00:10:10.687129
204,RedGrid75,0,0.682586,-0.1190509198713483,-0.1522151943833984,-0.1522151943833984,-0.1002297187241537,-0.1003561078253904,0 days 00:10:55.480210
205,ExpGrad.1,0,0.707454,-0.083682663027262,-0.0999453026460718,-0.0999453026460718,-0.0749440428503779,-0.0742376766649786,0 days 00:03:33.071104
206,ExpGrad.01,0,0.687883,-0.0143773666537501,-0.0189761744563392,-0.0189761744563392,-0.0143589530580415,-0.0103459098362079,0 days 00:08:20.807373
207,RedGrid25,0,0.687114,-0.1230080670106108,-0.1520903354155043,-0.1520903354155043,-0.1006567706242351,-0.1098477154889897,0 days 00:12:26.231178
208,RedGrid5,0,0.687114,-0.1230080670106108,-0.1520903354155043,-0.1520903354155043,-0.1006567706242351,-0.1098477154889897,0 days 00:12:27.088169
209,RedGrid75,0,0.687114,-0.1230080670106108,-0.1520903354155043,-0.1520903354155043,-0.1006567706242351,-0.1098477154889897,0 days 00:12:34.996038
210,ExpGrad.1,2,0.700323,-0.0449607964481814,-0.0837754691991801,-0.0837754691991801,-0.0362485761684344,-0.0162668000411996,0 days 00:02:44.643615
211,ExpGrad.01,2,0.590394,-0.005392628897849,-0.0092366881812434,-0.0092366881812434,-0.0083157732088728,0.0,0 days 00:02:42.628666
212,RedGrid25,2,0.721194,-0.0837906320035764,-0.1225644354536648,-0.1225644354536648,-0.0934009353499585,-0.0427878119842828,0 days 00:10:55.714170
213,RedGrid5,2,0.721194,-0.0837906320035764,-0.1225644354536648,-0.1225644354536648,-0.0934009353499585,-0.0427878119842828,0 days 00:11:50.795292
214,RedGrid75,2,0.659605,-0.0136282617971519,-0.0392440797590591,-0.0392440797590591,0.0,0.0,0 days 00:11:32.428094
215,ExpGrad.1,1,0.711324,-0.0447303045349065,-0.1231800352220112,-0.1231800352220112,-0.0610116526433396,-0.0333491301680701,0 days 00:03:23.130343
216,ExpGrad.01,1,0.588478,0.0,0.0,0.0,0.0,0.0,0 days 00:05:26.183260
217,RedGrid25,1,0.707854,-0.0643948630688623,-0.1394822428107452,-0.1394822428107452,-0.0734680117989046,-0.0570927633750387,0 days 00:12:44.487505
218,RedGrid5,1,0.707854,-0.0643948630688623,-0.1394822428107452,-0.1394822428107452,-0.0734680117989046,-0.0570927633750387,0 days 00:13:12.967451
219,RedGrid75,1,0.707854,-0.0643948630688623,-0.1394822428107452,-0.1394822428107452,-0.0734680117989046,-0.0570927633750387,0 days 00:12:36.165849
220,ExpGrad.1,1,0.712199,-0.048424909170781,-0.1288041883284049,-0.1288041883284049,-0.0493420679795697,-0.0454475680469087,0 days 00:02:24.559111
221,ExpGrad.01,1,0.605007,-0.0174803420383444,-0.0283408284068305,-0.0283408284068305,-0.0168182545729375,-0.0175108946424649,0 days 00:03:21.958270
222,RedGrid25,1,0.705648,-0.0652912485607039,-0.1429973042130966,-0.1429973042130966,-0.0605992540643061,-0.0654849613680547,0 days 00:11:42.993460
223,RedGrid5,1,0.705648,-0.0652912485607039,-0.1429973042130966,-0.1429973042130966,-0.0605992540643061,-0.0654849613680547,0 days 00:11:51.080662
224,RedGrid75,1,0.705648,-0.0652912485607039,-0.1429973042130966,-0.1429973042130966,-0.0605992540643061,-0.0654849613680547,0 days 00:11:52.406230
225,ExpGrad.1,1,0.707784,-0.0200667700600351,-0.0990076872613123,-0.0990076872613123,-0.0347987049286311,-0.009484512371365,0 days 00:03:12.374128
226,ExpGrad.01,1,0.587215,-0.0016196628660234,-0.0072379494025054,-0.0072379494025054,-0.0042375156358348,0.0,0 days 00:04:08.629454
227,RedGrid25,1,0.693787,-0.0013708292941946,-0.0699799952054975,-0.0699799952054975,0.0,0.0,0 days 00:13:57.798214
228,RedGrid5,1,0.691448,-0.0011929480204643,-0.0608992652156215,-0.0608992652156215,0.0,0.0,0 days 00:13:59.112939
229,RedGrid75,1,0.691448,-0.0011929480204643,-0.0608992652156215,-0.0608992652156215,0.0,0.0,0 days 00:13:59.445100
230,ExpGrad.1,1,0.71233,-0.0503853790798068,-0.1218366525964957,-0.1218366525964957,-0.0532561792261235,-0.046575065208513,0 days 00:03:36.490092
231,ExpGrad.01,1,0.605609,-0.0004334683133601,-0.012866152240862,-0.012866152240862,0.0,-0.0002879387194191,0 days 00:03:03.345826
232,RedGrid25,1,0.706878,-0.0725348481434044,-0.1407997201450084,-0.1407997201450084,-0.079978256880774,-0.066287308551303,0 days 00:11:47.832276
233,RedGrid5,1,0.699134,-0.0037430077187979,-0.0969359727641805,-0.0969359727641805,0.0,-0.0029260342803361,0 days 00:11:56.096108
234,RedGrid75,1,0.699134,-0.0037430077187979,-0.0969359727641805,-0.0969359727641805,0.0,-0.0029260342803361,0 days 00:11:50.040975
235,ExpGrad.1,0,0.707949,-0.0783581984859915,-0.0963234612016299,-0.0963234612016299,-0.0651712089087616,-0.069861635889354,0 days 00:02:39.042647
236,ExpGrad.01,0,0.686708,-0.0111984027802103,-0.0155708020707888,-0.0155708020707888,-0.0087258531330781,-0.0087236925743846,0 days 00:04:58.631327
237,RedGrid25,0,0.682852,-0.1150795638651404,-0.1494434181968261,-0.1494434181968261,-0.0940085995687256,-0.0965347071897471,0 days 00:09:55.618653
238,RedGrid5,0,0.682852,-0.1150795638651404,-0.1494434181968261,-0.1494434181968261,-0.0940085995687256,-0.0965347071897471,0 days 00:09:57.342376
239,RedGrid75,0,0.682852,-0.1150795638651404,-0.1494434181968261,-0.1494434181968261,-0.0940085995687256,-0.0965347071897471,0 days 00:10:00.306981
240,ExpGrad.1,2,0.702042,-0.0516892371087215,-0.0806650340193086,-0.0806650340193086,-0.0322466787180305,-0.0386342929506801,0 days 00:02:29.360331
241,ExpGrad.01,2,0.616746,-0.0061400389132638,-0.0116568523401485,-0.0116568523401485,0.0,-0.0052824388756304,0 days 00:03:40.834284
242,RedGrid25,2,0.71947,-0.1005084511590713,-0.1125333727008014,-0.1125333727008014,-0.0919877316079718,-0.0953925062801389,0 days 00:10:57.197620
243,RedGrid5,2,0.656733,-0.0146033668618526,-0.0404114752594772,-0.0404114752594772,0.0,-0.0011637565037424,0 days 00:10:59.811905
244,RedGrid75,2,0.656733,-0.0146033668618526,-0.0404114752594772,-0.0404114752594772,0.0,-0.0011637565037424,0 days 00:11:01.283319
245,ExpGrad.1,0,0.706624,-0.0829231471892167,-0.100507296982541,-0.100507296982541,-0.0752006627050561,-0.0717497345516425,0 days 00:02:11.539778
246,ExpGrad.01,0,0.686069,-0.0159427171354136,-0.0212741756849181,-0.0212741756849181,-0.0128317812765844,-0.0129817371969421,0 days 00:04:41.346103
247,RedGrid25,0,0.685854,-0.1253092831716394,-0.1548325245260782,-0.1548325245260782,-0.1035124548355989,-0.1114471181962755,0 days 00:08:55.597156
248,RedGrid5,0,0.685854,-0.1253092831716394,-0.1548325245260782,-0.1548325245260782,-0.1035124548355989,-0.1114471181962755,0 days 00:08:57.493734
249,RedGrid75,0,0.66752,-0.0522921289578965,-0.1098145791354864,-0.1098145791354864,0.0,-0.0307315458701603,0 days 00:08:56.701562
250,ExpGrad.1,2,0.662517,-0.0304333088782808,-0.0656267285075816,-0.0656267285075816,0.0,-0.0191114132908814,0 days 00:02:21.978397
251,ExpGrad.01,2,0.610282,-0.005903055421322,-0.0142588340321586,-0.0142588340321586,-0.0034999767256425,0.0,0 days 00:03:30.564633
252,RedGrid25,2,0.689173,-0.0526421245449114,-0.0947596657154055,-0.0947596657154055,0.0,-0.0499066451514303,0 days 00:10:54.313901
253,RedGrid5,2,0.634695,-0.0158226279201314,-0.0222555330703956,-0.0204044101804266,0.0,-0.0222555330703956,0 days 00:10:57.730014
254,RedGrid75,2,0.634695,-0.0158226279201314,-0.0222555330703956,-0.0204044101804266,0.0,-0.0222555330703956,0 days 00:11:34.093416
255,ExpGrad.1,0,0.706743,-0.0830336517364406,-0.1004659162523582,-0.1004659162523582,-0.0766165063361143,-0.0712814924525709,0 days 00:04:10.394387
256,ExpGrad.01,0,0.68335,-0.0124768916946511,-0.0167342387076623,-0.0167342387076623,-0.0085071556371814,-0.0109407535648683,0 days 00:05:43.920704
257,RedGrid25,0,0.689451,-0.0196737888026188,-0.0250490865427951,-0.0250490865427951,-0.0065858258136242,-0.0222183529130035,0 days 00:13:31.116547
258,RedGrid5,0,0.689451,-0.0196737888026188,-0.0250490865427951,-0.0250490865427951,-0.0065858258136242,-0.0222183529130035,0 days 00:13:42.959235
259,RedGrid75,0,0.689451,-0.0196737888026188,-0.0250490865427951,-0.0250490865427951,-0.0065858258136242,-0.0222183529130035,0 days 00:13:43.084639
260,ExpGrad.1,2,0.696871,-0.0417053594007709,-0.0767503221026535,-0.0767503221026535,-0.0081858974334636,-0.0331491305031151,0 days 00:01:56.586333
261,ExpGrad.01,2,0.633949,-0.0080396040999854,-0.0126287150055645,-0.0089349623337439,0.0,-0.0126287150055645,0 days 00:03:13.566187
262,RedGrid25,2,0.705369,-0.0613390943829292,-0.1086082329453055,-0.1086082329453055,-0.0096992317656258,-0.0541008059280712,0 days 00:08:23.450176
263,RedGrid5,2,0.674906,-0.0305805025542646,-0.0492728448438464,-0.0492728448438464,0.0,-0.034518074389658,0 days 00:09:00.865246
264,RedGrid75,2,0.674906,-0.0305805025542646,-0.0492728448438464,-0.0492728448438464,0.0,-0.034518074389658,0 days 00:09:12.216506
265,ExpGrad.1,1,0.708319,-0.0283407913530121,-0.1145298885274642,-0.1145298885274642,-0.0397869874055833,-0.0193644408319052,0 days 00:01:58.046310
266,ExpGrad.01,1,0.603222,-0.0004713921685768,-0.0077732151243253,-0.0077732151243253,-0.0009188810943284,0.0,0 days 00:02:37.458223
267,RedGrid25,1,0.704673,-0.0589786260484101,-0.1385752522011115,-0.1385752522011115,-0.0588665807314274,-0.0566022662521581,0 days 00:10:02.664033
268,RedGrid5,1,0.698809,-0.0060477944828988,-0.1087725158506218,-0.1087725158506218,0.0,-0.0062486420440674,0 days 00:09:39.327225
269,RedGrid75,1,0.698809,-0.0060477944828988,-0.1087725158506218,-0.1087725158506218,0.0,-0.0062486420440674,0 days 00:09:00.984631
270,ExpGrad.1,2,0.726493,-0.0772214063476194,-0.1121714989645834,-0.1121714989645834,-0.0727456100749927,-0.0486828581808864,0 days 00:02:22.576737
271,ExpGrad.01,2,0.632687,-0.0089767494783812,-0.0152244076335326,-0.0152244076335326,0.0,-0.0093123482151541,0 days 00:04:00.180607
272,RedGrid25,2,0.730088,-0.0995813254945656,-0.1241834002987519,-0.1241834002987519,-0.1050172251417945,-0.073782804093468,0 days 00:11:37.162419
273,RedGrid5,2,0.692047,-0.0632683314075609,-0.0846855928740089,-0.0642361793128944,-0.0846855928740089,-0.0481540407084452,0 days 00:11:33.468136
274,RedGrid75,2,0.676433,-0.0351490262195568,-0.0594523039250819,-0.0594523039250819,0.0,-0.0366071951263227,0 days 00:11:30.760505
275,ExpGrad.1,1,0.708244,-0.0030643383074187,-0.092886888298502,-0.092886888298502,-0.003636251971161,0.0,0 days 00:02:46.326965
276,ExpGrad.01,1,0.585236,-0.0001030695912626,-0.0053305239439053,-0.0053305239439053,0.0,0.0,0 days 00:03:02.212456
277,RedGrid25,1,0.705623,-0.0631646615526689,-0.135046977320674,-0.135046977320674,-0.0645334208817222,-0.0602094480751652,0 days 00:11:40.274107
278,RedGrid5,1,0.699875,-0.0072117224116238,-0.0972215348051311,-0.0972215348051311,0.0,-0.0084382370533716,0 days 00:11:47.295155
279,RedGrid75,1,0.699875,-0.0072117224116238,-0.0972215348051311,-0.0972215348051311,0.0,-0.0084382370533716,0 days 00:11:50.175838
280,ExpGrad.1,0,0.70712,-0.0824439842242953,-0.0997663213313532,-0.0997663213313532,-0.0733550857012298,-0.0722299393816322,0 days 00:02:52.066776
281,ExpGrad.01,0,0.691951,-0.0169246872861223,-0.0234063599233155,-0.0234063599233155,-0.0137768706202925,-0.0129624233717516,0 days 00:07:09.940013
282,RedGrid25,0,0.683259,-0.1164617934016943,-0.1506960547579549,-0.1506960547579549,-0.0993320771174638,-0.0958137952200982,0 days 00:11:45.829588
283,RedGrid5,0,0.683259,-0.1164617934016943,-0.1506960547579549,-0.1506960547579549,-0.0993320771174638,-0.0958137952200982,0 days 00:11:40.971921
284,RedGrid75,0,0.683259,-0.1164617934016943,-0.1506960547579549,-0.1506960547579549,-0.0993320771174638,-0.0958137952200982,0 days 00:11:36.957626
285,ExpGrad.1,2,0.715367,-0.0617678901387143,-0.1011536185962894,-0.1011536185962894,-0.0414054614430006,-0.0401949666132156,0 days 00:02:22.284107
286,ExpGrad.01,2,0.622512,-0.0074420000304587,-0.0122269936493533,-0.0122269936493533,-0.0068938059055273,-0.003550252641269,0 days 00:03:50.145367
287,RedGrid25,2,0.692442,-0.047609859395832,-0.0867297436599047,-0.0867297436599047,0.0,-0.0442553289276507,0 days 00:10:39.276614
288,RedGrid5,2,0.677128,-0.0326519933114079,-0.0538189498370335,-0.0538189498370335,0.0,-0.0353848657350027,0 days 00:10:39.980228
289,RedGrid75,2,0.677128,-0.0326519933114079,-0.0538189498370335,-0.0538189498370335,0.0,-0.0353848657350027,0 days 00:10:39.710420
290,ExpGrad.1,0,0.706428,-0.0769430573309361,-0.0948009878542077,-0.0948009878542077,-0.0655534789482572,-0.0675502074435533,0 days 00:02:38.159791
291,ExpGrad.01,0,0.689181,-0.0129859383196273,-0.0177730307358725,-0.0177730307358725,-0.013050022481409,-0.0087350608015626,0 days 00:08:50.195484
292,RedGrid25,0,0.686439,-0.1224979651723698,-0.1515251364309371,-0.1515251364309371,-0.1005926626285316,-0.1091161525585689,0 days 00:12:58.555627
293,RedGrid5,0,0.686439,-0.1224979651723698,-0.1515251364309371,-0.1515251364309371,-0.1005926626285316,-0.1091161525585689,0 days 00:13:00.963162
294,RedGrid75,0,0.686439,-0.1224979651723698,-0.1515251364309371,-0.1515251364309371,-0.1005926626285316,-0.1091161525585689,0 days 00:12:58.626740
295,ExpGrad.1,0,0.706574,-0.083786948036944,-0.1013145715887761,-0.1013145715887761,-0.0742948524901888,-0.0736442716002294,0 days 00:02:25.339916
296,ExpGrad.01,0,0.685251,-0.0137206888871708,-0.0192162738200587,-0.0192162738200587,-0.0104731740653387,-0.0106906280926538,0 days 00:04:27.227071
297,RedGrid25,0,0.683619,-0.117747647815758,-0.1522149156089586,-0.1522149156089586,-0.0988233824060393,-0.0979454752514554,0 days 00:09:51.335031
298,RedGrid5,0,0.683619,-0.117747647815758,-0.1522149156089586,-0.1522149156089586,-0.0988233824060393,-0.0979454752514554,0 days 00:09:50.700115
299,RedGrid75,0,0.683619,-0.117747647815758,-0.1522149156089586,-0.1522149156089586,-0.0988233824060393,-0.0979454752514554,0 days 00:09:46.592703
300,ExpGrad.1,0,0.706276,-0.0850045795025639,-0.1014833308676327,-0.1014833308676327,-0.0779164413259482,-0.0744678659118973,0 days 00:03:15.915804
301,ExpGrad.01,0,0.686581,-0.0150279160896412,-0.0202304851425457,-0.0202304851425457,-0.0139031408599649,-0.0110856036966918,0 days 00:09:25.305692
302,RedGrid25,0,0.693868,-0.0430475633085992,-0.0485246152662164,-0.0440216515061768,-0.0316018016852394,-0.0485246152662164,0 days 00:16:52.709088
303,RedGrid5,0,0.693868,-0.0430475633085992,-0.0485246152662164,-0.0440216515061768,-0.0316018016852394,-0.0485246152662164,0 days 00:16:49.027492
304,RedGrid75,0,0.693868,-0.0430475633085992,-0.0485246152662164,-0.0440216515061768,-0.0316018016852394,-0.0485246152662164,0 days 00:16:49.606081
305,ExpGrad.1,2,0.71723,-0.0731589617352538,-0.0948755375527127,-0.0948755375527127,-0.0834546625420125,-0.0466107513546225,0 days 00:02:32.712080
306,ExpGrad.01,2,0.620001,-0.0090735769850315,-0.0103895461278304,-0.0085072225406036,-0.0103895461278304,-0.0087104568653235,0 days 00:02:58.454885
307,RedGrid25,2,0.720563,-0.0892746088401452,-0.1095845868316375,-0.0987493638851658,-0.1095845868316375,-0.0671548288054952,0 days 00:10:57.293376
308,RedGrid5,2,0.702469,-0.0535289911988433,-0.0980706004889654,-0.0980706004889654,-0.0615490831902876,-0.007801803290603,0 days 00:10:40.247768
309,RedGrid75,2,0.702469,-0.0535289911988433,-0.0980706004889654,-0.0980706004889654,-0.0615490831902876,-0.007801803290603,0 days 00:11:00.351892
310,ExpGrad.1,1,0.711314,-0.0354585407762383,-0.1134822841249036,-0.1134822841249036,-0.0283240541360115,-0.0370153830409556,0 days 00:02:56.689973
311,ExpGrad.01,1,0.592648,-0.0023789589126786,-0.022163825598383,-0.022163825598383,-0.0020907644065793,-0.0019309175417284,0 days 00:03:42.423066
312,RedGrid25,1,0.701502,-0.0161603743848307,-0.1077424653692164,-0.1077424653692164,-0.0084232813146889,-0.0176346686765297,0 days 00:14:09.299203
313,RedGrid5,1,0.701502,-0.0161603743848307,-0.1077424653692164,-0.1077424653692164,-0.0084232813146889,-0.0176346686765297,0 days 00:14:14.930291
314,RedGrid75,1,0.701502,-0.0161603743848307,-0.1077424653692164,-0.1077424653692164,-0.0084232813146889,-0.0176346686765297,0 days 00:14:14.836626
315,ExpGrad.1,2,0.690071,-0.0418920241494767,-0.0731259800453157,-0.0731259800453157,-0.0050938626675979,-0.0389494371846484,0 days 00:02:42.456269
316,ExpGrad.01,2,0.621797,-0.0096596706087929,-0.0182830326739839,-0.0182830326739839,-0.0120059358421676,-0.0004731052190399,0 days 00:03:31.737143
317,RedGrid25,2,0.712471,-0.1101117025052348,-0.1333915740952169,-0.1115330050827785,-0.1333915740952169,-0.0932678832081363,0 days 00:11:08.915812
318,RedGrid5,2,0.656911,-0.0224236586580216,-0.0392499140256474,-0.0392499140256474,0.0,-0.0225793611692135,0 days 00:11:15.400787
319,RedGrid75,2,0.656911,-0.0224236586580216,-0.0392499140256474,-0.0392499140256474,0.0,-0.0225793611692135,0 days 00:11:09.678202
320,ExpGrad.1,0,0.706939,-0.0832751949217396,-0.1005014077541092,-0.1005014077541092,-0.07484225607552,-0.0728532455901821,0 days 00:02:26.446668
321,ExpGrad.01,0,0.688045,-0.0108934062531405,-0.0146721037227853,-0.0146721037227853,-0.0108441029427673,-0.0076078133987375,0 days 00:04:33.223069
322,RedGrid25,0,0.694868,-0.0375346339366122,-0.0435021005779739,-0.0396595881031427,-0.0234280008653928,-0.0435021005779739,0 days 00:08:56.563143
323,RedGrid5,0,0.694868,-0.0375346339366122,-0.0435021005779739,-0.0396595881031427,-0.0234280008653928,-0.0435021005779739,0 days 00:08:56.577264
324,RedGrid75,0,0.694868,-0.0375346339366122,-0.0435021005779739,-0.0396595881031427,-0.0234280008653928,-0.0435021005779739,0 days 00:10:06.417766
325,ExpGrad.1,2,0.712454,-0.0654066941882579,-0.1027546426499012,-0.1027546426499012,-0.0544296432270628,-0.0390672918082006,0 days 00:03:04.709308
326,ExpGrad.01,2,0.616538,-0.0069649403334598,-0.012644069320627,-0.012644069320627,-0.0048229610103585,-0.0032720021654382,0 days 00:04:25.786571
327,RedGrid25,2,0.73073,-0.1004794478194768,-0.1269881156256136,-0.1269881156256136,-0.1064845797717323,-0.072673594118697,0 days 00:10:33.992686
328,RedGrid5,2,0.714724,-0.0767186955578129,-0.0977060916107816,-0.0977060916107816,-0.0643203085766258,-0.0660315507710311,0 days 00:10:37.928342
329,RedGrid75,2,0.699518,-0.0504831160507829,-0.0817635730348147,-0.0817635730348147,-0.0783090902466567,-0.0039758749341919,0 days 00:10:19.589782
330,ExpGrad.1,1,0.711039,-0.0359321322459027,-0.116091469076755,-0.116091469076755,-0.0407923050934718,-0.0307806324945577,0 days 00:02:48.287515
331,ExpGrad.01,1,0.597507,-0.0014388612333319,-0.0022530471607072,-0.0007843463476931,0.0,-0.0022530471607072,0 days 00:03:18.938801
332,RedGrid25,1,0.705246,-0.0687721492001971,-0.137289253867428,-0.137289253867428,-0.0757578050157249,-0.0628063818519797,0 days 00:12:06.233584
333,RedGrid5,1,0.705246,-0.0687721492001971,-0.137289253867428,-0.137289253867428,-0.0757578050157249,-0.0628063818519797,0 days 00:12:06.039996
334,RedGrid75,1,0.705246,-0.0687721492001971,-0.137289253867428,-0.137289253867428,-0.0757578050157249,-0.0628063818519797,0 days 00:12:06.603032
335,ExpGrad.1,0,0.706801,-0.0829907664428049,-0.100497077750477,-0.100497077750477,-0.0733048282317534,-0.0729865314589343,0 days 00:03:22.428415
336,ExpGrad.01,0,0.685727,-0.0151850753884318,-0.019100093058553,-0.019100093058553,-0.0125665982602317,-0.013199672385216,0 days 00:07:02.105439
337,RedGrid25,0,0.682972,-0.1154296463343174,-0.1501686020658309,-0.1501686020658309,-0.0953788155924312,-0.0960399412733835,0 days 00:12:20.737840
338,RedGrid5,0,0.682972,-0.1154296463343174,-0.1501686020658309,-0.1501686020658309,-0.0953788155924312,-0.0960399412733835,0 days 00:12:35.768349
339,RedGrid75,0,0.682972,-0.1154296463343174,-0.1501686020658309,-0.1501686020658309,-0.0953788155924312,-0.0960399412733835,0 days 00:11:52.839593
340,ExpGrad.1,1,0.71022,-0.0350006184572668,-0.1111456342113417,-0.1111456342113417,-0.0502283668001879,-0.0242666551447015,0 days 00:03:06.485837
341,ExpGrad.01,1,0.597954,-3.74939341125825e-05,-0.0019455178392351,-0.0019455178392351,0.0,0.0,0 days 00:02:40.482479
342,RedGrid25,1,0.707282,-0.0635852193881477,-0.1392687350475295,-0.1392687350475295,-0.0661545120969352,-0.0598573343628839,0 days 00:11:47.408584
343,RedGrid5,1,0.698704,-0.0018748096258462,-0.0972817512641247,-0.0972817512641247,0.0,0.0,0 days 00:11:47.917772
344,RedGrid75,1,0.698704,-0.0018748096258462,-0.0972817512641247,-0.0972817512641247,0.0,0.0,0 days 00:11:47.635553
345,ExpGrad.1,0,0.707216,-0.0820280402371065,-0.0996462523831904,-0.0996462523831904,-0.0740848626595683,-0.0709404864693019,0 days 00:03:11.112065
346,ExpGrad.01,0,0.689772,-0.0123574953704128,-0.0173243409649401,-0.0173243409649401,-0.0117556896003596,-0.0083236804173564,0 days 00:07:59.541884
347,RedGrid25,0,0.682458,-0.1148941442533579,-0.1502723262179928,-0.1502723262179928,-0.0965294630726401,-0.0939687209827103,0 days 00:13:33.307673
348,RedGrid5,0,0.682458,-0.1148941442533579,-0.1502723262179928,-0.1502723262179928,-0.0965294630726401,-0.0939687209827103,0 days 00:13:31.487256
349,RedGrid75,0,0.682458,-0.1148941442533579,-0.1502723262179928,-0.1502723262179928,-0.0965294630726401,-0.0939687209827103,0 days 00:13:21.853634
350,ExpGrad.1,2,0.714058,-0.0596056366600839,-0.0996984780737237,-0.0996984780737237,-0.0674397845081833,-0.0186984474661442,0 days 00:01:50.977316
351,ExpGrad.01,2,0.612872,-0.0026499086816298,-0.0064547443774356,-0.0064547443774356,0.0,-0.0010343566251713,0 days 00:02:24.644847
352,RedGrid25,2,0.706725,-0.063004617515658,-0.1069502897115899,-0.1069502897115899,-0.0987892280247185,0.0,0 days 00:08:05.803861
353,RedGrid5,2,0.671958,-0.0240599878061469,-0.0527543181984387,-0.0527543181984387,0.0,-0.0145984763382134,0 days 00:08:49.301148
354,RedGrid75,2,0.661368,-0.0135996301002396,-0.0390923752619804,-0.0390923752619804,0.0,0.0,0 days 00:08:15.925097
355,ExpGrad.1,1,0.71,-0.0239964473069508,-0.1059583033830374,-0.1059583033830374,-0.0313250849089381,-0.0174023693635785,0 days 00:03:21.396544
356,ExpGrad.01,1,0.613031,-0.0001871464501162,-0.0096070926206726,-0.0096070926206726,0.0,0.0,0 days 00:05:23.457498
357,RedGrid25,1,0.706646,-0.0757617650240941,-0.139315111301809,-0.139315111301809,-0.0746808255851774,-0.0743984263492741,0 days 00:14:06.983650
358,RedGrid5,1,0.696691,-0.0084115409227131,-0.0954420267473902,-0.0954420267473902,0.0,-0.0103872750761186,0 days 00:14:05.860392
359,RedGrid75,1,0.683164,-0.0011142313974732,-0.057198649665734,-0.057198649665734,0.0,0.0,0 days 00:14:02.892146
360,ExpGrad.1,0,0.706248,-0.0829003979133688,-0.1004492661091414,-0.1004492661091414,-0.0743733159493921,-0.0722121979183069,0 days 00:03:26.182433
361,ExpGrad.01,0,0.688958,-0.0103364917908667,-0.0170251754477801,-0.0170251754477801,-0.0053554894768701,-0.007221464441958,0 days 00:06:30.638785
362,RedGrid25,0,0.682414,-0.1135826757523753,-0.1480261187307809,-0.1480261187307809,-0.0959407316430672,-0.0931064308788993,0 days 00:12:56.732053
363,RedGrid5,0,0.682414,-0.1135826757523753,-0.1480261187307809,-0.1480261187307809,-0.0959407316430672,-0.0931064308788993,0 days 00:12:55.347830
364,RedGrid75,0,0.682414,-0.1135826757523753,-0.1480261187307809,-0.1480261187307809,-0.0959407316430672,-0.0931064308788993,0 days 00:12:55.162512
365,ExpGrad.1,2,0.707808,-0.0523441938099282,-0.0915387924993732,-0.0915387924993732,-0.0380207479467518,-0.0265476729318488,0 days 00:05:03.169316
366,ExpGrad.01,2,0.618499,-0.0056239393791152,-0.0125284916542807,-0.0066275805831395,-0.0125284916542807,0.0,0 days 00:03:44.821580
367,RedGrid25,2,0.691037,-0.046835419302074,-0.1021181839378105,-0.1021181839378105,0.0,-0.0286295587887472,0 days 00:14:38.323046
368,RedGrid5,2,0.685729,-0.0343854869930962,-0.0794490710130723,-0.0794490710130723,0.0,-0.0169564465878381,0 days 00:14:41.083996
369,RedGrid75,2,0.685729,-0.0343854869930962,-0.0794490710130723,-0.0794490710130723,0.0,-0.0169564465878381,0 days 00:15:03.070111
370,ExpGrad.1,2,0.703074,-0.04486454219043,-0.0807817278380729,-0.0807817278380729,-0.0479502484755549,-0.0109290672411549,0 days 00:02:53.521438
371,ExpGrad.01,2,0.618235,-0.0043670176368501,-0.0102671887404289,-0.0010146260963675,0.0,-0.0102671887404289,0 days 00:05:11.894141
372,RedGrid25,2,0.712725,-0.0707916220753222,-0.0952313749886659,-0.0952313749886659,-0.063997103579403,-0.0536590057777214,0 days 00:14:11.060677
373,RedGrid5,2,0.699879,-0.0437267211599824,-0.0774641999678172,-0.0774641999678172,-0.0496910825132209,-0.0097966667036691,0 days 00:14:12.309367
374,RedGrid75,2,0.664737,-0.0187043174430642,-0.0390342063448393,-0.0390342063448393,-0.009502392884276,-0.0068311051383787,0 days 00:14:12.165123
375,ExpGrad.1,1,0.710135,-0.0227812781401237,-0.1157379088778982,-0.1157379088778982,-0.0288443721190828,-0.0165826805704749,0 days 00:02:15.079958
376,ExpGrad.01,1,0.584046,-0.0001169180636172,-0.0060567753000431,-0.0060567753000431,0.0,0.0,0 days 00:03:05.428680
377,RedGrid25,1,0.704906,-0.070741656819496,-0.147216010706405,-0.147216010706405,-0.0812825954722163,-0.0625684730652246,0 days 00:11:51.975680
378,RedGrid5,1,0.701567,-0.0132968802862387,-0.114483633753893,-0.114483633753893,-0.0062065854542271,-0.0141273411953355,0 days 00:11:52.288832
379,RedGrid75,1,0.683284,-0.0008948993546918,-0.0463589982576718,-0.0463589982576718,0.0,0.0,0 days 00:12:04.965332
380,ExpGrad.1,0,0.706409,-0.0837471273748994,-0.1008505363077039,-0.1008505363077039,-0.0753442806922374,-0.0734244554544594,0 days 00:03:43.268322
381,ExpGrad.01,0,0.685387,-0.0159598046555499,-0.0202993038257933,-0.0202993038257933,-0.0150031507441921,-0.0126861981402504,0 days 00:06:40.333992
382,RedGrid25,0,0.686233,-0.1266660624287142,-0.1556639717017055,-0.1556639717017055,-0.1060462453425403,-0.112713705373294,0 days 00:13:22.279424
383,RedGrid5,0,0.686233,-0.1266660624287142,-0.1556639717017055,-0.1556639717017055,-0.1060462453425403,-0.112713705373294,0 days 00:13:15.927312
384,RedGrid75,0,0.667942,-0.0555661532896121,-0.1127253013823418,-0.1127253013823418,-0.0054497936003458,-0.0333386527126986,0 days 00:13:11.396017
385,ExpGrad.1,1,0.712104,-0.0464033956377919,-0.1305585196491051,-0.1305585196491051,-0.0504281906071454,-0.0415691389999822,0 days 00:03:44.446336
386,ExpGrad.01,1,0.61239,-0.0044724791447383,-0.0246576437192173,-0.0246576437192173,0.0,-0.0063209059932236,0 days 00:06:05.936043
387,RedGrid25,1,0.696581,-0.0018180765181772,-0.0929372009620852,-0.0929372009620852,0.0,0.0,0 days 00:14:55.946347
388,RedGrid5,1,0.696581,-0.0018180765181772,-0.0929372009620852,-0.0929372009620852,0.0,0.0,0 days 00:14:42.781099
389,RedGrid75,1,0.696581,-0.0018180765181772,-0.0929372009620852,-0.0929372009620852,0.0,0.0,0 days 00:14:45.304270
390,ExpGrad.1,0,0.70613,-0.0834299154493476,-0.101430395224299,-0.101430395224299,-0.073726621356656,-0.0730518758064717,0 days 00:03:29.939318
391,ExpGrad.01,0,0.687632,-0.0146944780356878,-0.0209394454806008,-0.0209394454806008,-0.0102471508559232,-0.0116923133894015,0 days 00:05:38.195201
392,RedGrid25,0,0.68216,-0.1146226560889599,-0.1516764317030587,-0.1516764317030587,-0.0933057653230471,-0.0940028449775993,0 days 00:12:17.640561
393,RedGrid5,0,0.68216,-0.1146226560889599,-0.1516764317030587,-0.1516764317030587,-0.0933057653230471,-0.0940028449775993,0 days 00:12:23.571672
394,RedGrid75,0,0.68216,-0.1146226560889599,-0.1516764317030587,-0.1516764317030587,-0.0933057653230471,-0.0940028449775993,0 days 00:12:29.321626
395,ExpGrad.1,1,0.708316,-0.0155580368822327,-0.1052596529295935,-0.1052596529295935,-0.0080213619893706,-0.0169587811816122,0 days 00:01:26.933935
396,ExpGrad.01,1,0.604822,-0.0014122414258671,-0.0182666643601078,-0.0182666643601078,-0.0030123484298404,0.0,0 days 00:03:01.278789
397,RedGrid25,1,0.700584,-0.0207619716505544,-0.1257049705581778,-0.1257049705581778,0.0,-0.0290357418008349,0 days 00:08:46.124484
398,RedGrid5,1,0.700584,-0.0207619716505544,-0.1257049705581778,-0.1257049705581778,0.0,-0.0290357418008349,0 days 00:09:01.069868
399,RedGrid75,1,0.700584,-0.0207619716505544,-0.1257049705581778,-0.1257049705581778,0.0,-0.0290357418008349,0 days 00:08:57.646517
400,ExpGrad.1,2,0.720892,-0.0734237297820315,-0.1067994782638323,-0.1067994782638323,-0.0719944675801326,-0.0444305360797526,0 days 00:02:02.263410
401,ExpGrad.01,2,0.623073,-0.0082473667854439,-0.0130719865209334,-0.0130719865209334,-0.0045862545817688,-0.0063869720679065,0 days 00:03:28.469667
402,RedGrid25,2,0.727369,-0.0979822085558018,-0.1280689563251083,-0.1280689563251083,-0.102949649477532,-0.0676253997375838,0 days 00:10:21.505585
403,RedGrid5,2,0.702375,-0.0574567723992061,-0.0858459843587154,-0.0858459843587154,-0.0753420713778898,-0.0199081456201306,0 days 00:10:24.580758
404,RedGrid75,2,0.671719,-0.0295508706346074,-0.0485708026503178,-0.0485708026503178,-0.0409635949788763,-0.0047789030268701,0 days 00:10:21.695089
405,ExpGrad.1,0,0.706861,-0.0812138431222398,-0.0985620040343391,-0.0985620040343391,-0.0719924108519708,-0.0710550951124902,0 days 00:03:28.292213
406,ExpGrad.01,0,0.686877,-0.0119015928603447,-0.0175922632353661,-0.0175922632353661,-0.009236659570381,-0.0083704998877286,0 days 00:07:26.342449
407,RedGrid25,0,0.69063,-0.0176227506695091,-0.0236624161141867,-0.0236624161141867,-0.0005897909123351,-0.0217182047494381,0 days 00:12:42.703603
408,RedGrid5,0,0.69063,-0.0176227506695091,-0.0236624161141867,-0.0236624161141867,-0.0005897909123351,-0.0217182047494381,0 days 00:12:54.648166
409,RedGrid75,0,0.69063,-0.0176227506695091,-0.0236624161141867,-0.0236624161141867,-0.0005897909123351,-0.0217182047494381,0 days 00:12:50.713110
410,ExpGrad.1,1,0.712876,-0.0543640994827739,-0.13346449833293,-0.13346449833293,-0.0581248560433103,-0.0498457633438373,0 days 00:02:43.527448
411,ExpGrad.01,1,0.602549,-0.0088512887905373,-0.0254814656146776,-0.0254814656146776,-0.0126931678028975,-0.0062239501932258,0 days 00:04:12.298579
412,RedGrid25,1,0.706114,-0.0669576927766321,-0.1444671649434982,-0.1444671649434982,-0.0644445966549065,-0.0659376872477295,0 days 00:11:06.046552
413,RedGrid5,1,0.706114,-0.0669576927766321,-0.1444671649434982,-0.1444671649434982,-0.0644445966549065,-0.0659376872477295,0 days 00:11:02.220931
414,RedGrid75,1,0.706114,-0.0669576927766321,-0.1444671649434982,-0.1444671649434982,-0.0644445966549065,-0.0659376872477295,0 days 00:10:58.786910
415,ExpGrad.1,0,0.706092,-0.0807588970824346,-0.0988538065450675,-0.0988538065450675,-0.0702768933381858,-0.0706916239323652,0 days 00:02:29.601054
416,ExpGrad.01,0,0.684226,-0.0114513035540406,-0.016543483223806,-0.016543483223806,-0.0087140212139599,-0.0085002714544732,0 days 00:03:56.767236
417,RedGrid25,0,0.693699,-0.0363677423899621,-0.0425106475070573,-0.0389864601728899,-0.0211580789287081,-0.0425106475070573,0 days 00:10:04.043331
418,RedGrid5,0,0.693699,-0.0363677423899621,-0.0425106475070573,-0.0389864601728899,-0.0211580789287081,-0.0425106475070573,0 days 00:10:06.940625
419,RedGrid75,0,0.693699,-0.0363677423899621,-0.0425106475070573,-0.0389864601728899,-0.0211580789287081,-0.0425106475070573,0 days 00:10:16.057597
420,ExpGrad.1,2,0.715589,-0.0685959293694464,-0.1007773313069287,-0.1007773313069287,-0.0796157334804767,-0.032745589844992,0 days 00:02:30.200424
421,ExpGrad.01,2,0.628903,-0.0119463506230893,-0.016130949020286,-0.0091171722341124,-0.016130949020286,-0.0116483446163813,0 days 00:03:32.174109
422,RedGrid25,2,0.717734,-0.0738307261066865,-0.1112855295535518,-0.1112855295535518,-0.0864803823076912,-0.0322235289575336,0 days 00:10:56.513791
423,RedGrid5,2,0.664577,-0.0306758880661137,-0.0513322271243151,-0.0513322271243151,-0.0491989027455878,0.0,0 days 00:10:57.340179
424,RedGrid75,2,0.664577,-0.0306758880661137,-0.0513322271243151,-0.0513322271243151,-0.0491989027455878,0.0,0 days 00:10:40.489979
425,ExpGrad.1,0,0.70686,-0.077635751289014,-0.0969421493549221,-0.0969421493549221,-0.0665845124873647,-0.0667964486483562,0 days 00:02:27.091529
426,ExpGrad.01,0,0.68548,-0.0153563815470551,-0.0206360192253082,-0.0206360192253082,-0.0145343720132032,-0.0111778779014541,0 days 00:04:10.899078
427,RedGrid25,0,0.694552,-0.0392735848987227,-0.0456349141477507,-0.0423339081987335,-0.0228833087829856,-0.0456349141477507,0 days 00:09:15.091901
428,RedGrid5,0,0.694552,-0.0392735848987227,-0.0456349141477507,-0.0423339081987335,-0.0228833087829856,-0.0456349141477507,0 days 00:09:11.687939
429,RedGrid75,0,0.694552,-0.0392735848987227,-0.0456349141477507,-0.0423339081987335,-0.0228833087829856,-0.0456349141477507,0 days 00:09:13.632290
430,ExpGrad.1,2,0.678002,-0.0366120197166194,-0.0732019385615059,-0.0732019385615059,0.0,-0.0286489668336805,0 days 00:03:42.566341
431,ExpGrad.01,2,0.598369,-0.0076134337603516,-0.0105339511733619,-0.0100431986849004,0.0,-0.0105339511733619,0 days 00:03:54.666484
432,RedGrid25,2,0.718749,-0.0805619265166434,-0.0941218207972828,-0.0941218207972828,-0.0931648077060771,-0.0601913279146188,0 days 00:14:12.319830
433,RedGrid5,2,0.665404,-0.0174973565674618,-0.0490279247399008,-0.0490279247399008,0.0,-0.0012820964239808,0 days 00:14:11.395265
434,RedGrid75,2,0.584748,-0.003288075674963,-0.0125931914134449,0.0,-0.0125931914134449,0.0,0 days 00:14:12.358055
435,ExpGrad.1,2,0.719512,-0.0638249123759522,-0.10134295719766,-0.10134295719766,-0.0397638386353776,-0.0465431250363552,0 days 00:04:00.633858
436,ExpGrad.01,2,0.619933,-0.0036577029973644,-0.0105248089538989,-0.0105248089538989,0.0,0.0,0 days 00:02:19.942649
437,RedGrid25,2,0.726527,-0.0921216584900493,-0.1231446447661047,-0.1231446447661047,-0.0922551858681407,-0.0645595011239472,0 days 00:07:44.522178
438,RedGrid5,2,0.693649,-0.0462848491249216,-0.0869147738882875,-0.0869147738882875,0.0,-0.0409735942664695,0 days 00:07:51.825558
439,RedGrid75,2,0.676303,-0.0291593670432813,-0.0702327196781951,-0.0702327196781951,0.0,-0.0121073694860256,0 days 00:08:07.736470
440,ExpGrad.1,1,0.712538,-0.0537840103277158,-0.1299895483697465,-0.1299895483697465,-0.0587379020370361,-0.048694005365877,0 days 00:01:53.978395
441,ExpGrad.01,1,0.610001,-0.0152200375849493,-0.0230434026938957,-0.0230434026938957,-0.0097192429635785,-0.0180217875498083,0 days 00:03:14.825606
442,RedGrid25,1,0.69962,-0.046190329968156,-0.1194095167627508,-0.1194095167627508,0.0,-0.0694846565895408,0 days 00:09:13.039458
443,RedGrid5,1,0.683591,-0.0007981621106806,-0.0410059647343207,-0.0410059647343207,0.0,0.0,0 days 00:09:10.109893
444,RedGrid75,1,0.683591,-0.0007981621106806,-0.0410059647343207,-0.0410059647343207,0.0,0.0,0 days 00:09:09.078974
445,ExpGrad.1,2,0.713195,-0.0563263825529661,-0.0904903371150476,-0.0904903371150476,-0.0450743117267615,-0.0332761237843294,0 days 00:02:36.264293
446,ExpGrad.01,2,0.61122,-0.0034447757088756,-0.0051543616854523,-0.0051543616854523,-0.0029670570293542,-0.0022345486685519,0 days 00:02:55.394037
447,RedGrid25,2,0.718803,-0.0823871310042881,-0.1077355791438557,-0.1077355791438557,-0.0810296452257166,-0.0606334902941941,0 days 00:09:43.970242
448,RedGrid5,2,0.695257,-0.0472791040494104,-0.0885448222906136,-0.0885448222906136,0.0,-0.0418497158867693,0 days 00:09:44.699919
449,RedGrid75,2,0.662293,-0.0134747419197596,-0.0385799866230603,-0.0385799866230603,0.0,0.0,0 days 00:09:44.467564
450,ExpGrad.1,0,0.706387,-0.0841233863653995,-0.1012730043707903,-0.1012730043707903,-0.0756460454412257,-0.0737658019546141,0 days 00:03:24.903899
451,ExpGrad.01,0,0.68822,-0.0123149832608229,-0.0175282938807794,-0.0175282938807794,-0.0103581911546504,-0.0088238715299383,0 days 00:07:56.650143
452,RedGrid25,0,0.686691,-0.1231813981769585,-0.1523846139472072,-0.1523846139472072,-0.1024063349575983,-0.1090448043318127,0 days 00:15:23.964158
453,RedGrid5,0,0.686691,-0.1231813981769585,-0.1523846139472072,-0.1523846139472072,-0.1024063349575983,-0.1090448043318127,0 days 00:15:29.385630
454,RedGrid75,0,0.66833,-0.052344930358955,-0.1089659717842277,-0.1089659717842277,0.0,-0.0315986007603853,0 days 00:15:27.123726
455,ExpGrad.1,2,0.71351,-0.0584955657317676,-0.099986286348964,-0.099986286348964,-0.043230996548514,-0.0315410835424121,0 days 00:02:25.477726
456,ExpGrad.01,2,0.612914,-0.0044706164495968,-0.0112040773975834,-0.0112040773975834,-0.0021375874142901,0.0,0 days 00:03:30.007713
457,RedGrid25,2,0.717797,-0.0705655863434227,-0.098070361297146,-0.098070361297146,-0.066748555166219,-0.0484929769390405,0 days 00:11:17.456751
458,RedGrid5,2,0.711588,-0.0656997753156381,-0.09337668117497,-0.09337668117497,-0.0494801279447308,-0.0517468844609242,0 days 00:11:19.338029
459,RedGrid75,2,0.651852,-0.0178588903091219,-0.0353333853013114,-0.0247874938336074,-0.0353333853013114,0.0,0 days 00:11:17.730727
460,ExpGrad.1,1,0.712537,-0.0301839872928258,-0.110509708353798,-0.110509708353798,-0.0168799427755362,-0.0351002380182403,0 days 00:02:47.851222
461,ExpGrad.01,1,0.610091,-0.0017247652414594,-0.0126673555645928,-0.0126673555645928,0.0,-0.0023459776287177,0 days 00:04:29.171443
462,RedGrid25,1,0.702324,-0.0099106399920803,-0.1029983139610221,-0.1029983139610221,0.0,-0.0125583588594017,0 days 00:12:49.222616
463,RedGrid5,1,0.702324,-0.0099106399920803,-0.1029983139610221,-0.1029983139610221,0.0,-0.0125583588594017,0 days 00:13:04.557806
464,RedGrid75,1,0.702324,-0.0099106399920803,-0.1029983139610221,-0.1029983139610221,0.0,-0.0125583588594017,0 days 00:12:57.420567
465,ExpGrad.1,2,0.704922,-0.0539667930027547,-0.0801305485242194,-0.0801305485242194,-0.0703350913733907,-0.019634355938163,0 days 00:02:45.092341
466,ExpGrad.01,2,0.617144,-0.0053108528244657,-0.0123413715415842,-0.0123413715415842,-0.0038391914270664,0.0,0 days 00:04:25.658623
467,RedGrid25,2,0.730786,-0.0969197426184325,-0.1205818997109803,-0.1205818997109803,-0.1038573498586397,-0.0711155132057899,0 days 00:14:21.289173
468,RedGrid5,2,0.646786,-0.0120565312533812,-0.0211028838582089,-0.0187867862366766,-0.0211028838582089,0.0,0 days 00:14:30.384112
469,RedGrid75,2,0.646786,-0.0120565312533812,-0.0211028838582089,-0.0187867862366766,-0.0211028838582089,0.0,0 days 00:14:31.193534
470,ExpGrad.1,2,0.716054,-0.0651435730486477,-0.0919211214780247,-0.0919211214780247,-0.0682158738606392,-0.0390998322682419,0 days 00:03:29.275308
471,ExpGrad.01,2,0.621459,-0.0037509671552693,-0.0075066298334904,-0.0051470445003354,-0.0075066298334904,0.0,0 days 00:02:08.560899
472,RedGrid25,2,0.715118,-0.0725661012137857,-0.1030702598126883,-0.0951320305740335,-0.1030702598126883,-0.0320383458847436,0 days 00:08:27.508593
473,RedGrid5,2,0.703521,-0.0576799923528012,-0.0869628550577211,-0.075711336978851,-0.0869628550577211,-0.0220291568659173,0 days 00:08:25.677259
474,RedGrid75,2,0.666604,-0.0211621189154432,-0.0604908756206244,-0.0604908756206244,0.0,0.0,0 days 00:08:23.432846
475,ExpGrad.1,0,0.707508,-0.0799910928073237,-0.0967882685511364,-0.0967882685511364,-0.0719828789057869,-0.0696862912406449,0 days 00:03:24.682609
476,ExpGrad.01,0,0.687393,-0.0131760399433464,-0.0181426421958186,-0.0181426421958186,-0.0125623090190823,-0.0091630081689042,0 days 00:06:13.034321
477,RedGrid25,0,0.68708,-0.1197750243485195,-0.1503531420240549,-0.1503531420240549,-0.0989720091836592,-0.1044440522239367,0 days 00:12:35.727793
478,RedGrid5,0,0.68708,-0.1197750243485195,-0.1503531420240549,-0.1503531420240549,-0.0989720091836592,-0.1044440522239367,0 days 00:12:32.518293
479,RedGrid75,0,0.68708,-0.1197750243485195,-0.1503531420240549,-0.1503531420240549,-0.0989720091836592,-0.1044440522239367,0 days 00:12:17.702208
480,ExpGrad.1,0,0.707054,-0.0844521085197941,-0.101864596668562,-0.101864596668562,-0.0744231663026945,-0.0747436150869886,0 days 00:03:24.945366
481,ExpGrad.01,0,0.685834,-0.012101697452647,-0.0172792704642132,-0.0172792704642132,-0.0098840348259212,-0.0087915873839236,0 days 00:08:26.274694
482,RedGrid25,0,0.685896,-0.1231091097226351,-0.1538535732316859,-0.1538535732316859,-0.1003783659053499,-0.1087488192338789,0 days 00:14:46.070393
483,RedGrid5,0,0.685896,-0.1231091097226351,-0.1538535732316859,-0.1538535732316859,-0.1003783659053499,-0.1087488192338789,0 days 00:14:46.114230
484,RedGrid75,0,0.685896,-0.1231091097226351,-0.1538535732316859,-0.1538535732316859,-0.1003783659053499,-0.1087488192338789,0 days 00:15:07.196005
485,ExpGrad.1,2,0.710964,-0.0550327533230706,-0.0917541275006628,-0.0917541275006628,-0.0361844014979528,-0.0353080792515923,0 days 00:02:20.128262
486,ExpGrad.01,2,0.62631,-0.0107495094519634,-0.0182925845494058,-0.0182925845494058,-0.0108024372264539,-0.0040524810603387,0 days 00:04:38.595663
487,RedGrid25,2,0.72993,-0.1000803695574523,-0.1227135647949649,-0.1227135647949649,-0.1103788038234329,-0.0731513878853926,0 days 00:10:54.554259
488,RedGrid5,2,0.686395,-0.0334558547951759,-0.0808807573304122,-0.0808807573304122,0.0,-0.0141246439453062,0 days 00:10:57.235486
489,RedGrid75,2,0.67454,-0.0239633975265967,-0.0612014904769421,-0.0612014904769421,0.0,-0.0072300796415946,0 days 00:10:51.361345
490,ExpGrad.1,1,0.710566,-0.0281602665295109,-0.1111854363215452,-0.1111854363215452,-0.0253181206169365,-0.0271896191246431,0 days 00:02:30.103361
491,ExpGrad.01,1,0.591658,0.0,0.0,0.0,0.0,0.0,0 days 00:03:08.061226
492,RedGrid25,1,0.701113,-0.0204907383324553,-0.1122859980321472,-0.1122859980321472,-0.009067115861979,-0.0239970148873289,0 days 00:11:21.014872
493,RedGrid5,1,0.701113,-0.0204907383324553,-0.1122859980321472,-0.1122859980321472,-0.009067115861979,-0.0239970148873289,0 days 00:11:26.553888
494,RedGrid75,1,0.701113,-0.0204907383324553,-0.1122859980321472,-0.1122859980321472,-0.009067115861979,-0.0239970148873289,0 days 00:11:35.079184
495,ExpGrad.1,1,0.712645,-0.0559245452689328,-0.1304282746019029,-0.1304282746019029,-0.0555593955900161,-0.0538346547545933,0 days 00:02:01.892338
496,ExpGrad.01,1,0.603608,-0.0186588757598973,-0.024446526200347,-0.024446526200347,-0.0128088519287244,-0.0217114500311959,0 days 00:02:28.147788
497,RedGrid25,1,0.691074,-0.0053116861814898,-0.0723300966727325,-0.0723300966727325,-0.0111975440880758,0.0,0 days 00:09:01.425722
498,RedGrid5,1,0.691074,-0.0053116861814898,-0.0723300966727325,-0.0723300966727325,-0.0111975440880758,0.0,0 days 00:09:14.141154
499,RedGrid75,1,0.684283,-0.000859148241237,-0.0442178550119537,-0.0442178550119537,0.0,0.0,0 days 00:09:05.625906
500,ExpGrad.1,2,0.697447,-0.0529353616971908,-0.0798709288843371,-0.0798709288843371,-0.0328758799879396,-0.0424292560486195,0 days 00:02:26.277802
501,ExpGrad.01,2,0.626358,-0.0098995135676406,-0.0118640528334781,-0.0115590227649542,-0.0047002115148543,-0.0118640528334781,0 days 00:03:55.247485
502,RedGrid25,2,0.730391,-0.0950457727726984,-0.1187185592540819,-0.1187185592540819,-0.099692711625592,-0.0711324810729864,0 days 00:11:04.885858
503,RedGrid5,2,0.717095,-0.0688982889261948,-0.0889345426711391,-0.0889345426711391,-0.0730178884062544,-0.0485355707150355,0 days 00:12:09.473991
504,RedGrid75,2,0.633533,-0.0246662053493695,-0.0330016718017739,-0.0142905589249397,-0.0330016718017739,-0.0283121899947883,0 days 00:11:35.876425
505,ExpGrad.1,1,0.708704,-0.0216084996640592,-0.1069431687279649,-0.1069431687279649,-0.02657286054145,-0.016195541203966,0 days 00:02:13.507905
506,ExpGrad.01,1,0.583019,0.0,0.0,0.0,0.0,0.0,0 days 00:02:51.344385
507,RedGrid25,1,0.700987,-0.0118765161939287,-0.1066430058864673,-0.1066430058864673,0.0,-0.0155393376409372,0 days 00:11:28.294540
508,RedGrid5,1,0.700987,-0.0118765161939287,-0.1066430058864673,-0.1066430058864673,0.0,-0.0155393376409372,0 days 00:11:47.824623
509,RedGrid75,1,0.682779,-0.0008950801204208,-0.0457323803871106,-0.0457323803871106,0.0,0.0,0 days 00:11:29.769526
510,ExpGrad.1,1,0.710524,-0.0338296041989125,-0.109203991988792,-0.109203991988792,-0.0389221352011557,-0.0286773605625273,0 days 00:03:04.610870
511,ExpGrad.01,1,0.59717,-0.0031923211453079,-0.0050562228824566,0.0,0.0,-0.0050562228824566,0 days 00:04:14.685834
512,RedGrid25,1,0.706638,-0.0627924989397401,-0.1295265906133912,-0.1295265906133912,-0.0678127953338466,-0.0579480564745149,0 days 00:13:11.108964
513,RedGrid5,1,0.698662,-0.0017582902436761,-0.0898303255429268,-0.0898303255429268,0.0,0.0,0 days 00:12:52.228277
514,RedGrid75,1,0.682925,-0.0007449808287439,-0.0380607642054561,-0.0380607642054561,0.0,0.0,0 days 00:13:04.709041
515,ExpGrad.1,2,0.711137,-0.064649490285583,-0.1031143890993921,-0.1031143890993921,-0.0315587032086904,-0.0525613793419864,0 days 00:02:29.660512
516,ExpGrad.01,2,0.627141,-0.0046153908522123,-0.0102273208527961,-0.0102273208527961,0.0,-0.0027104223159958,0 days 00:03:27.505033
517,RedGrid25,2,0.716656,-0.073589920122041,-0.1083319129551884,-0.1083319129551884,-0.0937518931356372,-0.0293763777680469,0 days 00:11:41.354852
518,RedGrid5,2,0.670486,-0.0230607915890944,-0.066376222332932,-0.066376222332932,0.0,0.0,0 days 00:12:01.123592
519,RedGrid75,2,0.670486,-0.0230607915890944,-0.066376222332932,-0.066376222332932,0.0,0.0,0 days 00:11:48.768022
520,ExpGrad.1,2,0.718855,-0.0689730134144788,-0.1148216986074874,-0.1148216986074874,-0.0396043703727174,-0.0474802678215198,0 days 00:02:42.036365
521,ExpGrad.01,2,0.630281,-0.0164080799975217,-0.0228116595700729,-0.0206475786923309,-0.0228116595700729,-0.0083720627996187,0 days 00:03:46.545012
522,RedGrid25,2,0.712466,-0.0690502550739831,-0.094238209879456,-0.094238209879456,-0.0532805856582511,-0.0570009074897469,0 days 00:12:05.286848
523,RedGrid5,2,0.681413,-0.0445894183644388,-0.0697181737192023,-0.0697181737192023,0.0,-0.051708696937203,0 days 00:11:36.115712
524,RedGrid75,2,0.642037,-0.0201012516246814,-0.0337826663442206,-0.0337826663442206,-0.0319738093257992,0.0,0 days 00:11:17.421254
525,ExpGrad.1,0,0.707487,-0.074063948465463,-0.0935659805952544,-0.0935659805952544,-0.0595181506647929,-0.0650126349440222,0 days 00:02:27.774245
526,ExpGrad.01,0,0.686807,-0.0114081637205656,-0.0165843864717866,-0.0165843864717866,-0.0083981186402383,-0.0085348252219376,0 days 00:05:08.711619
527,RedGrid25,0,0.686768,-0.1251337931862895,-0.1555117513101459,-0.1555117513101459,-0.1037574790064511,-0.1103253449631412,0 days 00:09:59.571285
528,RedGrid5,0,0.686768,-0.1251337931862895,-0.1555117513101459,-0.1555117513101459,-0.1037574790064511,-0.1103253449631412,0 days 00:10:00.414469
529,RedGrid75,0,0.686768,-0.1251337931862895,-0.1555117513101459,-0.1555117513101459,-0.1037574790064511,-0.1103253449631412,0 days 00:10:03.194473
530,ExpGrad.1,2,0.689941,-0.0453828480839852,-0.0750662433514102,-0.0750662433514102,0.0,-0.0496652137264408,0 days 00:01:59.733486
531,ExpGrad.01,2,0.591427,-0.0027794400262331,-0.0038101484425057,-0.0038101484425057,0.0,-0.0037440562884503,0 days 00:02:57.668293
532,RedGrid25,2,0.707697,-0.0639126985419114,-0.1084746163984053,-0.1084746163984053,-0.014748668423338,-0.0574841064064468,0 days 00:10:55.099962
533,RedGrid5,2,0.707697,-0.0639126985419114,-0.1084746163984053,-0.1084746163984053,-0.014748668423338,-0.0574841064064468,0 days 00:10:58.355252
534,RedGrid75,2,0.62235,-0.022264000272866,-0.0389008368651493,-0.0125425149239635,-0.0389008368651493,-0.0196591137932441,0 days 00:11:04.685380
535,ExpGrad.1,2,0.703184,-0.0477858471588112,-0.0811530026522121,-0.0811530026522121,-0.0104577372506835,-0.0431418197028607,0 days 00:02:31.512498
536,ExpGrad.01,2,0.613598,-0.0049227389166809,-0.0141560235275487,-0.0141560235275487,0.0,0.0,0 days 00:03:10.736024
537,RedGrid25,2,0.712711,-0.0782865558309086,-0.0948277644984686,-0.0948277644984686,-0.0891804814227637,-0.0562044398736885,0 days 00:10:56.366533
538,RedGrid5,2,0.694644,-0.0486429886350639,-0.1054105746522358,-0.1054105746522358,0.0,-0.0307417855250642,0 days 00:10:54.041959
539,RedGrid75,2,0.694644,-0.0486429886350639,-0.1054105746522358,-0.1054105746522358,0.0,-0.0307417855250642,0 days 00:10:52.704322
540,ExpGrad.1,0,0.706173,-0.0770087339603635,-0.0951586360969254,-0.0951586360969254,-0.0657147264149546,-0.0673525061577263,0 days 00:03:19.061302
541,ExpGrad.01,0,0.686891,-0.0129996815102492,-0.0184990556683063,-0.0184990556683063,-0.0130761290497402,-0.0081313137280008,0 days 00:07:34.063106
542,RedGrid25,0,0.682125,-0.1122143492439314,-0.1468010813297529,-0.1468010813297529,-0.0928989480272876,-0.0925880531618161,0 days 00:12:28.178552
543,RedGrid5,0,0.682125,-0.1122143492439314,-0.1468010813297529,-0.1468010813297529,-0.0928989480272876,-0.0925880531618161,0 days 00:12:27.049269
544,RedGrid75,0,0.682125,-0.1122143492439314,-0.1468010813297529,-0.1468010813297529,-0.0928989480272876,-0.0925880531618161,0 days 00:12:23.849889
545,ExpGrad.1,0,0.706489,-0.0846523179696128,-0.1016918193603876,-0.1016918193603876,-0.0751975979870087,-0.074886476782514,0 days 00:03:02.114617
546,ExpGrad.01,0,0.687654,-0.0140647076104454,-0.0191429495449386,-0.0191429495449386,-0.0118968058591507,-0.0107947640237724,0 days 00:07:08.211660
547,RedGrid25,0,0.683133,-0.1164794387342821,-0.1501782529047898,-0.1501782529047898,-0.0976293475525841,-0.0972495102587496,0 days 00:12:29.672877
548,RedGrid5,0,0.683133,-0.1164794387342821,-0.1501782529047898,-0.1501782529047898,-0.0976293475525841,-0.0972495102587496,0 days 00:12:30.283745
549,RedGrid75,0,0.683133,-0.1164794387342821,-0.1501782529047898,-0.1501782529047898,-0.0976293475525841,-0.0972495102587496,0 days 00:13:11.171221
550,ExpGrad.1,1,0.711084,-0.0339456424180819,-0.1093140751603297,-0.1093140751603297,-0.0347448413134721,-0.0311875066805219,0 days 00:02:58.843038
551,ExpGrad.01,1,0.596742,-0.0001102246097275,-0.0056837373134502,-0.0056837373134502,0.0,0.0,0 days 00:04:07.055826
552,RedGrid25,1,0.705609,-0.0587293157130007,-0.1315931698726457,-0.1315931698726457,-0.0568636349934722,-0.0575234344807629,0 days 00:13:32.515978
553,RedGrid5,1,0.705609,-0.0587293157130007,-0.1315931698726457,-0.1315931698726457,-0.0568636349934722,-0.0575234344807629,0 days 00:13:31.575586
554,RedGrid75,1,0.694963,-0.0049476962399668,-0.0921824654140517,-0.0921824654140517,0.0,-0.0050065008695242,0 days 00:13:23.287533
555,ExpGrad.1,1,0.710187,-0.0205069511680909,-0.1051758594082928,-0.1051758594082928,-0.0149627854241579,-0.0209546762816467,0 days 00:02:27.890544
556,ExpGrad.01,1,0.574264,-0.0077625949221597,-0.0105225013486295,-0.0062049217754467,-0.0028703767560828,-0.0105225013486295,0 days 00:02:18.083631
557,RedGrid25,1,0.700657,-0.0054222967654282,-0.1004807506728349,-0.1004807506728349,0.0,-0.0054803359388042,0 days 00:11:52.531658
558,RedGrid5,1,0.700657,-0.0054222967654282,-0.1004807506728349,-0.1004807506728349,0.0,-0.0054803359388042,0 days 00:11:52.167322
559,RedGrid75,1,0.700657,-0.0054222967654282,-0.1004807506728349,-0.1004807506728349,0.0,-0.0054803359388042,0 days 00:11:52.462722
560,ExpGrad.1,0,0.706986,-0.0820945745590427,-0.0979427638843053,-0.0979427638843053,-0.0762766192590969,-0.0714029304235538,0 days 00:03:46.771457
561,ExpGrad.01,0,0.685896,-0.0129491150037355,-0.0167422489914708,-0.0167422489914708,-0.0115158379877748,-0.0104127030762996,0 days 00:07:32.547646
562,RedGrid25,0,0.683147,-0.1137235681636632,-0.1472734059015085,-0.1472734059015085,-0.0952915531653757,-0.0944695307479122,0 days 00:15:18.832618
563,RedGrid5,0,0.683147,-0.1137235681636632,-0.1472734059015085,-0.1472734059015085,-0.0952915531653757,-0.0944695307479122,0 days 00:15:23.990772
564,RedGrid75,0,0.683147,-0.1137235681636632,-0.1472734059015085,-0.1472734059015085,-0.0952915531653757,-0.0944695307479122,0 days 00:15:02.314031
565,ExpGrad.1,2,0.699323,-0.0412989198747841,-0.0786586986487409,-0.0786586986487409,-0.0229975246263617,-0.0199500870196838,0 days 00:03:30.745871
566,ExpGrad.01,2,0.619484,-0.0056743499454391,-0.0162123591079633,-0.0162123591079633,0.0,0.0,0 days 00:06:22.653830
567,RedGrid25,2,0.701834,-0.0516768811216941,-0.0824878848228287,-0.0824878848228287,-0.0741899682482108,-0.0085532258685856,0 days 00:14:38.712874
568,RedGrid5,2,0.701834,-0.0516768811216941,-0.0824878848228287,-0.0824878848228287,-0.0741899682482108,-0.0085532258685856,0 days 00:14:51.782900
569,RedGrid75,2,0.612821,-0.0095213793848743,-0.0162092194996406,-0.0150351302229608,-0.0162092194996406,0.0,0 days 00:14:53.654299
570,ExpGrad.1,0,0.706691,-0.0833971031826843,-0.1006037534720367,-0.1006037534720367,-0.0745036707731574,-0.0731934997659231,0 days 00:03:05.523124
571,ExpGrad.01,0,0.69092,-0.0175242077212203,-0.0233274920350317,-0.0233274920350317,-0.0148631037236268,-0.0138957369643435,0 days 00:11:14.849547
572,RedGrid25,0,0.689857,-0.0203777227349039,-0.0258132904099027,-0.0258132904099027,-0.0055891095983762,-0.0237781018925327,0 days 00:13:20.745653
573,RedGrid5,0,0.689857,-0.0203777227349039,-0.0258132904099027,-0.0258132904099027,-0.0055891095983762,-0.0237781018925327,0 days 00:13:26.759237
574,RedGrid75,0,0.689857,-0.0203777227349039,-0.0258132904099027,-0.0258132904099027,-0.0055891095983762,-0.0237781018925327,0 days 00:13:18.300534
575,ExpGrad.1,2,0.718035,-0.0663967908404029,-0.1001775973097116,-0.1001775973097116,-0.0491345709268348,-0.0479586021370559,0 days 00:02:44.854784
576,ExpGrad.01,2,0.621045,-0.0070100911055763,-0.0122392452234181,-0.0122392452234181,-0.005460441862911,-0.0034110471057922,0 days 00:04:24.800713
577,RedGrid25,2,0.729738,-0.0998205801959856,-0.1241590481797949,-0.1241590481797949,-0.1051969021521492,-0.0747152764246681,0 days 00:14:18.979087
578,RedGrid5,2,0.704262,-0.0548330299635923,-0.1054011290541327,-0.1054011290541327,0.0,-0.0464712418021315,0 days 00:14:21.627499
579,RedGrid75,2,0.659657,-0.0326489894184513,-0.0482705280447836,-0.0482705280447836,0.0,-0.040490891945694,0 days 00:14:18.252483
580,ExpGrad.1,0,0.706565,-0.0824347944759944,-0.1000806916837522,-0.1000806916837522,-0.0731073668682239,-0.0720830658161466,0 days 00:03:31.549630
581,ExpGrad.01,0,0.689264,-0.0136629785103173,-0.0187112484550003,-0.0187112484550003,-0.0134301726639113,-0.0093571219671254,0 days 00:07:11.347857
582,RedGrid25,0,0.682468,-0.1141436145380421,-0.1489118528478602,-0.1489118528478602,-0.0950259113300933,-0.0941555125003815,0 days 00:12:44.088310
583,RedGrid5,0,0.682468,-0.1141436145380421,-0.1489118528478602,-0.1489118528478602,-0.0950259113300933,-0.0941555125003815,0 days 00:12:49.459802
584,RedGrid75,0,0.682468,-0.1141436145380421,-0.1489118528478602,-0.1489118528478602,-0.0950259113300933,-0.0941555125003815,0 days 00:12:46.429741
585,ExpGrad.1,2,0.694613,-0.0435424843905602,-0.0819883529407195,-0.0819883529407195,-0.0270047850582212,-0.0199019189983192,0 days 00:02:35.587561
586,ExpGrad.01,2,0.625645,-0.0091877833181079,-0.0167886083375736,-0.0167886083375736,0.0,-0.008426913027705,0 days 00:03:24.723737
587,RedGrid25,2,0.669525,-0.0383676330526855,-0.0788449197043544,-0.0512726890391603,-0.0788449197043544,0.0,0 days 00:10:36.682776
588,RedGrid5,2,0.653641,-0.0128729740702447,-0.0366513704867276,-0.0366513704867276,0.0,0.0,0 days 00:10:39.318525
589,RedGrid75,2,0.653641,-0.0128729740702447,-0.0366513704867276,-0.0366513704867276,0.0,0.0,0 days 00:10:35.510181
590,ExpGrad.1,0,0.707317,-0.0764706016175739,-0.0940092002020879,-0.0940092002020879,-0.065633905330202,-0.0670668623120844,0 days 00:03:21.750117
591,ExpGrad.01,0,0.685929,-0.008542911585904,-0.0151491405549288,-0.0151491405549288,-0.0072659714590905,-0.0034471006609533,0 days 00:05:50.697821
592,RedGrid25,0,0.684537,-0.0746296229807751,-0.1063000224066179,-0.1063000224066179,0.0,-0.0881489708602046,0 days 00:11:31.525169
593,RedGrid5,0,0.662841,-0.0502591041698644,-0.1072743152908128,-0.1072743152908128,0.0,-0.0280150362786857,0 days 00:11:28.934827
594,RedGrid75,0,0.662841,-0.0502591041698644,-0.1072743152908128,-0.1072743152908128,0.0,-0.0280150362786857,0 days 00:11:22.669266
595,ExpGrad.1,2,0.707434,-0.0589966740478262,-0.0825366914161938,-0.0825366914161938,-0.0699328318602353,-0.03074364780105,0 days 00:02:05.579408
596,ExpGrad.01,2,0.615845,-0.0073750318911343,-0.0100309284470951,-0.0100309284470951,-0.0063136209514096,-0.0057075320854507,0 days 00:02:44.801227
597,RedGrid25,2,0.719833,-0.0849365825061008,-0.0967630103243669,-0.0946929526282959,-0.0967630103243669,-0.0683962277875593,0 days 00:11:36.143914
598,RedGrid5,2,0.703863,-0.0590120375171258,-0.0878175751441319,-0.078038118011411,-0.0878175751441319,-0.0229531164207118,0 days 00:11:43.539102
599,RedGrid75,2,0.670702,-0.0351325118050753,-0.0672611863281292,-0.0446126532998552,-0.0672611863281292,-0.0053927267649604,0 days 00:11:38.129293
600,ExpGrad.1,2,0.720645,-0.0641403013971876,-0.0977885020070971,-0.0977885020070971,-0.0544744889392413,-0.0408486762377323,0 days 00:03:11.336917
601,ExpGrad.01,2,0.624856,-0.0033965917359762,-0.0097847964005766,-0.0097847964005766,0.0,0.0,0 days 00:08:13.527136
602,RedGrid25,2,0.718782,-0.0713461879204056,-0.090354229930255,-0.090354229930255,-0.0796554375060843,-0.0491466773306515,0 days 00:13:15.688322
603,RedGrid5,2,0.708426,-0.0618590329807458,-0.0854942522932841,-0.0854942522932841,-0.0510194794281537,-0.0481580376172663,0 days 00:13:18.305383
604,RedGrid75,2,0.708426,-0.0618590329807458,-0.0854942522932841,-0.0854942522932841,-0.0510194794281537,-0.0481580376172663,0 days 00:13:11.168448
605,ExpGrad.1,1,0.710983,-0.0365195985915081,-0.1178411890751413,-0.1178411890751413,-0.0301745015358294,-0.0375290928382758,0 days 00:02:10.779427
606,ExpGrad.01,1,0.592064,-0.0001825614421425,-0.0093731717865891,-0.0093731717865891,0.0,0.0,0 days 00:03:19.821434
607,RedGrid25,1,0.705655,-0.0581403679406317,-0.1361203168444157,-0.1361203168444157,-0.0572602780781121,-0.0562201638795425,0 days 00:11:12.373367
608,RedGrid5,1,0.705655,-0.0581403679406317,-0.1361203168444157,-0.1361203168444157,-0.0572602780781121,-0.0562201638795425,0 days 00:11:08.167591
609,RedGrid75,1,0.705655,-0.0581403679406317,-0.1361203168444157,-0.1361203168444157,-0.0572602780781121,-0.0562201638795425,0 days 00:11:08.778489
610,ExpGrad.1,0,0.706535,-0.0835135719095548,-0.100917236348839,-0.100917236348839,-0.0752097540231495,-0.0728521882569988,0 days 00:03:14.225114
611,ExpGrad.01,0,0.686161,-0.0162531901766945,-0.0212256012893334,-0.0212256012893334,-0.0145022888040539,-0.0128624556728599,0 days 00:05:43.233602
612,RedGrid25,0,0.685236,-0.1233178506568686,-0.153506265799235,-0.153506265799235,-0.0997458246533677,-0.1099082927602218,0 days 00:12:47.277285
613,RedGrid5,0,0.685236,-0.1233178506568686,-0.153506265799235,-0.153506265799235,-0.0997458246533677,-0.1099082927602218,0 days 00:12:44.828686
614,RedGrid75,0,0.685236,-0.1233178506568686,-0.153506265799235,-0.153506265799235,-0.0997458246533677,-0.1099082927602218,0 days 00:12:42.738764
615,ExpGrad.1,1,0.70874,-0.0107137829237703,-0.0982068647457914,-0.0982068647457914,0.0,-0.0139561528137862,0 days 00:02:41.265994
616,ExpGrad.01,1,0.570117,-0.0086008136276879,-0.0089847217145275,-0.0040731445719012,-0.0081574904634457,-0.0089847217145275,0 days 00:02:07.725955
617,RedGrid25,1,0.705623,-0.0639593235883268,-0.1332197712464555,-0.1332197712464555,-0.067275678842509,-0.060002690726609,0 days 00:11:53.139229
618,RedGrid5,1,0.700325,-0.0081054020202489,-0.101677795052414,-0.101677795052414,0.0,-0.0097191545451501,0 days 00:11:43.079805
619,RedGrid75,1,0.700325,-0.0081054020202489,-0.101677795052414,-0.101677795052414,0.0,-0.0097191545451501,0 days 00:11:37.960317
620,ExpGrad.1,1,0.710437,-0.0262250243208742,-0.1002707045442447,-0.1002707045442447,-0.0304826040002975,-0.0215548360241752,0 days 00:02:37.250955
621,ExpGrad.01,1,0.598045,-0.0001942825816991,-0.0098724948745567,-0.0098724948745567,0.0,0.0,0 days 00:02:50.154573
622,RedGrid25,1,0.707914,-0.0666558822124572,-0.134440337497305,-0.134440337497305,-0.0768068415166027,-0.0589144670951869,0 days 00:09:30.616500
623,RedGrid5,1,0.707914,-0.0666558822124572,-0.134440337497305,-0.134440337497305,-0.0768068415166027,-0.0589144670951869,0 days 00:09:05.980949
624,RedGrid75,1,0.707914,-0.0666558822124572,-0.134440337497305,-0.134440337497305,-0.0768068415166027,-0.0589144670951869,0 days 00:08:28.304484
625,ExpGrad.1,1,0.707469,-0.0178572563346541,-0.0993206789720212,-0.0993206789720212,-0.0365988051005906,-0.0050124376926959,0 days 00:02:44.167290
626,ExpGrad.01,1,0.586093,-0.005482463640303,-0.0101623346385351,-0.0042298565806751,-0.0101623346385351,-0.0029428661193446,0 days 00:03:27.732712
627,RedGrid25,1,0.705832,-0.0655111957474481,-0.1335530917914597,-0.1335530917914597,-0.0603815735994308,-0.0662330683348177,0 days 00:11:07.075463
628,RedGrid5,1,0.705832,-0.0655111957474481,-0.1335530917914597,-0.1335530917914597,-0.0603815735994308,-0.0662330683348177,0 days 00:11:18.729516
629,RedGrid75,1,0.705832,-0.0655111957474481,-0.1335530917914597,-0.1335530917914597,-0.0603815735994308,-0.0662330683348177,0 days 00:11:23.400563
630,ExpGrad.1,1,0.711505,-0.0501263103106038,-0.1157847173589736,-0.1157847173589736,-0.0647511531771275,-0.0400132462871464,0 days 00:02:55.391729
631,ExpGrad.01,1,0.587215,-0.0091912660654239,-0.014201191125834,-0.014201191125834,-0.0103457229269774,-0.0083982553698539,0 days 00:03:31.600713
632,RedGrid25,1,0.706198,-0.066570875589038,-0.1325827585796239,-0.1325827585796239,-0.0713138249738543,-0.0619226056047008,0 days 00:12:02.629354
633,RedGrid5,1,0.706198,-0.066570875589038,-0.1325827585796239,-0.1325827585796239,-0.0713138249738543,-0.0619226056047008,0 days 00:11:53.966672
634,RedGrid75,1,0.706198,-0.066570875589038,-0.1325827585796239,-0.1325827585796239,-0.0713138249738543,-0.0619226056047008,0 days 00:11:52.633851
635,ExpGrad.1,2,0.698075,-0.0430922246644187,-0.0753162813333024,-0.0753162813333024,-0.0092674236600425,-0.0366011884928365,0 days 00:03:20.316303
636,ExpGrad.01,2,0.608649,-0.0052914345982942,-0.0095641220465498,-0.0043946377725879,0.0,-0.0095641220465498,0 days 00:04:57.473884
637,RedGrid25,2,0.715376,-0.0721459709931729,-0.0892479037312875,-0.0892479037312875,-0.0844503224955089,-0.0488370244666769,0 days 00:14:22.039211
638,RedGrid5,2,0.69191,-0.0353134619544478,-0.0867569981008691,-0.0867569981008691,0.0,-0.0126832293524735,0 days 00:14:23.117142
639,RedGrid75,2,0.69191,-0.0353134619544478,-0.0867569981008691,-0.0867569981008691,0.0,-0.0126832293524735,0 days 00:14:21.868320
640,ExpGrad.1,2,0.708573,-0.0580639143933245,-0.0884112357492327,-0.0884112357492327,-0.0233329844474143,-0.0542266814015053,0 days 00:02:45.490087
641,ExpGrad.01,2,0.617766,-0.0093971544573268,-0.0140473920174957,-0.0140473920174957,0.0,-0.0115278740748731,0 days 00:03:25.478991
642,RedGrid25,2,0.731164,-0.0954160847404121,-0.1180535739085712,-0.1180535739085712,-0.1049690339157472,-0.068896806809621,0 days 00:10:22.781721
643,RedGrid5,2,0.680893,-0.0400113406080651,-0.0611742115171763,-0.0611742115171763,0.0,-0.0478705326479265,0 days 00:10:28.399368
644,RedGrid75,2,0.678435,-0.0382152652986022,-0.0578105062010028,-0.0578105062010028,0.0,-0.0462713373807467,0 days 00:10:26.567554
645,ExpGrad.1,2,0.706319,-0.0450573667103245,-0.0857745758379605,-0.0857745758379605,-0.0150544863230859,-0.0288776528508529,0 days 00:02:42.533182
646,ExpGrad.01,2,0.620685,-0.0050384921134372,-0.0100690193923942,-0.0100690193923942,-0.0058402073446807,0.0,0 days 00:03:32.681880
647,RedGrid25,2,0.6824,-0.0259199457954756,-0.0718899836160354,-0.0718899836160354,0.0,-0.0022908569203067,0 days 00:11:19.191239
648,RedGrid5,2,0.679372,-0.0240301636618271,-0.0690238801416082,-0.0690238801416082,0.0,0.0,0 days 00:11:13.159221
649,RedGrid75,2,0.679372,-0.0240301636618271,-0.0690238801416082,-0.0690238801416082,0.0,0.0,0 days 00:11:26.497489
650,ExpGrad.1,2,0.70865,-0.0542530797948146,-0.0890710334875761,-0.0890710334875761,-0.0311543694634895,-0.0385013144661267,0 days 00:02:44.943139
651,ExpGrad.01,2,0.63165,-0.0148610159620474,-0.015625182955535,-0.0151731478972886,-0.015625182955535,-0.0140804444730734,0 days 00:03:09.405101
652,RedGrid25,2,0.72254,-0.1013135413140148,-0.1189452468827619,-0.1189452468827619,-0.0931485678739754,-0.0910117043408405,0 days 00:10:57.001215
653,RedGrid5,2,0.682818,-0.0300965627277431,-0.0741750997098397,-0.0741750997098397,0.0,-0.0107176275456279,0 days 00:12:03.145680
654,RedGrid75,2,0.65294,-0.0249920725526694,-0.0604006220585776,-0.0268847326061435,-0.0604006220585776,0.0,0 days 00:12:19.892936
655,ExpGrad.1,0,0.705931,-0.0751431292857448,-0.0939965903151146,-0.0939965903151146,-0.0626136232802068,-0.0655381282207577,0 days 00:02:40.976403
656,ExpGrad.01,0,0.688365,-0.0133474034821794,-0.0183613387409501,-0.0183613387409501,-0.0115345871850903,-0.0099535821057408,0 days 00:06:05.167367
657,RedGrid25,0,0.686364,-0.124001149847717,-0.1533657907797616,-0.1533657907797616,-0.1022422860448328,-0.1102809655374821,0 days 00:09:17.097021
658,RedGrid5,0,0.686364,-0.124001149847717,-0.1533657907797616,-0.1533657907797616,-0.1022422860448328,-0.1102809655374821,0 days 00:09:36.047934
659,RedGrid75,0,0.66851,-0.0530021355695927,-0.1111860039231389,-0.1111860039231389,0.0,-0.0312801896829439,0 days 00:10:21.184005
660,ExpGrad.1,0,0.70668,-0.0767745564739177,-0.0939196667386991,-0.0939196667386991,-0.0653509694278545,-0.0680083574912788,0 days 00:02:25.848409
661,ExpGrad.01,0,0.687568,-0.0130621867392985,-0.0178348547691892,-0.0178348547691892,-0.0132169279148592,-0.0087762354127248,0 days 00:05:49.890214
662,RedGrid25,0,0.694439,-0.0349017208810967,-0.0423105160966901,-0.0376204160855354,-0.0171930967481529,-0.0423105160966901,0 days 00:10:23.511178
663,RedGrid5,0,0.694439,-0.0349017208810967,-0.0423105160966901,-0.0376204160855354,-0.0171930967481529,-0.0423105160966901,0 days 00:10:29.859978
664,RedGrid75,0,0.694439,-0.0349017208810967,-0.0423105160966901,-0.0376204160855354,-0.0171930967481529,-0.0423105160966901,0 days 00:11:06.229195
665,ExpGrad.1,2,0.697281,-0.0420604888386757,-0.0713005562612609,-0.0713005562612609,-0.0191257328972175,-0.0311526036238579,0 days 00:02:16.933836
666,ExpGrad.01,2,0.613615,-0.001501792280794,-0.0042926512950619,-0.0042926512950619,0.0,0.0,0 days 00:04:38.415905
667,RedGrid25,2,0.730488,-0.0927819854615363,-0.1183233324561738,-0.1183233324561738,-0.0954461807901448,-0.0680391477098455,0 days 00:10:49.264281
668,RedGrid5,2,0.66102,-0.015685555208339,-0.0428576955610906,-0.0428576955610906,0.0,-0.0017770911697774,0 days 00:10:55.872884
669,RedGrid75,2,0.66102,-0.015685555208339,-0.0428576955610906,-0.0428576955610906,0.0,-0.0017770911697774,0 days 00:10:57.518638
670,ExpGrad.1,0,0.707596,-0.0827501674044817,-0.0996388650353983,-0.0996388650353983,-0.0731508372665286,-0.0732186353593631,0 days 00:04:31.172411
671,ExpGrad.01,0,0.686248,-0.0154538156354548,-0.0194019295258833,-0.0194019295258833,-0.0114533616695138,-0.0141959441244751,0 days 00:07:43.424869
672,RedGrid25,0,0.68392,-0.1178544322815671,-0.1525561792212969,-0.1525561792212969,-0.1006106534447861,-0.0968994355948457,0 days 00:14:13.732697
673,RedGrid5,0,0.68392,-0.1178544322815671,-0.1525561792212969,-0.1525561792212969,-0.1006106534447861,-0.0968994355948457,0 days 00:13:49.543020
674,RedGrid75,0,0.68392,-0.1178544322815671,-0.1525561792212969,-0.1525561792212969,-0.1006106534447861,-0.0968994355948457,0 days 00:14:11.822845
675,ExpGrad.1,2,0.715972,-0.0614713962421061,-0.0965444229869079,-0.0965444229869079,-0.0408708392540764,-0.0434537733826467,0 days 00:03:00.980206
676,ExpGrad.01,2,0.621539,-0.0083234851795307,-0.0173569854605594,-0.0173569854605594,-0.008626572040215,0.0,0 days 00:04:44.973088
677,RedGrid25,2,0.730649,-0.0985095619110644,-0.1208922475649984,-0.1208922475649984,-0.1028499977409214,-0.0755293087210143,0 days 00:13:22.148387
678,RedGrid5,2,0.70835,-0.0599431917314833,-0.1001016989827036,-0.1001016989827036,-0.0763718709397042,-0.0130388492894204,0 days 00:13:24.596988
679,RedGrid75,2,0.695579,-0.0413250780437887,-0.0656383391037125,-0.0656383391037125,-0.0641422327132452,-0.0044769135191908,0 days 00:13:20.799028
680,ExpGrad.1,2,0.708451,-0.0593580625331101,-0.0897125146868133,-0.0897125146868133,-0.0463572417059059,-0.0410200277272648,0 days 00:03:15.388214
681,ExpGrad.01,2,0.618342,-0.005600073140119,-0.0104735985134973,-0.0042943976474543,0.0,-0.0104735985134973,0 days 00:03:44.412990
682,RedGrid25,2,0.730253,-0.0947079564025909,-0.1156653992429711,-0.1156653992429711,-0.1030539875124442,-0.070559240540674,0 days 00:10:48.500206
683,RedGrid5,2,0.690263,-0.0619544585698826,-0.0700901407338255,-0.0628091249300931,-0.0700901407338255,-0.0557999382663301,0 days 00:10:46.394390
684,RedGrid75,2,0.671636,-0.0330352038939573,-0.0538246726204793,-0.043529139389663,-0.0538246726204793,-0.0099276154165261,0 days 00:10:50.567149
685,ExpGrad.1,0,0.707195,-0.0808002108308517,-0.0989717677912053,-0.0989717677912053,-0.0709512209137388,-0.0702845795043755,0 days 00:02:42.847879
686,ExpGrad.01,0,0.688329,-0.012926000239055,-0.0181321234387772,-0.0181321234387772,-0.0116951198815113,-0.0090366938024896,0 days 00:04:51.078115
687,RedGrid25,0,0.688013,-0.0822435817579162,-0.1144420577592503,-0.1144420577592503,-0.0088111516858605,-0.0944576623233141,0 days 00:08:37.150934
688,RedGrid5,0,0.688013,-0.0822435817579162,-0.1144420577592503,-0.1144420577592503,-0.0088111516858605,-0.0944576623233141,0 days 00:08:50.040499
689,RedGrid75,0,0.665039,-0.0529257423790885,-0.1105950432095396,-0.1105950432095396,0.0,-0.0314934674691247,0 days 00:08:57.723832
690,ExpGrad.1,1,0.710137,-0.0253354443110634,-0.1163935484115846,-0.1163935484115846,-0.0099449794130792,-0.0310660791552029,0 days 00:03:18.261146
691,ExpGrad.01,1,0.60566,-0.0044910179554425,-0.0278338924091954,-0.0278338924091954,-6.227389859092547e-05,-0.0062287658737683,0 days 00:04:12.237798
692,RedGrid25,1,0.700501,-0.0085394921063007,-0.1177029731905439,-0.1177029731905439,0.0,-0.0099003404360122,0 days 00:12:36.405925
693,RedGrid5,1,0.700501,-0.0085394921063007,-0.1177029731905439,-0.1177029731905439,0.0,-0.0099003404360122,0 days 00:13:00.709190
694,RedGrid75,1,0.700501,-0.0085394921063007,-0.1177029731905439,-0.1177029731905439,0.0,-0.0099003404360122,0 days 00:13:13.317268
695,ExpGrad.1,1,0.711797,-0.0389506179189748,-0.1284843561515553,-0.1284843561515553,-0.032483264269209,-0.0397501919349232,0 days 00:02:29.084844
696,ExpGrad.01,1,0.59192,-0.0025474459316319,-0.0200854306126394,-0.0200854306126394,-0.0003421371519846,-0.0032224626762605,0 days 00:04:13.193044
697,RedGrid25,1,0.699698,-0.0031185073032561,-0.1030111777754519,-0.1030111777754519,0.0,-0.0017474280638775,0 days 00:11:52.926237
698,RedGrid5,1,0.699698,-0.0031185073032561,-0.1030111777754519,-0.1030111777754519,0.0,-0.0017474280638775,0 days 00:11:46.650643
699,RedGrid75,1,0.699698,-0.0031185073032561,-0.1030111777754519,-0.1030111777754519,0.0,-0.0017474280638775,0 days 00:11:56.894678
700,ExpGrad.1,2,0.704785,-0.0490902219854668,-0.0821161794309126,-0.0821161794309126,-0.0282403932498703,-0.0332879865330118,0 days 00:02:39.163060
701,ExpGrad.01,2,0.613421,-0.0059642925435917,-0.0077022892665764,-0.0077022892665764,-0.007671324122575,-0.0032810113428538,0 days 00:04:04.763731
702,RedGrid25,2,0.727717,-0.0975081665552563,-0.1242501491432204,-0.1242501491432204,-0.1021084803001106,-0.0705272147549494,0 days 00:10:42.931398
703,RedGrid5,2,0.687343,-0.0343151658161552,-0.0796690763166665,-0.0796690763166665,0.0,-0.016366484286593,0 days 00:10:46.067551
704,RedGrid75,2,0.687343,-0.0343151658161552,-0.0796690763166665,-0.0796690763166665,0.0,-0.016366484286593,0 days 00:10:47.852048
705,ExpGrad.1,1,0.710641,-0.0403697139612345,-0.1153582885535297,-0.1153582885535297,-0.0537494013321577,-0.0306517204426796,0 days 00:03:21.720049
706,ExpGrad.01,1,0.593415,-0.0112613820275981,-0.0148049169445957,-0.0148049169445957,-0.0140695350235068,-0.0095998378360372,0 days 00:05:52.712341
707,RedGrid25,1,0.704865,-0.0493333053470024,-0.1256165964329996,-0.1256165964329996,-0.0490618808687046,-0.0471182864085518,0 days 00:14:13.318346
708,RedGrid5,1,0.704865,-0.0493333053470024,-0.1256165964329996,-0.1256165964329996,-0.0490618808687046,-0.0471182864085518,0 days 00:14:15.509510
709,RedGrid75,1,0.685081,-0.0008318925952407,-0.0424915196718059,-0.0424915196718059,0.0,0.0,0 days 00:14:10.584288
710,ExpGrad.1,2,0.713105,-0.0600498266152741,-0.0946620880981424,-0.0946620880981424,-0.0448573834604251,-0.0396844074604973,0 days 00:01:58.783106
711,ExpGrad.01,2,0.630436,-0.0050573497990688,-0.0075312228848821,-0.0075312228848821,0.0,-0.0062873786998084,0 days 00:04:08.151805
712,RedGrid25,2,0.707247,-0.0541926646937799,-0.1041208038390685,-0.1041208038390685,-0.0090982275610057,-0.0404900733275488,0 days 00:11:14.857543
713,RedGrid5,2,0.686008,-0.0305281648458598,-0.0768435417569219,-0.0768435417569219,0.0,-0.0101735094605975,0 days 00:11:11.616664
714,RedGrid75,2,0.683189,-0.0288060135035227,-0.0737307098543054,-0.0737307098543054,0.0,-0.0085178312914478,0 days 00:11:08.869152
715,ExpGrad.1,1,0.710109,-0.0279133354097498,-0.1026233229241092,-0.1026233229241092,-0.0208386624293621,-0.0295177190731638,0 days 00:02:43.116715
716,ExpGrad.01,1,0.608032,-0.0069833316321125,-0.0192686552252352,-0.0192686552252352,-0.0081664281631559,-0.0059509515348607,0 days 00:05:02.877574
717,RedGrid25,1,0.702347,-0.0205861938551817,-0.1090660891744507,-0.1090660891744507,-0.0165695973576589,-0.0200766624521048,0 days 00:14:33.780897
718,RedGrid5,1,0.702347,-0.0205861938551817,-0.1090660891744507,-0.1090660891744507,-0.0165695973576589,-0.0200766624521048,0 days 00:14:38.526303
719,RedGrid75,1,0.702347,-0.0205861938551817,-0.1090660891744507,-0.1090660891744507,-0.0165695973576589,-0.0200766624521048,0 days 00:14:40.114654
720,ExpGrad.1,1,0.711802,-0.0304038590604761,-0.1151271128525975,-0.1151271128525975,-0.0188051063768251,-0.0342133979248332,0 days 00:02:37.648662
721,ExpGrad.01,1,0.602694,-0.0002438069813512,-0.0124551208874142,-0.0124551208874142,0.0,0.0,0 days 00:03:50.046242
722,RedGrid25,1,0.706471,-0.0601781824166823,-0.1305957060786203,-0.1305957060786203,-0.0637603427211622,-0.0560025489372516,0 days 00:13:08.544499
723,RedGrid5,1,0.697104,-0.0018798239418818,-0.0960326661420105,-0.0960326661420105,0.0,0.0,0 days 00:12:56.086456
724,RedGrid75,1,0.697104,-0.0018798239418818,-0.0960326661420105,-0.0960326661420105,0.0,0.0,0 days 00:13:44.924062
725,ExpGrad.1,0,0.706988,-0.0830318454428873,-0.0998068945281233,-0.0998068945281233,-0.0733447052258058,-0.0736566640595004,0 days 00:03:34.653085
726,ExpGrad.01,0,0.689926,-0.0132846343826001,-0.0180719293513805,-0.0180719293513805,-0.0097282817508578,-0.0110478150710172,0 days 00:10:51.834303
727,RedGrid25,0,0.683127,-0.1154989589712441,-0.1504423668917089,-0.1504423668917089,-0.0970187466782661,-0.095028803282567,0 days 00:16:08.828845
728,RedGrid5,0,0.683127,-0.1154989589712441,-0.1504423668917089,-0.1504423668917089,-0.0970187466782661,-0.095028803282567,0 days 00:16:26.034740
729,RedGrid75,0,0.683127,-0.1154989589712441,-0.1504423668917089,-0.1504423668917089,-0.0970187466782661,-0.095028803282567,0 days 00:16:07.269169
730,ExpGrad.1,0,0.706737,-0.0834600401210087,-0.1008383325749754,-0.1008383325749754,-0.0747726334178658,-0.0730171178981197,0 days 00:03:55.419388
731,ExpGrad.01,0,0.685114,-0.0137496016894013,-0.0189025818140617,-0.0189025818140617,-0.0109700444758339,-0.0107660149421832,0 days 00:07:46.598443
732,RedGrid25,0,0.684325,-0.0799611044958846,-0.1134922359477639,-0.1134922359477639,0.0,-0.0948688182959761,0 days 00:14:31.866598
733,RedGrid5,0,0.663134,-0.0517266930360606,-0.110120195920973,-0.110120195920973,0.0,-0.0291378707528223,0 days 00:14:33.822861
734,RedGrid75,0,0.663134,-0.0517266930360606,-0.110120195920973,-0.110120195920973,0.0,-0.0291378707528223,0 days 00:14:21.269505
735,ExpGrad.1,1,0.710985,-0.0331959418234065,-0.1171462470803811,-0.1171462470803811,-0.0391330864600384,-0.0273358222680067,0 days 00:02:44.961246
736,ExpGrad.01,1,0.593685,-0.008912098079532,-0.0195708362927338,-0.0195708362927338,-0.0127589406345388,-0.0064569618435789,0 days 00:03:33.324009
737,RedGrid25,1,0.70809,-0.0701012579151477,-0.1436119655202066,-0.1436119655202066,-0.0717583369112274,-0.0669292160266765,0 days 00:12:16.145413
738,RedGrid5,1,0.701639,-0.0048639236907413,-0.1059897917659909,-0.1059897917659909,0.0,-0.0044521473270365,0 days 00:12:20.548337
739,RedGrid75,1,0.701639,-0.0048639236907413,-0.1059897917659909,-0.1059897917659909,0.0,-0.0044521473270365,0 days 00:12:16.399871
740,ExpGrad.1,2,0.721097,-0.0713422360285331,-0.1098693565745687,-0.1098693565745687,-0.0565281245292628,-0.0467820984175866,0 days 00:02:33.961422
741,ExpGrad.01,2,0.617154,-0.002080436027298,-0.0047766916346702,-0.0047766916346702,-0.0015935819847233,0.0,0 days 00:03:41.341559
742,RedGrid25,2,0.718497,-0.0698587309447943,-0.1099885519438748,-0.1099885519438748,-0.075557899880095,-0.0303809437643122,0 days 00:11:09.364645
743,RedGrid5,2,0.664458,-0.0174285617301179,-0.0368259695735737,-0.0368259695735737,-0.0176688501536658,0.0,0 days 00:11:54.035013
744,RedGrid75,2,0.664458,-0.0174285617301179,-0.0368259695735737,-0.0368259695735737,-0.0176688501536658,0.0,0 days 00:11:19.164681
745,ExpGrad.1,1,0.711844,-0.0372435998274347,-0.1135517895621384,-0.1135517895621384,-0.0302414576570032,-0.0387219142519947,0 days 00:02:20.674903
746,ExpGrad.01,1,0.601368,-0.0136817110754033,-0.0228350209798793,-0.0228350209798793,-0.0096802632730891,-0.0156033048678027,0 days 00:03:12.067447
747,RedGrid25,1,0.705582,-0.0661541128784414,-0.1355235733202028,-0.1355235733202028,-0.0682685003535851,-0.0628195451973291,0 days 00:12:51.424203
748,RedGrid5,1,0.701493,-0.0107909364256238,-0.0994669332465088,-0.0994669332465088,0.0,-0.0139730564896942,0 days 00:12:48.249801
749,RedGrid75,1,0.701493,-0.0107909364256238,-0.0994669332465088,-0.0994669332465088,0.0,-0.0139730564896942,0 days 00:12:52.365428
750,ExpGrad.1,1,0.713059,-0.0524929490567145,-0.1168940900870472,-0.1168940900870472,-0.0585882300175902,-0.0471131329409038,0 days 00:02:21.168985
751,ExpGrad.01,1,0.588482,-0.0001739517783417,-0.0088863846617945,-0.0088863846617945,0.0,0.0,0 days 00:04:04.133788
752,RedGrid25,1,0.708481,-0.0683816515490394,-0.1295498640012111,-0.1295498640012111,-0.0754175923339154,-0.0625804420548087,0 days 00:12:04.448652
753,RedGrid5,1,0.699877,-0.001752831285232,-0.0895439713022077,-0.0895439713022077,0.0,0.0,0 days 00:12:54.794651
754,RedGrid75,1,0.699877,-0.001752831285232,-0.0895439713022077,-0.0895439713022077,0.0,0.0,0 days 00:12:48.360621
755,ExpGrad.1,0,0.706829,-0.0832066383371741,-0.101541057150715,-0.101541057150715,-0.0739298800825546,-0.0722048342591274,0 days 00:03:53.720079
756,ExpGrad.01,0,0.687296,-0.0143250130843125,-0.0194410469869487,-0.0194410469869487,-0.0138174486779042,-0.0101044392891403,0 days 00:10:31.367718
757,RedGrid25,0,0.687606,-0.0835721200753105,-0.115460674344343,-0.115460674344343,-0.0097925797684126,-0.0963097288310663,0 days 00:14:29.839834
758,RedGrid5,0,0.687606,-0.0835721200753105,-0.115460674344343,-0.115460674344343,-0.0097925797684126,-0.0963097288310663,0 days 00:14:27.084918
759,RedGrid75,0,0.664174,-0.0536096696250288,-0.1106662533259199,-0.1106662533259199,0.0,-0.0330515526778705,0 days 00:14:27.311281
760,ExpGrad.1,2,0.691495,-0.0472742355088252,-0.0760852590285568,-0.0760852590285568,-0.0449659501762825,-0.0231632719912672,0 days 00:03:30.320374
761,ExpGrad.01,2,0.610945,-0.0046546871129079,-0.0134128064490896,-0.0134128064490896,0.0,0.0,0 days 00:04:22.912938
762,RedGrid25,2,0.715891,-0.0717749447995951,-0.1082400264037282,-0.1082400264037282,-0.0930814021512574,-0.0248654090835461,0 days 00:13:37.915001
763,RedGrid5,2,0.693312,-0.0393284716144418,-0.0953663416123368,-0.0953663416123368,0.0,-0.0160049636160052,0 days 00:13:48.863533
764,RedGrid75,2,0.648058,-0.0115955041124703,-0.0334132560508501,-0.0334132560508501,0.0,0.0,0 days 00:13:43.283976
765,ExpGrad.1,0,0.706956,-0.0833223865694191,-0.1009141898382278,-0.1009141898382278,-0.0740492131063073,-0.0729897334852966,0 days 00:02:29.695165
766,ExpGrad.01,0,0.686238,-0.0147121296088159,-0.0192330997641925,-0.0192330997641925,-0.0124676274648382,-0.0119800374558899,0 days 00:05:09.394797
767,RedGrid25,0,0.686593,-0.0809099094924643,-0.1134153310411221,-0.1134153310411221,-0.0054772736089433,-0.0940588486977589,0 days 00:08:11.817370
768,RedGrid5,0,0.686593,-0.0809099094924643,-0.1134153310411221,-0.1134153310411221,-0.0054772736089433,-0.0940588486977589,0 days 00:08:14.141723
769,RedGrid75,0,0.664368,-0.0556635367435074,-0.1135269474447794,-0.1135269474447794,0.0,-0.035592709445438,0 days 00:08:29.628411
770,ExpGrad.1,0,0.706125,-0.0838246837442867,-0.1019525622998719,-0.1019525622998719,-0.0746657762817438,-0.0730211326388352,0 days 00:02:55.561408
771,ExpGrad.01,0,0.685259,-0.0130232347124432,-0.0191162855679495,-0.0191162855679495,-0.0089546815161898,-0.0099414624690389,0 days 00:06:55.190505
772,RedGrid25,0,0.682086,-0.1183067640596957,-0.1525342184721483,-0.1525342184721483,-0.0999177628493888,-0.0985166636483226,0 days 00:12:07.264458
773,RedGrid5,0,0.682086,-0.1183067640596957,-0.1525342184721483,-0.1525342184721483,-0.0999177628493888,-0.0985166636483226,0 days 00:12:06.753215
774,RedGrid75,0,0.682086,-0.1183067640596957,-0.1525342184721483,-0.1525342184721483,-0.0999177628493888,-0.0985166636483226,0 days 00:12:08.917143
775,ExpGrad.1,0,0.707079,-0.0809410537452756,-0.0999836020528792,-0.0999836020528792,-0.0683395957153513,-0.0712174428025295,0 days 00:04:44.182550
776,ExpGrad.01,0,0.68743,-0.0176073292059543,-0.0227804456105399,-0.0227804456105399,-0.0152571955447731,-0.0143725948701277,0 days 00:10:11.630391
777,RedGrid25,0,0.68298,-0.1180134713830405,-0.15343017348299,-0.15343017348299,-0.0973055772775752,-0.0984202236228241,0 days 00:16:50.842868
778,RedGrid5,0,0.68298,-0.1180134713830405,-0.15343017348299,-0.15343017348299,-0.0973055772775752,-0.0984202236228241,0 days 00:16:21.047494
779,RedGrid75,0,0.68298,-0.1180134713830405,-0.15343017348299,-0.15343017348299,-0.0973055772775752,-0.0984202236228241,0 days 00:15:47.497793
780,ExpGrad.1,1,0.710361,-0.0366695141899142,-0.1177494051425847,-0.1177494051425847,-0.0512119697977075,-0.0261004872937887,0 days 00:02:24.571059
781,ExpGrad.01,1,0.602652,-0.0029654288008459,-0.0160956411564333,-0.0160956411564333,-0.0037463948326864,-0.0021281954493079,0 days 00:03:47.591742
782,RedGrid25,1,0.706028,-0.0607692439481811,-0.1374641704923406,-0.1374641704923406,-0.0661838254095056,-0.0554051360176487,0 days 00:11:07.363190
783,RedGrid5,1,0.706028,-0.0607692439481811,-0.1374641704923406,-0.1374641704923406,-0.0661838254095056,-0.0554051360176487,0 days 00:11:05.799444
784,RedGrid75,1,0.706028,-0.0607692439481811,-0.1374641704923406,-0.1374641704923406,-0.0661838254095056,-0.0554051360176487,0 days 00:11:08.077873
785,ExpGrad.1,2,0.712555,-0.0629370718593716,-0.1021522045478263,-0.1021522045478263,-0.0490827242569195,-0.0373935197641336,0 days 00:02:13.619270
786,ExpGrad.01,2,0.63044,-0.0099258717674126,-0.0187039621397859,-0.0110528742910602,-0.0187039621397859,-0.003017113328871,0 days 00:03:08.440929
787,RedGrid25,2,0.727618,-0.0991985010088428,-0.1266994703625142,-0.1266994703625142,-0.0991672140741339,-0.0747685020620261,0 days 00:10:35.439422
788,RedGrid5,2,0.711702,-0.0644231292569858,-0.090520530093363,-0.090520530093363,-0.0589342006911199,-0.0449134658940186,0 days 00:10:41.145224
789,RedGrid75,2,0.66435,-0.0300360309474508,-0.0589349395862868,-0.035966593529025,-0.0589349395862868,-0.0053172172003966,0 days 00:10:34.413491
790,ExpGrad.1,0,0.706566,-0.0731865874276849,-0.0915222873385217,-0.0915222873385217,-0.0591321200372531,-0.0648729917750493,0 days 00:03:06.578546
791,ExpGrad.01,0,0.685562,-0.011784480300984,-0.0167788329670383,-0.0167788329670383,-0.0104715480898347,-0.008131933681551,0 days 00:05:33.505525
792,RedGrid25,0,0.683192,-0.1128262460678768,-0.1474945157494112,-0.1474945157494112,-0.0928268810206615,-0.0934793536853627,0 days 00:13:05.529303
793,RedGrid5,0,0.683192,-0.1128262460678768,-0.1474945157494112,-0.1474945157494112,-0.0928268810206615,-0.0934793536853627,0 days 00:13:06.370694
794,RedGrid75,0,0.683192,-0.1128262460678768,-0.1474945157494112,-0.1474945157494112,-0.0928268810206615,-0.0934793536853627,0 days 00:13:05.710986
795,ExpGrad.1,1,0.710021,-0.0265339557785342,-0.1087949718089001,-0.1087949718089001,-0.0291673299892117,-0.0225519813861511,0 days 00:02:52.472426
796,ExpGrad.01,1,0.59987,-0.0029618964889978,-0.0102822073005744,-0.0102822073005744,0.0,-0.0043735526793575,0 days 00:04:27.751770
797,RedGrid25,1,0.699742,-0.0448101695550908,-0.1187929297770437,-0.1187929297770437,0.0,-0.0672963319852951,0 days 00:14:48.450971
798,RedGrid5,1,0.68319,-0.0007959280886309,-0.0410220338719218,-0.0410220338719218,0.0,0.0,0 days 00:14:29.099254
799,RedGrid75,1,0.68319,-0.0007959280886309,-0.0410220338719218,-0.0410220338719218,0.0,0.0,0 days 00:14:30.232941
800,ExpGrad.1,2,0.711498,-0.0501383818703105,-0.0788714066029951,-0.0788714066029951,-0.0212224167877617,-0.0438930484047139,0 days 00:02:23.780178
801,ExpGrad.01,2,0.604963,-0.0045160676832856,-0.0129726689401539,-0.0129726689401539,0.0,0.0,0 days 00:03:30.235889
802,RedGrid25,2,0.698893,-0.0409678489724199,-0.072665830156514,-0.072665830156514,0.0,-0.0401575849047524,0 days 00:10:48.187449
803,RedGrid5,2,0.667536,-0.0173541543858395,-0.0498508249592978,-0.0498508249592978,0.0,0.0,0 days 00:10:52.601556
804,RedGrid75,2,0.667536,-0.0173541543858395,-0.0498508249592978,-0.0498508249592978,0.0,0.0,0 days 00:11:02.796634
805,ExpGrad.1,1,0.71031,-0.0286517069478081,-0.1067661817779284,-0.1067661817779284,-0.0245025595306392,-0.0285151240271036,0 days 00:03:02.392204
806,ExpGrad.01,1,0.601698,-0.0026503435731968,-0.0243222371744772,-0.0243222371744772,-0.0062400943232913,0.0,0 days 00:05:24.470105
807,RedGrid25,1,0.692386,-0.0014902490826221,-0.0760096206424697,-0.0760096206424697,0.0,0.0,0 days 00:13:23.922551
808,RedGrid5,1,0.692386,-0.0014902490826221,-0.0760096206424697,-0.0760096206424697,0.0,0.0,0 days 00:13:19.202824
809,RedGrid75,1,0.692386,-0.0014902490826221,-0.0760096206424697,-0.0760096206424697,0.0,0.0,0 days 00:13:30.205906
810,ExpGrad.1,1,0.710858,-0.0262756660427373,-0.1070129706827253,-0.1070129706827253,-0.0323377502547569,-0.0204184083007582,0 days 00:02:44.362302
811,ExpGrad.01,1,0.599444,-0.0020481350364564,-0.020508896217993,-0.020508896217993,-0.0047128071048607,0.0,0 days 00:03:29.452955
812,RedGrid25,1,0.708089,-0.0743292598691829,-0.1355525237294816,-0.1355525237294816,-0.0892560998723446,-0.0641605653273325,0 days 00:12:15.196417
813,RedGrid5,1,0.701082,-0.0031423734663938,-0.0995468538626519,-0.0995468538626519,0.0,-0.0019038312465953,0 days 00:12:11.734493
814,RedGrid75,1,0.701082,-0.0031423734663938,-0.0995468538626519,-0.0995468538626519,0.0,-0.0019038312465953,0 days 00:12:00.984637
815,ExpGrad.1,2,0.69736,-0.0437512673863493,-0.0822210843912091,-0.0822210843912091,-0.0209477607983228,-0.0246738332314899,0 days 00:03:07.297235
816,ExpGrad.01,2,0.618572,-0.00779963803539,-0.0136670850585007,-0.0136670850585007,-0.0115403760144572,0.0,0 days 00:03:20.275677
817,RedGrid25,2,0.717845,-0.0686150627062213,-0.108575963460451,-0.108575963460451,-0.0672437807635985,-0.033681418317464,0 days 00:10:59.157862
818,RedGrid5,2,0.684834,-0.0309579640854339,-0.0780269763822331,-0.0780269763822331,0.0,-0.0096870383642647,0 days 00:11:01.294075
819,RedGrid75,2,0.684834,-0.0309579640854339,-0.0780269763822331,-0.0780269763822331,0.0,-0.0096870383642647,0 days 00:10:47.430764
820,ExpGrad.1,1,0.708214,-0.0243635255601674,-0.1011330175190174,-0.1011330175190174,-0.0394978212912527,-0.0136246306052867,0 days 00:02:39.723581
821,ExpGrad.01,1,0.61018,-0.0177531538711683,-0.0281720596817888,-0.0281720596817888,-0.0179128444833044,-0.0173430226284433,0 days 00:04:32.757884
822,RedGrid25,1,0.705213,-0.0660389781930028,-0.1382036423155492,-0.1382036423155492,-0.0693568847169369,-0.0619753932480041,0 days 00:12:34.528509
823,RedGrid5,1,0.705213,-0.0660389781930028,-0.1382036423155492,-0.1382036423155492,-0.0693568847169369,-0.0619753932480041,0 days 00:11:44.142169
824,RedGrid75,1,0.705213,-0.0660389781930028,-0.1382036423155492,-0.1382036423155492,-0.0693568847169369,-0.0619753932480041,0 days 00:11:28.737145
825,ExpGrad.1,0,0.706814,-0.0846827538324651,-0.1017754800240731,-0.1017754800240731,-0.0759262989060025,-0.0745248817976358,0 days 00:02:42.551257
826,ExpGrad.01,0,0.686678,-0.0168891620835598,-0.0217446912226354,-0.0217446912226354,-0.0158902894808237,-0.0131779476453874,0 days 00:04:34.325467
827,RedGrid25,0,0.682689,-0.1167996463454512,-0.1509007304462954,-0.1509007304462954,-0.098533897368772,-0.096975592525527,0 days 00:09:58.827602
828,RedGrid5,0,0.682689,-0.1167996463454512,-0.1509007304462954,-0.1509007304462954,-0.098533897368772,-0.096975592525527,0 days 00:10:00.192755
829,RedGrid75,0,0.682689,-0.1167996463454512,-0.1509007304462954,-0.1509007304462954,-0.098533897368772,-0.096975592525527,0 days 00:09:56.402201
830,ExpGrad.1,2,0.719898,-0.0657702744119207,-0.0969009682031353,-0.0969009682031353,-0.0334495535927564,-0.0597740694564114,0 days 00:02:59.861372
831,ExpGrad.01,2,0.634801,-0.0098751753681162,-0.0148028087640931,-0.0148028087640931,-0.0010574023568522,-0.0114076999988786,0 days 00:03:33.208740
832,RedGrid25,2,0.713949,-0.0620202468411505,-0.0875456617115083,-0.0875456617115083,-0.0466402000369827,-0.0496481331551333,0 days 00:12:03.858527
833,RedGrid5,2,0.698044,-0.0436498779252264,-0.0839657306341762,-0.0839657306341762,0.0,-0.0370864234686668,0 days 00:12:04.603325
834,RedGrid75,2,0.689707,-0.0461000323944002,-0.0800244457138701,-0.0800244457138701,0.0,-0.0468588270386788,0 days 00:11:00.063021
835,ExpGrad.1,1,0.712457,-0.0553458911487771,-0.1313226187712243,-0.1313226187712243,-0.0558674114818706,-0.0527356387266927,0 days 00:02:06.012466
836,ExpGrad.01,1,0.605341,-0.0033043815295289,-0.0174453943543305,-0.0174453943543305,0.0,-0.0047059565550603,0 days 00:04:12.722282
837,RedGrid25,1,0.707146,-0.0634864472335029,-0.1372233445262243,-0.1372233445262243,-0.0701823346027221,-0.0575185693147861,0 days 00:11:43.045812
838,RedGrid5,1,0.698332,-0.0019940189551425,-0.1034917886796043,-0.1034917886796043,0.0,0.0,0 days 00:11:35.807274
839,RedGrid75,1,0.698332,-0.0019940189551425,-0.1034917886796043,-0.1034917886796043,0.0,0.0,0 days 00:11:43.767540
840,ExpGrad.1,0,0.707094,-0.0770065764038083,-0.0947015984215027,-0.0947015984215027,-0.0644101361884973,-0.0684309349618297,0 days 00:04:06.693640
841,ExpGrad.01,0,0.689038,-0.0117765969799131,-0.0169730682752241,-0.0169730682752241,-0.0083415411519706,-0.009112005794608,0 days 00:08:37.587959
842,RedGrid25,0,0.686991,-0.0784940451009316,-0.1102539326391689,-0.1102539326391689,-0.0046529610166512,-0.0914598348841013,0 days 00:14:58.267161
843,RedGrid5,0,0.686991,-0.0784940451009316,-0.1102539326391689,-0.1102539326391689,-0.0046529610166512,-0.0914598348841013,0 days 00:14:51.502352
844,RedGrid75,0,0.686991,-0.0784940451009316,-0.1102539326391689,-0.1102539326391689,-0.0046529610166512,-0.0914598348841013,0 days 00:14:56.143668
845,ExpGrad.1,2,0.712822,-0.0636188606385049,-0.0910825200106548,-0.0910825200106548,-0.0620300722313236,-0.0397217558397885,0 days 00:03:20.020496
846,ExpGrad.01,2,0.620249,-0.0082541065151037,-0.0154868883173153,-0.00644449602571,0.0,-0.0154868883173153,0 days 00:05:24.130611
847,RedGrid25,2,0.685516,-0.0309983051386129,-0.0684082617721969,-0.0684082617721969,0.0,-0.0179647614501481,0 days 00:14:23.860553
848,RedGrid5,2,0.677845,-0.0367998038642262,-0.0520928862057263,-0.0520928862057263,0.0,-0.0478041394450494,0 days 00:14:26.154528
849,RedGrid75,2,0.677845,-0.0367998038642262,-0.0520928862057263,-0.0520928862057263,0.0,-0.0478041394450494,0 days 00:14:22.598049
850,ExpGrad.1,1,0.711121,-0.0292482486782452,-0.1020265214958054,-0.1020265214958054,-0.0185255617423528,-0.0329165960338,0 days 00:02:47.969544
851,ExpGrad.01,1,0.584535,-0.0123929458718897,-0.0124501881446382,-0.011998865783814,-0.012311836146161,-0.0124501881446382,0 days 00:04:15.400960
852,RedGrid25,1,0.702202,-0.0103790833938758,-0.0968213090466263,-0.0968213090466263,0.0,-0.0134304240757511,0 days 00:13:33.914509
853,RedGrid5,1,0.702202,-0.0103790833938758,-0.0968213090466263,-0.0968213090466263,0.0,-0.0134304240757511,0 days 00:13:18.855819
854,RedGrid75,1,0.702202,-0.0103790833938758,-0.0968213090466263,-0.0968213090466263,0.0,-0.0134304240757511,0 days 00:13:48.862045
855,ExpGrad.1,2,0.720469,-0.06891279499888,-0.1102790400622905,-0.1102790400622905,-0.038379457004025,-0.0527528568623597,0 days 00:03:31.365710
856,ExpGrad.01,2,0.616681,-0.0025848382675484,-0.0074682660781497,-0.0074682660781497,0.0,0.0,0 days 00:04:14.437918
857,RedGrid25,2,0.722917,-0.0934980180123002,-0.1310211039555107,-0.1310211039555107,-0.0823252415834262,-0.0678675541869522,0 days 00:13:46.446615
858,RedGrid5,2,0.699249,-0.0465437166696031,-0.0763608464673928,-0.0763608464673928,-0.0698502962640754,-0.0048060429319467,0 days 00:13:57.036070
859,RedGrid75,2,0.652741,-0.0225340565280396,-0.0459651236058376,-0.0304541284695311,-0.0459651236058376,0.0,0 days 00:14:04.226790
860,ExpGrad.1,1,0.710482,-0.0244262852712402,-0.1025934541086419,-0.1025934541086419,-0.0272452766656828,-0.0204479873911528,0 days 00:03:51.200359
861,ExpGrad.01,1,0.585831,-0.0033407075968708,-0.0135618228735439,-0.0135618228735439,0.0,-0.0048762474337409,0 days 00:02:57.477323
862,RedGrid25,1,0.700938,-0.0047283606151682,-0.0939549050209992,-0.0939549050209992,0.0,-0.0045910577471958,0 days 00:14:16.808559
863,RedGrid5,1,0.700938,-0.0047283606151682,-0.0939549050209992,-0.0939549050209992,0.0,-0.0045910577471958,0 days 00:14:15.994533
864,RedGrid75,1,0.700938,-0.0047283606151682,-0.0939549050209992,-0.0939549050209992,0.0,-0.0045910577471958,0 days 00:14:17.845491
865,ExpGrad.1,1,0.710177,-0.0328195611388565,-0.1089604728217819,-0.1089604728217819,-0.0405232924274003,-0.0262301403167123,0 days 00:02:47.891934
866,ExpGrad.01,1,0.594471,-0.0159389460191035,-0.0187579742347255,-0.0121028089697168,-0.0187579742347255,-0.0145007218828208,0 days 00:03:08.140737
867,RedGrid25,1,0.700165,-0.0074755140568766,-0.0967032189548945,-0.0967032189548945,0.0,-0.0088626565616416,0 days 00:12:17.950712
868,RedGrid5,1,0.700165,-0.0074755140568766,-0.0967032189548945,-0.0967032189548945,0.0,-0.0088626565616416,0 days 00:12:21.780893
869,RedGrid75,1,0.700165,-0.0074755140568766,-0.0967032189548945,-0.0967032189548945,0.0,-0.0088626565616416,0 days 00:12:18.147699
870,ExpGrad.1,1,0.711258,-0.0353220402039335,-0.1149395448606402,-0.1149395448606402,-0.0417532694507311,-0.0292771015766699,0 days 00:03:16.627554
871,ExpGrad.01,1,0.587536,-0.0001160143027353,-0.0058976752204868,-0.0058976752204868,0.0,0.0,0 days 00:02:31.332286
872,RedGrid25,1,0.707253,-0.063720779407082,-0.1312712237226616,-0.1312712237226616,-0.0625200372602388,-0.0622796158073247,0 days 00:13:52.722117
873,RedGrid5,1,0.707253,-0.063720779407082,-0.1312712237226616,-0.1312712237226616,-0.0625200372602388,-0.0622796158073247,0 days 00:13:52.074251
874,RedGrid75,1,0.695729,-0.0017964494249317,-0.0913238713544078,-0.0913238713544078,0.0,0.0,0 days 00:13:52.309974
875,ExpGrad.1,2,0.717611,-0.0686912908129701,-0.1040475215350159,-0.1040475215350159,-0.0775545995344101,-0.0314113858103627,0 days 00:01:55.425092
876,ExpGrad.01,2,0.630951,-0.0080845806881856,-0.0185896543611546,-0.0185896543611546,-0.0039400868323142,-0.0015722269584161,0 days 00:01:36.378474
877,RedGrid25,2,0.719436,-0.0754423800252145,-0.1244816639982256,-0.1244816639982256,-0.066494262932162,-0.0380390262385147,0 days 00:08:07.152910
878,RedGrid5,2,0.667244,-0.0286659855611258,-0.0474578530003237,-0.0474578530003237,0.0,-0.0313276499005399,0 days 00:08:20.914599
879,RedGrid75,2,0.667244,-0.0286659855611258,-0.0474578530003237,-0.0474578530003237,0.0,-0.0313276499005399,0 days 00:07:58.493779
880,ExpGrad.1,0,0.706986,-0.0829795055243257,-0.0998508377865524,-0.0998508377865524,-0.0744152704371179,-0.0729305713977223,0 days 00:03:37.842834
881,ExpGrad.01,0,0.687701,-0.0087998791697591,-0.0132364913067317,-0.0132364913067317,-0.0054705254522584,-0.0067519951819889,0 days 00:06:49.365313
882,RedGrid25,0,0.686849,-0.1216792780286943,-0.1514702120901863,-0.1514702120901863,-0.1010348669765031,-0.106983368165166,0 days 00:13:14.338167
883,RedGrid5,0,0.686849,-0.1216792780286943,-0.1514702120901863,-0.1514702120901863,-0.1010348669765031,-0.106983368165166,0 days 00:13:11.945036
884,RedGrid75,0,0.686849,-0.1216792780286943,-0.1514702120901863,-0.1514702120901863,-0.1010348669765031,-0.106983368165166,0 days 00:13:13.477719
885,ExpGrad.1,2,0.714828,-0.0629581226699131,-0.098250297106937,-0.098250297106937,-0.0405849898423428,-0.0462341154951181,0 days 00:02:16.346330
886,ExpGrad.01,2,0.624894,-0.0064201531135762,-0.0121167632069219,-0.0049415012319052,0.0,-0.0121167632069219,0 days 00:03:09.084474
887,RedGrid25,2,0.722789,-0.0963852970359737,-0.1216260349145847,-0.1216260349145847,-0.0861432580672051,-0.0805138561168987,0 days 00:10:48.728451
888,RedGrid5,2,0.669278,-0.0169129268349646,-0.0410263692389272,-0.0410263692389272,0.0,-0.0065906074118675,0 days 00:10:57.376258
889,RedGrid75,2,0.669278,-0.0169129268349646,-0.0410263692389272,-0.0410263692389272,0.0,-0.0065906074118675,0 days 00:10:38.762690
890,ExpGrad.1,0,0.707686,-0.0828161209441931,-0.1007173548247302,-0.1007173548247302,-0.0727056401903963,-0.0727335648654048,0 days 00:03:35.107616
891,ExpGrad.01,0,0.687185,-0.0163490336818217,-0.0213803405450848,-0.0213803405450848,-0.0151481075921066,-0.0126080721322459,0 days 00:06:05.157140
892,RedGrid25,0,0.682972,-0.1138111603293312,-0.149494747532828,-0.149494747532828,-0.0936851031898985,-0.0936976559838007,0 days 00:12:12.144192
893,RedGrid5,0,0.682972,-0.1138111603293312,-0.149494747532828,-0.149494747532828,-0.0936851031898985,-0.0936976559838007,0 days 00:12:15.615461
894,RedGrid75,0,0.682972,-0.1138111603293312,-0.149494747532828,-0.149494747532828,-0.0936851031898985,-0.0936976559838007,0 days 00:12:23.003888
895,ExpGrad.1,1,0.712157,-0.041529573718415,-0.1191091530028026,-0.1191091530028026,-0.0362671978330003,-0.0420688553954882,0 days 00:03:16.880360
896,ExpGrad.01,1,0.601472,-0.0049337668113565,-0.0165192080377928,-0.0165192080377928,0.0,-0.0073144287527732,0 days 00:03:15.442230
897,RedGrid25,1,0.690745,-0.0015144130755022,-0.0782899486986677,-0.0782899486986677,0.0,0.0,0 days 00:14:31.265556
898,RedGrid5,1,0.690745,-0.0015144130755022,-0.0782899486986677,-0.0782899486986677,0.0,0.0,0 days 00:14:30.131122
899,RedGrid75,1,0.685041,-0.0010140597569003,-0.0524234025903314,-0.0524234025903314,0.0,0.0,0 days 00:14:31.156676
900,ExpGrad.1,2,0.714251,-0.0583244022741738,-0.0918519224214639,-0.0918519224214639,-0.0640673734885038,-0.0244251363528278,0 days 00:02:34.462879
901,ExpGrad.01,2,0.626421,-0.0093258624769719,-0.014708103039918,-0.0141920349787149,-0.014708103039918,-0.0013544926408315,0 days 00:04:04.236755
902,RedGrid25,2,0.713472,-0.0664096592764493,-0.0895672829457732,-0.0895672829457732,-0.0733531529126382,-0.040998455033712,0 days 00:11:40.457693
903,RedGrid5,2,0.699295,-0.0511706708708666,-0.0752424402215118,-0.0752424402215118,-0.0545708658807926,-0.0273170420418261,0 days 00:12:38.743280
904,RedGrid75,2,0.664156,-0.0229659145860534,-0.0377397710821399,-0.0377397710821399,-0.0374648387390769,0.0,0 days 00:11:34.612379
905,ExpGrad.1,0,0.706373,-0.0811461980635632,-0.0992787040656485,-0.0992787040656485,-0.0719497862348873,-0.0703050562119054,0 days 00:03:25.934701
906,ExpGrad.01,0,0.68718,-0.0138011316861344,-0.0193822986714237,-0.0193822986714237,-0.0129960256622598,-0.0093430052403024,0 days 00:06:14.411044
907,RedGrid25,0,0.690646,-0.0223728048389235,-0.0278972326524943,-0.0278972326524943,-0.0116659365309521,-0.0234456330352943,0 days 00:13:24.503717
908,RedGrid5,0,0.690646,-0.0223728048389235,-0.0278972326524943,-0.0278972326524943,-0.0116659365309521,-0.0234456330352943,0 days 00:13:36.286429
909,RedGrid75,0,0.690646,-0.0223728048389235,-0.0278972326524943,-0.0278972326524943,-0.0116659365309521,-0.0234456330352943,0 days 00:13:35.540453
910,ExpGrad.1,0,0.706775,-0.0819322777821845,-0.0991939168262873,-0.0991939168262873,-0.0731867757913713,-0.0716357657859761,0 days 00:03:12.277293
911,ExpGrad.01,0,0.689509,-0.0123843758392798,-0.0175525790286674,-0.0175525790286674,-0.0099260283208768,-0.0092131027996601,0 days 00:08:45.395325
912,RedGrid25,0,0.682674,-0.1128291464377625,-0.1474594462124416,-0.1474594462124416,-0.0939821391333036,-0.0928915717187859,0 days 00:12:03.945063
913,RedGrid5,0,0.682674,-0.1128291464377625,-0.1474594462124416,-0.1474594462124416,-0.0939821391333036,-0.0928915717187859,0 days 00:12:07.348241
914,RedGrid75,0,0.682674,-0.1128291464377625,-0.1474594462124416,-0.1474594462124416,-0.0939821391333036,-0.0928915717187859,0 days 00:12:05.507671
915,ExpGrad.1,2,0.708138,-0.0461329047693187,-0.0801752083671782,-0.0801752083671782,-0.0327814342937207,-0.0252631252470769,0 days 00:02:47.588377
916,ExpGrad.01,2,0.610696,-0.0024238827609975,-0.0070386615935912,-0.0070386615935912,0.0,0.0,0 days 00:03:00.301174
917,RedGrid25,2,0.727887,-0.0876373843443939,-0.1192200244995136,-0.1192200244995136,-0.0853132326502676,-0.0616339074057046,0 days 00:10:40.741625
918,RedGrid5,2,0.653252,-0.0147495900753493,-0.0428310208955198,-0.0428310208955198,0.0,0.0,0 days 00:10:42.157791
919,RedGrid75,2,0.653252,-0.0147495900753493,-0.0428310208955198,-0.0428310208955198,0.0,0.0,0 days 00:11:11.674336
920,ExpGrad.1,2,0.692802,-0.0479231024505207,-0.0788471027794316,-0.0788471027794316,-0.0391126191646254,-0.0261022646211782,0 days 00:03:37.495155
921,ExpGrad.01,2,0.613803,-0.0086141021280365,-0.0153517750665158,-0.0073544792389869,-0.0002989297943169,-0.0153517750665158,0 days 00:04:47.042531
922,RedGrid25,2,0.70464,-0.0510791050301976,-0.0862386284962987,-0.0862386284962987,-0.0602772071442421,-0.0133128144065359,0 days 00:15:12.292225
923,RedGrid5,2,0.656542,-0.0119640908363676,-0.0342772455808774,-0.0342772455808774,0.0,0.0,0 days 00:15:04.255689
924,RedGrid75,2,0.656542,-0.0119640908363676,-0.0342772455808774,-0.0342772455808774,0.0,0.0,0 days 00:14:47.162263
925,ExpGrad.1,2,0.710518,-0.054955648609184,-0.0889734140062196,-0.0889734140062196,-0.0398510502771802,-0.0349392679407223,0 days 00:02:56.083583
926,ExpGrad.01,2,0.636117,-0.0039214225781587,-0.0056565431059378,-0.0056565431059378,0.0,-0.0050161687240002,0 days 00:04:52.706125
927,RedGrid25,2,0.725135,-0.0850185017019243,-0.1139651419709778,-0.1139651419709778,-0.0824151256964226,-0.0611040541120161,0 days 00:10:39.965694
928,RedGrid5,2,0.64678,-0.0073193112142516,-0.0211187448881515,-0.0211187448881515,0.0,0.0,0 days 00:11:14.019969
929,RedGrid75,2,0.64678,-0.0073193112142516,-0.0211187448881515,-0.0211187448881515,0.0,0.0,0 days 00:10:45.391279
930,ExpGrad.1,2,0.706975,-0.0523053535126199,-0.0853453742641874,-0.0853453742641874,-0.0284696998457318,-0.0387399039595509,0 days 00:03:08.755550
931,ExpGrad.01,2,0.623866,-0.0100932727777808,-0.0128711312304218,-0.0128711312304218,-0.004228033989803,-0.0115515403543957,0 days 00:04:12.307103
932,RedGrid25,2,0.730309,-0.10020111581451,-0.124122737103357,-0.124122737103357,-0.0989553733027978,-0.0796028441227274,0 days 00:14:44.184678
933,RedGrid5,2,0.693584,-0.067381477469443,-0.0738331167100868,-0.0738331167100868,-0.0724323286447542,-0.0582005652636294,0 days 00:14:39.523992
934,RedGrid75,2,0.634535,-0.0258281581858045,-0.0339388614066981,-0.014934181051678,-0.0339388614066981,-0.0301316315925096,0 days 00:14:37.620663
935,ExpGrad.1,0,0.706836,-0.0825203832264683,-0.1011718127007307,-0.1011718127007307,-0.0726653003341679,-0.0716106871562696,0 days 00:03:19.516226
936,ExpGrad.01,0,0.684811,-0.0131222007130676,-0.0189802492076908,-0.0189802492076908,-0.0071739007606704,-0.0112782081427016,0 days 00:06:19.442683
937,RedGrid25,0,0.691237,-0.0255357186689275,-0.0319087369443591,-0.0319087369443591,-0.0087683137769094,-0.0292407960260057,0 days 00:13:55.939157
938,RedGrid5,0,0.691237,-0.0255357186689275,-0.0319087369443591,-0.0319087369443591,-0.0087683137769094,-0.0292407960260057,0 days 00:14:25.280777
939,RedGrid75,0,0.691237,-0.0255357186689275,-0.0319087369443591,-0.0319087369443591,-0.0087683137769094,-0.0292407960260057,0 days 00:14:17.278380
940,ExpGrad.1,2,0.703038,-0.0568128929846851,-0.0847586103059046,-0.0847586103059046,-0.0488251244834213,-0.0374037794834998,0 days 00:02:12.264047
941,ExpGrad.01,2,0.630187,-0.0080761087890779,-0.0155943541744418,-0.0115251131352124,-0.0155943541744418,0.0,0 days 00:03:31.803856
942,RedGrid25,2,0.713394,-0.0667525320537654,-0.1086040254967635,-0.1086040254967635,-0.0782798935838116,-0.0219943784510658,0 days 00:08:32.565176
943,RedGrid5,2,0.713394,-0.0667525320537654,-0.1086040254967635,-0.1086040254967635,-0.0782798935838116,-0.0219943784510658,0 days 00:08:36.760912
944,RedGrid75,2,0.654871,-0.0131828744787117,-0.0380161643906381,-0.0380161643906381,0.0,0.0,0 days 00:08:43.671725
945,ExpGrad.1,2,0.709697,-0.0516661597276988,-0.092841382064466,-0.092841382064466,-0.0245705768593433,-0.0333399583859317,0 days 00:02:31.006605
946,ExpGrad.01,2,0.616715,-0.0038696966042116,-0.0111668339984926,-0.0111668339984926,0.0,0.0,0 days 00:03:57.342777
947,RedGrid25,2,0.701367,-0.049741980250076,-0.0743387756425962,-0.0743387756425962,-0.0739788658773291,-0.0118278483242168,0 days 00:11:17.285023
948,RedGrid5,2,0.684766,-0.0279487879263466,-0.0707702946475277,-0.0707702946475277,0.0,-0.0087363308463973,0 days 00:11:14.826632
949,RedGrid75,2,0.684766,-0.0279487879263466,-0.0707702946475277,-0.0707702946475277,0.0,-0.0087363308463973,0 days 00:11:23.479679
950,ExpGrad.1,1,0.710408,-0.0248296172798733,-0.1024054021160923,-0.1024054021160923,-0.0327732118181073,-0.0180495461715036,0 days 00:03:19.913184
951,ExpGrad.01,1,0.581084,0.0,0.0,0.0,0.0,0.0,0 days 00:03:33.516629
952,RedGrid25,1,0.707896,-0.0666300500998268,-0.1410197565540012,-0.1410197565540012,-0.071818220415476,-0.0614692182263244,0 days 00:14:35.717226
953,RedGrid5,1,0.707896,-0.0666300500998268,-0.1410197565540012,-0.1410197565540012,-0.071818220415476,-0.0614692182263244,0 days 00:14:23.055171
954,RedGrid75,1,0.699301,-0.0017824190179637,-0.091359002344444,-0.091359002344444,0.0,0.0,0 days 00:14:25.962916
955,ExpGrad.1,1,0.709402,-0.0245282091709687,-0.1008700004894036,-0.1008700004894036,-0.0252682783818397,-0.0218063749207652,0 days 00:02:14.934215
956,ExpGrad.01,1,0.593212,0.0,0.0,0.0,0.0,0.0,0 days 00:03:51.436463
957,RedGrid25,1,0.706595,-0.0459256094605429,-0.1248960425479412,-0.1248960425479412,-0.0395403997459381,-0.0470563418026949,0 days 00:11:24.705900
958,RedGrid5,1,0.706595,-0.0459256094605429,-0.1248960425479412,-0.1248960425479412,-0.0395403997459381,-0.0470563418026949,0 days 00:11:20.523004
959,RedGrid75,1,0.706595,-0.0459256094605429,-0.1248960425479412,-0.1248960425479412,-0.0395403997459381,-0.0470563418026949,0 days 00:11:20.934631
960,ExpGrad.1,0,0.705994,-0.0782339136694204,-0.0964488453899202,-0.0964488453899202,-0.0677384352137447,-0.0680266598738563,0 days 00:03:59.775907
961,ExpGrad.01,0,0.685818,-0.0124048645232,-0.0161580594092999,-0.0161580594092999,-0.0132338742494044,-0.0086447142621101,0 days 00:07:53.665932
962,RedGrid25,0,0.682588,-0.1154936648622712,-0.1501371614343077,-0.1501371614343077,-0.0983289641495628,-0.094531072368135,0 days 00:16:14.664376
963,RedGrid5,0,0.682588,-0.1154936648622712,-0.1501371614343077,-0.1501371614343077,-0.0983289641495628,-0.094531072368135,0 days 00:16:33.521468
964,RedGrid75,0,0.682588,-0.1154936648622712,-0.1501371614343077,-0.1501371614343077,-0.0983289641495628,-0.094531072368135,0 days 00:16:11.026374
965,ExpGrad.1,0,0.706514,-0.082282965867285,-0.1002569222733268,-0.1002569222733268,-0.0730538423036205,-0.0716781879460014,0 days 00:03:23.329586
966,ExpGrad.01,0,0.687591,-0.008473270380019,-0.015666288508693,-0.015666288508693,-0.0042079208735829,-0.0045451438489768,0 days 00:07:40.670336
967,RedGrid25,0,0.690256,-0.0217285868667526,-0.0286753344663369,-0.0286753344663369,-0.0092508221515302,-0.0225503184814197,0 days 00:13:05.793089
968,RedGrid5,0,0.690256,-0.0217285868667526,-0.0286753344663369,-0.0286753344663369,-0.0092508221515302,-0.0225503184814197,0 days 00:13:05.969633
969,RedGrid75,0,0.690256,-0.0217285868667526,-0.0286753344663369,-0.0286753344663369,-0.0092508221515302,-0.0225503184814197,0 days 00:13:49.512724
970,ExpGrad.1,1,0.710152,-0.0255373973999661,-0.1064681809672247,-0.1064681809672247,-0.0216370761412619,-0.0252120557654214,0 days 00:03:19.252808
971,ExpGrad.01,1,0.592528,-0.0002874465663474,-0.0148188603319858,-0.0148188603319858,0.0,0.0,0 days 00:04:16.347589
972,RedGrid25,1,0.707086,-0.0595205253877536,-0.1319061854073059,-0.1319061854073059,-0.0656606651458484,-0.0538882649708636,0 days 00:15:05.497634
973,RedGrid5,1,0.699145,-0.0018922254417304,-0.097550737495121,-0.097550737495121,0.0,0.0,0 days 00:15:03.142725
974,RedGrid75,1,0.699145,-0.0018922254417304,-0.097550737495121,-0.097550737495121,0.0,0.0,0 days 00:15:12.495733
975,ExpGrad.1,0,0.707084,-0.0820713733812313,-0.0999563156464479,-0.0999563156464479,-0.0723412898691668,-0.0717367426276937,0 days 00:03:59.380719
976,ExpGrad.01,0,0.688268,-0.0118346186040344,-0.0168561832596614,-0.0168561832596614,-0.0079331169365404,-0.0095764134295825,0 days 00:09:01.976407
977,RedGrid25,0,0.683526,-0.1176236078163765,-0.152462946643321,-0.152462946643321,-0.0983493891475076,-0.0976682702713847,0 days 00:16:26.004577
978,RedGrid5,0,0.683526,-0.1176236078163765,-0.152462946643321,-0.152462946643321,-0.0983493891475076,-0.0976682702713847,0 days 00:16:22.837259
979,RedGrid75,0,0.683526,-0.1176236078163765,-0.152462946643321,-0.152462946643321,-0.0983493891475076,-0.0976682702713847,0 days 00:16:08.200625
980,ExpGrad.1,2,0.711615,-0.0653801041347183,-0.1000317696701891,-0.1000317696701891,-0.0546502557416774,-0.0417622139740506,0 days 00:02:50.601838
981,ExpGrad.01,2,0.616463,-0.0079858060484456,-0.0108084619702246,-0.0108084619702246,0.0,-0.0107838175318706,0 days 00:03:58.317165
982,RedGrid25,2,0.699993,-0.0510908467207487,-0.0943235306216592,-0.0943235306216592,-0.0458469682181924,-0.0162176932387583,0 days 00:10:59.442218
983,RedGrid5,2,0.672013,-0.0350943655380973,-0.0564185212286151,-0.0564185212286151,-0.047650027571598,-0.0078398065012523,0 days 00:10:59.847605
984,RedGrid75,2,0.672013,-0.0350943655380973,-0.0564185212286151,-0.0564185212286151,-0.047650027571598,-0.0078398065012523,0 days 00:11:02.289231
985,ExpGrad.1,2,0.709254,-0.051021586758809,-0.0907617009973873,-0.0907617009973873,-0.029364418585156,-0.0303761302827959,0 days 00:03:05.223475
986,ExpGrad.01,2,0.618442,-0.0035071750004945,-0.00733023722734,-0.00733023722734,0.0,-0.0024754253554636,0 days 00:04:54.807598
987,RedGrid25,2,0.720343,-0.0701710106526477,-0.1007931814699654,-0.1007931814699654,-0.0533032288895328,-0.0543828384925914,0 days 00:14:10.427839
988,RedGrid5,2,0.674249,-0.0181276230027547,-0.0487695873999238,-0.0487695873999238,0.0,-0.0031664580604572,0 days 00:14:19.740159
989,RedGrid75,2,0.674249,-0.0181276230027547,-0.0487695873999238,-0.0487695873999238,0.0,-0.0031664580604572,0 days 00:14:25.313996
990,ExpGrad.1,0,0.70647,-0.0797719865242307,-0.0969514444199336,-0.0969514444199336,-0.0715328071273285,-0.069238316372551,0 days 00:03:15.079316
991,ExpGrad.01,0,0.689565,-0.0138774289055426,-0.0197834874394607,-0.0197834874394607,-0.0124424555317994,-0.0094818646394312,0 days 00:08:45.289330
992,RedGrid25,0,0.685628,-0.1212099198649698,-0.1517489374376012,-0.1517489374376012,-0.1003384941258306,-0.1059334443408281,0 days 00:13:34.364298
993,RedGrid5,0,0.685628,-0.1212099198649698,-0.1517489374376012,-0.1517489374376012,-0.1003384941258306,-0.1059334443408281,0 days 00:13:16.076353
994,RedGrid75,0,0.685628,-0.1212099198649698,-0.1517489374376012,-0.1517489374376012,-0.1003384941258306,-0.1059334443408281,0 days 00:13:17.837596
995,ExpGrad.1,2,0.723028,-0.0737851159114725,-0.1065219688839553,-0.1065219688839553,-0.0580767040932619,-0.0546724735980983,0 days 00:02:23.220738
996,ExpGrad.01,2,0.617429,-0.0062422055295173,-0.0100547328070281,-0.0100547328070281,0.0,-0.0069420873556357,0 days 00:03:10.530438
997,RedGrid25,2,0.711451,-0.0602689613243734,-0.0987201025069346,-0.0987201025069346,-0.0646187547891155,-0.0227034381627717,0 days 00:11:51.751834
998,RedGrid5,2,0.678235,-0.036424444112233,-0.057573676918184,-0.057573676918184,0.0,-0.0414983657995617,0 days 00:11:50.343901
999,RedGrid75,2,0.678235,-0.036424444112233,-0.057573676918184,-0.057573676918184,0.0,-0.0414983657995617,0 days 00:10:48.190747
1000,ExpGrad.1,0,0.70663,-0.0823824591659711,-0.1008360115032772,-0.1008360115032772,-0.0735012890287504,-0.0711113287432807,0 days 00:03:31.249784
1001,ExpGrad.01,0,0.686417,-0.0139268996889103,-0.0194940626945108,-0.0194940626945108,-0.0093415852238182,-0.0115770086902668,0 days 00:07:21.800480
1002,RedGrid25,0,0.685824,-0.1233466667103385,-0.1542408270528008,-0.1542408270528008,-0.1009658373932005,-0.1086172543371428,0 days 00:11:54.535326
1003,RedGrid5,0,0.685824,-0.1233466667103385,-0.1542408270528008,-0.1542408270528008,-0.1009658373932005,-0.1086172543371428,0 days 00:11:54.266273
1004,RedGrid75,0,0.685824,-0.1233466667103385,-0.1542408270528008,-0.1542408270528008,-0.1009658373932005,-0.1086172543371428,0 days 00:11:54.047586
1005,ExpGrad.1,1,0.707823,-0.0126909329729893,-0.1020067281976506,-0.1020067281976506,-0.0194081619721293,-0.0062503715817273,0 days 00:03:30.982982
1006,ExpGrad.01,1,0.598481,-0.0004791759025854,-0.0098121898910821,-0.0098121898910821,-0.0008310357004158,0.0,0 days 00:03:36.319381
1007,RedGrid25,1,0.698336,-0.0018579217036346,-0.0966054642347847,-0.0966054642347847,0.0,0.0,0 days 00:13:26.818789
1008,RedGrid5,1,0.698336,-0.0018579217036346,-0.0966054642347847,-0.0966054642347847,0.0,0.0,0 days 00:13:08.816224
1009,RedGrid75,1,0.698336,-0.0018579217036346,-0.0966054642347847,-0.0966054642347847,0.0,0.0,0 days 00:12:47.311130
1010,ExpGrad.1,2,0.701622,-0.0513827523204678,-0.084414670874202,-0.084414670874202,-0.0106486889880866,-0.0494567669126361,0 days 00:02:09.566089
1011,ExpGrad.01,2,0.612273,-0.0088364969227483,-0.0130197471192335,-0.0047101935200419,-0.0130197471192335,-0.0096827805364776,0 days 00:02:46.773065
1012,RedGrid25,2,0.726033,-0.0860154151780965,-0.1147959099704332,-0.1147959099704332,-0.0705605383713241,-0.0709303512589789,0 days 00:11:50.310527
1013,RedGrid5,2,0.689902,-0.0421594254188713,-0.0858130381828054,-0.0858130381828054,0.0,-0.0318033664464371,0 days 00:11:51.405754
1014,RedGrid75,2,0.689902,-0.0421594254188713,-0.0858130381828054,-0.0858130381828054,0.0,-0.0318033664464371,0 days 00:11:50.308097
1015,ExpGrad.1,1,0.707807,-0.015368696032392,-0.0916014386683585,-0.0916014386683585,-0.0269860832242671,-0.0065536711108317,0 days 00:03:27.689877
1016,ExpGrad.01,1,0.577018,-0.0035983416538978,-0.0056900794927592,0.0,-2.6457938320789687e-05,-0.0056900794927592,0 days 00:03:22.894615
1017,RedGrid25,1,0.702485,-0.0119568995819112,-0.0971181038375197,-0.0971181038375197,-0.0005725808995805,-0.0156111928630767,0 days 00:15:00.839402
1018,RedGrid5,1,0.702485,-0.0119568995819112,-0.0971181038375197,-0.0971181038375197,-0.0005725808995805,-0.0156111928630767,0 days 00:15:00.582872
1019,RedGrid75,1,0.702485,-0.0119568995819112,-0.0971181038375197,-0.0971181038375197,-0.0005725808995805,-0.0156111928630767,0 days 00:15:00.677535
1020,ExpGrad.1,0,0.706753,-0.0826788621351454,-0.1005770878848885,-0.1005770878848885,-0.0731269410703846,-0.0722388125706744,0 days 00:03:07.211174
1021,ExpGrad.01,0,0.682888,-0.0096269159566391,-0.0145338809941385,-0.0145338809941385,-0.0053049274807268,-0.0077067017166653,0 days 00:05:51.362121
1022,RedGrid25,0,0.682713,-0.1137384651290758,-0.1492722412465034,-0.1492722412465034,-0.0918084941338173,-0.0946521832612735,0 days 00:12:06.860209
1023,RedGrid5,0,0.682713,-0.1137384651290758,-0.1492722412465034,-0.1492722412465034,-0.0918084941338173,-0.0946521832612735,0 days 00:12:07.511884
1024,RedGrid75,0,0.682713,-0.1137384651290758,-0.1492722412465034,-0.1492722412465034,-0.0918084941338173,-0.0946521832612735,0 days 00:12:05.738754
1025,ExpGrad.1,0,0.70717,-0.0808343615626219,-0.0979113798617481,-0.0979113798617481,-0.0727521987469307,-0.0703213145203869,0 days 00:03:50.600013
1026,ExpGrad.01,0,0.686303,-0.0093168551259589,-0.0126011721275972,-0.0126011721275972,-0.0092750389686119,-0.0064581806378674,0 days 00:06:21.112036
1027,RedGrid25,0,0.687316,-0.1182871298388919,-0.1477030219316433,-0.1477030219316433,-0.097682938712172,-0.1038746546671736,0 days 00:15:45.038464
1028,RedGrid5,0,0.687316,-0.1182871298388919,-0.1477030219316433,-0.1477030219316433,-0.097682938712172,-0.1038746546671736,0 days 00:15:48.463693
1029,RedGrid75,0,0.668463,-0.0457543630458382,-0.1011856137203862,-0.1011856137203862,0.0,-0.0224280551461886,0 days 00:15:37.390629
1030,ExpGrad.1,1,0.709193,-0.0255785753325944,-0.1138474178337801,-0.1138474178337801,-0.0327307064829194,-0.0188752754547486,0 days 00:02:10.610534
1031,ExpGrad.01,1,0.592083,-0.0002337652662794,-0.0011000741841982,-0.0011000741841982,-0.0006075400657022,0.0,0 days 00:04:50.494648
1032,RedGrid25,1,0.707834,-0.0672353981538334,-0.145687450417179,-0.145687450417179,-0.0726613147749487,-0.0617926263758278,0 days 00:12:32.858597
1033,RedGrid5,1,0.700651,-0.0021058614392693,-0.1072563002110752,-0.1072563002110752,0.0,0.0,0 days 00:12:09.695953
1034,RedGrid75,1,0.700651,-0.0021058614392693,-0.1072563002110752,-0.1072563002110752,0.0,0.0,0 days 00:12:06.327194
1035,ExpGrad.1,0,0.706595,-0.0836013896840149,-0.1016752400007324,-0.1016752400007324,-0.0743748848509712,-0.072829784155884,0 days 00:02:26.521136
1036,ExpGrad.01,0,0.684654,-0.0148438066286957,-0.0206150521057556,-0.0206150521057556,-0.0118401690597927,-0.0114360666582036,0 days 00:04:28.492148
1037,RedGrid25,0,0.682913,-0.117208168164929,-0.1512545105499629,-0.1512545105499629,-0.0981936619544051,-0.0978212009279023,0 days 00:10:20.460652
1038,RedGrid5,0,0.682913,-0.117208168164929,-0.1512545105499629,-0.1512545105499629,-0.0981936619544051,-0.0978212009279023,0 days 00:10:20.102780
1039,RedGrid75,0,0.682913,-0.117208168164929,-0.1512545105499629,-0.1512545105499629,-0.0981936619544051,-0.0978212009279023,0 days 00:10:12.969717
1040,ExpGrad.1,0,0.706489,-0.0808363471759484,-0.0986724032532103,-0.0986724032532103,-0.0708825823072436,-0.0707005796052048,0 days 00:03:01.144644
1041,ExpGrad.01,0,0.689464,-0.0119111661006087,-0.0179257700414272,-0.0179257700414272,-0.0089166327085157,-0.0082927477368586,0 days 00:06:57.862753
1042,RedGrid25,0,0.683018,-0.1128513091698637,-0.1475043376525784,-0.1475043376525784,-0.0927208248401468,-0.0935972778986314,0 days 00:12:26.763249
1043,RedGrid5,0,0.683018,-0.1128513091698637,-0.1475043376525784,-0.1475043376525784,-0.0927208248401468,-0.0935972778986314,0 days 00:12:18.447705
1044,RedGrid75,0,0.683018,-0.1128513091698637,-0.1475043376525784,-0.1475043376525784,-0.0927208248401468,-0.0935972778986314,0 days 00:12:18.633217
1045,ExpGrad.1,0,0.706964,-0.0775296742272131,-0.0957143442218971,-0.0957143442218971,-0.067879842261514,-0.0669112730896215,0 days 00:02:56.879537
1046,ExpGrad.01,0,0.689155,-0.009146306614642,-0.0157153244373381,-0.0157153244373381,-0.0057666607515987,-0.0052519865678823,0 days 00:07:20.692759
1047,RedGrid25,0,0.69146,-0.0226862979953529,-0.0277125486758245,-0.0277125486758245,-0.009316131836182,-0.0256477558047436,0 days 00:12:39.210335
1048,RedGrid5,0,0.69146,-0.0226862979953529,-0.0277125486758245,-0.0277125486758245,-0.009316131836182,-0.0256477558047436,0 days 00:12:39.131729
1049,RedGrid75,0,0.69146,-0.0226862979953529,-0.0277125486758245,-0.0277125486758245,-0.009316131836182,-0.0256477558047436,0 days 00:12:39.582352
1050,ExpGrad.1,0,0.706211,-0.0794603025130699,-0.0964690006889774,-0.0964690006889774,-0.0713284213776509,-0.0690717652115038,0 days 00:03:54.602719
1051,ExpGrad.01,0,0.687969,-0.0122353450343812,-0.0183161256230526,-0.0183161256230526,-0.0086557359605551,-0.0088937280929536,0 days 00:08:20.434413
1052,RedGrid25,0,0.685469,-0.1219394671672932,-0.1514865457243085,-0.1514865457243085,-0.1021407452308857,-0.1070342582020764,0 days 00:15:41.709872
1053,RedGrid5,0,0.685469,-0.1219394671672932,-0.1514865457243085,-0.1514865457243085,-0.1021407452308857,-0.1070342582020764,0 days 00:15:47.755391
1054,RedGrid75,0,0.667524,-0.050258149130184,-0.1073639556826826,-0.1073639556826826,0.0,-0.0280929737228013,0 days 00:15:08.817380
1055,ExpGrad.1,0,0.706551,-0.0834332154287339,-0.1008142051703477,-0.1008142051703477,-0.0739308058763246,-0.0734028233217237,0 days 00:03:26.222241
1056,ExpGrad.01,0,0.687462,-0.0142668378033947,-0.0195317019980095,-0.0195317019980095,-0.0121945432497244,-0.0107827105382051,0 days 00:06:57.243322
1057,RedGrid25,0,0.685561,-0.1215555906074295,-0.1525678431902629,-0.1525678431902629,-0.0979355615431225,-0.1073451787299093,0 days 00:12:56.225745
1058,RedGrid5,0,0.685561,-0.1215555906074295,-0.1525678431902629,-0.1525678431902629,-0.0979355615431225,-0.1073451787299093,0 days 00:12:57.153514
1059,RedGrid75,0,0.685561,-0.1215555906074295,-0.1525678431902629,-0.1525678431902629,-0.0979355615431225,-0.1073451787299093,0 days 00:12:51.863812
1060,ExpGrad.1,2,0.683312,-0.0455154802180347,-0.0790134960992854,-0.0790134960992854,-0.017139484848815,-0.0345836424907755,0 days 00:02:32.442196
1061,ExpGrad.01,2,0.632931,-0.0044297431460815,-0.0085630906511251,-0.0085630906511251,-0.0055831698472332,0.0,0 days 00:06:38.001392
1062,RedGrid25,2,0.691534,-0.0460385609614455,-0.0804417161209001,-0.0804417161209001,0.0,-0.0459942008223457,0 days 00:11:02.861003
1063,RedGrid5,2,0.628619,-0.017105857751423,-0.0284390358121169,-0.0078857063796458,-0.0284390358121169,-0.0177831242237661,0 days 00:11:06.304796
1064,RedGrid75,2,0.628619,-0.017105857751423,-0.0284390358121169,-0.0078857063796458,-0.0284390358121169,-0.0177831242237661,0 days 00:11:16.107724
1065,ExpGrad.1,1,0.712058,-0.0388590434754959,-0.1170284548408198,-0.1170284548408198,-0.0394948579032431,-0.0360743990706583,0 days 00:03:04.254855
1066,ExpGrad.01,1,0.590056,-0.0007356856924711,-0.008384062729441,-0.008384062729441,0.0,-0.0009040544921905,0 days 00:03:40.302434
1067,RedGrid25,1,0.706108,-0.0632725895904778,-0.1333145332957865,-0.1333145332957865,-0.0684249299919829,-0.0582456191797932,0 days 00:14:34.048672
1068,RedGrid5,1,0.706108,-0.0632725895904778,-0.1333145332957865,-0.1333145332957865,-0.0684249299919829,-0.0582456191797932,0 days 00:14:35.280705
1069,RedGrid75,1,0.706108,-0.0632725895904778,-0.1333145332957865,-0.1333145332957865,-0.0684249299919829,-0.0582456191797932,0 days 00:14:30.724338
1070,ExpGrad.1,2,0.709859,-0.0525379649444246,-0.0866646719738534,-0.0866646719738534,-0.0451512669354389,-0.026706053139833,0 days 00:02:26.056058
1071,ExpGrad.01,2,0.611538,-0.0070769936759795,-0.0160237073225739,-0.0083503785003162,-0.0160237073225739,0.0,0 days 00:02:32.866039
1072,RedGrid25,2,0.724062,-0.0788608180053518,-0.104086976567678,-0.104086976567678,-0.0803940412490391,-0.0551304515536365,0 days 00:11:18.928114
1073,RedGrid5,2,0.683096,-0.0287818631615185,-0.075752079655029,-0.075752079655029,0.0,-0.0055674356133217,0 days 00:11:16.527606
1074,RedGrid75,2,0.659836,-0.0161266630053634,-0.04590885104175,-0.04590885104175,0.0,0.0,0 days 00:11:15.271555
1075,ExpGrad.1,0,0.707888,-0.0792047245329731,-0.0964324643276627,-0.0964324643276627,-0.0696132691405726,-0.0693696551460878,0 days 00:03:35.137481
1076,ExpGrad.01,0,0.687271,-0.011484213721934,-0.0173758363943024,-0.0173758363943024,-0.0072373554990228,-0.008657199497204,0 days 00:07:08.604648
1077,RedGrid25,0,0.6871,-0.1220600105625932,-0.1503436771820447,-0.1503436771820447,-0.1002013176545718,-0.1093047143433053,0 days 00:12:31.682129
1078,RedGrid5,0,0.6871,-0.1220600105625932,-0.1503436771820447,-0.1503436771820447,-0.1002013176545718,-0.1093047143433053,0 days 00:12:30.378778
1079,RedGrid75,0,0.668277,-0.0499356564250466,-0.10639747542861,-0.10639747542861,0.0,-0.0279683605766004,0 days 00:12:06.203725
1080,ExpGrad.1,2,0.669497,-0.0308847563670779,-0.0609571139814638,-0.0609571139814638,0.0,-0.024676537563689,0 days 00:03:11.522721
1081,ExpGrad.01,2,0.624953,-0.0046883603447898,-0.0075523874042389,-0.0075523874042389,-0.0073973435045167,-0.0003210873043882,0 days 00:04:18.161361
1082,RedGrid25,2,0.689343,-0.0640996879814243,-0.0812177040830411,-0.0624029602909827,-0.0812177040830411,-0.0541749161371895,0 days 00:11:25.197705
1083,RedGrid5,2,0.689343,-0.0640996879814243,-0.0812177040830411,-0.0624029602909827,-0.0812177040830411,-0.0541749161371895,0 days 00:12:32.123744
1084,RedGrid75,2,0.689343,-0.0640996879814243,-0.0812177040830411,-0.0624029602909827,-0.0812177040830411,-0.0541749161371895,0 days 00:11:22.807812
1085,ExpGrad.1,0,0.706286,-0.08248417487444,-0.1002926287404636,-0.1002926287404636,-0.073612480733638,-0.0717221245343984,0 days 00:04:10.433648
1086,ExpGrad.01,0,0.686195,-0.0171346323953678,-0.0218489484094961,-0.0218489484094961,-0.0155999497671117,-0.0138350904088715,0 days 00:06:53.924270
1087,RedGrid25,0,0.6897,-0.0240988878248867,-0.0293655882141259,-0.0293655882141259,-0.0091702569351187,-0.0277283955309607,0 days 00:13:41.994867
1088,RedGrid5,0,0.6897,-0.0240988878248867,-0.0293655882141259,-0.0293655882141259,-0.0091702569351187,-0.0277283955309607,0 days 00:13:35.098438
1089,RedGrid75,0,0.6897,-0.0240988878248867,-0.0293655882141259,-0.0293655882141259,-0.0091702569351187,-0.0277283955309607,0 days 00:13:36.142146
1090,ExpGrad.1,2,0.720307,-0.0706932697629998,-0.1047216268011018,-0.1047216268011018,-0.0512145187866902,-0.0535053875093753,0 days 00:02:43.448585
1091,ExpGrad.01,2,0.628538,-0.0063907826985572,-0.0101592239935105,-0.0069630444265881,0.0,-0.0101592239935105,0 days 00:03:35.077585
1092,RedGrid25,2,0.708139,-0.0641836371595693,-0.1168291733120912,-0.1168291733120912,-0.0103800581663723,-0.0534306446724024,0 days 00:13:10.121763
1093,RedGrid5,2,0.694267,-0.0492821154072746,-0.0854220510890217,-0.0854220510890217,0.0,-0.0501631829125975,0 days 00:14:36.095628
1094,RedGrid75,2,0.656333,-0.0118575941159234,-0.0341423294108683,-0.0341423294108683,0.0,0.0,0 days 00:13:54.590094
1095,ExpGrad.1,0,0.706681,-0.0816293572531422,-0.0985044163367468,-0.0985044163367468,-0.0716444532678323,-0.0723563126810594,0 days 00:03:14.272663
1096,ExpGrad.01,0,0.690105,-0.0140715987896233,-0.0193846962043634,-0.0193846962043634,-0.010200939237168,-0.0115539769502108,0 days 00:06:51.161383
1097,RedGrid25,0,0.682478,-0.1168158803296573,-0.1515992498904527,-0.1515992498904527,-0.0958504841425166,-0.0979144799068554,0 days 00:12:19.431175
1098,RedGrid5,0,0.682478,-0.1168158803296573,-0.1515992498904527,-0.1515992498904527,-0.0958504841425166,-0.0979144799068554,0 days 00:12:17.408787
1099,RedGrid75,0,0.682478,-0.1168158803296573,-0.1515992498904527,-0.1515992498904527,-0.0958504841425166,-0.0979144799068554,0 days 00:12:17.762975
1100,ExpGrad.1,1,0.711778,-0.0426430736779584,-0.1149088176313084,-0.1149088176313084,-0.0522673604569882,-0.0350922350083721,0 days 00:03:13.084531
1101,ExpGrad.01,1,0.605612,-0.0049335759472492,-0.0074805423511871,-0.0049492091272401,-0.0003328826721732,-0.0074805423511871,0 days 00:04:57.573764
1102,RedGrid25,1,0.705974,-0.068683579925083,-0.1381781456746166,-0.1381781456746166,-0.0777876041528859,-0.0615060142536731,0 days 00:14:32.630441
1103,RedGrid5,1,0.705974,-0.068683579925083,-0.1381781456746166,-0.1381781456746166,-0.0777876041528859,-0.0615060142536731,0 days 00:14:22.787870
1104,RedGrid75,1,0.705974,-0.068683579925083,-0.1381781456746166,-0.1381781456746166,-0.0777876041528859,-0.0615060142536731,0 days 00:14:24.732221
1105,ExpGrad.1,1,0.71091,-0.0412943286224847,-0.1100750275950305,-0.1100750275950305,-0.0445085951211348,-0.0373686486709806,0 days 00:04:16.091927
1106,ExpGrad.01,1,0.600262,-0.0117327818027887,-0.01529525154885,-0.0122507961065893,-0.0052803926310488,-0.01529525154885,0 days 00:05:04.540489
1107,RedGrid25,1,0.706804,-0.0759722201900083,-0.1409079370385315,-0.1409079370385315,-0.0864115820520384,-0.0681591718149624,0 days 00:13:00.462610
1108,RedGrid5,1,0.706804,-0.0759722201900083,-0.1409079370385315,-0.1409079370385315,-0.0864115820520384,-0.0681591718149624,0 days 00:12:38.670869
1109,RedGrid75,1,0.706804,-0.0759722201900083,-0.1409079370385315,-0.1409079370385315,-0.0864115820520384,-0.0681591718149624,0 days 00:12:47.789583
1110,ExpGrad.1,2,0.709623,-0.0511025861886201,-0.0889943499254945,-0.0889943499254945,-0.0467832864858472,-0.0201722540323751,0 days 00:02:32.057542
1111,ExpGrad.01,2,0.60995,-0.0041247343247066,-0.0118400088347421,-0.0118400088347421,0.0,0.0,0 days 00:03:26.695414
1112,RedGrid25,2,0.709188,-0.0581822374989687,-0.0834566132636687,-0.0834566132636687,-0.0433039286124374,-0.0455848661825301,0 days 00:10:44.465140
1113,RedGrid5,2,0.679747,-0.0325836522243063,-0.0533465892810524,-0.0533465892810524,0.0,-0.0358691134046535,0 days 00:10:49.532441
1114,RedGrid75,2,0.636304,-0.011921042795272,-0.0222513258621028,-0.0092908929368583,0.0,-0.0222513258621028,0 days 00:10:50.920695
1115,ExpGrad.1,0,0.707018,-0.0823354726659171,-0.099689371777093,-0.099689371777093,-0.0733919022364372,-0.0720811727942014,0 days 00:03:19.863565
1116,ExpGrad.01,0,0.684692,-0.0133293159302255,-0.0178004780794093,-0.0178004780794093,-0.0085959304103657,-0.0120387184280535,0 days 00:05:14.555518
1117,RedGrid25,0,0.68635,-0.1241643643497024,-0.1541707704040436,-0.1541707704040436,-0.1029519140900376,-0.1096316880997938,0 days 00:11:54.180894
1118,RedGrid5,0,0.68635,-0.1241643643497024,-0.1541707704040436,-0.1541707704040436,-0.1029519140900376,-0.1096316880997938,0 days 00:11:54.053676
1119,RedGrid75,0,0.68635,-0.1241643643497024,-0.1541707704040436,-0.1541707704040436,-0.1029519140900376,-0.1096316880997938,0 days 00:11:52.428143
1120,ExpGrad.1,2,0.70775,-0.053170262956325,-0.0753776314057267,-0.0753776314057267,-0.0610006402426301,-0.0282281646892147,0 days 00:02:39.894881
1121,ExpGrad.01,2,0.638834,-0.0068886348124235,-0.0153411751759516,-0.0153411751759516,-0.0058983560040061,0.0,0 days 00:05:51.602741
1122,RedGrid25,2,0.709964,-0.0682378994525832,-0.0838012730090969,-0.0838012730090969,-0.0490641307495385,-0.0669361187446961,0 days 00:13:59.800185
1123,RedGrid5,2,0.666673,-0.019113722908209,-0.0546051793004709,-0.0546051793004709,0.0,0.0,0 days 00:13:52.561722
1124,RedGrid75,2,0.666673,-0.019113722908209,-0.0546051793004709,-0.0546051793004709,0.0,0.0,0 days 00:14:03.085227
1125,ExpGrad.1,1,0.711429,-0.0430427280679803,-0.1272918758326512,-0.1272918758326512,-0.0509196540825004,-0.0360850937515835,0 days 00:02:25.963038
1126,ExpGrad.01,1,0.603315,-0.0093048171007337,-0.0236135561590667,-0.0236135561590667,-0.013958617288172,-0.0062895741226207,0 days 00:04:13.011996
1127,RedGrid25,1,0.707806,-0.073937794310928,-0.1485167790969473,-0.1485167790969473,-0.0838671972832484,-0.0661439210996954,0 days 00:12:17.487857
1128,RedGrid5,1,0.707806,-0.073937794310928,-0.1485167790969473,-0.1485167790969473,-0.0838671972832484,-0.0661439210996954,0 days 00:12:31.294551
1129,RedGrid75,1,0.707806,-0.073937794310928,-0.1485167790969473,-0.1485167790969473,-0.0838671972832484,-0.0661439210996954,0 days 00:12:20.722275
1130,ExpGrad.1,2,0.700004,-0.0446539310804795,-0.077083769437524,-0.077083769437524,-0.0204116605835995,-0.0317863004531716,0 days 00:03:37.777448
1131,ExpGrad.01,2,0.6239,-0.0034105837867058,-0.0058559339165385,-0.0032161282783734,0.0,-0.0058559339165385,0 days 00:04:34.177491
1132,RedGrid25,2,0.694474,-0.0408882015911046,-0.0927561718531149,-0.0927561718531149,0.0,-0.0217166201032694,0 days 00:13:37.433092
1133,RedGrid5,2,0.680422,-0.0273449317287139,-0.0694252929531684,-0.0694252929531684,0.0,-0.0079100203113026,0 days 00:13:30.452197
1134,RedGrid75,2,0.66382,-0.0200393069397049,-0.0573567601437631,-0.0573567601437631,0.0,0.0,0 days 00:13:39.581459
1135,ExpGrad.1,2,0.705046,-0.0614868835738855,-0.09345092496738,-0.09345092496738,-0.0415471682032383,-0.0461238910344953,0 days 00:02:31.034366
1136,ExpGrad.01,2,0.621601,-0.0063495810374234,-0.0129788721013116,0.0,-0.0049961050058553,-0.0129788721013116,0 days 00:04:26.306814
1137,RedGrid25,2,0.714885,-0.0653663768506361,-0.1010278011585005,-0.1010278011585005,-0.0861830450565011,-0.0192381606905048,0 days 00:11:52.584608
1138,RedGrid5,2,0.695716,-0.0447621061746358,-0.0768651558103615,-0.0686087874449511,-0.0768651558103615,-0.0016762680344739,0 days 00:11:21.233413
1139,RedGrid75,2,0.670318,-0.0191753493831397,-0.0524968250819467,-0.0524968250819467,0.0,-0.0020753645632299,0 days 00:11:04.403622
1140,ExpGrad.1,0,0.706584,-0.0826426114704661,-0.10099006247585,-0.10099006247585,-0.0725067536796802,-0.0722008385538958,0 days 00:03:32.304923
1141,ExpGrad.01,0,0.68291,-0.010325298522868,-0.0166860323422366,-0.0166860323422366,-0.0058920576540358,-0.0072157145725885,0 days 00:06:15.239140
1142,RedGrid25,0,0.68542,-0.0777621461024101,-0.1126201939862746,-0.1126201939862746,0.0,-0.0904051621733679,0 days 00:11:06.733976
1143,RedGrid5,0,0.68542,-0.0777621461024101,-0.1126201939862746,-0.1126201939862746,0.0,-0.0904051621733679,0 days 00:11:09.180106
1144,RedGrid75,0,0.660279,-0.0467220743634727,-0.1046296002240283,-0.1046296002240283,0.0,-0.0219449448458819,0 days 00:11:24.851787
1145,ExpGrad.1,0,0.707026,-0.0847766982068041,-0.1004480323602452,-0.1004480323602452,-0.0763412962403019,-0.0756993850261751,0 days 00:03:32.850747
1146,ExpGrad.01,0,0.690033,-0.0160703289498176,-0.0216998531938014,-0.0216998531938014,-0.0114256961112955,-0.0137016832365559,0 days 00:06:52.792846
1147,RedGrid25,0,0.69423,-0.0594701262725598,-0.0835278280435728,-0.0521294811983554,-0.0835278280435728,-0.0526110851327026,0 days 00:12:30.848395
1148,RedGrid5,0,0.69423,-0.0594701262725598,-0.0835278280435728,-0.0521294811983554,-0.0835278280435728,-0.0526110851327026,0 days 00:12:30.730927
1149,RedGrid75,0,0.69423,-0.0594701262725598,-0.0835278280435728,-0.0521294811983554,-0.0835278280435728,-0.0526110851327026,0 days 00:12:29.576988
1150,ExpGrad.1,1,0.711196,-0.036812503541349,-0.1172113396530362,-0.1172113396530362,-0.024896546776235,-0.0408807492382533,0 days 00:02:38.190780
1151,ExpGrad.01,1,0.599557,-0.0044673598738356,-0.0128983138349418,-0.0128983138349418,0.0,-0.0066741170426929,0 days 00:03:22.005771
1152,RedGrid25,1,0.697956,-0.0018784286542471,-0.0948200657083768,-0.0948200657083768,0.0,0.0,0 days 00:11:43.510074
1153,RedGrid5,1,0.697956,-0.0018784286542471,-0.0948200657083768,-0.0948200657083768,0.0,0.0,0 days 00:12:46.215860
1154,RedGrid75,1,0.697956,-0.0018784286542471,-0.0948200657083768,-0.0948200657083768,0.0,0.0,0 days 00:12:03.312115
1155,ExpGrad.1,0,0.706023,-0.0797702268810241,-0.0975039173658235,-0.0975039173658235,-0.070951829146507,-0.0690507315980267,0 days 00:03:20.008025
1156,ExpGrad.01,0,0.688527,-0.0087055788148265,-0.0148212245547224,-0.0148212245547224,-0.0046139101549421,-0.0055890240750759,0 days 00:08:06.981772
1157,RedGrid25,0,0.692976,-0.0314303707484881,-0.037772718035604,-0.0355266497541096,-0.0134253915181387,-0.037772718035604,0 days 00:13:18.056631
1158,RedGrid5,0,0.692976,-0.0314303707484881,-0.037772718035604,-0.0355266497541096,-0.0134253915181387,-0.037772718035604,0 days 00:13:19.906420
1159,RedGrid75,0,0.692976,-0.0314303707484881,-0.037772718035604,-0.0355266497541096,-0.0134253915181387,-0.037772718035604,0 days 00:13:17.063905
1160,ExpGrad.1,2,0.698297,-0.0484544532074649,-0.0817016618220455,-0.0817016618220455,-0.0150068028172807,-0.0408094360125146,0 days 00:03:26.057016
1161,ExpGrad.01,2,0.624399,-0.0032881687305701,-0.0071569748291113,-0.0071569748291113,-0.0029759953185722,0.0,0 days 00:04:43.279823
1162,RedGrid25,2,0.708094,-0.0505902237237316,-0.1005093963025068,-0.1005093963025068,-0.0152730552112456,-0.029126652872788,0 days 00:11:05.209261
1163,RedGrid5,2,0.694156,-0.0523945605453999,-0.0833536933792518,-0.0833536933792518,0.0,-0.0595122756161959,0 days 00:11:04.579600
1164,RedGrid75,2,0.637006,-0.0260692759068967,-0.0320291158685158,-0.0166540677192176,-0.0320291158685158,-0.0305873667753659,0 days 00:11:02.874690
1165,ExpGrad.1,1,0.712724,-0.0437718258591672,-0.113916300828646,-0.113916300828646,-0.0407042032926742,-0.0432577181479785,0 days 00:03:08.940658
1166,ExpGrad.01,1,0.591136,0.0,0.0,0.0,0.0,0.0,0 days 00:03:09.182861
1167,RedGrid25,1,0.700667,-0.0130844476314486,-0.1086854539175625,-0.1086854539175625,-0.0011643615305546,-0.0166855538686988,0 days 00:14:06.287613
1168,RedGrid5,1,0.700667,-0.0130844476314486,-0.1086854539175625,-0.1086854539175625,-0.0011643615305546,-0.0166855538686988,0 days 00:14:11.132929
1169,RedGrid75,1,0.700667,-0.0130844476314486,-0.1086854539175625,-0.1086854539175625,-0.0011643615305546,-0.0166855538686988,0 days 00:14:00.263109
1170,ExpGrad.1,2,0.717035,-0.0650359145517761,-0.1037782085577266,-0.1037782085577266,-0.0669254327885649,-0.0291702463693048,0 days 00:03:17.196731
1171,ExpGrad.01,2,0.617404,-0.0119403950263891,-0.0174060640651527,-0.0174060640651527,-0.013657316330494,-0.0059049698829938,0 days 00:03:24.747118
1172,RedGrid25,2,0.714797,-0.0653935195273642,-0.1045013664004043,-0.1045013664004043,-0.0776855865670202,-0.0222041315611433,0 days 00:11:41.965735
1173,RedGrid5,2,0.697278,-0.0468553028751274,-0.0784308178679509,-0.0784308178679509,-0.0743967586081814,-0.0001343202421344,0 days 00:11:31.932402
1174,RedGrid75,2,0.697278,-0.0468553028751274,-0.0784308178679509,-0.0784308178679509,-0.0743967586081814,-0.0001343202421344,0 days 00:11:45.277764
1175,ExpGrad.1,0,0.706661,-0.0829932184932593,-0.1001291347782434,-0.1001291347782434,-0.073064952088539,-0.0734384327512629,0 days 00:03:27.149419
1176,ExpGrad.01,0,0.68621,-0.0124024480849152,-0.0173692966001725,-0.0173692966001725,-0.0069768111106821,-0.0110430776204686,0 days 00:07:07.784584
1177,RedGrid25,0,0.687398,-0.0805231183015468,-0.1128509263301618,-0.1128509263301618,-0.0059137071444222,-0.0934224527724328,0 days 00:11:51.281543
1178,RedGrid5,0,0.687398,-0.0805231183015468,-0.1128509263301618,-0.1128509263301618,-0.0059137071444222,-0.0934224527724328,0 days 00:11:52.474401
1179,RedGrid75,0,0.664701,-0.0552842122805659,-0.112411872804936,-0.112411872804936,-0.0002156272155985,-0.0355891106768634,0 days 00:11:48.986524
1180,ExpGrad.1,0,0.70727,-0.0813352040431075,-0.0986108074532658,-0.0986108074532658,-0.0730090271832913,-0.0707469152101201,0 days 00:03:28.833622
1181,ExpGrad.01,0,0.684541,-0.0117920816195886,-0.0161798777033373,-0.0161798777033373,-0.0079763973642319,-0.0100414355315923,0 days 00:07:03.396993
1182,RedGrid25,0,0.691396,-0.0233370811022802,-0.0283447294592603,-0.0283447294592603,-0.0097068007484364,-0.0264577982575832,0 days 00:13:33.879603
1183,RedGrid5,0,0.691396,-0.0233370811022802,-0.0283447294592603,-0.0283447294592603,-0.0097068007484364,-0.0264577982575832,0 days 00:13:24.933639
1184,RedGrid75,0,0.691396,-0.0233370811022802,-0.0283447294592603,-0.0283447294592603,-0.0097068007484364,-0.0264577982575832,0 days 00:13:30.013175
1185,ExpGrad.1,2,0.650953,-0.0266192810505554,-0.0556999440933791,-0.0556999440933791,0.0,-0.018313437784165,0 days 00:04:00.642167
1186,ExpGrad.01,2,0.625981,-0.005031376703722,-0.0108056430912206,-0.0108056430912206,-0.0032809591815195,-0.0010180466736949,0 days 00:05:29.066807
1187,RedGrid25,2,0.687683,-0.0422544159147743,-0.0672333702107338,-0.0634662131759828,-0.0672333702107338,-0.0065064871385447,0 days 00:14:42.259380
1188,RedGrid5,2,0.687683,-0.0422544159147743,-0.0672333702107338,-0.0634662131759828,-0.0672333702107338,-0.0065064871385447,0 days 00:14:44.329084
1189,RedGrid75,2,0.610177,-0.010931347416467,-0.0312504105334604,-0.0312504105334604,0.0,0.0,0 days 00:14:53.669114
1190,ExpGrad.1,0,0.706607,-0.0816774920844444,-0.0985991437564772,-0.0985991437564772,-0.0738734448047105,-0.0711441434947032,0 days 00:03:17.905813
1191,ExpGrad.01,0,0.686542,-0.0114099980082298,-0.0162013551622288,-0.0162013551622288,-0.0117234192440419,-0.0070295419533474,0 days 00:06:43.143089
1192,RedGrid25,0,0.685457,-0.0775133388610162,-0.1121266163623795,-0.1121266163623795,0.0,-0.0900692478020775,0 days 00:12:17.730926
1193,RedGrid5,0,0.685457,-0.0775133388610162,-0.1121266163623795,-0.1121266163623795,0.0,-0.0900692478020775,0 days 00:12:17.185845
1194,RedGrid75,0,0.664928,-0.0299477339764019,-0.082954990367191,-0.082954990367191,0.0,0.0,0 days 00:12:50.954354
1195,ExpGrad.1,2,0.714231,-0.0771758948847045,-0.109080139584321,-0.109080139584321,-0.0804099371053392,-0.0462327989104344,0 days 00:02:26.090386
1196,ExpGrad.01,2,0.619955,-0.0102892009760501,-0.0155674387291581,-0.0088973278989156,-0.0042646081511424,-0.0155674387291581,0 days 00:03:37.303537
1197,RedGrid25,2,0.719959,-0.0870638515115916,-0.1301207401166541,-0.1301207401166541,-0.100277737823095,-0.0393955755140916,0 days 00:11:02.994204
1198,RedGrid5,2,0.719959,-0.0870638515115916,-0.1301207401166541,-0.1301207401166541,-0.100277737823095,-0.0393955755140916,0 days 00:11:05.485437
1199,RedGrid75,2,0.694745,-0.0439825638809056,-0.1030982813236669,-0.1030982813236669,-0.0066666845462782,-0.0155638301947155,0 days 00:10:49.413637
1200,ExpGrad.1,0,0.706223,-0.077619692813678,-0.0954738967396153,-0.0954738967396153,-0.0637293228965315,-0.0696481580765769,0 days 00:03:17.100588
1201,ExpGrad.01,0,0.688856,-0.0108026269582997,-0.0167794538622315,-0.0167794538622315,-0.0059783478390763,-0.008230987826601,0 days 00:08:43.852879
1202,RedGrid25,0,0.68336,-0.1119567466055724,-0.1463465450280376,-0.1463465450280376,-0.0921165104387328,-0.0927603027568,0 days 00:11:37.858027
1203,RedGrid5,0,0.68336,-0.1119567466055724,-0.1463465450280376,-0.1463465450280376,-0.0921165104387328,-0.0927603027568,0 days 00:11:36.837708
1204,RedGrid75,0,0.68336,-0.1119567466055724,-0.1463465450280376,-0.1463465450280376,-0.0921165104387328,-0.0927603027568,0 days 00:11:35.924339
1205,ExpGrad.1,0,0.706092,-0.0848601508412905,-0.1024971290505114,-0.1024971290505114,-0.0748968821734306,-0.074875885197904,0 days 00:03:20.961051
1206,ExpGrad.01,0,0.685333,-0.0150329460523021,-0.0208619662809106,-0.0208619662809106,-0.0119675166291894,-0.0116074489209101,0 days 00:05:37.480209
1207,RedGrid25,0,0.693078,-0.0365014393181755,-0.0433401687100483,-0.039794790195747,-0.0188941534138523,-0.0433401687100483,0 days 00:13:29.320020
1208,RedGrid5,0,0.693078,-0.0365014393181755,-0.0433401687100483,-0.039794790195747,-0.0188941534138523,-0.0433401687100483,0 days 00:13:28.715682
1209,RedGrid75,0,0.693078,-0.0365014393181755,-0.0433401687100483,-0.039794790195747,-0.0188941534138523,-0.0433401687100483,0 days 00:13:10.697572
1210,ExpGrad.1,1,0.708881,-0.0121549020579446,-0.0917145558333945,-0.0917145558333945,-0.0092839256949522,-0.0112991801504865,0 days 00:03:19.415156
1211,ExpGrad.01,1,0.603434,-0.0025286027067967,-0.0163259139471748,-0.0163259139471748,0.0,-0.0035068502742589,0 days 00:07:21.911610
1212,RedGrid25,1,0.706228,-0.062874661358404,-0.1368831658554677,-0.1368831658554677,-0.0582552425531099,-0.0631598248903052,0 days 00:13:47.395283
1213,RedGrid5,1,0.694056,-0.00164228596591,-0.0846098406047015,-0.0846098406047015,0.0,0.0,0 days 00:13:47.094659
1214,RedGrid75,1,0.694056,-0.00164228596591,-0.0846098406047015,-0.0846098406047015,0.0,0.0,0 days 00:13:40.699338
1215,ExpGrad.1,0,0.707125,-0.0814269167777631,-0.0982185074338695,-0.0982185074338695,-0.0744512106917969,-0.0705523106642759,0 days 00:03:21.266542
1216,ExpGrad.01,0,0.688905,-0.0096231463994212,-0.0153597769045513,-0.0153597769045513,-0.009738186112017,-0.0045304431276887,0 days 00:07:34.718504
1217,RedGrid25,0,0.69582,-0.0638586916129068,-0.0835759022456499,-0.055914569502564,-0.0835759022456499,-0.0599509729271401,0 days 00:11:54.220206
1218,RedGrid5,0,0.69582,-0.0638586916129068,-0.0835759022456499,-0.055914569502564,-0.0835759022456499,-0.0599509729271401,0 days 00:12:07.237887
1219,RedGrid75,0,0.69582,-0.0638586916129068,-0.0835759022456499,-0.055914569502564,-0.0835759022456499,-0.0599509729271401,0 days 00:12:13.027202
1220,ExpGrad.1,1,0.712327,-0.0500003544771554,-0.1168268311535558,-0.1168268311535558,-0.0490008665744776,-0.0485231649792389,0 days 00:02:24.825431
1221,ExpGrad.01,1,0.599437,-0.009679454099939,-0.0114144797153678,-0.0114144797153678,-0.0106222300382631,-0.0091062793418991,0 days 00:03:36.303306
1222,RedGrid25,1,0.701164,-0.0035045914006545,-0.1008754450397941,-0.1008754450397941,0.0,-0.0024830476810556,0 days 00:11:32.535211
1223,RedGrid5,1,0.701164,-0.0035045914006545,-0.1008754450397941,-0.1008754450397941,0.0,-0.0024830476810556,0 days 00:11:34.091924
1224,RedGrid75,1,0.701164,-0.0035045914006545,-0.1008754450397941,-0.1008754450397941,0.0,-0.0024830476810556,0 days 00:11:34.706597
1225,ExpGrad.1,1,0.710503,-0.0384607630442016,-0.1169717242018932,-0.1169717242018932,-0.0418664917871579,-0.0341354117777519,0 days 00:02:19.764110
1226,ExpGrad.01,1,0.588442,-0.0002969810184136,-0.0133367362315404,-0.0133367362315404,-0.0001025719240013,0.0,0 days 00:02:43.107081
1227,RedGrid25,1,0.700104,-0.0113175511566449,-0.1031698318372651,-0.1031698318372651,-0.0004384315368745,-0.0144981835849878,0 days 00:12:39.925438
1228,RedGrid5,1,0.700104,-0.0113175511566449,-0.1031698318372651,-0.1031698318372651,-0.0004384315368745,-0.0144981835849878,0 days 00:12:25.213701
1229,RedGrid75,1,0.700104,-0.0113175511566449,-0.1031698318372651,-0.1031698318372651,-0.0004384315368745,-0.0144981835849878,0 days 00:13:11.582502
1230,ExpGrad.1,0,0.706526,-0.0768708912280926,-0.0947894418845386,-0.0947894418845386,-0.0658267754889562,-0.0672678496300327,0 days 00:03:52.856170
1231,ExpGrad.01,0,0.687616,-0.0109329769903134,-0.0160709126826029,-0.0160709126826029,-0.008918305817407,-0.0075420310142616,0 days 00:09:41.457284
1232,RedGrid25,0,0.686275,-0.0781480292757397,-0.1095567288455838,-0.1095567288455838,-0.0042584486720635,-0.0914837550249502,0 days 00:14:33.577053
1233,RedGrid5,0,0.686275,-0.0781480292757397,-0.1095567288455838,-0.1095567288455838,-0.0042584486720635,-0.0914837550249502,0 days 00:14:32.649219
1234,RedGrid75,0,0.664218,-0.0521417674125667,-0.1081815980311984,-0.1081815980311984,0.0,-0.031846342234911,0 days 00:14:53.990841
1235,ExpGrad.1,1,0.711905,-0.0377380753532056,-0.1093398943274815,-0.1093398943274815,-0.0314161824876625,-0.0390292122248968,0 days 00:02:21.172819
1236,ExpGrad.01,1,0.596191,-0.0002756499745406,-0.0044876719787943,-0.0044876719787943,-6.914415261627394e-05,-0.000259947748836,0 days 00:03:57.308259
1237,RedGrid25,1,0.700361,-0.008023321691542,-0.0950943223892036,-0.0950943223892036,0.0,-0.009779398572835,0 days 00:14:52.599524
1238,RedGrid5,1,0.700361,-0.008023321691542,-0.0950943223892036,-0.0950943223892036,0.0,-0.009779398572835,0 days 00:14:51.766953
1239,RedGrid75,1,0.700361,-0.008023321691542,-0.0950943223892036,-0.0950943223892036,0.0,-0.009779398572835,0 days 00:14:21.692436
1240,ExpGrad.1,2,0.707423,-0.0535519923990276,-0.0749938160242764,-0.0749938160242764,-0.0590478794120329,-0.0310012223632537,0 days 00:01:41.759090
1241,ExpGrad.01,2,0.612845,-0.0072377056995694,-0.0111674153906048,-0.0111674153906048,-0.0082440719411605,-0.0031053405316988,0 days 00:03:35.939744
1242,RedGrid25,2,0.727903,-0.0807054695825581,-0.1128478400424253,-0.1128478400424253,-0.0787131134648122,-0.0536812376679173,0 days 00:08:43.682939
1243,RedGrid5,2,0.66817,-0.0142463655741843,-0.0411082242774589,-0.0411082242774589,0.0,0.0,0 days 00:09:18.262453
1244,RedGrid75,2,0.66817,-0.0142463655741843,-0.0411082242774589,-0.0411082242774589,0.0,0.0,0 days 00:09:17.609496
1245,ExpGrad.1,0,0.706371,-0.0770983133396233,-0.0953392095750351,-0.0953392095750351,-0.0662745796314238,-0.067028145566686,0 days 00:03:33.490140
1246,ExpGrad.01,0,0.686154,-0.0129874318668811,-0.0183596362816244,-0.0183596362816244,-0.0129945503941583,-0.008247337710213,0 days 00:05:36.486262
1247,RedGrid25,0,0.682579,-0.1131841720416193,-0.1487713005165332,-0.1487713005165332,-0.0923072220408871,-0.0934046617568968,0 days 00:12:53.853235
1248,RedGrid5,0,0.682579,-0.1131841720416193,-0.1487713005165332,-0.1487713005165332,-0.0923072220408871,-0.0934046617568968,0 days 00:12:42.814216
1249,RedGrid75,0,0.682579,-0.1131841720416193,-0.1487713005165332,-0.1487713005165332,-0.0923072220408871,-0.0934046617568968,0 days 00:12:26.895341
1250,ExpGrad.1,1,0.702626,-0.001761568691435,-0.091304632554342,-0.091304632554342,0.0,0.0,0 days 00:03:07.835018
1251,ExpGrad.01,1,0.589498,-0.0032108529488689,-0.0149066158964914,-0.0149066158964914,0.0,-0.0046269986694518,0 days 00:06:58.624347
1252,RedGrid25,1,0.706198,-0.0622066124523362,-0.1372778833854497,-0.1372778833854497,-0.0700237895550139,-0.0555967724515448,0 days 00:15:10.818466
1253,RedGrid5,1,0.701718,-0.0049639672917867,-0.1056321969847598,-0.1056321969847598,0.0,-0.0046312999492722,0 days 00:15:06.097943
1254,RedGrid75,1,0.701718,-0.0049639672917867,-0.1056321969847598,-0.1056321969847598,0.0,-0.0046312999492722,0 days 00:15:10.966925
1255,ExpGrad.1,1,0.71045,-0.0270666662240028,-0.1085963447815338,-0.1085963447815338,-0.0259298549240012,-0.0251562168612751,0 days 00:02:59.837049
1256,ExpGrad.01,1,0.593488,0.0,0.0,0.0,0.0,0.0,0 days 00:05:20.727723
1257,RedGrid25,1,0.699086,-0.04461639144777,-0.1189114268971061,-0.1189114268971061,0.0,-0.0669955616797812,0 days 00:13:57.409215
1258,RedGrid5,1,0.686758,-0.0011948932934731,-0.0607850826951121,-0.0607850826951121,0.0,0.0,0 days 00:13:53.774478
1259,RedGrid75,1,0.686758,-0.0011948932934731,-0.0607850826951121,-0.0607850826951121,0.0,0.0,0 days 00:13:57.740918
1260,ExpGrad.1,2,0.702842,-0.0715792489880447,-0.0999266930511332,-0.0999266930511332,-0.0679220599299694,-0.0487613082186628,0 days 00:03:29.513396
1261,ExpGrad.01,2,0.622838,-0.0023171366338997,-0.0066432134924549,-0.0066432134924549,0.0,0.0,0 days 00:04:36.883488
1262,RedGrid25,2,0.719456,-0.0778359059383484,-0.1010169293058159,-0.1010169293058159,-0.0920410503937069,-0.047786944782887,0 days 00:13:12.400601
1263,RedGrid5,2,0.683188,-0.0296881846140643,-0.0694791217888617,-0.0694791217888617,0.0,-0.0139227493053711,0 days 00:13:09.178223
1264,RedGrid75,2,0.662251,-0.0254361955453354,-0.0519396219089332,-0.0342880451155945,-0.0519396219089332,0.0,0 days 00:13:10.326526
1265,ExpGrad.1,1,0.712245,-0.0368471699641102,-0.103677740340998,-0.103677740340998,-0.0412749232821774,-0.032318949618142,0 days 00:02:46.468100
1266,ExpGrad.01,1,0.599584,-0.0001176094486385,-0.0060030161825652,-0.0060030161825652,0.0,0.0,0 days 00:04:00.173187
1267,RedGrid25,1,0.707992,-0.061862370840472,-0.1285339344924924,-0.1285339344924924,-0.0690951540716746,-0.0557851540637462,0 days 00:13:15.134719
1268,RedGrid5,1,0.707992,-0.061862370840472,-0.1285339344924924,-0.1285339344924924,-0.0690951540716746,-0.0557851540637462,0 days 00:12:58.297290
1269,RedGrid75,1,0.707992,-0.061862370840472,-0.1285339344924924,-0.1285339344924924,-0.0690951540716746,-0.0557851540637462,0 days 00:13:36.079024
1270,ExpGrad.1,2,0.717569,-0.0638824315427166,-0.0949400158827964,-0.0949400158827964,-0.0537876591577878,-0.0430087437077461,0 days 00:03:44.402322
1271,ExpGrad.01,2,0.627882,-0.0091494812623688,-0.0133138957674054,-0.0133138957674054,-0.0041363976371015,-0.0087841063860419,0 days 00:05:48.779864
1272,RedGrid25,2,0.68977,-0.0398532147234305,-0.0912092709628749,-0.0912092709628749,0.0,-0.0207385196434132,0 days 00:12:56.041924
1273,RedGrid5,2,0.68314,-0.0306175959964451,-0.07680793068374,-0.07680793068374,0.0,-0.0099497582282731,0 days 00:13:01.265951
1274,RedGrid75,2,0.680272,-0.0285747164782427,-0.0737409770258472,-0.0737409770258472,0.0,-0.0074580192892472,0 days 00:12:56.034747
1275,ExpGrad.1,2,0.708939,-0.0585920609597544,-0.0853156160091648,-0.0853156160091648,-0.0640019570641397,-0.0312409368179298,0 days 00:02:28.980616
1276,ExpGrad.01,2,0.620025,-0.0077172636928767,-0.0132547091385134,-0.0132547091385134,-0.0118474552049862,0.0,0 days 00:03:57.363748
1277,RedGrid25,2,0.730328,-0.0959052789746925,-0.1197800775558572,-0.1197800775558572,-0.1059918470133826,-0.0678913630450076,0 days 00:11:40.202234
1278,RedGrid5,2,0.700155,-0.0559343742056173,-0.0832908338234816,-0.0781769658357252,-0.0832908338234816,-0.0176021616478426,0 days 00:11:57.452271
1279,RedGrid75,2,0.655751,-0.0124691262974487,-0.0361401148614268,-0.0361401148614268,0.0,0.0,0 days 00:11:44.204341
1280,ExpGrad.1,1,0.705183,-0.0028559242289126,-0.0897807804810093,-0.0897807804810093,0.0,-0.0017694372833116,0 days 00:02:52.088741
1281,ExpGrad.01,1,0.586472,-0.0039699797288938,-0.0062861361673631,-0.0001282737842362,0.0,-0.0062861361673631,0 days 00:04:37.120408
1282,RedGrid25,1,0.702752,-0.0127063133637829,-0.1051647135158093,-0.1051647135158093,0.0,-0.0169043286365278,0 days 00:11:38.167595
1283,RedGrid5,1,0.702752,-0.0127063133637829,-0.1051647135158093,-0.1051647135158093,0.0,-0.0169043286365278,0 days 00:11:39.182352
1284,RedGrid75,1,0.702752,-0.0127063133637829,-0.1051647135158093,-0.1051647135158093,0.0,-0.0169043286365278,0 days 00:11:35.784965
1285,ExpGrad.1,2,0.72401,-0.0764619203933711,-0.1068527020007008,-0.1068527020007008,-0.059216440952902,-0.0607336039830216,0 days 00:02:17.249295
1286,ExpGrad.01,2,0.626095,-0.004331313120112,-0.0123902553428298,-0.0123902553428298,0.0,0.0,0 days 00:02:49.678863
1287,RedGrid25,2,0.717118,-0.0629877278801526,-0.0990547549961898,-0.0990547549961898,-0.0635000164173295,-0.0303943830664193,0 days 00:10:43.590784
1288,RedGrid5,2,0.706298,-0.0567683429135596,-0.0950074461732223,-0.0950074461732223,-0.0043446245288937,-0.0573756681391209,0 days 00:10:42.600420
1289,RedGrid75,2,0.689771,-0.0479405219040284,-0.0808814236579859,-0.0808814236579859,0.0,-0.0503095121737246,0 days 00:10:54.228653
1290,ExpGrad.1,0,0.707238,-0.0792483979691212,-0.0967334590203203,-0.0967334590203203,-0.0697434414018315,-0.069136634575149,0 days 00:03:28.812718
1291,ExpGrad.01,0,0.685224,-0.0100726727841581,-0.0151949675563914,-0.0151949675563914,-0.0063334789934191,-0.007636538559918,0 days 00:06:55.797667
1292,RedGrid25,0,0.683625,-0.1118975229388742,-0.1471710187326739,-0.1471710187326739,-0.0936238809783069,-0.0910019058513331,0 days 00:12:34.875389
1293,RedGrid5,0,0.683625,-0.1118975229388742,-0.1471710187326739,-0.1471710187326739,-0.0936238809783069,-0.0910019058513331,0 days 00:12:32.098507
1294,RedGrid75,0,0.683625,-0.1118975229388742,-0.1471710187326739,-0.1471710187326739,-0.0936238809783069,-0.0910019058513331,0 days 00:12:32.551819
1295,ExpGrad.1,0,0.706719,-0.0808072124450942,-0.0979216344954252,-0.0979216344954252,-0.072536390287846,-0.0703749293046973,0 days 00:02:42.603850
1296,ExpGrad.01,0,0.68802,-0.0081222980670919,-0.0129639233706885,-0.0129639233706885,-0.0064769876147353,-0.0047853323563661,0 days 00:06:48.601626
1297,RedGrid25,0,0.683084,-0.1132612334003602,-0.1476782723924694,-0.1476782723924694,-0.0946840328534884,-0.0933619410602711,0 days 00:11:51.933177
1298,RedGrid5,0,0.683084,-0.1132612334003602,-0.1476782723924694,-0.1476782723924694,-0.0946840328534884,-0.0933619410602711,0 days 00:11:54.726478
1299,RedGrid75,0,0.683084,-0.1132612334003602,-0.1476782723924694,-0.1476782723924694,-0.0946840328534884,-0.0933619410602711,0 days 00:11:43.671991
1300,ExpGrad.1,2,0.708238,-0.0531202605447677,-0.0928276865625239,-0.0928276865625239,-0.0377095319070103,-0.0277874570594396,0 days 00:05:27.349562
1301,ExpGrad.01,2,0.620793,-0.0036115281012225,-0.0090499270827508,-0.0090499270827508,-0.0017146652933494,0.0,0 days 00:04:53.572871
1302,RedGrid25,2,0.726324,-0.0913537970981308,-0.1194880388731718,-0.1194880388731718,-0.0954798292042924,-0.0634196476374702,0 days 00:14:06.264298
1303,RedGrid5,2,0.665557,-0.0221608407229478,-0.0633286194868289,-0.0633286194868289,0.0,0.0,0 days 00:14:10.118287
1304,RedGrid75,2,0.665557,-0.0221608407229478,-0.0633286194868289,-0.0633286194868289,0.0,0.0,0 days 00:14:01.885610
1305,ExpGrad.1,1,0.71172,-0.0343129679295271,-0.1068126013570217,-0.1068126013570217,-0.0200524020036252,-0.0399613579975867,0 days 00:02:11.250953
1306,ExpGrad.01,1,0.609988,-6.055677651610251e-05,-0.0031092579553712,-0.0031092579553712,0.0,0.0,0 days 00:04:56.770865
1307,RedGrid25,1,0.706829,-0.0582782313959971,-0.1228986304161022,-0.1228986304161022,-0.0654127256378659,-0.052340317503466,0 days 00:12:03.108490
1308,RedGrid5,1,0.698515,-0.0016225796184713,-0.0833105537844102,-0.0833105537844102,0.0,0.0,0 days 00:12:48.017666
1309,RedGrid75,1,0.698515,-0.0016225796184713,-0.0833105537844102,-0.0833105537844102,0.0,0.0,0 days 00:12:53.294990
1310,ExpGrad.1,1,0.709815,-0.0277211844202124,-0.1133844505149607,-0.1133844505149607,-0.0337190709626625,-0.0217709250991136,0 days 00:02:58.390275
1311,ExpGrad.01,1,0.595784,-0.000248833995693,-0.0128141830428401,-0.0128141830428401,0.0,0.0,0 days 00:04:08.154764
1312,RedGrid25,1,0.698623,-0.0445786253281823,-0.1187113636101652,-0.1187113636101652,0.0,-0.0669445914090008,0 days 00:13:03.562538
1313,RedGrid5,1,0.681814,-0.0009311314943603,-0.0479503991102704,-0.0479503991102704,0.0,0.0,0 days 00:13:05.248035
1314,RedGrid75,1,0.681814,-0.0009311314943603,-0.0479503991102704,-0.0479503991102704,0.0,0.0,0 days 00:13:04.184400
1315,ExpGrad.1,1,0.703107,-0.0172188191813737,-0.0896210578509187,-0.0896210578509187,-0.009647946472397,-0.019210524076046,0 days 00:03:04.281374
1316,ExpGrad.01,1,0.579998,-0.0049102610181685,-0.0056398141401737,0.0,-0.0056398141401737,-0.0046557740471854,0 days 00:03:04.740553
1317,RedGrid25,1,0.702766,-0.0169694162180822,-0.0999947479083109,-0.0999947479083109,-0.0009727720712799,-0.0232953479117954,0 days 00:11:56.619141
1318,RedGrid5,1,0.702766,-0.0169694162180822,-0.0999947479083109,-0.0999947479083109,-0.0009727720712799,-0.0232953479117954,0 days 00:12:10.909630
1319,RedGrid75,1,0.702766,-0.0169694162180822,-0.0999947479083109,-0.0999947479083109,-0.0009727720712799,-0.0232953479117954,0 days 00:12:15.537232
1320,ExpGrad.1,2,0.724355,-0.0746534614463635,-0.0907659681487108,-0.0907659681487108,-0.0803892201550062,-0.056384493630975,0 days 00:02:18.776850
1321,ExpGrad.01,2,0.620648,-0.0116196634811522,-0.01886604209559,-0.0121562102190374,0.0,-0.01886604209559,0 days 00:04:18.094877
1322,RedGrid25,2,0.722044,-0.0681890754782433,-0.0951542650954763,-0.0951542650954763,-0.0697969380608907,-0.0429295455515083,0 days 00:11:50.714763
1323,RedGrid5,2,0.694504,-0.0462948616089561,-0.0728038002269365,-0.0728038002269365,0.0,-0.0533025526805037,0 days 00:11:51.349627
1324,RedGrid75,2,0.643571,-0.0072689441283628,-0.0207605473289159,-0.0207605473289159,0.0,0.0,0 days 00:12:26.124472
1325,ExpGrad.1,0,0.706962,-0.0828147915330461,-0.0999999419137129,-0.0999999419137129,-0.0744390495173945,-0.0723435110065947,0 days 00:03:45.980616
1326,ExpGrad.01,0,0.685548,-0.0132585439910166,-0.0187551209699716,-0.0187551209699716,-0.0079367479259591,-0.0113665379957926,0 days 00:08:20.330151
1327,RedGrid25,0,0.683892,-0.115566680771577,-0.1499871189331439,-0.1499871189331439,-0.0975610653271524,-0.0952715787530498,0 days 00:15:16.296717
1328,RedGrid5,0,0.683892,-0.115566680771577,-0.1499871189331439,-0.1499871189331439,-0.0975610653271524,-0.0952715787530498,0 days 00:15:27.860016
1329,RedGrid75,0,0.683892,-0.115566680771577,-0.1499871189331439,-0.1499871189331439,-0.0975610653271524,-0.0952715787530498,0 days 00:15:16.950882
1330,ExpGrad.1,2,0.704278,-0.060049209935783,-0.0905857916174059,-0.0905857916174059,-0.0742066136803287,-0.0231402790632619,0 days 00:02:10.896754
1331,ExpGrad.01,2,0.618609,-0.0042885377583466,-0.0123164420876986,-0.0123164420876986,0.0,0.0,0 days 00:03:01.991533
1332,RedGrid25,2,0.721698,-0.0857063882489837,-0.098897479840983,-0.098897479840983,-0.0932825034254146,-0.0687754079678048,0 days 00:11:46.113118
1333,RedGrid5,2,0.707193,-0.0631816166270333,-0.1031088551372373,-0.1031088551372373,-0.0847762048861677,-0.0128381313560409,0 days 00:11:20.884250
1334,RedGrid75,2,0.6726,-0.0330504997050554,-0.0549337773088755,-0.049476146591993,-0.0549337773088755,-0.0035527712994165,0 days 00:10:56.694879
1335,ExpGrad.1,2,0.685008,-0.0487345893964162,-0.085230797351562,-0.085230797351562,-0.0454091335538031,-0.0188562147268706,0 days 00:02:55.048837
1336,ExpGrad.01,2,0.607699,-0.0111434923423987,-0.0135240463874109,-0.0135240463874109,-0.0065646005113578,-0.0120860540319167,0 days 00:03:15.503980
1337,RedGrid25,2,0.671959,-0.0234313786343081,-0.0677548692459742,-0.0677548692459742,0.0,0.0,0 days 00:10:32.057770
1338,RedGrid5,2,0.644096,-0.0110717392295927,-0.0320153694553931,-0.0320153694553931,0.0,0.0,0 days 00:10:35.284277
1339,RedGrid75,2,0.644096,-0.0110717392295927,-0.0320153694553931,-0.0320153694553931,0.0,0.0,0 days 00:10:26.909846
1340,ExpGrad.1,0,0.70692,-0.0821579029864019,-0.0994876035085352,-0.0994876035085352,-0.0748654421842025,-0.0710183697449654,0 days 00:03:57.733023
1341,ExpGrad.01,0,0.688406,-0.0115012792327835,-0.016882536735418,-0.016882536735418,-0.0104147323610797,-0.007387953813569,0 days 00:11:41.501474
1342,RedGrid25,0,0.686661,-0.1227663788845604,-0.1524126614797873,-0.1524126614797873,-0.102357060788169,-0.108116487022796,0 days 00:16:09.718742
1343,RedGrid5,0,0.686661,-0.1227663788845604,-0.1524126614797873,-0.1524126614797873,-0.102357060788169,-0.108116487022796,0 days 00:16:12.618188
1344,RedGrid75,0,0.686661,-0.1227663788845604,-0.1524126614797873,-0.1524126614797873,-0.102357060788169,-0.108116487022796,0 days 00:15:49.340077
1345,ExpGrad.1,1,0.711196,-0.0336084297934051,-0.1126320417126326,-0.1126320417126326,-0.0407722198596907,-0.0271735633931219,0 days 00:02:11.757443
1346,ExpGrad.01,1,0.592773,-0.0062751329603214,-0.0097162208744937,-0.0073378697703748,0.0,-0.0097162208744937,0 days 00:02:19.302755
1347,RedGrid25,1,0.706253,-0.0658398946131597,-0.1317840318491763,-0.1317840318491763,-0.0674954611417052,-0.0628632888650484,0 days 00:08:45.476288
1348,RedGrid5,1,0.69572,-0.00171034800836,-0.0867756097265836,-0.0867756097265836,0.0,0.0,0 days 00:08:58.770165
1349,RedGrid75,1,0.69572,-0.00171034800836,-0.0867756097265836,-0.0867756097265836,0.0,0.0,0 days 00:08:56.012713
1350,ExpGrad.1,1,0.710175,-0.0257265200660691,-0.1060274413358527,-0.1060274413358527,-0.0318891088719998,-0.0198578222490233,0 days 00:03:52.570217
1351,ExpGrad.01,1,0.595267,-0.0025745790798533,-0.0128089622655277,-0.0128089622655277,-0.0003030424912896,-0.0035188469792956,0 days 00:05:32.707106
1352,RedGrid25,1,0.70547,-0.0706189412526012,-0.1416092276883807,-0.1416092276883807,-0.0774661298414609,-0.0646561853535441,0 days 00:14:37.560814
1353,RedGrid5,1,0.701449,-0.0129698699403555,-0.1081622623136394,-0.1081622623136394,-0.0010256079403672,-0.0166688516223408,0 days 00:14:45.359179
1354,RedGrid75,1,0.701449,-0.0129698699403555,-0.1081622623136394,-0.1081622623136394,-0.0010256079403672,-0.0166688516223408,0 days 00:14:44.013001
1355,ExpGrad.1,0,0.708247,-0.0824328430260282,-0.0988178665032213,-0.0988178665032213,-0.0753312650650642,-0.0719857034260913,0 days 00:03:20.855854
1356,ExpGrad.01,0,0.689359,-0.0133462419803547,-0.0187407740152651,-0.0187407740152651,-0.0109663156929317,-0.0099297737582162,0 days 00:06:30.685103
1357,RedGrid25,0,0.696462,-0.0394489895178492,-0.0460152958391185,-0.0414431903127636,-0.0243911365463447,-0.0460152958391185,0 days 00:13:22.507012
1358,RedGrid5,0,0.696462,-0.0394489895178492,-0.0460152958391185,-0.0414431903127636,-0.0243911365463447,-0.0460152958391185,0 days 00:13:19.919855
1359,RedGrid75,0,0.696462,-0.0394489895178492,-0.0460152958391185,-0.0414431903127636,-0.0243911365463447,-0.0460152958391185,0 days 00:13:13.576238
1360,ExpGrad.1,1,0.712279,-0.0412458534099685,-0.1248713124535843,-0.1248713124535843,-0.0299397550127651,-0.0449353490903001,0 days 00:03:07.691502
1361,ExpGrad.01,1,0.577892,-0.0089267701718551,-0.0207403237160788,-0.0207403237160788,-0.0069178204082164,-0.0096761823261848,0 days 00:03:44.935022
1362,RedGrid25,1,0.708445,-0.0541951255885586,-0.1363716092998826,-0.1363716092998826,-0.0500439195015517,-0.0539639239406831,0 days 00:12:20.790026
1363,RedGrid5,1,0.708445,-0.0541951255885586,-0.1363716092998826,-0.1363716092998826,-0.0500439195015517,-0.0539639239406831,0 days 00:12:16.681456
1364,RedGrid75,1,0.708445,-0.0541951255885586,-0.1363716092998826,-0.1363716092998826,-0.0500439195015517,-0.0539639239406831,0 days 00:12:08.770174
1365,ExpGrad.1,0,0.706398,-0.0778658355189944,-0.0952652066775348,-0.0952652066775348,-0.065721621551116,-0.0692868781147642,0 days 00:02:59.860977
1366,ExpGrad.01,0,0.683703,-0.0108039138369751,-0.0138848842587142,-0.0138848842587142,-0.0102588203460979,-0.0083988213604395,0 days 00:05:34.009802
1367,RedGrid25,0,0.694228,-0.0375558290604718,-0.0451878600881653,-0.0391778044172701,-0.0211461257224594,-0.0451878600881653,0 days 00:13:15.761435
1368,RedGrid5,0,0.694228,-0.0375558290604718,-0.0451878600881653,-0.0391778044172701,-0.0211461257224594,-0.0451878600881653,0 days 00:13:20.420764
1369,RedGrid75,0,0.694228,-0.0375558290604718,-0.0451878600881653,-0.0391778044172701,-0.0211461257224594,-0.0451878600881653,0 days 00:13:05.081157
1370,ExpGrad.1,1,0.71141,-0.0519968057537728,-0.1241803385791798,-0.1241803385791798,-0.0669938741461403,-0.0414214012410029,0 days 00:03:00.140712
1371,ExpGrad.01,1,0.592864,-0.0035345305313625,-0.0163311292996512,-0.0163311292996512,-0.0091897595009127,0.0,0 days 00:06:24.086714
1372,RedGrid25,1,0.705886,-0.0684351564702583,-0.1388977888174353,-0.1388977888174353,-0.0737092157491811,-0.0632992147508632,0 days 00:14:59.584780
1373,RedGrid5,1,0.705886,-0.0684351564702583,-0.1388977888174353,-0.1388977888174353,-0.0737092157491811,-0.0632992147508632,0 days 00:14:43.547999
1374,RedGrid75,1,0.705886,-0.0684351564702583,-0.1388977888174353,-0.1388977888174353,-0.0737092157491811,-0.0632992147508632,0 days 00:14:37.497892
1375,ExpGrad.1,2,0.719,-0.0678989478685922,-0.1031335637496579,-0.1031335637496579,-0.0733087451802205,-0.0325457694776532,0 days 00:04:28.140693
1376,ExpGrad.01,2,0.630205,-0.0094456494947213,-0.0182016172388444,-0.0182016172388444,-0.0117625186805958,0.0,0 days 00:04:18.730872
1377,RedGrid25,2,0.712316,-0.0732865412506908,-0.1265770710583797,-0.1265770710583797,-0.0767672749355715,-0.0230083201212076,0 days 00:11:50.557605
1378,RedGrid5,2,0.664972,-0.0274455951836218,-0.0460813207566913,-0.043899406326478,-0.0460813207566913,0.0,0 days 00:11:48.808894
1379,RedGrid75,2,0.660391,-0.024195429259502,-0.0399548307419955,-0.0392062009418451,-0.0399548307419955,0.0,0 days 00:11:49.806621
1380,ExpGrad.1,1,0.711332,-0.0408436475573017,-0.1146384851395081,-0.1146384851395081,-0.0489503876172774,-0.034090053934039,0 days 00:02:36.053202
1381,ExpGrad.01,1,0.586881,-0.011460523378754,-0.0124074487446687,-0.0101549897602993,-0.0098220032187215,-0.0124074487446687,0 days 00:03:48.236602
1382,RedGrid25,1,0.708466,-0.0613091332180856,-0.1314829912587857,-0.1314829912587857,-0.0647133598082756,-0.0572693258167106,0 days 00:11:42.613428
1383,RedGrid5,1,0.708466,-0.0613091332180856,-0.1314829912587857,-0.1314829912587857,-0.0647133598082756,-0.0572693258167106,0 days 00:11:39.631297
1384,RedGrid75,1,0.708466,-0.0613091332180856,-0.1314829912587857,-0.1314829912587857,-0.0647133598082756,-0.0572693258167106,0 days 00:11:40.019901
1385,ExpGrad.1,0,0.706938,-0.0829578652480556,-0.0998621882457231,-0.0998621882457231,-0.0743539986987856,-0.0729098175121861,0 days 00:03:20.290164
1386,ExpGrad.01,0,0.686703,-0.0116185251543662,-0.0163760016858215,-0.0163760016858215,-0.0093746064868035,-0.0086927134717706,0 days 00:07:13.318004
1387,RedGrid25,0,0.687128,-0.1255279805889106,-0.1538364945835038,-0.1538364945835038,-0.1045092494564382,-0.1123481534335537,0 days 00:12:09.552327
1388,RedGrid5,0,0.687128,-0.1255279805889106,-0.1538364945835038,-0.1538364945835038,-0.1045092494564382,-0.1123481534335537,0 days 00:12:09.896085
1389,RedGrid75,0,0.687128,-0.1255279805889106,-0.1538364945835038,-0.1538364945835038,-0.1045092494564382,-0.1123481534335537,0 days 00:12:09.590607
1390,ExpGrad.1,2,0.710455,-0.0614270785112566,-0.0914780851254701,-0.0914780851254701,-0.0571370079583405,-0.0380341329439684,0 days 00:02:52.330566
1391,ExpGrad.01,2,0.619584,-0.0095659132807375,-0.0174385356024377,-0.0174385356024377,0.0,-0.0091019958812789,0 days 00:02:55.404591
1392,RedGrid25,2,0.693956,-0.0355909038463518,-0.0895672659647762,-0.0895672659647762,0.0,-0.0122840231124844,0 days 00:10:48.154776
1393,RedGrid5,2,0.693956,-0.0355909038463518,-0.0895672659647762,-0.0895672659647762,0.0,-0.0122840231124844,0 days 00:10:53.699647
1394,RedGrid75,2,0.6643,-0.0132221982522923,-0.0384947907137871,-0.0384947907137871,0.0,0.0,0 days 00:11:04.713879
1395,ExpGrad.1,1,0.710776,-0.0269688645288842,-0.1083699028325038,-0.1083699028325038,-0.0191684984060122,-0.0287452572443619,0 days 00:02:12.798903
1396,ExpGrad.01,1,0.596717,-0.0003149640617896,-0.0115567165468733,-0.0115567165468733,-0.0002479003612352,0.0,0 days 00:02:51.350536
1397,RedGrid25,1,0.699078,-0.0458390888808931,-0.1129858682511216,-0.1129858682511216,0.0,-0.0691596777410034,0 days 00:11:42.631663
1398,RedGrid5,1,0.699078,-0.0458390888808931,-0.1129858682511216,-0.1129858682511216,0.0,-0.0691596777410034,0 days 00:11:36.612447
1399,RedGrid75,1,0.682982,-0.0007304229127038,-0.0369795210167014,-0.0369795210167014,0.0,0.0,0 days 00:11:43.475853
1400,ExpGrad.1,2,0.708414,-0.0508891551769146,-0.0840211589825334,-0.0840211589825334,-0.0320896695229821,-0.0337292883914936,0 days 00:02:11.198269
1401,ExpGrad.01,2,0.607074,-0.0012890337152866,-0.0023584151337013,-0.0023584151337013,-0.0017918625276033,0.0,0 days 00:03:29.508963
1402,RedGrid25,2,0.722239,-0.0985843833407462,-0.1210955800025377,-0.1210955800025377,-0.0934506802055697,-0.0818637678984305,0 days 00:10:54.784986
1403,RedGrid5,2,0.678331,-0.0227449675141326,-0.065049715586921,-0.065049715586921,0.0,0.0,0 days 00:10:57.608402
1404,RedGrid75,2,0.671635,-0.0187796769152838,-0.0537091398963058,-0.0537091398963058,0.0,0.0,0 days 00:10:28.250838
1405,ExpGrad.1,1,0.710595,-0.028237149997862,-0.1059854077297957,-0.1059854077297957,-0.0193824553028675,-0.0307256519958463,0 days 00:02:40.200743
1406,ExpGrad.01,1,0.583491,0.0,0.0,0.0,0.0,0.0,0 days 00:02:28.754714
1407,RedGrid25,1,0.708,-0.0671362058999483,-0.1404468289554837,-0.1404468289554837,-0.0707628710315212,-0.0628625259977643,0 days 00:12:37.702905
1408,RedGrid5,1,0.708,-0.0671362058999483,-0.1404468289554837,-0.1404468289554837,-0.0707628710315212,-0.0628625259977643,0 days 00:12:51.430004
1409,RedGrid75,1,0.708,-0.0671362058999483,-0.1404468289554837,-0.1404468289554837,-0.0707628710315212,-0.0628625259977643,0 days 00:12:50.159065
1410,ExpGrad.1,1,0.710854,-0.0258233846573373,-0.109835511803159,-0.109835511803159,-0.0115938568188007,-0.0310944148224442,0 days 00:02:07.614389
1411,ExpGrad.01,1,0.621396,-0.0080751633742911,-0.018650958835999,-0.018650958835999,-0.0043898305843766,-0.0097861016255489,0 days 00:03:23.177601
1412,RedGrid25,1,0.699198,-0.0111330618680798,-0.1023112784624799,-0.1023112784624799,0.0,-0.0144701876231848,0 days 00:12:05.935252
1413,RedGrid5,1,0.699198,-0.0111330618680798,-0.1023112784624799,-0.1023112784624799,0.0,-0.0144701876231848,0 days 00:12:05.196759
1414,RedGrid75,1,0.699198,-0.0111330618680798,-0.1023112784624799,-0.1023112784624799,0.0,-0.0144701876231848,0 days 00:11:57.909356
1415,ExpGrad.1,1,0.712977,-0.0414863707404657,-0.1107087812979636,-0.1107087812979636,-0.0329890188975032,-0.0440441541368454,0 days 00:02:21.150735
1416,ExpGrad.01,1,0.613625,-0.0057907435603131,-0.0114764613274935,-0.009432020343748,-0.0114764613274935,-0.0025306406386746,0 days 00:03:44.406297
1417,RedGrid25,1,0.701072,-0.011107801175073,-0.0937387937945335,-0.0937387937945335,0.0,-0.0146949098683847,0 days 00:11:32.594028
1418,RedGrid5,1,0.701072,-0.011107801175073,-0.0937387937945335,-0.0937387937945335,0.0,-0.0146949098683847,0 days 00:11:32.279179
1419,RedGrid75,1,0.701072,-0.011107801175073,-0.0937387937945335,-0.0937387937945335,0.0,-0.0146949098683847,0 days 00:11:33.893691
1420,ExpGrad.1,0,0.706932,-0.076336098895081,-0.0941816865407517,-0.0941816865407517,-0.06543816685726,-0.0666395348287656,0 days 00:02:27.486404
1421,ExpGrad.01,0,0.684526,-0.0126887939414271,-0.0178060117150253,-0.0178060117150253,-0.0079364496565865,-0.0108061810468084,0 days 00:04:06.657754
1422,RedGrid25,0,0.686356,-0.1231941813791743,-0.1529263569719307,-0.1529263569719307,-0.1031404416076441,-0.1080855244571786,0 days 00:09:16.612690
1423,RedGrid5,0,0.686356,-0.1231941813791743,-0.1529263569719307,-0.1529263569719307,-0.1031404416076441,-0.1080855244571786,0 days 00:09:14.606896
1424,RedGrid75,0,0.686356,-0.1231941813791743,-0.1529263569719307,-0.1529263569719307,-0.1031404416076441,-0.1080855244571786,0 days 00:10:09.822026
1425,ExpGrad.1,1,0.712044,-0.0407565872270022,-0.1151935572952913,-0.1151935572952913,-0.0318279856449542,-0.0433875623033588,0 days 00:02:49.525204
1426,ExpGrad.01,1,0.586077,-0.0002221141381733,-0.0006355341697204,0.0,-0.0006355341697204,-1.0234049438451187e-06,0 days 00:03:46.457217
1427,RedGrid25,1,0.707395,-0.0643862406071548,-0.1334988101596479,-0.1334988101596479,-0.0696407693198487,-0.0593616214634687,0 days 00:14:52.640115
1428,RedGrid5,1,0.699009,-0.0017199048458134,-0.0883881994953202,-0.0883881994953202,0.0,0.0,0 days 00:14:58.869421
1429,RedGrid75,1,0.699009,-0.0017199048458134,-0.0883881994953202,-0.0883881994953202,0.0,0.0,0 days 00:14:55.458345
1430,ExpGrad.1,1,0.7085,-0.0286270082434985,-0.1080721894258903,-0.1080721894258903,-0.0444163486138192,-0.017399452343075,0 days 00:02:28.197139
1431,ExpGrad.01,1,0.602601,-0.0001823452823408,-0.0093083411571899,-0.0093083411571899,0.0,0.0,0 days 00:03:17.389905
1432,RedGrid25,1,0.707038,-0.0634046548798075,-0.1287560247484364,-0.1287560247484364,-0.0701269740038174,-0.0576450908199291,0 days 00:09:07.654797
1433,RedGrid5,1,0.69889,-0.0018546000415152,-0.0946734112061943,-0.0946734112061943,0.0,0.0,0 days 00:09:32.052440
1434,RedGrid75,1,0.683247,-0.0008215219355231,-0.0419369579832159,-0.0419369579832159,0.0,0.0,0 days 00:09:33.407255
1435,ExpGrad.1,1,0.70992,-0.0229487026311075,-0.0996088233325959,-0.0996088233325959,-0.0161210968315711,-0.0243591894695625,0 days 00:02:56.774490
1436,ExpGrad.01,1,0.603969,-0.0055156140863209,-0.0098646360986764,-0.0098646360986764,0.0,-0.0084386175293804,0 days 00:02:22.202139
1437,RedGrid25,1,0.700944,-0.0099776511816613,-0.0992810120373384,-0.0992810120373384,0.0,-0.0127428155887853,0 days 00:09:10.349104
1438,RedGrid5,1,0.700944,-0.0099776511816613,-0.0992810120373384,-0.0992810120373384,0.0,-0.0127428155887853,0 days 00:09:20.224466
1439,RedGrid75,1,0.700944,-0.0099776511816613,-0.0992810120373384,-0.0992810120373384,0.0,-0.0127428155887853,0 days 00:09:16.929578
1440,ExpGrad.1,0,0.706706,-0.0812337197523899,-0.0991194423456017,-0.0991194423456017,-0.0707969435092771,-0.0713847045086996,0 days 00:04:05.519790
1441,ExpGrad.01,0,0.687433,-0.0124059345228654,-0.0180830745706334,-0.0180830745706334,-0.0077568211315113,-0.0100181897531977,0 days 00:08:16.318112
1442,RedGrid25,0,0.687012,-0.0835955926761953,-0.1155238149864177,-0.1155238149864177,-0.0092512988558445,-0.0968001837960723,0 days 00:15:29.032845
1443,RedGrid5,0,0.687012,-0.0835955926761953,-0.1155238149864177,-0.1155238149864177,-0.0092512988558445,-0.0968001837960723,0 days 00:15:47.870916
1444,RedGrid75,0,0.66471,-0.0545395733981949,-0.1115622328005769,-0.1115622328005769,0.0,-0.034890186031122,0 days 00:15:25.639796
1445,ExpGrad.1,1,0.712501,-0.0528619697308312,-0.123536287158091,-0.123536287158091,-0.0509761150928862,-0.0517418188392959,0 days 00:02:28.263140
1446,ExpGrad.01,1,0.610508,-0.0178764039939385,-0.0382781412791656,-0.0382781412791656,-0.0142887875530201,-0.0192352124120455,0 days 00:05:09.780798
1447,RedGrid25,1,0.705395,-0.066159445178993,-0.1379592079992829,-0.1379592079992829,-0.0705022559358463,-0.061561912024598,0 days 00:12:31.345130
1448,RedGrid5,1,0.705395,-0.066159445178993,-0.1379592079992829,-0.1379592079992829,-0.0705022559358463,-0.061561912024598,0 days 00:13:11.829042
1449,RedGrid75,1,0.705395,-0.066159445178993,-0.1379592079992829,-0.1379592079992829,-0.0705022559358463,-0.061561912024598,0 days 00:13:05.340107
1450,ExpGrad.1,2,0.709033,-0.0447962421929222,-0.0831587032501028,-0.0831587032501028,-0.0214108460273187,-0.026182239099611,0 days 00:02:35.703069
1451,ExpGrad.01,2,0.624824,-0.0018015238735149,-0.0051689276416804,-0.0051689276416804,0.0,0.0,0 days 00:04:00.908638
1452,RedGrid25,2,0.717844,-0.0741823439861093,-0.0891705894290703,-0.0891705894290703,-0.0838887826639414,-0.0543375086477447,0 days 00:13:01.378894
1453,RedGrid5,2,0.717844,-0.0741823439861093,-0.0891705894290703,-0.0891705894290703,-0.0838887826639414,-0.0543375086477447,0 days 00:13:00.040464
1454,RedGrid75,2,0.661172,-0.0138302369985416,-0.0396816802506617,-0.0396816802506617,0.0,0.0,0 days 00:12:53.482331
1455,ExpGrad.1,0,0.706851,-0.0831284125664921,-0.100382841667614,-0.100382841667614,-0.0745629547673855,-0.0727464970943689,0 days 00:03:48.948753
1456,ExpGrad.01,0,0.686397,-0.0123976564636628,-0.0174214991200173,-0.0174214991200173,-0.0088675918932299,-0.0099488731034073,0 days 00:09:34.796867
1457,RedGrid25,0,0.690012,-0.018595098903471,-0.0251364304405949,-0.0251364304405949,-0.0048858497191129,-0.0204554375096452,0 days 00:15:49.427084
1458,RedGrid5,0,0.690012,-0.018595098903471,-0.0251364304405949,-0.0251364304405949,-0.0048858497191129,-0.0204554375096452,0 days 00:15:44.156446
1459,RedGrid75,0,0.690012,-0.018595098903471,-0.0251364304405949,-0.0251364304405949,-0.0048858497191129,-0.0204554375096452,0 days 00:16:02.245350
1460,ExpGrad.1,0,0.707433,-0.0823747020727855,-0.0989194741134085,-0.0989194741134085,-0.074090553375862,-0.0724162260058211,0 days 00:03:49.310504
1461,ExpGrad.01,0,0.688699,-0.0174313211223983,-0.0217775617002438,-0.0217775617002438,-0.0198187787807037,-0.0122837505523004,0 days 00:08:45.453601
1462,RedGrid25,0,0.686674,-0.0769839607042756,-0.1096445502949887,-0.1096445502949887,-0.0002237613237692,-0.0908335173123442,0 days 00:14:52.394330
1463,RedGrid5,0,0.686674,-0.0769839607042756,-0.1096445502949887,-0.1096445502949887,-0.0002237613237692,-0.0908335173123442,0 days 00:14:49.495849
1464,RedGrid75,0,0.686674,-0.0769839607042756,-0.1096445502949887,-0.1096445502949887,-0.0002237613237692,-0.0908335173123442,0 days 00:14:40.951305
1465,ExpGrad.1,2,0.713848,-0.0586814148719681,-0.0857419992965485,-0.0857419992965485,-0.0423807573362856,-0.0457036375693444,0 days 00:03:01.669317
1466,ExpGrad.01,2,0.622808,-0.0077878392641925,-0.0131068189209123,-0.0121904643638944,-0.0131068189209123,-0.0003207675855779,0 days 00:03:43.069917
1467,RedGrid25,2,0.711824,-0.0551644198797833,-0.0978133015644275,-0.0978133015644275,-0.0136713368009305,-0.0453282554971934,0 days 00:14:03.534135
1468,RedGrid5,2,0.696639,-0.0383919210024016,-0.0758613303426354,-0.0758613303426354,0.0,-0.031052391473103,0 days 00:13:55.894958
1469,RedGrid75,2,0.651777,-0.0079576743757581,-0.0230025238218545,-0.0230025238218545,0.0,0.0,0 days 00:13:47.164464
1470,ExpGrad.1,2,0.702544,-0.0481078974652416,-0.0851480445396451,-0.0851480445396451,-0.018685794002602,-0.0349679874016736,0 days 00:01:45.433757
1471,ExpGrad.01,2,0.618036,-0.006461981878455,-0.0091845915059108,-0.005732966415708,-0.0032896982732354,-0.0091845915059108,0 days 00:02:42.841914
1472,RedGrid25,2,0.730268,-0.0915255351612501,-0.1215602314753011,-0.1215602314753011,-0.0931747687199584,-0.064117327830292,0 days 00:08:42.619405
1473,RedGrid5,2,0.668986,-0.0319433281510455,-0.0634760758953389,-0.0390658127536675,-0.0634760758953389,-0.0049890470361457,0 days 00:08:45.144287
1474,RedGrid75,2,0.668986,-0.0319433281510455,-0.0634760758953389,-0.0390658127536675,-0.0634760758953389,-0.0049890470361457,0 days 00:08:26.288655
1475,ExpGrad.1,1,0.711232,-0.0261655763417179,-0.1061654078259437,-0.1061654078259437,-0.0159980801199836,-0.0293470805510218,0 days 00:02:31.961169
1476,ExpGrad.01,1,0.574681,-0.0050771381424338,-0.0184113605390381,-0.0184113605390381,0.0,-0.0074765634319771,0 days 00:03:10.321151
1477,RedGrid25,1,0.702127,-0.0128561379021178,-0.1119218371133682,-0.1119218371133682,-0.0062070391763248,-0.0135125633168026,0 days 00:14:22.374813
1478,RedGrid5,1,0.702127,-0.0128561379021178,-0.1119218371133682,-0.1119218371133682,-0.0062070391763248,-0.0135125633168026,0 days 00:14:25.786602
1479,RedGrid75,1,0.702127,-0.0128561379021178,-0.1119218371133682,-0.1119218371133682,-0.0062070391763248,-0.0135125633168026,0 days 00:14:26.989287
1480,ExpGrad.1,0,0.707113,-0.0831197334001961,-0.1000258384821973,-0.1000258384821973,-0.0759369787485317,-0.0722427820991177,0 days 00:02:32.035073
1481,ExpGrad.01,0,0.686763,-0.0137390396362721,-0.0178358683546198,-0.0178358683546198,-0.0114168083288047,-0.0114250388777629,0 days 00:05:02.577387
1482,RedGrid25,0,0.691393,-0.0231577269999316,-0.0286843589884515,-0.0286843589884515,-0.0103107142663059,-0.0254105347247698,0 days 00:10:14.268519
1483,RedGrid5,0,0.691393,-0.0231577269999316,-0.0286843589884515,-0.0286843589884515,-0.0103107142663059,-0.0254105347247698,0 days 00:10:10.950458
1484,RedGrid75,0,0.691393,-0.0231577269999316,-0.0286843589884515,-0.0286843589884515,-0.0103107142663059,-0.0254105347247698,0 days 00:10:03.099161
1485,ExpGrad.1,1,0.709661,-0.0259267826686271,-0.0998304710101731,-0.0998304710101731,-0.0210103137569631,-0.0263808295782067,0 days 00:02:40.648598
1486,ExpGrad.01,1,0.574333,-0.0020089090421183,-0.0055596174705636,-0.0055596174705636,0.0,-0.0030132505309437,0 days 00:02:31.014882
1487,RedGrid25,1,0.70755,-0.0578932092747928,-0.1269242221835526,-0.1269242221835526,-0.0618564612415927,-0.0535753521470322,0 days 00:11:59.776851
1488,RedGrid5,1,0.698648,-0.0016537206601169,-0.0852999644152997,-0.0852999644152997,0.0,0.0,0 days 00:12:03.068396
1489,RedGrid75,1,0.698648,-0.0016537206601169,-0.0852999644152997,-0.0852999644152997,0.0,0.0,0 days 00:12:02.536266
1490,ExpGrad.1,1,0.711975,-0.0378223015321749,-0.1178484907649723,-0.1178484907649723,-0.0300003877557146,-0.0397080722821222,0 days 00:01:56.195804
1491,ExpGrad.01,1,0.603773,-0.0002486124630052,-0.0128893144702039,-0.0128893144702039,0.0,0.0,0 days 00:03:52.816342
1492,RedGrid25,1,0.699827,-0.0089099040108207,-0.1021592761445743,-0.1021592761445743,0.0,-0.0109940508521456,0 days 00:09:29.987558
1493,RedGrid5,1,0.699827,-0.0089099040108207,-0.1021592761445743,-0.1021592761445743,0.0,-0.0109940508521456,0 days 00:09:04.930235
1494,RedGrid75,1,0.699827,-0.0089099040108207,-0.1021592761445743,-0.1021592761445743,0.0,-0.0109940508521456,0 days 00:09:06.845552
1495,ExpGrad.1,0,0.706683,-0.083137022682501,-0.1002886893172482,-0.1002886893172482,-0.0744906592730433,-0.072866129529817,0 days 00:03:21.406959
1496,ExpGrad.01,0,0.689089,-0.0154931751601179,-0.0207323130743884,-0.0207323130743884,-0.0129450127971467,-0.0123045717345036,0 days 00:07:06.968651
1497,RedGrid25,0,0.694563,-0.0386300513136484,-0.0452858562764001,-0.0414988169460338,-0.0220004290614528,-0.0452858562764001,0 days 00:12:55.285535
1498,RedGrid5,0,0.694563,-0.0386300513136484,-0.0452858562764001,-0.0414988169460338,-0.0220004290614528,-0.0452858562764001,0 days 00:12:57.419769
1499,RedGrid75,0,0.694563,-0.0386300513136484,-0.0452858562764001,-0.0414988169460338,-0.0220004290614528,-0.0452858562764001,0 days 00:13:24.178353
