,method,k_set,accuracy,mean_unfairness,max_unfairness,A_unfairness,B_unfairness,C_unfairness,runtime
0,ExpGrad.1,2,0.694731,-0.0354858081381012,-0.0793811292460672,-0.0793811292460672,-0.0028012081459272,-0.0179059790685003,0 days 00:03:13.277993
1,ExpGrad.01,2,0.633366,-0.0073837763963979,-0.0172043170370723,-0.0172043170370723,-0.0003335141685621,-0.003276288225208,0 days 00:04:21.534181
2,RedGrid25,2,0.689071,-0.0416312488285978,-0.0709216732697069,-0.0709216732697069,0.0,-0.0430887638715559,0 days 00:12:06.644688
3,RedGrid5,2,0.663705,-0.0219923078657759,-0.0388638098031173,-0.0388638098031173,0.0,-0.0215094045196621,0 days 00:12:02.565637
4,RedGrid75,2,0.663705,-0.0219923078657759,-0.0388638098031173,-0.0388638098031173,0.0,-0.0215094045196621,0 days 00:12:56.310883
5,ExpGrad.1,2,0.690511,-0.0533740285798175,-0.0776718864955413,-0.0776718864955413,-0.0515191631202933,-0.0328490440916146,0 days 00:02:55.352885
6,ExpGrad.01,2,0.631481,-0.0074576162810125,-0.0159649809877173,-0.0159649809877173,-0.0044245802903803,-0.0018700627907911,0 days 00:04:05.702354
7,RedGrid25,2,0.719224,-0.0852279395150825,-0.0952068569370146,-0.0948330021518822,-0.0952068569370146,-0.0699290204751684,0 days 00:12:12.192655
8,RedGrid5,2,0.688817,-0.0610096381819636,-0.070088716612849,-0.0605164120435209,-0.070088716612849,-0.0553616453477857,0 days 00:12:36.237722
9,RedGrid75,2,0.649973,-0.0267215539933547,-0.0435966613737788,-0.0435966613737788,0.0,-0.0295264227046147,0 days 00:12:42.829172
10,ExpGrad.1,0,0.706925,-0.0815715744569081,-0.0990725737442151,-0.0990725737442151,-0.0727490842189828,-0.0710526715150378,0 days 00:03:48.494261
11,ExpGrad.01,0,0.685287,-0.0127618035719176,-0.0168331366474,-0.0168331366474,-0.0100659277771665,-0.0106706510196461,0 days 00:06:40.523023
12,RedGrid25,0,0.686047,-0.120590665462281,-0.1511748991638475,-0.1511748991638475,-0.097906573113932,-0.106227129967922,0 days 00:15:40.708814
13,RedGrid5,0,0.686047,-0.120590665462281,-0.1511748991638475,-0.1511748991638475,-0.097906573113932,-0.106227129967922,0 days 00:15:41.693470
14,RedGrid75,0,0.686047,-0.120590665462281,-0.1511748991638475,-0.1511748991638475,-0.097906573113932,-0.106227129967922,0 days 00:15:43.174162
15,ExpGrad.1,1,0.709537,-0.0150491108287828,-0.1043610923051608,-0.1043610923051608,-0.0056480153535701,-0.0174929582156965,0 days 00:03:22.023535
16,ExpGrad.01,1,0.597431,-0.0098608483036603,-0.0131257802885935,-0.0131257802885935,-0.0049117956129416,-0.0125003542967221,0 days 00:05:02.701298
17,RedGrid25,1,0.694126,-0.0430951030058386,-0.117834548139291,-0.117834548139291,0.0,-0.0646471898929081,0 days 00:14:02.566628
18,RedGrid5,1,0.684666,-0.0009406474423236,-0.0482023008250491,-0.0482023008250491,0.0,0.0,0 days 00:14:01.958483
19,RedGrid75,1,0.684666,-0.0009406474423236,-0.0482023008250491,-0.0482023008250491,0.0,0.0,0 days 00:13:58.481266
20,ExpGrad.1,2,0.698277,-0.0412938203899987,-0.0715296957193779,-0.0715296957193779,-0.0424746739754596,-0.0130721633918692,0 days 00:02:48.514609
21,ExpGrad.01,2,0.614938,-0.0046164222320181,-0.006339975951804,-0.0044756474691132,-0.006339975951804,-0.0035929816703932,0 days 00:03:41.225182
22,RedGrid25,2,0.698034,-0.0517479518413385,-0.0876987103805829,-0.0876987103805829,0.0,-0.0536924546873047,0 days 00:10:39.631015
23,RedGrid5,2,0.657042,-0.0137179467207628,-0.0389358820481963,-0.0389358820481963,0.0,0.0,0 days 00:10:40.899287
24,RedGrid75,2,0.657042,-0.0137179467207628,-0.0389358820481963,-0.0389358820481963,0.0,0.0,0 days 00:10:37.456856
25,ExpGrad.1,1,0.711722,-0.0339957031138768,-0.1179936385907968,-0.1179936385907968,-0.0275653202576815,-0.0349527321767517,0 days 00:02:31.254334
26,ExpGrad.01,1,0.614703,-0.0056537269671049,-0.0320085648557536,-0.0320085648557536,0.0,-0.0079601084481552,0 days 00:06:05.436502
27,RedGrid25,1,0.69926,-0.0043148115066485,-0.1087756911482347,-0.1087756911482347,0.0,-0.0034735335200422,0 days 00:14:12.886811
28,RedGrid5,1,0.69926,-0.0043148115066485,-0.1087756911482347,-0.1087756911482347,0.0,-0.0034735335200422,0 days 00:13:39.118639
29,RedGrid75,1,0.69926,-0.0043148115066485,-0.1087756911482347,-0.1087756911482347,0.0,-0.0034735335200422,0 days 00:14:02.136585
30,ExpGrad.1,2,0.71243,-0.0579473645302996,-0.081604110587738,-0.081604110587738,-0.0792763722776248,-0.0221579258456157,0 days 00:02:28.264720
31,ExpGrad.01,2,0.622515,-0.0061089066511078,-0.0135922453535544,-0.0135922453535544,-0.0051731003554069,0.0,0 days 00:03:44.555810
32,RedGrid25,2,0.70516,-0.0531823672811537,-0.0765751650118639,-0.0765751650118639,-0.0671796667660711,-0.0226049548039209,0 days 00:11:32.016318
33,RedGrid5,2,0.70516,-0.0531823672811537,-0.0765751650118639,-0.0765751650118639,-0.0671796667660711,-0.0226049548039209,0 days 00:11:45.324272
34,RedGrid75,2,0.684649,-0.03519451240306,-0.0534568873252865,-0.0534568873252865,-0.0152744629246061,-0.0322515738252143,0 days 00:11:36.794081
35,ExpGrad.1,0,0.706686,-0.0791204310858192,-0.0973607969823018,-0.0973607969823018,-0.0673788892776037,-0.0696618278872133,0 days 00:04:49.786992
36,ExpGrad.01,0,0.686066,-0.0132558069697662,-0.017621200429961,-0.017621200429961,-0.0125842993376777,-0.0098095516365847,0 days 00:08:26.647747
37,RedGrid25,0,0.68413,-0.0765440426995069,-0.1082392566883932,-0.1082392566883932,0.0,-0.0911532572512229,0 days 00:15:58.335900
38,RedGrid5,0,0.681699,-0.0783290827118174,-0.1127468795370729,-0.1127468795370729,0.0,-0.0915444538942669,0 days 00:16:03.335181
39,RedGrid75,0,0.675309,-0.0377574825111555,-0.0581548455143592,-0.0383082101590004,0.0,-0.0581548455143592,0 days 00:15:52.410306
40,ExpGrad.1,0,0.706398,-0.0705262619646285,-0.0895917258589579,-0.0895917258589579,-0.0546848329587329,-0.0625743360908246,0 days 00:03:33.873773
41,ExpGrad.01,0,0.688201,-0.0112782896770744,-0.0164935826990362,-0.0164935826990362,-0.0071804842510976,-0.0089728198633493,0 days 00:05:29.453523
42,RedGrid25,0,0.694723,-0.0347120344086534,-0.041906754220686,-0.037836302127442,-0.0167470729585826,-0.041906754220686,0 days 00:12:44.363219
43,RedGrid5,0,0.694723,-0.0347120344086534,-0.041906754220686,-0.037836302127442,-0.0167470729585826,-0.041906754220686,0 days 00:12:42.889576
44,RedGrid75,0,0.694723,-0.0347120344086534,-0.041906754220686,-0.037836302127442,-0.0167470729585826,-0.041906754220686,0 days 00:12:45.257917
45,ExpGrad.1,1,0.710985,-0.0374155250059702,-0.1136003919950531,-0.1136003919950531,-0.0447923684093753,-0.03091824176282,0 days 00:01:56.476570
46,ExpGrad.01,1,0.586593,-0.0020282907750793,-0.0075265689777728,-0.0075265689777728,0.0,-0.0029820287656622,0 days 00:02:45.220267
47,RedGrid25,1,0.70476,-0.0657264284592588,-0.1400906102488127,-0.1400906102488127,-0.0636892786337609,-0.0645166502581899,0 days 00:08:22.504029
48,RedGrid5,1,0.70476,-0.0657264284592588,-0.1400906102488127,-0.1400906102488127,-0.0636892786337609,-0.0645166502581899,0 days 00:08:22.352534
49,RedGrid75,1,0.70476,-0.0657264284592588,-0.1400906102488127,-0.1400906102488127,-0.0636892786337609,-0.0645166502581899,0 days 00:08:22.704978
50,ExpGrad.1,2,0.724738,-0.0779583682910768,-0.1091422432135869,-0.1091422432135869,-0.0810048211796979,-0.048152804201423,0 days 00:02:24.335023
51,ExpGrad.01,2,0.621743,-0.0106242904820207,-0.0206041388088114,-0.0206041388088114,0.0,-0.0088327295916704,0 days 00:03:27.759738
52,RedGrid25,2,0.730501,-0.0973189269547315,-0.1216358999019205,-0.1216358999019205,-0.105940006797627,-0.0699053750719953,0 days 00:12:20.282510
53,RedGrid5,2,0.702209,-0.0538039774290431,-0.0985443378545308,-0.0985443378545308,0.0,-0.0498962800911982,0 days 00:11:01.778999
54,RedGrid75,2,0.641086,-0.0225278884066238,-0.036401098978343,-0.0238453281311182,0.0,-0.036401098978343,0 days 00:10:55.382922
55,ExpGrad.1,2,0.699952,-0.0444209314068089,-0.0763479279539894,-0.0763479279539894,-0.0483303702761624,-0.0138572610632937,0 days 00:03:14.747733
56,ExpGrad.01,2,0.608542,-0.0020634903058441,-0.0059687434389344,-0.0059687434389344,0.0,0.0,0 days 00:05:59.771700
57,RedGrid25,2,0.726825,-0.0917952205606771,-0.1147676157971105,-0.1147676157971105,-0.1001369414729295,-0.0661602504518736,0 days 00:11:55.902609
58,RedGrid5,2,0.669018,-0.0269495568510553,-0.0423032658925713,-0.0353030031695565,-0.0423032658925713,-0.0095086120146309,0 days 00:11:43.365638
59,RedGrid75,2,0.630968,-0.0037250455067584,-0.0107748705507491,-0.0107748705507491,0.0,0.0,0 days 00:10:53.464839
60,ExpGrad.1,1,0.710914,-0.0393773445457023,-0.1123287953508539,-0.1123287953508539,-0.0502722478010948,-0.0310585431771824,0 days 00:03:38.985486
61,ExpGrad.01,1,0.596868,-0.0003370907087327,-0.0171460519046758,-0.0171460519046758,0.0,0.0,0 days 00:02:58.546330
62,RedGrid25,1,0.708097,-0.069883192782505,-0.1369686622580518,-0.1369686622580518,-0.0722609515234252,-0.0664723688386061,0 days 00:12:13.572004
63,RedGrid5,1,0.708097,-0.069883192782505,-0.1369686622580518,-0.1369686622580518,-0.0722609515234252,-0.0664723688386061,0 days 00:12:41.529692
64,RedGrid75,1,0.68376,-0.0008555986358903,-0.0435198545688074,-0.0435198545688074,0.0,0.0,0 days 00:11:54.561656
65,ExpGrad.1,0,0.706044,-0.0853767574064428,-0.1036855351567758,-0.1036855351567758,-0.0758355763855196,-0.0745701528249728,0 days 00:04:22.982800
66,ExpGrad.01,0,0.684103,-0.0119632725926362,-0.017223103216584,-0.017223103216584,-0.0064583724467154,-0.0103871764723864,0 days 00:09:11.444861
67,RedGrid25,0,0.684785,-0.126008777218333,-0.1567930338661558,-0.1567930338661558,-0.1037036293242703,-0.1113020118850348,0 days 00:16:39.751294
68,RedGrid5,0,0.684785,-0.126008777218333,-0.1567930338661558,-0.1567930338661558,-0.1037036293242703,-0.1113020118850348,0 days 00:12:55.870204
69,RedGrid75,0,0.684785,-0.126008777218333,-0.1567930338661558,-0.1567930338661558,-0.1037036293242703,-0.1113020118850348,0 days 00:16:32.024523
70,ExpGrad.1,0,0.706946,-0.080109823764491,-0.0982941764819427,-0.0982941764819427,-0.0712115171639897,-0.0690869638857408,0 days 00:03:40.638943
71,ExpGrad.01,0,0.684845,-0.0096617226265847,-0.0147434612082977,-0.0147434612082977,-0.0052741463417382,-0.0076310116874234,0 days 00:07:51.987962
72,RedGrid25,0,0.683603,-0.1157033272686941,-0.1512221742348907,-0.1512221742348907,-0.0963063115263895,-0.0952861873817795,0 days 00:13:15.762506
73,RedGrid5,0,0.683603,-0.1157033272686941,-0.1512221742348907,-0.1512221742348907,-0.0963063115263895,-0.0952861873817795,0 days 00:13:09.434754
74,RedGrid75,0,0.683603,-0.1157033272686941,-0.1512221742348907,-0.1512221742348907,-0.0963063115263895,-0.0952861873817795,0 days 00:12:49.604385
75,ExpGrad.1,2,0.717824,-0.0620832066010463,-0.0945947836290697,-0.0945947836290697,-0.037873164309542,-0.0494636058530653,0 days 00:02:47.587075
76,ExpGrad.01,2,0.619576,-0.005184803953918,-0.0111615828924059,-0.0111615828924059,0.0,-0.0033568448693529,0 days 00:04:19.513845
77,RedGrid25,2,0.714773,-0.0616373328678777,-0.103415611469685,-0.103415611469685,-0.070754181349124,-0.0184631690794925,0 days 00:11:19.006880
78,RedGrid5,2,0.698177,-0.0442406308620732,-0.0848572935822635,-0.0848572935822635,0.0,-0.0378535024051177,0 days 00:10:49.483594
79,RedGrid75,2,0.681948,-0.0285684515865484,-0.0717470073565396,-0.0717470073565396,0.0,-0.0094060668600439,0 days 00:10:53.717543
80,ExpGrad.1,0,0.707131,-0.0804372332620978,-0.0983044992362258,-0.0983044992362258,-0.0711103085146068,-0.0699314772407079,0 days 00:03:12.902074
81,ExpGrad.01,0,0.684965,-0.0107556565522544,-0.0159679067843242,-0.0159679067843242,-0.0105916807989964,-0.006272630337692,0 days 00:06:14.505305
82,RedGrid25,0,0.684051,-0.1125227810056834,-0.1475335682515434,-0.1475335682515434,-0.0940879211403761,-0.0920249155204028,0 days 00:13:57.720252
83,RedGrid5,0,0.684051,-0.1125227810056834,-0.1475335682515434,-0.1475335682515434,-0.0940879211403761,-0.0920249155204028,0 days 00:14:06.222308
84,RedGrid75,0,0.684051,-0.1125227810056834,-0.1475335682515434,-0.1475335682515434,-0.0940879211403761,-0.0920249155204028,0 days 00:14:06.346233
85,ExpGrad.1,0,0.706077,-0.077655052065609,-0.0971659821056343,-0.0971659821056343,-0.0643050983046298,-0.0679146429075564,0 days 00:03:28.074811
86,ExpGrad.01,0,0.685869,-0.0139910371416868,-0.0205299194524949,-0.0205299194524949,-0.0092604764566167,-0.0108682801321997,0 days 00:07:03.000483
87,RedGrid25,0,0.695072,-0.0593421740549639,-0.080932604275387,-0.0552261692493123,-0.080932604275387,-0.0510285592985015,0 days 00:12:44.736156
88,RedGrid5,0,0.695072,-0.0593421740549639,-0.080932604275387,-0.0552261692493123,-0.080932604275387,-0.0510285592985015,0 days 00:12:12.400045
89,RedGrid75,0,0.695072,-0.0593421740549639,-0.080932604275387,-0.0552261692493123,-0.080932604275387,-0.0510285592985015,0 days 00:12:41.255919
90,ExpGrad.1,2,0.676727,-0.0208221707683348,-0.0589776302978736,-0.0589776302978736,0.0,-0.0001554730833195,0 days 00:02:57.135577
91,ExpGrad.01,2,0.608458,-0.0075910463324062,-0.0166372445246301,-0.0166372445246301,-0.0066650003976732,0.0,0 days 00:05:12.037190
92,RedGrid25,2,0.716853,-0.1048569183487815,-0.1548667880497599,-0.119303570912736,-0.1548667880497599,-0.0581841001735334,0 days 00:13:25.462493
93,RedGrid5,2,0.716853,-0.1048569183487815,-0.1548667880497599,-0.119303570912736,-0.1548667880497599,-0.0581841001735334,0 days 00:13:30.807055
94,RedGrid75,2,0.646898,-0.0106411707435259,-0.0302280400405915,-0.0302280400405915,0.0,0.0,0 days 00:13:19.642228
95,ExpGrad.1,0,0.706287,-0.083569749856962,-0.1009072394223387,-0.1009072394223387,-0.0743360616587999,-0.0734367298215908,0 days 00:03:24.007365
96,ExpGrad.01,0,0.684703,-0.0137408453351056,-0.0187174953658909,-0.0187174953658909,-0.010079014966111,-0.0113936106392026,0 days 00:06:08.306529
97,RedGrid25,0,0.683016,-0.1162200313080286,-0.1511154360521255,-0.1511154360521255,-0.0974902748762009,-0.095905644142842,0 days 00:13:25.975775
98,RedGrid5,0,0.683016,-0.1162200313080286,-0.1511154360521255,-0.1511154360521255,-0.0974902748762009,-0.095905644142842,0 days 00:13:26.054016
99,RedGrid75,0,0.683016,-0.1162200313080286,-0.1511154360521255,-0.1511154360521255,-0.0974902748762009,-0.095905644142842,0 days 00:13:26.057472
100,ExpGrad.1,1,0.708731,-0.0220716242304204,-0.0990825640706138,-0.0990825640706138,-0.0239259397536159,-0.018632651698187,0 days 00:02:31.060884
101,ExpGrad.01,1,0.575534,-7.632134940653223e-05,-0.0038637269426359,-0.0038637269426359,0.0,0.0,0 days 00:02:36.957962
102,RedGrid25,1,0.707169,-0.0545660976564406,-0.1296066143132318,-0.1296066143132318,-0.0594064126959246,-0.0495345263631796,0 days 00:11:24.726954
103,RedGrid5,1,0.707169,-0.0545660976564406,-0.1296066143132318,-0.1296066143132318,-0.0594064126959246,-0.0495345263631796,0 days 00:11:09.017742
104,RedGrid75,1,0.694777,-0.0016904703413254,-0.0855791446861801,-0.0855791446861801,0.0,0.0,0 days 00:12:03.313577
105,ExpGrad.1,0,0.706718,-0.0827897372265628,-0.1009231489821115,-0.1009231489821115,-0.0739558458342282,-0.0717839090185467,0 days 00:03:11.438598
106,ExpGrad.01,0,0.686301,-0.0125435127590342,-0.018161658768963,-0.018161658768963,-0.011292816851921,-0.0083115217039134,0 days 00:06:47.782133
107,RedGrid25,0,0.694317,-0.0348402950740941,-0.0415166107026262,-0.03865532824539,-0.0167264657570797,-0.0415166107026262,0 days 00:13:17.532499
108,RedGrid5,0,0.694317,-0.0348402950740941,-0.0415166107026262,-0.03865532824539,-0.0167264657570797,-0.0415166107026262,0 days 00:13:25.969765
109,RedGrid75,0,0.694317,-0.0348402950740941,-0.0415166107026262,-0.03865532824539,-0.0167264657570797,-0.0415166107026262,0 days 00:13:18.581151
110,ExpGrad.1,1,0.70924,-0.0205474464333687,-0.1002578616248076,-0.1002578616248076,-0.0096232208197932,-0.0241347894466649,0 days 00:05:19.696072
111,ExpGrad.01,1,0.594501,-4.483468647143367e-05,-0.0022795001265489,-0.0022795001265489,0.0,0.0,0 days 00:04:10.023355
112,RedGrid25,1,0.707354,-0.0616794456001445,-0.1304620310292593,-0.1304620310292593,-0.0686977507378502,-0.0556282639857566,0 days 00:14:39.829828
113,RedGrid5,1,0.699339,-0.0018648980952144,-0.094815772755559,-0.094815772755559,0.0,0.0,0 days 00:14:40.317692
114,RedGrid75,1,0.699339,-0.0018648980952144,-0.094815772755559,-0.094815772755559,0.0,0.0,0 days 00:14:35.518774
115,ExpGrad.1,1,0.704479,-0.0093903519766516,-0.0934771235977059,-0.0934771235977059,-0.0075646910206945,-0.0078044797376465,0 days 00:03:07.049421
116,ExpGrad.01,1,0.592666,-2.7109501730085776e-05,-0.0013910187613895,-0.0013910187613895,0.0,0.0,0 days 00:03:07.543171
117,RedGrid25,1,0.701061,-0.0151837561601742,-0.10391205751152,-0.10391205751152,0.0,-0.0208521122885502,0 days 00:11:44.633556
118,RedGrid5,1,0.701061,-0.0151837561601742,-0.10391205751152,-0.10391205751152,0.0,-0.0208521122885502,0 days 00:11:54.371686
119,RedGrid75,1,0.701061,-0.0151837561601742,-0.10391205751152,-0.10391205751152,0.0,-0.0208521122885502,0 days 00:11:51.983365
120,ExpGrad.1,0,0.706668,-0.081327084847313,-0.0995796047362921,-0.0995796047362921,-0.0711763899841757,-0.0709411508601761,0 days 00:03:59.942132
121,ExpGrad.01,0,0.688678,-0.0143585396470293,-0.0204133541528914,-0.0204133541528914,-0.0106228717064559,-0.0111164914080365,0 days 00:06:06.254904
122,RedGrid25,0,0.690805,-0.0206911853191344,-0.0273957651375466,-0.0273957651375466,-0.0044946585464563,-0.02375343854563,0 days 00:15:14.183813
123,RedGrid5,0,0.690805,-0.0206911853191344,-0.0273957651375466,-0.0273957651375466,-0.0044946585464563,-0.02375343854563,0 days 00:15:17.380413
124,RedGrid75,0,0.690805,-0.0206911853191344,-0.0273957651375466,-0.0273957651375466,-0.0044946585464563,-0.02375343854563,0 days 00:15:06.837697
125,ExpGrad.1,1,0.711999,-0.038159261814476,-0.1158533223801274,-0.1158533223801274,-0.0376777541884051,-0.0360829162791369,0 days 00:03:41.517733
126,ExpGrad.01,1,0.579239,-0.0005223631431098,-0.0026601440687161,-0.0026601440687161,0.0,-0.0007458387609078,0 days 00:02:22.532632
127,RedGrid25,1,0.69902,-0.0018829879073442,-0.0987901491017128,-0.0987901491017128,0.0,0.0,0 days 00:12:25.627265
128,RedGrid5,1,0.69902,-0.0018829879073442,-0.0987901491017128,-0.0987901491017128,0.0,0.0,0 days 00:12:24.010829
129,RedGrid75,1,0.69902,-0.0018829879073442,-0.0987901491017128,-0.0987901491017128,0.0,0.0,0 days 00:12:23.235661
130,ExpGrad.1,2,0.704864,-0.041753751984793,-0.0752328509776275,-0.0752328509776275,-0.0219384570697989,-0.024964242459602,0 days 00:01:46.266366
131,ExpGrad.01,2,0.623093,-0.0031656362640499,-0.005659908510135,-0.0027447949887175,0.0,-0.005659908510135,0 days 00:02:55.344518
132,RedGrid25,2,0.720672,-0.0801137275261054,-0.0980016055446008,-0.0980016055446008,-0.0871021190259324,-0.0593912508818419,0 days 00:09:07.174701
133,RedGrid5,2,0.690333,-0.0410685176729268,-0.0934707310213368,-0.0934707310213368,-0.0046978564884396,-0.0183700092927772,0 days 00:09:06.019779
134,RedGrid75,2,0.690333,-0.0410685176729268,-0.0934707310213368,-0.0934707310213368,-0.0046978564884396,-0.0183700092927772,0 days 00:09:03.401077
135,ExpGrad.1,2,0.706714,-0.0519465323626356,-0.0782965055359142,-0.0782965055359142,-0.0541573418434535,-0.026943635045296,0 days 00:03:50.628797
136,ExpGrad.01,2,0.62842,-0.007804784216944,-0.0100836869386838,-0.0082567599226612,-0.0038306484082381,-0.0100836869386838,0 days 00:03:55.421276
137,RedGrid25,2,0.717501,-0.0678101805484009,-0.101888324987338,-0.101888324987338,-0.0979991420954005,-0.0170291134640692,0 days 00:11:31.921251
138,RedGrid5,2,0.66314,-0.0110385264624747,-0.0317597288328386,-0.0317597288328386,0.0,0.0,0 days 00:11:52.973795
139,RedGrid75,2,0.640002,-0.0203571721535831,-0.0381984221980993,-0.0093080463576517,-0.0381984221980993,-0.0181745567454574,0 days 00:11:21.816448
140,ExpGrad.1,2,0.717762,-0.0637742913077832,-0.0969744367981518,-0.0969744367981518,-0.0748881114187041,-0.0267045637424711,0 days 00:03:43.563145
141,ExpGrad.01,2,0.623269,-0.0113737238166688,-0.0144056108528986,-0.0144056108528986,-0.0133650519329008,-0.0073226507743884,0 days 00:05:19.627082
142,RedGrid25,2,0.716706,-0.066979238195201,-0.1049882606460666,-0.1049882606460666,-0.0819862813758388,-0.022983054596047,0 days 00:14:11.254282
143,RedGrid5,2,0.680743,-0.0246101562416317,-0.068730022538835,-0.068730022538835,0.0,-0.0022009612542307,0 days 00:14:08.286391
144,RedGrid75,2,0.654028,-0.0125904425815154,-0.0364295772753246,-0.0364295772753246,0.0,0.0,0 days 00:14:16.490206
145,ExpGrad.1,1,0.709756,-0.0298780549339989,-0.1042072854769541,-0.1042072854769541,-0.0321119100394085,-0.0263110598613243,0 days 00:03:15.378907
146,ExpGrad.01,1,0.596487,-0.0001187610978308,-0.0060139503498669,-0.0060139503498669,0.0,0.0,0 days 00:06:21.716007
147,RedGrid25,1,0.699167,-0.0470086338754419,-0.1130333517209033,-0.1130333517209033,0.0,-0.0710149193186385,0 days 00:14:18.045585
148,RedGrid5,1,0.682769,-0.0007814474974001,-0.0395717666494166,-0.0395717666494166,0.0,0.0,0 days 00:14:14.527019
149,RedGrid75,1,0.682769,-0.0007814474974001,-0.0395717666494166,-0.0395717666494166,0.0,0.0,0 days 00:14:10.093389
150,ExpGrad.1,0,0.706563,-0.0727660586675645,-0.0913778160203961,-0.0913778160203961,-0.0598396384689114,-0.0635692662793943,0 days 00:03:13.857657
151,ExpGrad.01,0,0.686451,-0.0123739028569185,-0.0180057768988878,-0.0180057768988878,-0.0092946032701359,-0.0091302653553021,0 days 00:07:08.185999
152,RedGrid25,0,0.683029,-0.1146819496251889,-0.1493860317262797,-0.1493860317262797,-0.0965980940712339,-0.0942010968873896,0 days 00:11:57.215249
153,RedGrid5,0,0.683029,-0.1146819496251889,-0.1493860317262797,-0.1493860317262797,-0.0965980940712339,-0.0942010968873896,0 days 00:11:57.269270
154,RedGrid75,0,0.683029,-0.1146819496251889,-0.1493860317262797,-0.1493860317262797,-0.0965980940712339,-0.0942010968873896,0 days 00:11:59.669978
155,ExpGrad.1,1,0.712174,-0.0478443089209518,-0.1194025931408062,-0.1194025931408062,-0.0457004923473656,-0.0468003310294181,0 days 00:02:10.339990
156,ExpGrad.01,1,0.604945,-0.0001275199564359,-0.0064808443544945,-0.0064808443544945,0.0,0.0,0 days 00:02:35.205959
157,RedGrid25,1,0.704705,-0.0385872808422681,-0.1115392275629618,-0.1115392275629618,-0.0465850220515527,-0.0318768654142922,0 days 00:07:59.561129
158,RedGrid5,1,0.704705,-0.0385872808422681,-0.1115392275629618,-0.1115392275629618,-0.0465850220515527,-0.0318768654142922,0 days 00:07:57.385659
159,RedGrid75,1,0.704705,-0.0385872808422681,-0.1115392275629618,-0.1115392275629618,-0.0465850220515527,-0.0318768654142922,0 days 00:07:57.438868
160,ExpGrad.1,1,0.708389,-0.0272829987850803,-0.1146866361452635,-0.1146866361452635,-0.032977863907735,-0.0213922711757929,0 days 00:02:31.831378
161,ExpGrad.01,1,0.580194,-0.0067133775475877,-0.0174181585967046,-0.0174181585967046,0.0,-0.0100931578846323,0 days 00:03:01.418824
162,RedGrid25,1,0.699926,-0.001964445967845,-0.0993385847629859,-0.0993385847629859,0.0,0.0,0 days 00:12:46.020253
163,RedGrid5,1,0.699926,-0.001964445967845,-0.0993385847629859,-0.0993385847629859,0.0,0.0,0 days 00:13:10.230314
164,RedGrid75,1,0.699926,-0.001964445967845,-0.0993385847629859,-0.0993385847629859,0.0,0.0,0 days 00:12:34.791187
165,ExpGrad.1,0,0.707108,-0.081864719565286,-0.0988202836317646,-0.0988202836317646,-0.0732846801388404,-0.0717354594560986,0 days 00:03:20.338209
166,ExpGrad.01,0,0.687922,-0.0094567769304406,-0.0146696337924436,-0.0146696337924436,-0.0083336725861969,-0.005503867309119,0 days 00:06:36.498591
167,RedGrid25,0,0.683436,-0.1144692747326161,-0.148706464382843,-0.148706464382843,-0.0961898976437837,-0.094544376307105,0 days 00:12:30.516808
168,RedGrid5,0,0.683436,-0.1144692747326161,-0.148706464382843,-0.148706464382843,-0.0961898976437837,-0.094544376307105,0 days 00:12:35.377101
169,RedGrid75,0,0.683436,-0.1144692747326161,-0.148706464382843,-0.148706464382843,-0.0961898976437837,-0.094544376307105,0 days 00:12:42.909587
170,ExpGrad.1,1,0.710704,-0.0326072808953366,-0.1100564976208896,-0.1100564976208896,-0.0332495581415123,-0.0298382842887127,0 days 00:02:44.631731
171,ExpGrad.01,1,0.596275,-0.0001374076934367,-0.0069879861751355,-0.0069879861751355,0.0,0.0,0 days 00:04:56.203794
172,RedGrid25,1,0.706838,-0.0642048933628301,-0.1333787212917704,-0.1333787212917704,-0.0677470246427558,-0.0600884484055198,0 days 00:11:24.806701
173,RedGrid5,1,0.706838,-0.0642048933628301,-0.1333787212917704,-0.1333787212917704,-0.0677470246427558,-0.0600884484055198,0 days 00:11:42.474778
174,RedGrid75,1,0.694744,-0.0018217675213305,-0.0926475507663378,-0.0926475507663378,0.0,0.0,0 days 00:11:53.193032
175,ExpGrad.1,1,0.709176,-0.0261413875606054,-0.1092302065885928,-0.1092302065885928,-0.0308518534752528,-0.0209783085029332,0 days 00:02:22.321398
176,ExpGrad.01,1,0.598518,0.0,0.0,0.0,0.0,0.0,0 days 00:03:32.263501
177,RedGrid25,1,0.698633,-0.0089469224866913,-0.108353006548898,-0.108353006548898,0.0,-0.0108323790928127,0 days 00:11:25.899430
178,RedGrid5,1,0.698633,-0.0089469224866913,-0.108353006548898,-0.108353006548898,0.0,-0.0108323790928127,0 days 00:11:37.844641
179,RedGrid75,1,0.698633,-0.0089469224866913,-0.108353006548898,-0.108353006548898,0.0,-0.0108323790928127,0 days 00:11:46.128829
180,ExpGrad.1,1,0.711195,-0.0242628397169693,-0.1091230572835751,-0.1091230572835751,-0.0160908444483212,-0.0261475496038409,0 days 00:02:48.297403
181,ExpGrad.01,1,0.595592,-0.0033655910388397,-0.0125410773655832,-0.0125410773655832,0.0,-0.0049383634041105,0 days 00:04:27.062421
182,RedGrid25,1,0.700776,-0.0137319054734923,-0.1083945730905918,-0.1083945730905918,0.0,-0.0183803259471063,0 days 00:13:14.830527
183,RedGrid5,1,0.700776,-0.0137319054734923,-0.1083945730905918,-0.1083945730905918,0.0,-0.0183803259471063,0 days 00:13:02.151654
184,RedGrid75,1,0.700776,-0.0137319054734923,-0.1083945730905918,-0.1083945730905918,0.0,-0.0183803259471063,0 days 00:13:51.202475
185,ExpGrad.1,0,0.707506,-0.0814641028475043,-0.0983864603248653,-0.0983864603248653,-0.0716673313282175,-0.0720188996672921,0 days 00:03:33.724292
186,ExpGrad.01,0,0.687065,-0.0123917477751361,-0.0169241394774896,-0.0169241394774896,-0.0109058250809205,-0.0092312118771133,0 days 00:07:07.621255
187,RedGrid25,0,0.686685,-0.0810215044012075,-0.1128818414743112,-0.1128818414743112,-0.005605671845961,-0.0948175497753311,0 days 00:11:55.497656
188,RedGrid5,0,0.686685,-0.0810215044012075,-0.1128818414743112,-0.1128818414743112,-0.005605671845961,-0.0948175497753311,0 days 00:11:57.516442
189,RedGrid75,0,0.661548,-0.0516730123909377,-0.1096411668165812,-0.1096411668165812,0.0,-0.0293585448257763,0 days 00:11:47.518393
190,ExpGrad.1,2,0.718755,-0.0661864674359365,-0.1043791167276895,-0.1043791167276895,-0.0617618349831461,-0.0352974989723132,0 days 00:03:00.950553
191,ExpGrad.01,2,0.621193,-0.0091000948554771,-0.0138908883216018,-0.0078949961614185,-0.0035463069435686,-0.0138908883216018,0 days 00:05:10.714242
192,RedGrid25,2,0.725508,-0.0852995087862524,-0.1077096491210424,-0.1077096491210424,-0.0950493140751646,-0.0588996716037523,0 days 00:14:22.865106
193,RedGrid5,2,0.662363,-0.0276657614488699,-0.0379838852298058,-0.0369453147950243,0.0,-0.0379838852298058,0 days 00:14:22.664441
194,RedGrid75,2,0.662363,-0.0276657614488699,-0.0379838852298058,-0.0369453147950243,0.0,-0.0379838852298058,0 days 00:14:26.125612
195,ExpGrad.1,1,0.711678,-0.0260521413579252,-0.1108866644714666,-0.1108866644714666,-0.0232109609216207,-0.0249860316002472,0 days 00:02:01.977961
196,ExpGrad.01,1,0.597007,-0.0001520938415349,-0.0077555866502119,-0.0077555866502119,0.0,0.0,0 days 00:02:24.991080
197,RedGrid25,1,0.701454,-0.0103617738890029,-0.1026277859778064,-0.1026277859778064,0.0,-0.0132114097880271,0 days 00:08:46.231376
198,RedGrid5,1,0.701454,-0.0103617738890029,-0.1026277859778064,-0.1026277859778064,0.0,-0.0132114097880271,0 days 00:09:15.603151
199,RedGrid75,1,0.701454,-0.0103617738890029,-0.1026277859778064,-0.1026277859778064,0.0,-0.0132114097880271,0 days 00:08:57.115872
200,ExpGrad.1,0,0.706511,-0.0838747944213619,-0.1025700636363916,-0.1025700636363916,-0.0749245057724682,-0.0723681132323785,0 days 00:02:59.311065
201,ExpGrad.01,0,0.686733,-0.0125265600773784,-0.0185826577791989,-0.0185826577791989,-0.0118534417282083,-0.0075669247347786,0 days 00:05:42.109986
202,RedGrid25,0,0.682611,-0.1174643503733559,-0.1529837715626375,-0.1529837715626375,-0.0999617901357319,-0.0958781479781353,0 days 00:12:01.963300
203,RedGrid5,0,0.682611,-0.1174643503733559,-0.1529837715626375,-0.1529837715626375,-0.0999617901357319,-0.0958781479781353,0 days 00:12:08.457303
204,RedGrid75,0,0.682611,-0.1174643503733559,-0.1529837715626375,-0.1529837715626375,-0.0999617901357319,-0.0958781479781353,0 days 00:12:21.525691
205,ExpGrad.1,0,0.70693,-0.0819769068625013,-0.0996594008744998,-0.0996594008744998,-0.0726227235060629,-0.0716737424801625,0 days 00:03:39.121321
206,ExpGrad.01,0,0.688811,-0.0127781502716838,-0.0169047587910118,-0.0169047587910118,-0.008985255754738,-0.0112670029420862,0 days 00:10:34.864659
207,RedGrid25,0,0.686603,-0.1246424205594349,-0.1550997276672293,-0.1550997276672293,-0.1045842769673518,-0.1090853115075782,0 days 00:13:55.566264
208,RedGrid5,0,0.686603,-0.1246424205594349,-0.1550997276672293,-0.1550997276672293,-0.1045842769673518,-0.1090853115075782,0 days 00:13:47.926836
209,RedGrid75,0,0.686603,-0.1246424205594349,-0.1550997276672293,-0.1550997276672293,-0.1045842769673518,-0.1090853115075782,0 days 00:13:59.141128
210,ExpGrad.1,2,0.701901,-0.048136694582388,-0.0850490486787031,-0.0850490486787031,-0.0455363065271286,-0.0172551790957304,0 days 00:02:49.136596
211,ExpGrad.01,2,0.631712,-0.0070959181606048,-0.0172863259603389,-0.0172863259603389,0.0,-0.0028200410753506,0 days 00:05:28.726593
212,RedGrid25,2,0.71918,-0.0821502499730115,-0.0961768474353299,-0.0961768474353299,-0.0951612724335945,-0.0610879001770786,0 days 00:11:19.236742
213,RedGrid5,2,0.669478,-0.0332366000352458,-0.0493485541016163,-0.0409252337285373,-0.0493485541016163,-0.0157080847223988,0 days 00:11:03.837810
214,RedGrid75,2,0.669478,-0.0332366000352458,-0.0493485541016163,-0.0409252337285373,-0.0493485541016163,-0.0157080847223988,0 days 00:11:02.086066
215,ExpGrad.1,1,0.712684,-0.0503937819833352,-0.129866011836529,-0.129866011836529,-0.0471157047164884,-0.0497233255003233,0 days 00:02:57.737398
216,ExpGrad.01,1,0.573329,-0.0013272190558436,-0.0079849427205255,-0.0079849427205255,0.0,-0.0018521432071029,0 days 00:03:28.749693
217,RedGrid25,1,0.706075,-0.0441437966734436,-0.1326086747680961,-0.1326086747680961,-0.0430448873216632,-0.0419896866514694,0 days 00:14:31.297714
218,RedGrid5,1,0.706075,-0.0441437966734436,-0.1326086747680961,-0.1326086747680961,-0.0430448873216632,-0.0419896866514694,0 days 00:14:26.902821
219,RedGrid75,1,0.706075,-0.0441437966734436,-0.1326086747680961,-0.1326086747680961,-0.0430448873216632,-0.0419896866514694,0 days 00:14:26.637755
220,ExpGrad.1,1,0.709091,-0.0246028499313305,-0.1135057264947002,-0.1135057264947002,-0.0152991419375143,-0.0270320682355882,0 days 00:02:21.823007
221,ExpGrad.01,1,0.591338,-7.267948670252727e-05,-0.0037679945319772,-0.0037679945319772,0.0,0.0,0 days 00:03:15.383713
222,RedGrid25,1,0.700383,-0.0141296344205692,-0.1187257855163973,-0.1187257855163973,0.0,-0.0187481012143575,0 days 00:12:11.224493
223,RedGrid5,1,0.700383,-0.0141296344205692,-0.1187257855163973,-0.1187257855163973,0.0,-0.0187481012143575,0 days 00:12:29.576614
224,RedGrid75,1,0.700383,-0.0141296344205692,-0.1187257855163973,-0.1187257855163973,0.0,-0.0187481012143575,0 days 00:13:46.223250
225,ExpGrad.1,1,0.710252,-0.0266407989084685,-0.1063479772731099,-0.1063479772731099,-0.0155035540384689,-0.0303567168179483,0 days 00:02:51.854914
226,ExpGrad.01,1,0.608395,-0.0038540510635048,-0.0196109020463626,-0.0196109020463626,0.0,-0.0055070819255109,0 days 00:04:59.679788
227,RedGrid25,1,0.699352,-0.0112571673122586,-0.1037155917325615,-0.1037155917325615,0.0,-0.0146438786172504,0 days 00:14:26.466108
228,RedGrid5,1,0.699352,-0.0112571673122586,-0.1037155917325615,-0.1037155917325615,0.0,-0.0146438786172504,0 days 00:14:26.013344
229,RedGrid75,1,0.699352,-0.0112571673122586,-0.1037155917325615,-0.1037155917325615,0.0,-0.0146438786172504,0 days 00:14:25.725563
230,ExpGrad.1,1,0.711711,-0.0463767852399532,-0.1145833269233871,-0.1145833269233871,-0.0492575868904044,-0.0426921438539911,0 days 00:03:07.655826
231,ExpGrad.01,1,0.612426,-0.0053038499807933,-0.0138927259715315,-0.0138927259715315,0.0,-0.0079663859011423,0 days 00:03:23.016655
232,RedGrid25,1,0.707165,-0.0577670711982822,-0.1311598387249617,-0.1311598387249617,-0.0594156555789714,-0.054602987882198,0 days 00:11:49.752010
233,RedGrid5,1,0.707165,-0.0577670711982822,-0.1311598387249617,-0.1311598387249617,-0.0594156555789714,-0.054602987882198,0 days 00:11:42.908867
234,RedGrid75,1,0.707165,-0.0577670711982822,-0.1311598387249617,-0.1311598387249617,-0.0594156555789714,-0.054602987882198,0 days 00:12:30.245680
235,ExpGrad.1,0,0.707842,-0.0802388039814872,-0.0977202939121131,-0.0977202939121131,-0.0735897151918409,-0.068548092991958,0 days 00:03:24.234042
236,ExpGrad.01,0,0.687669,-0.0137662561133806,-0.0200649233186646,-0.0200649233186646,-0.0127219237674821,-0.0088083612564241,0 days 00:06:11.366298
237,RedGrid25,0,0.691514,-0.0199002930862124,-0.0266922828485774,-0.0266922828485774,-0.0079030489113437,-0.0205526856627099,0 days 00:14:36.676772
238,RedGrid5,0,0.691514,-0.0199002930862124,-0.0266922828485774,-0.0266922828485774,-0.0079030489113437,-0.0205526856627099,0 days 00:14:38.480088
239,RedGrid75,0,0.691514,-0.0199002930862124,-0.0266922828485774,-0.0266922828485774,-0.0079030489113437,-0.0205526856627099,0 days 00:14:15.971740
240,ExpGrad.1,2,0.71496,-0.0655407779144309,-0.1012087230596169,-0.1012087230596169,-0.056783067356735,-0.0392025955961576,0 days 00:02:36.777612
241,ExpGrad.01,2,0.615738,-0.0086196477728606,-0.0142870994757767,-0.0142870994757767,0.0,-0.0093227659589581,0 days 00:03:34.254308
242,RedGrid25,2,0.719199,-0.082628101374499,-0.0977746458581171,-0.0934233923876318,-0.0977746458581171,-0.0626209364083903,0 days 00:12:48.537773
243,RedGrid5,2,0.660388,-0.0167447172903499,-0.0473613829302674,-0.0473613829302674,0.0,-0.0003766332745022,0 days 00:12:54.275658
244,RedGrid75,2,0.660388,-0.0167447172903499,-0.0473613829302674,-0.0473613829302674,0.0,-0.0003766332745022,0 days 00:12:39.757680
245,ExpGrad.1,0,0.707567,-0.0826995487961323,-0.0997262635915942,-0.0997262635915942,-0.0757073086841013,-0.0716011962562831,0 days 00:02:52.917449
246,ExpGrad.01,0,0.688356,-0.0110702895086187,-0.0164201556874679,-0.0164201556874679,-0.0120742172572794,-0.0058054958937012,0 days 00:05:12.071413
247,RedGrid25,0,0.686282,-0.0794904066348843,-0.1126192405861568,-0.1126192405861568,-0.0028738337945515,-0.0928902349777053,0 days 00:08:33.725537
248,RedGrid5,0,0.686282,-0.0794904066348843,-0.1126192405861568,-0.1126192405861568,-0.0028738337945515,-0.0928902349777053,0 days 00:08:48.767911
249,RedGrid75,0,0.663942,-0.0513030433339082,-0.1087675551378017,-0.1087675551378017,0.0,-0.0292323387567418,0 days 00:08:19.675597
250,ExpGrad.1,2,0.718721,-0.0675032511190789,-0.106606515563877,-0.106606515563877,-0.0433872093900767,-0.0484637992506843,0 days 00:02:38.263480
251,ExpGrad.01,2,0.612367,-0.0066663999176815,-0.0158084633015568,-0.0158084633015568,-0.0043866834727799,0.0,0 days 00:04:35.356172
252,RedGrid25,2,0.730406,-0.0995405134287854,-0.1233949237383323,-0.1233949237383323,-0.1012288669399258,-0.0771088725760346,0 days 00:13:19.003144
253,RedGrid5,2,0.682541,-0.0334926945382057,-0.0630265321465324,-0.0630265321465324,-0.0442559586953246,0.0,0 days 00:13:19.502566
254,RedGrid75,2,0.682541,-0.0334926945382057,-0.0630265321465324,-0.0630265321465324,-0.0442559586953246,0.0,0 days 00:13:16.128506
255,ExpGrad.1,0,0.705497,-0.0778891870708643,-0.0965812524961881,-0.0965812524961881,-0.0658294662112196,-0.0681630287597082,0 days 00:03:13.023162
256,ExpGrad.01,0,0.683536,-0.0094770313795439,-0.0144659537217087,-0.0144659537217087,-0.0052843016275475,-0.0074219189835373,0 days 00:06:16.357076
257,RedGrid25,0,0.682559,-0.1145964693668723,-0.1499697172477486,-0.1499697172477486,-0.0966317383437752,-0.0934934542291006,0 days 00:14:33.824144
258,RedGrid5,0,0.682559,-0.1145964693668723,-0.1499697172477486,-0.1499697172477486,-0.0966317383437752,-0.0934934542291006,0 days 00:14:34.469361
259,RedGrid75,0,0.682559,-0.1145964693668723,-0.1499697172477486,-0.1499697172477486,-0.0966317383437752,-0.0934934542291006,0 days 00:14:29.700467
260,ExpGrad.1,2,0.704681,-0.0503543997829985,-0.0812483825427018,-0.0812483825427018,-0.0671397018724713,-0.0119689906840826,0 days 00:02:24.326421
261,ExpGrad.01,2,0.616273,-0.0022973934751133,-0.006619129965925,-0.006619129965925,0.0,0.0,0 days 00:03:13.821796
262,RedGrid25,2,0.712588,-0.0593461753363072,-0.0875243258694069,-0.0875243258694069,-0.0548683558612228,-0.0374217711850051,0 days 00:10:36.212989
263,RedGrid5,2,0.696678,-0.0449977947672551,-0.0753516919791801,-0.0732181041984185,-0.0753516919791801,0.0,0 days 00:10:39.546510
264,RedGrid75,2,0.66614,-0.0231402061829927,-0.0394813089053506,-0.0394813089053506,0.0,-0.024012295334204,0 days 00:10:36.205850
265,ExpGrad.1,1,0.710374,-0.0236140337162374,-0.1045177351882512,-0.1045177351882512,-0.0301072111954999,-0.0175531530643012,0 days 00:02:48.845549
266,ExpGrad.01,1,0.619964,-0.0004939454322367,-0.0258018536538872,-0.0258018536538872,0.0,0.0,0 days 00:04:43.791256
267,RedGrid25,1,0.699737,-0.0059981627081763,-0.1027031794907533,-0.1027031794907533,0.0,-0.0063930855094795,0 days 00:11:22.551562
268,RedGrid5,1,0.699737,-0.0059981627081763,-0.1027031794907533,-0.1027031794907533,0.0,-0.0063930855094795,0 days 00:11:23.846708
269,RedGrid75,1,0.699737,-0.0059981627081763,-0.1027031794907533,-0.1027031794907533,0.0,-0.0063930855094795,0 days 00:11:24.210241
270,ExpGrad.1,2,0.71097,-0.0594168285085045,-0.0942645375488084,-0.0942645375488084,-0.0766164922122573,-0.0170359767731347,0 days 00:02:44.272735
271,ExpGrad.01,2,0.626784,-0.0056499141065793,-0.0132133493613991,-0.0132133493613991,-0.0040471860405811,0.0,0 days 00:03:44.706640
272,RedGrid25,2,0.688427,-0.0437196337430314,-0.0832576255028788,-0.0633440754326346,-0.0832576255028788,0.0,0 days 00:14:02.721485
273,RedGrid5,2,0.687245,-0.0423320514098386,-0.0805224831253097,-0.0614030760375723,-0.0805224831253097,0.0,0 days 00:14:03.526557
274,RedGrid75,2,0.687245,-0.0423320514098386,-0.0805224831253097,-0.0614030760375723,-0.0805224831253097,0.0,0 days 00:14:01.394010
275,ExpGrad.1,1,0.709849,-0.0233651087809836,-0.0972206283131644,-0.0972206283131644,-0.029785355149302,-0.0175554703462744,0 days 00:03:46.354513
276,ExpGrad.01,1,0.60582,-0.0054952739804089,-0.0104524732250186,-0.0104524732250186,0.0,-0.0083781324006574,0 days 00:04:20.434229
277,RedGrid25,1,0.707189,-0.0573348325082623,-0.1356456073238065,-0.1356456073238065,-0.0685038615887557,-0.0487660597273008,0 days 00:11:41.342171
278,RedGrid5,1,0.691939,-0.0012865829437784,-0.0664358640492725,-0.0664358640492725,0.0,0.0,0 days 00:12:19.645094
279,RedGrid75,1,0.684261,-0.0007723198187184,-0.0398806269949844,-0.0398806269949844,0.0,0.0,0 days 00:13:06.024907
280,ExpGrad.1,0,0.705989,-0.0842007809790905,-0.102375849327728,-0.102375849327728,-0.0760492549770245,-0.0727687502817845,0 days 00:03:21.327825
281,ExpGrad.01,0,0.68393,-0.0144559827852842,-0.019778171304404,-0.019778171304404,-0.0133862043665144,-0.0103804136613089,0 days 00:06:37.802850
282,RedGrid25,0,0.684454,-0.0758537997466342,-0.107645793491656,-0.107645793491656,0.0,-0.0898960671825697,0 days 00:11:29.075890
283,RedGrid5,0,0.684454,-0.0758537997466342,-0.107645793491656,-0.107645793491656,0.0,-0.0898960671825697,0 days 00:11:28.565067
284,RedGrid75,0,0.663477,-0.0530291299062802,-0.1114029201531642,-0.1114029201531642,-6.082801188311837e-05,-0.031115941452722,0 days 00:11:28.464650
285,ExpGrad.1,2,0.706761,-0.0582420861158706,-0.0986255253499272,-0.0986255253499272,-0.0283805458325872,-0.0422304440581025,0 days 00:02:11.042695
286,ExpGrad.01,2,0.631159,-0.008547631704995,-0.0153087095440733,-0.0153087095440733,-0.0045299517378479,-0.0052122343631361,0 days 00:05:36.956632
287,RedGrid25,2,0.699753,-0.0535586912261845,-0.0988246688245889,-0.0988246688245889,0.0,-0.0490056592027412,0 days 00:11:03.142254
288,RedGrid5,2,0.692299,-0.0481225506599922,-0.0854031116586157,-0.0854031116586157,0.0,-0.0470481875958702,0 days 00:10:56.827814
289,RedGrid75,2,0.605641,-0.0130674207301598,-0.0500961365173946,0.0,-0.0500961365173946,0.0,0 days 00:11:07.513509
290,ExpGrad.1,0,0.706816,-0.0836386056727774,-0.1009212963591353,-0.1009212963591353,-0.0747166833584529,-0.0734167212586429,0 days 00:03:24.582742
291,ExpGrad.01,0,0.684237,-0.0121069898896805,-0.0170687082353143,-0.0170687082353143,-0.0092897238357201,-0.0093140738548063,0 days 00:07:09.083661
292,RedGrid25,0,0.689593,-0.0209496499576909,-0.0260862795243234,-0.0260862795243234,-0.0065874972807106,-0.0243972875117918,0 days 00:12:51.049793
293,RedGrid5,0,0.689593,-0.0209496499576909,-0.0260862795243234,-0.0260862795243234,-0.0065874972807106,-0.0243972875117918,0 days 00:13:23.028642
294,RedGrid75,0,0.689593,-0.0209496499576909,-0.0260862795243234,-0.0260862795243234,-0.0065874972807106,-0.0243972875117918,0 days 00:13:25.675228
295,ExpGrad.1,0,0.70676,-0.0822632868985153,-0.1000163047962928,-0.1000163047962928,-0.0725211996280631,-0.0721215342139071,0 days 00:03:23.429647
296,ExpGrad.01,0,0.68507,-0.0111906879305068,-0.0161074834266379,-0.0161074834266379,-0.0097128087416158,-0.0077063232668062,0 days 00:06:29.064124
297,RedGrid25,0,0.686165,-0.1233842340036286,-0.1538595202223636,-0.1538595202223636,-0.099106260919477,-0.1101569301720812,0 days 00:12:31.775367
298,RedGrid5,0,0.686165,-0.1233842340036286,-0.1538595202223636,-0.1538595202223636,-0.099106260919477,-0.1101569301720812,0 days 00:12:22.272280
299,RedGrid75,0,0.686165,-0.1233842340036286,-0.1538595202223636,-0.1538595202223636,-0.099106260919477,-0.1101569301720812,0 days 00:12:34.804194
300,ExpGrad.1,0,0.706718,-0.0829177088397592,-0.1004694605097816,-0.1004694605097816,-0.0739653252277342,-0.0724618366451136,0 days 00:04:03.024756
301,ExpGrad.01,0,0.68372,-0.0091539550003897,-0.0148142449139171,-0.0148142449139171,-0.0031942174446251,-0.0074768915003223,0 days 00:07:05.352663
302,RedGrid25,0,0.683023,-0.1150006799724004,-0.1497350539532457,-0.1497350539532457,-0.0959919282505604,-0.095021635443751,0 days 00:15:39.433665
303,RedGrid5,0,0.683023,-0.1150006799724004,-0.1497350539532457,-0.1497350539532457,-0.0959919282505604,-0.095021635443751,0 days 00:15:44.031071
304,RedGrid75,0,0.668617,-0.060882521650523,-0.1161850915376886,-0.1161850915376886,-0.0087315838301718,-0.0411449454095896,0 days 00:15:35.051057
305,ExpGrad.1,2,0.704892,-0.0739664605876758,-0.099143486747396,-0.0929470970075344,-0.099143486747396,-0.0402788248962793,0 days 00:03:15.338601
306,ExpGrad.01,2,0.621537,-0.0134983039884869,-0.0149064514372636,-0.0145135103151017,-0.0099856755924677,-0.0149064514372636,0 days 00:03:58.931839
307,RedGrid25,2,0.730785,-0.0985698358149019,-0.1243666707391421,-0.1243666707391421,-0.106011591245539,-0.0704729359259017,0 days 00:11:55.122215
308,RedGrid5,2,0.71451,-0.0722736714244126,-0.107838178746612,-0.107838178746612,-0.0836408098047987,-0.0328065042724778,0 days 00:11:55.447634
309,RedGrid75,2,0.685773,-0.0507411453729082,-0.1014972926030849,-0.063531097637409,-0.1014972926030849,-0.0057191170177274,0 days 00:11:55.020896
310,ExpGrad.1,1,0.709297,-0.0481993557535839,-0.1242554816138353,-0.1242554816138353,-0.0645394377330013,-0.036819737153268,0 days 00:01:52.293438
311,ExpGrad.01,1,0.594158,-0.0056070971444004,-0.0195212693049101,-0.0195212693049101,-0.0062719004647919,-0.0048102738407998,0 days 00:06:15.227446
312,RedGrid25,1,0.708071,-0.0631152429261801,-0.1351572048783828,-0.1351572048783828,-0.068385110657806,-0.0579791972558755,0 days 00:11:45.390524
313,RedGrid5,1,0.700676,-0.0019199262859048,-0.0985439738846057,-0.0985439738846057,0.0,0.0,0 days 00:11:45.118789
314,RedGrid75,1,0.700676,-0.0019199262859048,-0.0985439738846057,-0.0985439738846057,0.0,0.0,0 days 00:11:42.142313
315,ExpGrad.1,2,0.684348,-0.0296814698515106,-0.0633090092060525,-0.0633090092060525,0.0,-0.0194829690097763,0 days 00:03:30.655400
316,ExpGrad.01,2,0.624035,-0.0082223026063396,-0.0174028499413288,-0.0105347579954832,-0.0174028499413288,0.0,0 days 00:04:32.981498
317,RedGrid25,2,0.704359,-0.05145120878985,-0.0814624239837856,-0.0786823747320308,-0.0814624239837856,-0.0069692030770496,0 days 00:11:33.168765
318,RedGrid5,2,0.651349,-0.0169994217102254,-0.048728480735231,-0.048728480735231,0.0,0.0,0 days 00:12:06.449012
319,RedGrid75,2,0.651349,-0.0169994217102254,-0.048728480735231,-0.048728480735231,0.0,0.0,0 days 00:11:13.721110
320,ExpGrad.1,0,0.706057,-0.0779334907251926,-0.0956988767529031,-0.0956988767529031,-0.0660956015538285,-0.068880421807416,0 days 00:03:38.310157
321,ExpGrad.01,0,0.686848,-0.0125495459604185,-0.0179300524496699,-0.0179300524496699,-0.009392198405446,-0.0095708550067749,0 days 00:07:19.929508
322,RedGrid25,0,0.68666,-0.0796461078470425,-0.1115488854572545,-0.1115488854572545,-0.0035158163624603,-0.093757551361996,0 days 00:13:45.372163
323,RedGrid5,0,0.68666,-0.0796461078470425,-0.1115488854572545,-0.1115488854572545,-0.0035158163624603,-0.093757551361996,0 days 00:13:45.196750
324,RedGrid75,0,0.68666,-0.0796461078470425,-0.1115488854572545,-0.1115488854572545,-0.0035158163624603,-0.093757551361996,0 days 00:13:44.111324
325,ExpGrad.1,2,0.713938,-0.0617341151709941,-0.1038578488437509,-0.1038578488437509,-0.0219045860997461,-0.0511663503491496,0 days 00:03:29.386641
326,ExpGrad.01,2,0.63597,-0.0150264148031413,-0.0211973911673454,-0.0211973911673454,-0.0036882079461948,-0.0171803807049115,0 days 00:04:08.414674
327,RedGrid25,2,0.711442,-0.0705835200847781,-0.0990915046376732,-0.0990915046376732,-0.0431832170996995,-0.0637309252860977,0 days 00:14:52.385042
328,RedGrid5,2,0.711442,-0.0705835200847781,-0.0990915046376732,-0.0990915046376732,-0.0431832170996995,-0.0637309252860977,0 days 00:14:52.179172
329,RedGrid75,2,0.671495,-0.0319422532251327,-0.0560012139364057,-0.0497086164321934,-0.0560012139364057,0.0,0 days 00:14:52.774146
330,ExpGrad.1,1,0.711603,-0.0313460401369665,-0.1066686528841702,-0.1066686528841702,-0.0317519111414746,-0.0288190816382959,0 days 00:02:56.448869
331,ExpGrad.01,1,0.612494,-0.0064042494550688,-0.0216862758595529,-0.0216862758595529,-0.0129665783026783,-0.0022996997907458,0 days 00:04:26.924431
332,RedGrid25,1,0.699357,-0.0018688950498781,-0.096916934777076,-0.096916934777076,0.0,0.0,0 days 00:14:28.654417
333,RedGrid5,1,0.699357,-0.0018688950498781,-0.096916934777076,-0.096916934777076,0.0,0.0,0 days 00:14:27.384135
334,RedGrid75,1,0.699357,-0.0018688950498781,-0.096916934777076,-0.096916934777076,0.0,0.0,0 days 00:14:25.742091
335,ExpGrad.1,0,0.706768,-0.0713039340227062,-0.0899952465678591,-0.0899952465678591,-0.0567769908626369,-0.0629142789814342,0 days 00:03:02.337877
336,ExpGrad.01,0,0.688756,-0.0109871017146326,-0.0163670436572894,-0.0163670436572894,-0.008067099509985,-0.0078727896606662,0 days 00:09:28.380445
337,RedGrid25,0,0.683262,-0.1120351011734897,-0.1475988566653868,-0.1475988566653868,-0.0911461498903183,-0.0923279845691262,0 days 00:13:28.890877
338,RedGrid5,0,0.683262,-0.1120351011734897,-0.1475988566653868,-0.1475988566653868,-0.0911461498903183,-0.0923279845691262,0 days 00:13:27.657206
339,RedGrid75,0,0.683262,-0.1120351011734897,-0.1475988566653868,-0.1475988566653868,-0.0911461498903183,-0.0923279845691262,0 days 00:13:09.463767
340,ExpGrad.1,1,0.71195,-0.0322930191559933,-0.1189108285545973,-0.1189108285545973,-0.0333176312987714,-0.0290623071531022,0 days 00:02:54.049935
341,ExpGrad.01,1,0.596489,-0.0001794073969692,-0.0092498145942696,-0.0092498145942696,0.0,0.0,0 days 00:03:30.814144
342,RedGrid25,1,0.701091,-0.0086339741183119,-0.1075766081166192,-0.1075766081166192,0.0,-0.0103776479943811,0 days 00:14:01.718956
343,RedGrid5,1,0.701091,-0.0086339741183119,-0.1075766081166192,-0.1075766081166192,0.0,-0.0103776479943811,0 days 00:14:00.993794
344,RedGrid75,1,0.701091,-0.0086339741183119,-0.1075766081166192,-0.1075766081166192,0.0,-0.0103776479943811,0 days 00:14:01.891652
345,ExpGrad.1,0,0.706522,-0.0807618426575291,-0.0981676740197886,-0.0981676740197886,-0.0720912974678105,-0.0702885596059884,0 days 00:03:16.678979
346,ExpGrad.01,0,0.687016,-0.0133392161509646,-0.0188900184334813,-0.0188900184334813,-0.0103747507024918,-0.0101094586982403,0 days 00:06:26.634861
347,RedGrid25,0,0.695194,-0.064636100357594,-0.0843033207660572,-0.0591856501438116,-0.0843033207660572,-0.058544482994738,0 days 00:13:33.302411
348,RedGrid5,0,0.695194,-0.064636100357594,-0.0843033207660572,-0.0591856501438116,-0.0843033207660572,-0.058544482994738,0 days 00:13:36.611522
349,RedGrid75,0,0.695194,-0.064636100357594,-0.0843033207660572,-0.0591856501438116,-0.0843033207660572,-0.058544482994738,0 days 00:13:37.024552
350,ExpGrad.1,2,0.712914,-0.0642106105826848,-0.1014188951154633,-0.1014188951154633,-0.049498613114715,-0.0411573484283418,0 days 00:02:13.873384
351,ExpGrad.01,2,0.618152,-0.0068575024347349,-0.0175138646426286,-0.0175138646426286,0.0,-0.0020277125410543,0 days 00:02:52.911296
352,RedGrid25,2,0.719982,-0.0871775535756055,-0.1036455738957189,-0.1036455738957189,-0.1001622398502098,-0.0639038283603481,0 days 00:10:30.315878
353,RedGrid5,2,0.683832,-0.0346470782046791,-0.0804129836239953,-0.0804129836239953,0.0,-0.0173881731468502,0 days 00:10:31.055172
354,RedGrid75,2,0.680964,-0.0326282105128823,-0.0769682083141685,-0.0769682083141685,0.0,-0.0152772502341568,0 days 00:10:30.580006
355,ExpGrad.1,1,0.70657,-0.0390598446093224,-0.1200053785489417,-0.1200053785489417,-0.0458018623583791,-0.0328139103112251,0 days 00:03:13.792934
356,ExpGrad.01,1,0.592754,-0.0123457237977312,-0.0251880918908864,-0.0251880918908864,-0.0071912316343068,-0.0147992866171473,0 days 00:03:32.579133
357,RedGrid25,1,0.707337,-0.0603732231256312,-0.1403335145416224,-0.1403335145416224,-0.0609410990043991,-0.0575747352378237,0 days 00:11:58.720058
358,RedGrid5,1,0.707337,-0.0603732231256312,-0.1403335145416224,-0.1403335145416224,-0.0609410990043991,-0.0575747352378237,0 days 00:12:04.849230
359,RedGrid75,1,0.699284,-0.001937946545749,-0.0988354432045136,-0.0988354432045136,0.0,0.0,0 days 00:11:55.336753
360,ExpGrad.1,0,0.70655,-0.0799925640994025,-0.0974848213152536,-0.0974848213152536,-0.0708464739043757,-0.0697293845929563,0 days 00:04:07.368297
361,ExpGrad.01,0,0.687822,-0.0115119965210598,-0.0177115613135769,-0.0177115613135769,-0.0057549254675736,-0.0092650778871575,0 days 00:09:23.027941
362,RedGrid25,0,0.682522,-0.1125173039553338,-0.1480980484845276,-0.1480980484845276,-0.0925912032799702,-0.0923719889162069,0 days 00:15:03.575463
363,RedGrid5,0,0.682522,-0.1125173039553338,-0.1480980484845276,-0.1480980484845276,-0.0925912032799702,-0.0923719889162069,0 days 00:15:04.239379
364,RedGrid75,0,0.682522,-0.1125173039553338,-0.1480980484845276,-0.1480980484845276,-0.0925912032799702,-0.0923719889162069,0 days 00:13:59.504761
365,ExpGrad.1,2,0.717195,-0.0681580086901861,-0.1017872563062777,-0.1017872563062777,-0.0589149321108565,-0.0441101931041078,0 days 00:02:16.540679
366,ExpGrad.01,2,0.613139,-0.0065624976324978,-0.0131463790107381,-0.0089639221044574,-0.0131463790107381,0.0,0 days 00:03:57.788463
367,RedGrid25,2,0.71019,-0.0568384710785651,-0.0939431825261858,-0.0939431825261858,-0.0563129631933777,-0.0238355049021477,0 days 00:12:23.665775
368,RedGrid5,2,0.71019,-0.0568384710785651,-0.0939431825261858,-0.0939431825261858,-0.0563129631933777,-0.0238355049021477,0 days 00:12:42.079664
369,RedGrid75,2,0.683376,-0.02816360251714,-0.0735226155522231,-0.0735226155522231,0.0,-0.006227027996206,0 days 00:12:36.051609
370,ExpGrad.1,2,0.71976,-0.0699151415761914,-0.1049330798183436,-0.1049330798183436,-0.0449784700119898,-0.055847031551465,0 days 00:02:14.796087
371,ExpGrad.01,2,0.623405,-0.0109751817662288,-0.0165905856606278,-0.0165905856606278,0.0,-0.0134042163003655,0 days 00:04:17.151528
372,RedGrid25,2,0.717681,-0.0720052875650931,-0.1066253021860392,-0.1066253021860392,-0.0760800219935583,-0.0388048331892491,0 days 00:10:39.225436
373,RedGrid5,2,0.697724,-0.054627795353807,-0.0990879354900708,-0.0990879354900708,0.0,-0.0521899266509741,0 days 00:10:36.232148
374,RedGrid75,2,0.61663,-0.0113951442920668,-0.0432952090492919,0.0,-0.0432952090492919,0.0,0 days 00:10:35.765510
375,ExpGrad.1,1,0.708386,-0.0081552728309873,-0.0950793554133168,-0.0950793554133168,0.0,-0.0100135500427446,0 days 00:03:17.628984
376,ExpGrad.01,1,0.594365,-0.0027830456244403,-0.0089392127189905,-0.0089392127189905,-0.0064183130686623,-0.0005717099698858,0 days 00:03:20.112873
377,RedGrid25,1,0.698069,-0.0016968088279741,-0.0874278985325121,-0.0874278985325121,0.0,0.0,0 days 00:13:54.037328
378,RedGrid5,1,0.698069,-0.0016968088279741,-0.0874278985325121,-0.0874278985325121,0.0,0.0,0 days 00:13:54.390857
379,RedGrid75,1,0.698069,-0.0016968088279741,-0.0874278985325121,-0.0874278985325121,0.0,0.0,0 days 00:13:54.810694
380,ExpGrad.1,0,0.706044,-0.0820149340675107,-0.1002329024970354,-0.1002329024970354,-0.0730138402623044,-0.0710316572614537,0 days 00:03:41.430837
381,ExpGrad.01,0,0.686576,-0.0156860167827894,-0.0215845234642865,-0.0215845234642865,-0.0141130134126112,-0.0113895269566194,0 days 00:07:27.418171
382,RedGrid25,0,0.691096,-0.0209506641356177,-0.0279729900516034,-0.0279729900516034,-0.0045722227261485,-0.023842550477766,0 days 00:15:22.829063
383,RedGrid5,0,0.691096,-0.0209506641356177,-0.0279729900516034,-0.0279729900516034,-0.0045722227261485,-0.023842550477766,0 days 00:15:23.096881
384,RedGrid75,0,0.691096,-0.0209506641356177,-0.0279729900516034,-0.0279729900516034,-0.0045722227261485,-0.023842550477766,0 days 00:15:19.525273
385,ExpGrad.1,1,0.711605,-0.0357359294232273,-0.1271981665864309,-0.1271981665864309,-0.0258638379515382,-0.0383684642742508,0 days 00:02:09.892210
386,ExpGrad.01,1,0.588851,-9.879092682607708e-05,-0.0050540404013129,-0.0050540404013129,0.0,0.0,0 days 00:03:25.206157
387,RedGrid25,1,0.706824,-0.0574454096621082,-0.1378372691179309,-0.1378372691179309,-0.0642209799976797,-0.0512041699623222,0 days 00:11:34.195232
388,RedGrid5,1,0.697675,-0.0018547184728097,-0.0948854555352492,-0.0948854555352492,0.0,0.0,0 days 00:11:35.937568
389,RedGrid75,1,0.697675,-0.0018547184728097,-0.0948854555352492,-0.0948854555352492,0.0,0.0,0 days 00:11:42.305990
390,ExpGrad.1,0,0.707055,-0.0831407655519873,-0.1010409469880232,-0.1010409469880232,-0.074442526633583,-0.0722520564986052,0 days 00:03:08.345859
391,ExpGrad.01,0,0.687509,-0.0124769609593245,-0.0181205875859684,-0.0181205875859684,-0.0105890803229481,-0.0085704649418316,0 days 00:05:21.602568
392,RedGrid25,0,0.690622,-0.0227987127548087,-0.0288168892126469,-0.0288168892126469,-0.0108627791181706,-0.024130864982702,0 days 00:12:27.158837
393,RedGrid5,0,0.690622,-0.0227987127548087,-0.0288168892126469,-0.0288168892126469,-0.0108627791181706,-0.024130864982702,0 days 00:12:44.346482
394,RedGrid75,0,0.690622,-0.0227987127548087,-0.0288168892126469,-0.0288168892126469,-0.0108627791181706,-0.024130864982702,0 days 00:13:34.122850
395,ExpGrad.1,1,0.71089,-0.0394485234478643,-0.1194367149832927,-0.1194367149832927,-0.0498592086509708,-0.031189252096583,0 days 00:02:05.713794
396,ExpGrad.01,1,0.589249,-0.0002555813002643,-0.0129305894777878,-0.0129305894777878,0.0,0.0,0 days 00:03:07.575347
397,RedGrid25,1,0.707392,-0.0654465796293179,-0.1405678082405359,-0.1405678082405359,-0.0784373130092862,-0.0559135010592145,0 days 00:09:02.147462
398,RedGrid5,1,0.707392,-0.0654465796293179,-0.1405678082405359,-0.1405678082405359,-0.0784373130092862,-0.0559135010592145,0 days 00:08:50.506995
399,RedGrid75,1,0.699753,-0.0019804889616469,-0.1001986049130409,-0.1001986049130409,0.0,0.0,0 days 00:08:48.284672
400,ExpGrad.1,2,0.723316,-0.0724945001280725,-0.1026766361922323,-0.1026766361922323,-0.0780256472292216,-0.0419572848241078,0 days 00:02:57.661264
401,ExpGrad.01,2,0.625363,-0.0069966313147297,-0.0133772690757291,-0.0133772690757291,-0.0004950633459757,-0.0055885522014215,0 days 00:03:29.073326
402,RedGrid25,2,0.716021,-0.0664432033381843,-0.1041467694119766,-0.1041467694119766,-0.0929849642079339,-0.0153775767902202,0 days 00:12:03.891646
403,RedGrid5,2,0.708289,-0.0566298548363821,-0.096653313903334,-0.096653313903334,-0.08699140029326,-0.0009832847488657,0 days 00:10:58.928233
404,RedGrid75,2,0.683621,-0.0280306798378932,-0.0764543762504212,-0.0764543762504212,0.0,-0.0033215292431558,0 days 00:11:07.908833
405,ExpGrad.1,0,0.706528,-0.0820407347360081,-0.0989213494878685,-0.0989213494878685,-0.0730646705262204,-0.0721660797783773,0 days 00:03:22.346069
406,ExpGrad.01,0,0.687705,-0.0121606503167983,-0.0172357502656645,-0.0172357502656645,-0.0091556686313797,-0.0093611981934221,0 days 00:06:14.418557
407,RedGrid25,0,0.684769,-0.0805528980160688,-0.11517812361604,-0.11517812361604,-0.0001656882384227,-0.094553222629149,0 days 00:11:03.743309
408,RedGrid5,0,0.66352,-0.0517392871002694,-0.1090725746572739,-0.1090725746572739,0.0,-0.0299479375353962,0 days 00:11:16.013902
409,RedGrid75,0,0.66352,-0.0517392871002694,-0.1090725746572739,-0.1090725746572739,0.0,-0.0299479375353962,0 days 00:11:47.384295
410,ExpGrad.1,1,0.711384,-0.0289836233704989,-0.1100184673107149,-0.1100184673107149,-0.0262099672727119,-0.0280568664968524,0 days 00:02:52.463710
411,ExpGrad.01,1,0.595745,-2.8307920344028637e-05,-0.0014749472501842,-0.0014749472501842,0.0,0.0,0 days 00:03:28.600930
412,RedGrid25,1,0.698952,-0.0017096658971577,-0.0890799106080757,-0.0890799106080757,0.0,0.0,0 days 00:12:19.053857
413,RedGrid5,1,0.698952,-0.0017096658971577,-0.0890799106080757,-0.0890799106080757,0.0,0.0,0 days 00:12:18.681358
414,RedGrid75,1,0.698952,-0.0017096658971577,-0.0890799106080757,-0.0890799106080757,0.0,0.0,0 days 00:12:47.746579
415,ExpGrad.1,0,0.707335,-0.0840914209062532,-0.1010906324074434,-0.1010906324074434,-0.0751685569136828,-0.0740779952211418,0 days 00:02:36.899957
416,ExpGrad.01,0,0.686835,-0.0160071237548676,-0.019533047446007,-0.019533047446007,-0.0136184573688132,-0.014227966975031,0 days 00:04:41.124280
417,RedGrid25,0,0.683429,-0.1152673637673719,-0.1494410970516237,-0.1494410970516237,-0.0969921521834796,-0.0953240701972334,0 days 00:08:41.494403
418,RedGrid5,0,0.683429,-0.1152673637673719,-0.1494410970516237,-0.1494410970516237,-0.0969921521834796,-0.0953240701972334,0 days 00:09:00.988151
419,RedGrid75,0,0.683429,-0.1152673637673719,-0.1494410970516237,-0.1494410970516237,-0.0969921521834796,-0.0953240701972334,0 days 00:08:52.226132
420,ExpGrad.1,2,0.711079,-0.0603786877413753,-0.0888411349348464,-0.0888411349348464,-0.0619270635660422,-0.034110484586717,0 days 00:03:23.245486
421,ExpGrad.01,2,0.630153,-0.0055773156316139,-0.0137780698997891,-0.0137780698997891,-0.0029767117155907,-4.543035946008578e-05,0 days 00:05:06.704440
422,RedGrid25,2,0.725897,-0.0894370029692438,-0.108272207244688,-0.108272207244688,-0.0919077098847235,-0.0710872044455229,0 days 00:13:11.741215
423,RedGrid5,2,0.717396,-0.0740124281152269,-0.0928623551959544,-0.0928623551959544,-0.0886070433836073,-0.047545093443057,0 days 00:13:11.986463
424,RedGrid75,2,0.667574,-0.028604026686632,-0.0521931263558109,-0.039755960695182,-0.0521931263558109,-0.0029487332427051,0 days 00:13:12.679178
425,ExpGrad.1,0,0.705759,-0.079206640092832,-0.0969829854132077,-0.0969829854132077,-0.0675869011479473,-0.0700082368032196,0 days 00:03:14.268682
426,ExpGrad.01,0,0.685898,-0.0143069628256243,-0.0194019512553195,-0.0194019512553195,-0.0122691432668551,-0.0109574260227103,0 days 00:06:07.114438
427,RedGrid25,0,0.69422,-0.0371315739742014,-0.043075109596946,-0.0406610359597008,-0.0207411199074892,-0.043075109596946,0 days 00:13:32.854708
428,RedGrid5,0,0.69422,-0.0371315739742014,-0.043075109596946,-0.0406610359597008,-0.0207411199074892,-0.043075109596946,0 days 00:13:25.149305
429,RedGrid75,0,0.69422,-0.0371315739742014,-0.043075109596946,-0.0406610359597008,-0.0207411199074892,-0.043075109596946,0 days 00:13:26.526471
430,ExpGrad.1,2,0.70556,-0.044561215427454,-0.0827880424017299,-0.0827880424017299,-0.0172458085546804,-0.0289356658344301,0 days 00:02:12.729398
431,ExpGrad.01,2,0.615,-0.0083587270014321,-0.0202917241206154,-0.0088572318736894,-0.0202917241206154,0.0,0 days 00:02:56.256472
432,RedGrid25,2,0.710641,-0.0613150773984106,-0.0877834145971666,-0.0877834145971666,-0.0454151246579841,-0.0484963309153549,0 days 00:11:36.945845
433,RedGrid5,2,0.710641,-0.0613150773984106,-0.0877834145971666,-0.0877834145971666,-0.0454151246579841,-0.0484963309153549,0 days 00:11:39.100251
434,RedGrid75,2,0.666057,-0.0151110571915198,-0.0435827304478182,-0.0435827304478182,0.0,0.0,0 days 00:11:41.729381
435,ExpGrad.1,2,0.715264,-0.0645127780254335,-0.0913397952771992,-0.0913397952771992,-0.0555301690309379,-0.0468292909496399,0 days 00:04:45.115525
436,ExpGrad.01,2,0.626551,-0.0026555941838229,-0.0048168752561207,-0.0048168752561207,0.0,-0.0025039977491582,0 days 00:05:52.005470
437,RedGrid25,2,0.726801,-0.0946062362148913,-0.1128039007487954,-0.1128039007487954,-0.1022961224696572,-0.0735285071548031,0 days 00:15:09.539405
438,RedGrid5,2,0.669688,-0.0181854597348545,-0.0524757340504733,-0.0524757340504733,0.0,0.0,0 days 00:15:21.455598
439,RedGrid75,2,0.669688,-0.0181854597348545,-0.0524757340504733,-0.0524757340504733,0.0,0.0,0 days 00:15:04.517208
440,ExpGrad.1,1,0.71237,-0.0361551070557981,-0.1109357596932212,-0.1109357596932212,-0.0367862651618667,-0.0335211993773932,0 days 00:03:11.948476
441,ExpGrad.01,1,0.599379,-0.0002596419632748,-0.0107714712990782,-0.0107714712990782,-0.0001491229288088,0.0,0 days 00:02:32.678275
442,RedGrid25,1,0.708043,-0.0667878302350975,-0.1359332473149606,-0.1359332473149606,-0.0688607463759385,-0.0635256455390808,0 days 00:12:06.563092
443,RedGrid5,1,0.708043,-0.0667878302350975,-0.1359332473149606,-0.1359332473149606,-0.0688607463759385,-0.0635256455390808,0 days 00:12:04.201928
444,RedGrid75,1,0.69774,-0.0015740405762889,-0.0817350046572261,-0.0817350046572261,0.0,0.0,0 days 00:12:15.777140
445,ExpGrad.1,2,0.706678,-0.0475106959635218,-0.0870036971548212,-0.0870036971548212,-0.0235414467851041,-0.0284200498183634,0 days 00:02:33.841194
446,ExpGrad.01,2,0.638759,-0.0055464891563433,-0.0115907326181635,-0.0115907326181635,-0.0058644746614853,0.0,0 days 00:03:25.324357
447,RedGrid25,2,0.699367,-0.0442561371054832,-0.0729613526790053,-0.0721213512913784,-0.0729613526790053,-0.0007506115577234,0 days 00:11:24.116182
448,RedGrid5,2,0.630978,-0.0177582144701955,-0.0285137560192578,-0.0065171168960352,-0.0285137560192578,-0.0206024558483601,0 days 00:12:14.153918
449,RedGrid75,2,0.630978,-0.0177582144701955,-0.0285137560192578,-0.0065171168960352,-0.0285137560192578,-0.0206024558483601,0 days 00:11:28.413824
450,ExpGrad.1,0,0.706673,-0.0816669042580671,-0.100060936017117,-0.100060936017117,-0.0712065981560481,-0.0712874077268144,0 days 00:03:32.410053
451,ExpGrad.01,0,0.688406,-0.0104204114726246,-0.0168027686705267,-0.0168027686705267,-0.0096030439381845,-0.0052677157626612,0 days 00:07:41.151848
452,RedGrid25,0,0.694126,-0.0544006251614008,-0.0762661685089266,-0.0504082258488339,-0.0762661685089266,-0.0458445194059347,0 days 00:11:32.537836
453,RedGrid5,0,0.694126,-0.0544006251614008,-0.0762661685089266,-0.0504082258488339,-0.0762661685089266,-0.0458445194059347,0 days 00:12:07.430149
454,RedGrid75,0,0.694126,-0.0544006251614008,-0.0762661685089266,-0.0504082258488339,-0.0762661685089266,-0.0458445194059347,0 days 00:11:21.543709
455,ExpGrad.1,2,0.717781,-0.068173455467255,-0.1059294496996141,-0.1059294496996141,-0.0623974450045357,-0.0381247486449024,0 days 00:02:09.729454
456,ExpGrad.01,2,0.61236,-0.0126462871862967,-0.0157346361556641,-0.0110016115299662,-0.0102316883415096,-0.0157346361556641,0 days 00:02:17.021861
457,RedGrid25,2,0.715322,-0.0605695003612713,-0.1063267753890883,-0.1063267753890883,-0.0654507661601737,-0.0162233252385165,0 days 00:08:33.117495
458,RedGrid5,2,0.694687,-0.0413622736487237,-0.0759817690696457,-0.0759817690696457,-0.0567582382859123,0.0,0 days 00:08:49.443954
459,RedGrid75,2,0.691868,-0.0388947911919082,-0.072845476091208,-0.072845476091208,-0.0514934341722795,0.0,0 days 00:08:28.398821
460,ExpGrad.1,1,0.712696,-0.0335775768742013,-0.1151948026391489,-0.1151948026391489,-0.0302767704379125,-0.0328854356436495,0 days 00:02:53.948820
461,ExpGrad.01,1,0.587954,-0.0001101205784357,-0.0056533633962065,-0.0056533633962065,0.0,0.0,0 days 00:03:13.342176
462,RedGrid25,1,0.708563,-0.0713721874170248,-0.1371299528557089,-0.1371299528557089,-0.0798816740575952,-0.0646346470007811,0 days 00:13:38.127156
463,RedGrid5,1,0.699972,-0.0019157484919553,-0.0983505767460315,-0.0983505767460315,0.0,0.0,0 days 00:14:00.758887
464,RedGrid75,1,0.699972,-0.0019157484919553,-0.0983505767460315,-0.0983505767460315,0.0,0.0,0 days 00:13:38.585088
465,ExpGrad.1,2,0.710973,-0.0536299809639256,-0.0891519490422504,-0.0891519490422504,-0.0584717473119253,-0.0188154476948523,0 days 00:02:36.630720
466,ExpGrad.01,2,0.621736,-0.0049451680561593,-0.0089042285722951,-0.0042519426378732,0.0,-0.0089042285722951,0 days 00:04:11.508399
467,RedGrid25,2,0.718992,-0.0843930471411082,-0.0988712723505416,-0.0920118827007611,-0.0988712723505416,-0.0678390593345796,0 days 00:10:56.141523
468,RedGrid5,2,0.687926,-0.0361324662263975,-0.0961210523081054,-0.0961210523081054,0.0,-0.007296856497731,0 days 00:10:54.602839
469,RedGrid75,2,0.678227,-0.0312787233677678,-0.0509428114025783,-0.0509428114025783,0.0,-0.0349666160594317,0 days 00:10:53.018646
470,ExpGrad.1,2,0.719913,-0.0672765629337496,-0.0979770955793711,-0.0979770955793711,-0.0462974784654818,-0.0538824311295768,0 days 00:02:35.329105
471,ExpGrad.01,2,0.621378,-0.0074383758165327,-0.0136041504774881,-0.0072356928179506,-0.0136041504774881,-0.0034828502452168,0 days 00:02:35.299443
472,RedGrid25,2,0.712304,-0.0553866307825483,-0.0917573426871641,-0.0917573426871641,-0.048727797897056,-0.027310932363154,0 days 00:10:33.628597
473,RedGrid5,2,0.690206,-0.0546430138183805,-0.0734794540730751,-0.0529781222454522,-0.0734794540730751,-0.0434945397657103,0 days 00:10:44.356676
474,RedGrid75,2,0.662883,-0.0264072612977875,-0.0395025343718487,-0.0395025343718487,0.0,-0.0324077675883194,0 days 00:10:43.938848
475,ExpGrad.1,0,0.706544,-0.0738235532386832,-0.0927129329831133,-0.0927129329831133,-0.0597967884117607,-0.065008694048418,0 days 00:04:04.738043
476,ExpGrad.01,0,0.685335,-0.0119136171428141,-0.0171363454706005,-0.0171363454706005,-0.0053549916302562,-0.0109602889739054,0 days 00:06:41.252157
477,RedGrid25,0,0.685289,-0.1246904494300389,-0.1555036189776489,-0.1555036189776489,-0.1011458827273403,-0.1106785985929025,0 days 00:13:59.348353
478,RedGrid5,0,0.685289,-0.1246904494300389,-0.1555036189776489,-0.1555036189776489,-0.1011458827273403,-0.1106785985929025,0 days 00:13:59.678195
479,RedGrid75,0,0.685289,-0.1246904494300389,-0.1555036189776489,-0.1555036189776489,-0.1011458827273403,-0.1106785985929025,0 days 00:13:55.098959
480,ExpGrad.1,0,0.706191,-0.0763927664284134,-0.0935790715628992,-0.0935790715628992,-0.0651048145190288,-0.0675487204508848,0 days 00:03:17.439070
481,ExpGrad.01,0,0.688043,-0.0124434309025485,-0.0162604946891046,-0.0162604946891046,-0.0090890393699528,-0.0109483469999026,0 days 00:09:28.503534
482,RedGrid25,0,0.686162,-0.1240269411763432,-0.1524033248875527,-0.1524033248875527,-0.1031850900019413,-0.1106449867115956,0 days 00:12:09.678411
483,RedGrid5,0,0.686162,-0.1240269411763432,-0.1524033248875527,-0.1524033248875527,-0.1031850900019413,-0.1106449867115956,0 days 00:12:19.392154
484,RedGrid75,0,0.686162,-0.1240269411763432,-0.1524033248875527,-0.1524033248875527,-0.1031850900019413,-0.1106449867115956,0 days 00:12:16.717656
485,ExpGrad.1,2,0.694896,-0.0374615346046803,-0.0776328047980023,-0.0776328047980023,-0.0141111574921168,-0.017350703341237,0 days 00:02:26.657173
486,ExpGrad.01,2,0.618795,-0.0045874592414916,-0.0095374545367156,-0.0095374545367156,0.0,-0.0032291181495311,0 days 00:03:43.367043
487,RedGrid25,2,0.720952,-0.0842781492195949,-0.1235157634181125,-0.1235157634181125,-0.0950269363238426,-0.0426631360098768,0 days 00:10:15.558816
488,RedGrid5,2,0.667281,-0.0226380701263207,-0.0651479599904753,-0.0651479599904753,0.0,0.0,0 days 00:10:14.535286
489,RedGrid75,2,0.667281,-0.0226380701263207,-0.0651479599904753,-0.0651479599904753,0.0,0.0,0 days 00:10:04.846679
490,ExpGrad.1,1,0.703634,-0.0014571392507727,-0.0750472309955299,-0.0750472309955299,0.0,0.0,0 days 00:02:46.694858
491,ExpGrad.01,1,0.584254,0.0,0.0,0.0,0.0,0.0,0 days 00:02:12.379693
492,RedGrid25,1,0.701739,-0.0104955161311102,-0.1032069097367597,-0.1032069097367597,0.0,-0.0134460299425012,0 days 00:11:57.765499
493,RedGrid5,1,0.701739,-0.0104955161311102,-0.1032069097367597,-0.1032069097367597,0.0,-0.0134460299425012,0 days 00:11:49.939781
494,RedGrid75,1,0.701739,-0.0104955161311102,-0.1032069097367597,-0.1032069097367597,0.0,-0.0134460299425012,0 days 00:12:05.945310
495,ExpGrad.1,1,0.70468,-0.0225320561365761,-0.1037434349142338,-0.1037434349142338,-0.0367579584024225,-0.0121207514699288,0 days 00:01:55.903244
496,ExpGrad.01,1,0.580027,-2.87924542891528e-07,-1.4669975393954982e-05,-1.4669975393954982e-05,0.0,0.0,0 days 00:01:53.397912
497,RedGrid25,1,0.701087,-0.0194542914949155,-0.1213967868344091,-0.1213967868344091,-0.0140441969479877,-0.0192807569029909,0 days 00:09:18.986640
498,RedGrid5,1,0.701087,-0.0194542914949155,-0.1213967868344091,-0.1213967868344091,-0.0140441969479877,-0.0192807569029909,0 days 00:08:44.427725
499,RedGrid75,1,0.701087,-0.0194542914949155,-0.1213967868344091,-0.1213967868344091,-0.0140441969479877,-0.0192807569029909,0 days 00:08:43.736680
500,ExpGrad.1,2,0.69979,-0.0529960244784714,-0.0758056760614669,-0.0758056760614669,-0.0715264170776672,-0.0200718251319689,0 days 00:02:48.767694
501,ExpGrad.01,2,0.62029,-0.007191246819486,-0.0122444109312124,-0.0122444109312124,-0.0111439242844889,0.0,0 days 00:04:34.879272
502,RedGrid25,2,0.693985,-0.0652111760045003,-0.0786674003259158,-0.064565623767117,-0.0786674003259158,-0.0567303464412168,0 days 00:12:58.722442
503,RedGrid5,2,0.666131,-0.0182409267840961,-0.0506407190399276,-0.0506407190399276,0.0,-0.001476059511758,0 days 00:13:02.159029
504,RedGrid75,2,0.666131,-0.0182409267840961,-0.0506407190399276,-0.0506407190399276,0.0,-0.001476059511758,0 days 00:12:45.108597
505,ExpGrad.1,1,0.711523,-0.0324234049632831,-0.1105996467080319,-0.1105996467080319,-0.0351678750774147,-0.0284509746755363,0 days 00:03:23.013057
506,ExpGrad.01,1,0.602005,-0.0061738788872615,-0.0182940775498185,-0.0182940775498185,-0.0061802176643787,-0.005790209957424,0 days 00:03:57.560871
507,RedGrid25,1,0.707606,-0.0676915954471157,-0.1390805331830278,-0.1390805331830278,-0.0657504695650996,-0.0665277856767634,0 days 00:12:47.708388
508,RedGrid5,1,0.699819,-0.0019598509503413,-0.0990589420110658,-0.0990589420110658,0.0,0.0,0 days 00:13:23.702621
509,RedGrid75,1,0.699819,-0.0019598509503413,-0.0990589420110658,-0.0990589420110658,0.0,0.0,0 days 00:12:50.417171
510,ExpGrad.1,1,0.709653,-0.0170212047246516,-0.1059174807111089,-0.1059174807111089,-0.0169144557347545,-0.0143315928936659,0 days 00:04:00.264359
511,ExpGrad.01,1,0.586919,-0.0001484514473279,-0.0075962158116864,-0.0075962158116864,0.0,0.0,0 days 00:03:20.285878
512,RedGrid25,1,0.706155,-0.0540227157061381,-0.133579726270648,-0.133579726270648,-0.0481468779624777,-0.054801294959652,0 days 00:13:44.877007
513,RedGrid5,1,0.693872,-0.0017715145681521,-0.0906478664603467,-0.0906478664603467,0.0,0.0,0 days 00:13:44.824332
514,RedGrid75,1,0.693872,-0.0017715145681521,-0.0906478664603467,-0.0906478664603467,0.0,0.0,0 days 00:13:54.717941
515,ExpGrad.1,2,0.715116,-0.0628648534656386,-0.1024558448422912,-0.1024558448422912,-0.0314781664469112,-0.0485429128941621,0 days 00:02:25.096172
516,ExpGrad.01,2,0.628262,-0.0122445793036274,-0.0145826336765383,-0.0145826336765383,-0.0096648846196892,-0.0118861432656349,0 days 00:02:56.637202
517,RedGrid25,2,0.712832,-0.0701882150906,-0.0963691615692983,-0.0963691615692983,-0.0508115742246827,-0.0597918716282302,0 days 00:11:21.071494
518,RedGrid5,2,0.712832,-0.0701882150906,-0.0963691615692983,-0.0963691615692983,-0.0508115742246827,-0.0597918716282302,0 days 00:11:19.058621
519,RedGrid75,2,0.649618,-0.0196338032488629,-0.0391469733515282,-0.0391469733515282,-0.0229008967573,0.0,0 days 00:11:18.034095
520,ExpGrad.1,2,0.703558,-0.051428229152809,-0.083263710775872,-0.083263710775872,-0.0454571971061298,-0.0269768976598901,0 days 00:02:44.606336
521,ExpGrad.01,2,0.627006,-0.006594730939627,-0.0181041799077573,-0.0181041799077573,-0.0010461740531398,0.0,0 days 00:04:08.073906
522,RedGrid25,2,0.715623,-0.0771233764934346,-0.088579924676186,-0.088579924676186,-0.0851100808999521,-0.0616113150034103,0 days 00:12:05.142187
523,RedGrid5,2,0.683,-0.0308632655972571,-0.0765201643071347,-0.0765201643071347,0.0,-0.0105657933874629,0 days 00:11:01.151136
524,RedGrid75,2,0.644321,-0.0164001223841176,-0.0333216709916958,-0.0222198748989262,-0.0333216709916958,0.0,0 days 00:10:50.116990
525,ExpGrad.1,0,0.706505,-0.0807479804777815,-0.0979621777225523,-0.0979621777225523,-0.0704675063872037,-0.0713382614625427,0 days 00:03:43.352717
526,ExpGrad.01,0,0.683275,-0.0147959490046679,-0.0191361484085221,-0.0191361484085221,-0.0118582313735948,-0.0126154615399768,0 days 00:07:25.241024
527,RedGrid25,0,0.686314,-0.1282994943638834,-0.1571311939526455,-0.1571311939526455,-0.1042155768999085,-0.1163517429276065,0 days 00:13:52.520741
528,RedGrid5,0,0.686314,-0.1282994943638834,-0.1571311939526455,-0.1571311939526455,-0.1042155768999085,-0.1163517429276065,0 days 00:13:53.080916
529,RedGrid75,0,0.686314,-0.1282994943638834,-0.1571311939526455,-0.1571311939526455,-0.1042155768999085,-0.1163517429276065,0 days 00:13:36.008820
530,ExpGrad.1,2,0.693109,-0.0359123215024312,-0.0629340567230877,-0.0629340567230877,-0.0269685569686044,-0.0181121763010575,0 days 00:01:42.248604
531,ExpGrad.01,2,0.619385,-0.0067983778957189,-0.0144298908605642,-0.0087159394937729,-0.0144298908605642,0.0,0 days 00:03:18.851420
532,RedGrid25,2,0.727446,-0.089089042077693,-0.1144321626804971,-0.1144321626804971,-0.0861071931601352,-0.068774474475893,0 days 00:08:17.423107
533,RedGrid5,2,0.698441,-0.0445185288760406,-0.0682099997094886,-0.0682099997094886,-0.0681545051224089,-0.007834178559694,0 days 00:08:17.736620
534,RedGrid75,2,0.640727,-0.0158542655386797,-0.0244835288329726,-0.0181113652378168,0.0,-0.0244835288329726,0 days 00:08:19.780770
535,ExpGrad.1,2,0.711105,-0.0549652590976474,-0.0861778564921569,-0.0861778564921569,-0.0434251481127525,-0.0350980538975567,0 days 00:03:30.793228
536,ExpGrad.01,2,0.634975,-0.0097770780384943,-0.0144804696662996,-0.0144804696662996,-0.0024407019486868,-0.0104815655082083,0 days 00:05:17.345411
537,RedGrid25,2,0.730402,-0.0938157504201812,-0.1185522156602009,-0.1185522156602009,-0.1059804337063789,-0.063990727479423,0 days 00:13:25.226465
538,RedGrid5,2,0.676883,-0.0281069729517804,-0.069970117833608,-0.069970117833608,0.0,-0.0098046972137718,0 days 00:13:28.931507
539,RedGrid75,2,0.676883,-0.0281069729517804,-0.069970117833608,-0.069970117833608,0.0,-0.0098046972137718,0 days 00:13:14.962963
540,ExpGrad.1,0,0.706524,-0.0833363756106649,-0.1008913920727455,-0.1008913920727455,-0.0743393282782007,-0.0728951675041778,0 days 00:04:02.633029
541,ExpGrad.01,0,0.689197,-0.0153407708598321,-0.0218073624812341,-0.0218073624812341,-0.0121478641113543,-0.0114275290814361,0 days 00:07:04.233561
542,RedGrid25,0,0.682854,-0.114721803358617,-0.1490106596038448,-0.1490106596038448,-0.0953615042216355,-0.0953167358286953,0 days 00:14:41.554786
543,RedGrid5,0,0.682854,-0.114721803358617,-0.1490106596038448,-0.1490106596038448,-0.0953615042216355,-0.0953167358286953,0 days 00:14:44.529860
544,RedGrid75,0,0.682854,-0.114721803358617,-0.1490106596038448,-0.1490106596038448,-0.0953615042216355,-0.0953167358286953,0 days 00:14:14.991218
545,ExpGrad.1,0,0.707058,-0.0822024911353203,-0.1002287134325042,-0.1002287134325042,-0.0736581302059087,-0.0710936702853136,0 days 00:03:22.225095
546,ExpGrad.01,0,0.687493,-0.0129963713544368,-0.0180691522366307,-0.0180691522366307,-0.0132490721481662,-0.0083966974892887,0 days 00:06:18.441763
547,RedGrid25,0,0.687135,-0.1220316315347565,-0.1516322659260234,-0.1516322659260234,-0.0996713484817646,-0.1084091710093863,0 days 00:11:48.694124
548,RedGrid5,0,0.687135,-0.1220316315347565,-0.1516322659260234,-0.1516322659260234,-0.0996713484817646,-0.1084091710093863,0 days 00:11:44.801390
549,RedGrid75,0,0.687135,-0.1220316315347565,-0.1516322659260234,-0.1516322659260234,-0.0996713484817646,-0.1084091710093863,0 days 00:11:41.892651
550,ExpGrad.1,1,0.711353,-0.0364987579296207,-0.1177634413558396,-0.1177634413558396,-0.0421748099955899,-0.0308603211851897,0 days 00:02:21.564770
551,ExpGrad.01,1,0.609718,-0.0003390276361639,-0.0175521777246859,-0.0175521777246859,0.0,0.0,0 days 00:04:59.363676
552,RedGrid25,1,0.704142,-0.064512264605781,-0.1400847271794562,-0.1400847271794562,-0.0688290923497059,-0.0598023979055679,0 days 00:11:58.690607
553,RedGrid5,1,0.704142,-0.064512264605781,-0.1400847271794562,-0.1400847271794562,-0.0688290923497059,-0.0598023979055679,0 days 00:12:30.970192
554,RedGrid75,1,0.704142,-0.064512264605781,-0.1400847271794562,-0.1400847271794562,-0.0688290923497059,-0.0598023979055679,0 days 00:11:41.275313
555,ExpGrad.1,1,0.711866,-0.037397292642817,-0.1135400383490107,-0.1135400383490107,-0.0407164249718526,-0.033193259045981,0 days 00:03:01.764915
556,ExpGrad.01,1,0.597904,-0.0034751551686229,-0.0048323197565787,-0.0045837682580527,-0.0009647247173896,-0.0048323197565787,0 days 00:03:35.873087
557,RedGrid25,1,0.701113,-0.0058108737859193,-0.1023652093649848,-0.1023652093649848,0.0,-0.006034038423299,0 days 00:13:51.615610
558,RedGrid5,1,0.701113,-0.0058108737859193,-0.1023652093649848,-0.1023652093649848,0.0,-0.006034038423299,0 days 00:13:45.401699
559,RedGrid75,1,0.701113,-0.0058108737859193,-0.1023652093649848,-0.1023652093649848,0.0,-0.006034038423299,0 days 00:13:42.750350
560,ExpGrad.1,0,0.706384,-0.0805388479158357,-0.098023138559818,-0.098023138559818,-0.0700222263642935,-0.0710026380727469,0 days 00:04:09.127274
561,ExpGrad.01,0,0.686402,-0.011832996532534,-0.016352007157617,-0.016352007157617,-0.0068745592518584,-0.0106074011211523,0 days 00:07:18.006838
562,RedGrid25,0,0.694197,-0.0372686571534771,-0.0446848850472283,-0.0397080434270024,-0.0199878728861157,-0.0446848850472283,0 days 00:15:12.694815
563,RedGrid5,0,0.694197,-0.0372686571534771,-0.0446848850472283,-0.0397080434270024,-0.0199878728861157,-0.0446848850472283,0 days 00:15:14.229686
564,RedGrid75,0,0.694197,-0.0372686571534771,-0.0446848850472283,-0.0397080434270024,-0.0199878728861157,-0.0446848850472283,0 days 00:14:31.036935
565,ExpGrad.1,2,0.714035,-0.0621505019276821,-0.0970673976001113,-0.0970673976001113,-0.0611797944593044,-0.0317327580523242,0 days 00:02:26.105619
566,ExpGrad.01,2,0.61012,-0.0042972076451076,-0.0123652759442382,-0.0123652759442382,0.0,0.0,0 days 00:02:49.283291
567,RedGrid25,2,0.707387,-0.0576157401492085,-0.0916332671931896,-0.0916332671931896,-0.076506545501475,-0.0146792590051665,0 days 00:11:29.697431
568,RedGrid5,2,0.682374,-0.0320014570935664,-0.0827900861759594,-0.0827900861759594,0.0,-0.0082702039426549,0 days 00:10:59.315455
569,RedGrid75,2,0.682374,-0.0320014570935664,-0.0827900861759594,-0.0827900861759594,0.0,-0.0082702039426549,0 days 00:10:57.793604
570,ExpGrad.1,0,0.706943,-0.0823713127939482,-0.09941107688145,-0.09941107688145,-0.0719879741172174,-0.0731526654068642,0 days 00:02:59.898411
571,ExpGrad.01,0,0.688052,-0.0133971704817262,-0.0188620980847974,-0.0188620980847974,-0.0084951406703076,-0.0113108275503838,0 days 00:06:55.662148
572,RedGrid25,0,0.686104,-0.1243038329433264,-0.1541954692340095,-0.1541954692340095,-0.1025559025506414,-0.1100882101704833,0 days 00:13:18.752885
573,RedGrid5,0,0.686104,-0.1243038329433264,-0.1541954692340095,-0.1541954692340095,-0.1025559025506414,-0.1100882101704833,0 days 00:13:00.500506
574,RedGrid75,0,0.667958,-0.0499273673580337,-0.1067033674189364,-0.1067033674189364,0.0,-0.0276980831034825,0 days 00:13:09.012509
575,ExpGrad.1,2,0.719775,-0.0671365786192496,-0.0946969490975657,-0.0946969490975657,-0.0606682411258039,-0.0467301865451096,0 days 00:03:03.609449
576,ExpGrad.01,2,0.627387,-0.0079093473864379,-0.014840442747805,-0.014840442747805,0.0,-0.0070092372503531,0 days 00:05:38.397823
577,RedGrid25,2,0.723684,-0.0781957797971676,-0.0969600077119743,-0.0969600077119743,-0.0858801003746976,-0.0561599088667469,0 days 00:13:55.391038
578,RedGrid5,2,0.684237,-0.0366024395481222,-0.0579592555130241,-0.0579592555130241,0.0,-0.0420676804409618,0 days 00:13:55.023015
579,RedGrid75,2,0.657655,-0.0123694081823712,-0.0354088001514857,-0.0354088001514857,0.0,0.0,0 days 00:13:51.715851
580,ExpGrad.1,0,0.706579,-0.0825722251846894,-0.1004151439636376,-0.1004151439636376,-0.072114789998004,-0.0726971213817292,0 days 00:03:27.475675
581,ExpGrad.01,0,0.685395,-0.012426418531029,-0.0186750625870092,-0.0186750625870092,-0.0096266486430557,-0.0084894525074874,0 days 00:06:37.243744
582,RedGrid25,0,0.682371,-0.1155280454201557,-0.1502256606493672,-0.1502256606493672,-0.0962391020579152,-0.0957438072496345,0 days 00:13:27.612665
583,RedGrid5,0,0.682371,-0.1155280454201557,-0.1502256606493672,-0.1502256606493672,-0.0962391020579152,-0.0957438072496345,0 days 00:13:25.429984
584,RedGrid75,0,0.682371,-0.1155280454201557,-0.1502256606493672,-0.1502256606493672,-0.0962391020579152,-0.0957438072496345,0 days 00:13:20.703516
585,ExpGrad.1,2,0.716001,-0.0589523815772029,-0.0942779443973819,-0.0942779443973819,-0.0643892853151294,-0.0240224975026726,0 days 00:03:21.397837
586,ExpGrad.01,2,0.610569,-0.002996534859468,-0.0078368587019853,-0.0078368587019853,-0.0010408641759952,0.0,0 days 00:03:13.264065
587,RedGrid25,2,0.709859,-0.0608410629126094,-0.1009263273370063,-0.1009263273370063,-0.0786409082897734,-0.0134979365626735,0 days 00:12:14.541591
588,RedGrid5,2,0.684202,-0.0287615775972589,-0.0727385622992015,-0.0727385622992015,0.0,-0.0088210754221179,0 days 00:12:15.319339
589,RedGrid75,2,0.652305,-0.0158255625548457,-0.0454962797891157,-0.0454962797891157,0.0,0.0,0 days 00:12:12.884795
590,ExpGrad.1,0,0.70645,-0.0802952868143242,-0.0976876675465966,-0.0976876675465966,-0.0719742204369011,-0.0696637710713996,0 days 00:03:22.201903
591,ExpGrad.01,0,0.689589,-0.0155549826642752,-0.0206562933353576,-0.0206562933353576,-0.0130718866413159,-0.0124602713301835,0 days 00:08:04.949594
592,RedGrid25,0,0.682372,-0.111658108028849,-0.1463533805740839,-0.1463533805740839,-0.0931807139621309,-0.0914929758433267,0 days 00:14:38.565465
593,RedGrid5,0,0.682372,-0.111658108028849,-0.1463533805740839,-0.1463533805740839,-0.0931807139621309,-0.0914929758433267,0 days 00:14:39.699528
594,RedGrid75,0,0.682372,-0.111658108028849,-0.1463533805740839,-0.1463533805740839,-0.0931807139621309,-0.0914929758433267,0 days 00:14:15.799582
595,ExpGrad.1,2,0.710624,-0.0551360195278167,-0.0863565465906087,-0.0863565465906087,-0.0595377184864382,-0.0239773994556348,0 days 00:02:45.390307
596,ExpGrad.01,2,0.62127,-0.0035373091114977,-0.00712879456098,-0.00712879456098,0.0,-0.0026903069543932,0 days 00:02:47.030392
597,RedGrid25,2,0.682967,-0.0277778663121413,-0.0723066773737315,-0.0723066773737315,0.0,-0.0063915028169311,0 days 00:11:31.147152
598,RedGrid5,2,0.663705,-0.0160955885849137,-0.0460005779348595,-0.0460005779348595,0.0,0.0,0 days 00:12:19.733995
599,RedGrid75,2,0.663705,-0.0160955885849137,-0.0460005779348595,-0.0460005779348595,0.0,0.0,0 days 00:11:33.900650
600,ExpGrad.1,2,0.71612,-0.0598928602937687,-0.0921690838912302,-0.0921690838912302,-0.051357491421289,-0.0371313473592949,0 days 00:02:30.891623
601,ExpGrad.01,2,0.624947,-0.0059077385884744,-0.0142814664014868,-0.0062916201538017,-0.0142814664014868,0.0,0 days 00:05:24.023060
602,RedGrid25,2,0.708845,-0.0580953891586444,-0.0992182950630068,-0.0992182950630068,-0.0877793961926129,-0.0021187575322078,0 days 00:11:36.047534
603,RedGrid5,2,0.663949,-0.0187026685225005,-0.0540473243889772,-0.0540473243889772,0.0,0.0,0 days 00:10:53.269237
604,RedGrid75,2,0.663949,-0.0187026685225005,-0.0540473243889772,-0.0540473243889772,0.0,0.0,0 days 00:10:50.963075
605,ExpGrad.1,1,0.712101,-0.0517176432201424,-0.1330756421373347,-0.1330756421373347,-0.0550929520023512,-0.0473459437619877,0 days 00:02:10.603692
606,ExpGrad.01,1,0.611652,-0.0122194769712063,-0.0290482435779553,-0.0290482435779553,-0.0148638780326038,-0.0102362178986957,0 days 00:05:40.948309
607,RedGrid25,1,0.705458,-0.0653716627804148,-0.1445294003504164,-0.1445294003504164,-0.0695050919920052,-0.0606472861680577,0 days 00:14:30.685457
608,RedGrid5,1,0.701654,-0.0101691346983892,-0.1102326303869668,-0.1102326303869668,0.0,-0.0127315401579886,0 days 00:14:30.798074
609,RedGrid75,1,0.701654,-0.0101691346983892,-0.1102326303869668,-0.1102326303869668,0.0,-0.0127315401579886,0 days 00:14:31.110968
610,ExpGrad.1,0,0.707139,-0.0834246854707385,-0.099930301863459,-0.099930301863459,-0.0748147844429401,-0.073713307130293,0 days 00:03:16.786253
611,ExpGrad.01,0,0.685022,-0.0115887660932958,-0.0155816259815051,-0.0155816259815051,-0.0123938863178821,-0.0076419751500698,0 days 00:06:59.455373
612,RedGrid25,0,0.687508,-0.08214632664494,-0.1143579874341407,-0.1143579874341407,-0.0079803816378577,-0.0949256480468189,0 days 00:12:52.981138
613,RedGrid5,0,0.687508,-0.08214632664494,-0.1143579874341407,-0.1143579874341407,-0.0079803816378577,-0.0949256480468189,0 days 00:12:57.418980
614,RedGrid75,0,0.662329,-0.0507860422465634,-0.1088147395916315,-0.1088147395916315,0.0,-0.0279927959598067,0 days 00:12:57.629829
615,ExpGrad.1,1,0.711223,-0.040010593243481,-0.1128080091880749,-0.1128080091880749,-0.0310169832520287,-0.042738494694045,0 days 00:02:22.838937
616,ExpGrad.01,1,0.603559,-0.0047707448633788,-0.0156948247102861,-0.0156948247102861,-0.0016069954261655,-0.0061857776322359,0 days 00:06:01.193557
617,RedGrid25,1,0.70048,-0.0053300669820488,-0.0933789758989998,-0.0933789758989998,0.0,-0.0055540720045234,0 days 00:14:35.068990
618,RedGrid5,1,0.70048,-0.0053300669820488,-0.0933789758989998,-0.0933789758989998,0.0,-0.0055540720045234,0 days 00:14:35.196695
619,RedGrid75,1,0.70048,-0.0053300669820488,-0.0933789758989998,-0.0933789758989998,0.0,-0.0055540720045234,0 days 00:14:27.163644
620,ExpGrad.1,1,0.709545,-0.0169246284127413,-0.1046515805599563,-0.1046515805599563,-0.0087898218493536,-0.0186912747678537,0 days 00:02:43.577545
621,ExpGrad.01,1,0.599755,-0.0002225774606899,-0.0113150248599971,-0.0113150248599971,0.0,0.0,0 days 00:04:01.772812
622,RedGrid25,1,0.699266,-0.0443163809234955,-0.1125055922677478,-0.1125055922677478,0.0,-0.0667108597944026,0 days 00:11:52.580756
623,RedGrid5,1,0.682465,-0.0007600042712371,-0.0386358402872269,-0.0386358402872269,0.0,0.0,0 days 00:12:18.385325
624,RedGrid75,1,0.682465,-0.0007600042712371,-0.0386358402872269,-0.0386358402872269,0.0,0.0,0 days 00:11:33.616524
625,ExpGrad.1,1,0.708997,-0.0368881188039439,-0.1118064958876431,-0.1118064958876431,-0.0546518977535156,-0.0247551271694758,0 days 00:02:42.210856
626,ExpGrad.01,1,0.599079,-0.0002669921883149,-0.0136487250169805,-0.0136487250169805,0.0,0.0,0 days 00:03:32.984879
627,RedGrid25,1,0.704287,-0.0746874020810103,-0.1354069402138843,-0.1354069402138843,-0.0847998016303417,-0.067220736563291,0 days 00:11:52.806703
628,RedGrid5,1,0.70041,-0.0190779083522476,-0.1072429823986556,-0.1072429823986556,-0.0108513492999873,-0.0208914137029663,0 days 00:11:56.785342
629,RedGrid75,1,0.70041,-0.0190779083522476,-0.1072429823986556,-0.1072429823986556,-0.0108513492999873,-0.0208914137029663,0 days 00:11:55.256575
630,ExpGrad.1,1,0.711599,-0.0324909672563791,-0.1128880298818947,-0.1128880298818947,-0.0361956522160866,-0.0279426999513393,0 days 00:03:19.089188
631,ExpGrad.01,1,0.605203,-0.0001932648656119,-0.0098360177798072,-0.0098360177798072,0.0,0.0,0 days 00:04:12.963846
632,RedGrid25,1,0.700755,-0.0174371108411298,-0.1069822777660535,-0.1069822777660535,-0.0057094586692757,-0.0211299709593525,0 days 00:13:51.921830
633,RedGrid5,1,0.700755,-0.0174371108411298,-0.1069822777660535,-0.1069822777660535,-0.0057094586692757,-0.0211299709593525,0 days 00:13:53.862153
634,RedGrid75,1,0.700755,-0.0174371108411298,-0.1069822777660535,-0.1069822777660535,-0.0057094586692757,-0.0211299709593525,0 days 00:13:52.322711
635,ExpGrad.1,2,0.715778,-0.0556197030000214,-0.0869201869137368,-0.0869201869137368,-0.0459636101530425,-0.0342538622847852,0 days 00:02:12.033727
636,ExpGrad.01,2,0.6336,-0.0074491627679619,-0.0098909312183511,-0.0098909312183511,-0.0068661308500781,-0.0056693144549355,0 days 00:04:18.377130
637,RedGrid25,2,0.720015,-0.0685870657330453,-0.0925054861630954,-0.0925054861630954,-0.0749941315287336,-0.0431028997068314,0 days 00:13:21.120963
638,RedGrid5,2,0.675145,-0.0289107295507198,-0.0470397682370261,-0.0470397682370261,0.0,-0.0320249512471569,0 days 00:12:05.701681
639,RedGrid75,2,0.675145,-0.0289107295507198,-0.0470397682370261,-0.0470397682370261,0.0,-0.0320249512471569,0 days 00:12:00.327983
640,ExpGrad.1,2,0.706983,-0.0467397965834075,-0.0834377212178706,-0.0834377212178706,-0.0211593378063651,-0.0309822784445794,0 days 00:03:08.489212
641,ExpGrad.01,2,0.625036,-0.0075554957150618,-0.0105553540535392,-0.0098118143368943,0.0,-0.0105553540535392,0 days 00:04:03.771495
642,RedGrid25,2,0.722627,-0.070985887583356,-0.1093409944338439,-0.1093409944338439,-0.0618541342845432,-0.042839138054237,0 days 00:14:06.074353
643,RedGrid5,2,0.667476,-0.0165832226208583,-0.0475143897171645,-0.0475143897171645,0.0,0.0,0 days 00:13:55.165799
644,RedGrid75,2,0.667476,-0.0165832226208583,-0.0475143897171645,-0.0475143897171645,0.0,0.0,0 days 00:13:56.235928
645,ExpGrad.1,2,0.717518,-0.0643930729556754,-0.1017309742360727,-0.1017309742360727,-0.0231431967779148,-0.0585329095981444,0 days 00:02:59.979675
646,ExpGrad.01,2,0.618596,-0.0044799113644267,-0.0107769829644106,-0.0107769829644106,-0.0021221043429667,-0.0004349795281514,0 days 00:03:41.850250
647,RedGrid25,2,0.711117,-0.0664828137774548,-0.0938533101235545,-0.0938533101235545,-0.0372082273119718,-0.0615466147262489,0 days 00:12:16.372800
648,RedGrid5,2,0.679929,-0.0338376696546566,-0.0535756324086,-0.0535756324086,0.0,-0.0387363458805689,0 days 00:11:54.184844
649,RedGrid75,2,0.648074,-0.0097536547085538,-0.0201216494933209,-0.0201216494933209,-0.0105264953043064,0.0,0 days 00:11:11.239200
650,ExpGrad.1,2,0.702326,-0.0415046827021233,-0.0804808394644851,-0.0804808394644851,-0.0317364970523456,-0.0137274928357672,0 days 00:02:56.127776
651,ExpGrad.01,2,0.613434,-0.003726963474733,-0.0051057562444832,-0.0049664602342564,0.0,-0.0051057562444832,0 days 00:03:48.527461
652,RedGrid25,2,0.686155,-0.0289563265695131,-0.0736519368703049,-0.0736519368703049,0.0,-0.0088594960201428,0 days 00:11:21.323321
653,RedGrid5,2,0.686155,-0.0289563265695131,-0.0736519368703049,-0.0736519368703049,0.0,-0.0088594960201428,0 days 00:11:01.837325
654,RedGrid75,2,0.686155,-0.0289563265695131,-0.0736519368703049,-0.0736519368703049,0.0,-0.0088594960201428,0 days 00:10:39.317140
655,ExpGrad.1,0,0.706627,-0.0827807998988563,-0.1003477168511557,-0.1003477168511557,-0.0743533603227977,-0.0720605276314728,0 days 00:03:23.283629
656,ExpGrad.01,0,0.683043,-0.0095394797224908,-0.0150726044124531,-0.0150726044124531,-0.0070571533756671,-0.0060678050374534,0 days 00:07:18.944302
657,RedGrid25,0,0.693285,-0.035295995402035,-0.0403737848965247,-0.0390284763337546,-0.0201895599873286,-0.0403737848965247,0 days 00:13:29.307140
658,RedGrid5,0,0.693285,-0.035295995402035,-0.0403737848965247,-0.0390284763337546,-0.0201895599873286,-0.0403737848965247,0 days 00:13:12.067077
659,RedGrid75,0,0.693285,-0.035295995402035,-0.0403737848965247,-0.0390284763337546,-0.0201895599873286,-0.0403737848965247,0 days 00:13:31.437998
660,ExpGrad.1,0,0.706957,-0.0834701744383751,-0.0998748007487333,-0.0998748007487333,-0.0756651750660162,-0.0733735451240604,0 days 00:03:15.703620
661,ExpGrad.01,0,0.685415,-0.0143230052594915,-0.0181362159272306,-0.0181362159272306,-0.0086868878917488,-0.0140863858949872,0 days 00:05:21.059152
662,RedGrid25,0,0.682941,-0.1173914201346726,-0.1505363418523343,-0.1505363418523343,-0.0992063952777863,-0.0983252302739329,0 days 00:12:46.565643
663,RedGrid5,0,0.682941,-0.1173914201346726,-0.1505363418523343,-0.1505363418523343,-0.0992063952777863,-0.0983252302739329,0 days 00:12:49.270575
664,RedGrid75,0,0.682941,-0.1173914201346726,-0.1505363418523343,-0.1505363418523343,-0.0992063952777863,-0.0983252302739329,0 days 00:13:04.864451
665,ExpGrad.1,2,0.704917,-0.0561586908334996,-0.0925716073698846,-0.0925716073698846,-0.0403791847838669,-0.0340905069087557,0 days 00:02:15.401451
666,ExpGrad.01,2,0.618096,-0.0108772543363089,-0.0150153721255796,-0.0142937232812947,0.0,-0.0150153721255796,0 days 00:02:12.497994
667,RedGrid25,2,0.726983,-0.0859925902564244,-0.1112844374828245,-0.1112844374828245,-0.0844949628010349,-0.0644121864855776,0 days 00:11:22.658050
668,RedGrid5,2,0.69198,-0.0476435897555975,-0.08735311823007,-0.08735311823007,0.0,-0.0436870642741082,0 days 00:11:01.581064
669,RedGrid75,2,0.69198,-0.0476435897555975,-0.08735311823007,-0.08735311823007,0.0,-0.0436870642741082,0 days 00:11:19.347016
670,ExpGrad.1,0,0.706547,-0.0773593195216802,-0.0942996646795331,-0.0942996646795331,-0.0690925303376348,-0.067106565820368,0 days 00:03:12.157281
671,ExpGrad.01,0,0.684658,-0.0080866929788777,-0.0128611706780338,-0.0128611706780338,-0.005846566102254,-0.0051472920094806,0 days 00:05:54.542270
672,RedGrid25,0,0.694227,-0.0522977873408909,-0.0736784223983915,-0.046982576826285,-0.0736784223983915,-0.0451037489019637,0 days 00:11:28.296023
673,RedGrid5,0,0.694227,-0.0522977873408909,-0.0736784223983915,-0.046982576826285,-0.0736784223983915,-0.0451037489019637,0 days 00:11:24.514942
674,RedGrid75,0,0.694227,-0.0522977873408909,-0.0736784223983915,-0.046982576826285,-0.0736784223983915,-0.0451037489019637,0 days 00:11:18.059477
675,ExpGrad.1,2,0.698674,-0.0544938327365724,-0.0868038390144662,-0.0868038390144662,-0.0189467823022275,-0.0497563470714471,0 days 00:02:46.200082
676,ExpGrad.01,2,0.628962,-0.0149166869578239,-0.0194014980445191,-0.0194014980445191,-0.0096210959837209,-0.0145024713495178,0 days 00:06:33.753142
677,RedGrid25,2,0.71374,-0.0761219345566927,-0.1158201812410906,-0.1158201812410906,-0.042757759053132,-0.0633584380577853,0 days 00:13:19.276873
678,RedGrid5,2,0.689909,-0.0463533179786201,-0.0808652343105545,-0.0808652343105545,0.0,-0.046937830579828,0 days 00:13:21.073778
679,RedGrid75,2,0.638744,-0.0334843820237035,-0.0621791610570589,-0.0176485275315297,-0.0621791610570589,-0.0282165391675896,0 days 00:13:16.432226
680,ExpGrad.1,2,0.709384,-0.0626598939996475,-0.0938247402229633,-0.0938247402229633,-0.0382322936090594,-0.0512584548856094,0 days 00:03:30.295103
681,ExpGrad.01,2,0.622015,-0.0056528405971385,-0.0085494567015027,-0.0066460058066423,0.0,-0.0085494567015027,0 days 00:05:13.275088
682,RedGrid25,2,0.731405,-0.0937425402612334,-0.1154369058193272,-0.1154369058193272,-0.1003883955007747,-0.0699886065976808,0 days 00:11:43.603752
683,RedGrid5,2,0.702111,-0.0521934296369968,-0.0979314338731217,-0.0979314338731217,0.0,-0.0463906886633192,0 days 00:11:19.502754
684,RedGrid75,2,0.702111,-0.0521934296369968,-0.0979314338731217,-0.0979314338731217,0.0,-0.0463906886633192,0 days 00:11:36.682467
685,ExpGrad.1,0,0.706272,-0.0766291846238452,-0.0940845766745434,-0.0940845766745434,-0.0656662061274548,-0.0673753654828854,0 days 00:03:24.021611
686,ExpGrad.01,0,0.685943,-0.0123052085454038,-0.0164479306916315,-0.0164479306916315,-0.0123748710579912,-0.0086390145297275,0 days 00:06:42.559749
687,RedGrid25,0,0.694388,-0.0529484012986776,-0.0757457463307723,-0.049060208473584,-0.0757457463307723,-0.0438094781537926,0 days 00:11:46.832021
688,RedGrid5,0,0.694388,-0.0529484012986776,-0.0757457463307723,-0.049060208473584,-0.0757457463307723,-0.0438094781537926,0 days 00:11:48.134996
689,RedGrid75,0,0.694388,-0.0529484012986776,-0.0757457463307723,-0.049060208473584,-0.0757457463307723,-0.0438094781537926,0 days 00:11:46.282659
690,ExpGrad.1,1,0.711485,-0.0385680705235359,-0.1108660366336564,-0.1108660366336564,-0.0305899561270119,-0.0407705126072385,0 days 00:02:14.918112
691,ExpGrad.01,1,0.60397,-0.0062479546097102,-0.0226361927280476,-0.0226361927280476,-0.0035464083627292,-0.0072423508787637,0 days 00:02:13.690030
692,RedGrid25,1,0.705987,-0.051117712031599,-0.1280455407954689,-0.1280455407954689,-0.0498112058898246,-0.0494790312912958,0 days 00:11:56.771034
693,RedGrid5,1,0.705987,-0.051117712031599,-0.1280455407954689,-0.1280455407954689,-0.0498112058898246,-0.0494790312912958,0 days 00:12:09.099723
694,RedGrid75,1,0.697098,-0.0016815122272287,-0.0867722163444609,-0.0867722163444609,0.0,0.0,0 days 00:12:10.918112
695,ExpGrad.1,1,0.709866,-0.0186918770101907,-0.1182958903094487,-0.1182958903094487,-0.0083585163779107,-0.0212977346571228,0 days 00:03:09.217639
696,ExpGrad.01,1,0.591696,-0.0017190349712769,-0.0168782944180802,-0.0168782944180802,-0.0005436335893088,-0.0018954883754024,0 days 00:04:13.459614
697,RedGrid25,1,0.705415,-0.0592064537325025,-0.1429360149332399,-0.1429360149332399,-0.0591380607843911,-0.0566215277080855,0 days 00:14:00.667496
698,RedGrid5,1,0.698842,-0.0060588728008045,-0.1102641553962748,-0.1102641553962748,0.0,-0.0061520058406473,0 days 00:14:01.877049
699,RedGrid75,1,0.698842,-0.0060588728008045,-0.1102641553962748,-0.1102641553962748,0.0,-0.0061520058406473,0 days 00:14:04.574197
700,ExpGrad.1,2,0.712262,-0.0583865039022847,-0.0932371700297342,-0.0932371700297342,-0.0631552661040987,-0.0238580689659345,0 days 00:02:33.578921
701,ExpGrad.01,2,0.622762,-0.0071035150146353,-0.0111354128048765,-0.0111354128048765,-0.0036225196441655,-0.0057955523283274,0 days 00:04:50.876099
702,RedGrid25,2,0.726733,-0.0969850157646814,-0.1265837871330826,-0.1265837871330826,-0.1041747646856204,-0.0655682407161645,0 days 00:12:26.903946
703,RedGrid5,2,0.696121,-0.0446684917562689,-0.0748253170450906,-0.0748253170450906,-0.0697935964108187,-0.0008008353336884,0 days 00:12:28.980909
704,RedGrid75,2,0.63394,-0.0276128427627927,-0.0367437272635179,-0.0108174062073626,-0.0367437272635179,-0.0366387306304065,0 days 00:12:24.113582
705,ExpGrad.1,1,0.712391,-0.0467174074222928,-0.1177534116374335,-0.1177534116374335,-0.0591848291200608,-0.0376894643562293,0 days 00:02:52.124787
706,ExpGrad.01,1,0.600853,-5.088656564156468e-05,-0.0026679321664119,-0.0026679321664119,0.0,0.0,0 days 00:05:46.490383
707,RedGrid25,1,0.707287,-0.0528916720366868,-0.1273678139438656,-0.1273678139438656,-0.0562651498140532,-0.0487812285234243,0 days 00:13:34.753936
708,RedGrid5,1,0.707287,-0.0528916720366868,-0.1273678139438656,-0.1273678139438656,-0.0562651498140532,-0.0487812285234243,0 days 00:13:34.206799
709,RedGrid75,1,0.69441,-0.0015662062974119,-0.0821146427828325,-0.0821146427828325,0.0,0.0,0 days 00:13:32.646402
710,ExpGrad.1,2,0.713183,-0.0610481008753115,-0.0953148823522079,-0.0953148823522079,-0.0153850848029748,-0.0608792816121834,0 days 00:02:29.610297
711,ExpGrad.01,2,0.626491,-0.0033662581590982,-0.0054429922398441,-0.0054429922398441,0.0,-0.0037494706287881,0 days 00:03:14.998751
712,RedGrid25,2,0.724899,-0.0797593012982823,-0.1085571017638344,-0.1085571017638344,-0.0710007915734737,-0.0601595154705181,0 days 00:11:11.028021
713,RedGrid5,2,0.69659,-0.0506543218951389,-0.0858671016334851,-0.0858671016334851,0.0,-0.0529318757951913,0 days 00:11:05.682708
714,RedGrid75,2,0.663539,-0.0306189801548544,-0.0447471585532833,-0.0447471585532833,0.0,-0.038296711243936,0 days 00:10:48.325755
715,ExpGrad.1,1,0.709897,-0.0270525112666606,-0.1106550571537084,-0.1106550571537084,-0.0277504649713218,-0.024058652309821,0 days 00:02:46.009648
716,ExpGrad.01,1,0.582775,-0.0028440467424496,-0.0078724523462793,-0.0049663605835713,-0.0078724523462793,0.0,0 days 00:03:29.505288
717,RedGrid25,1,0.70891,-0.0677099078346629,-0.1401782931228721,-0.1401782931228721,-0.0788559597445199,-0.0592915953916008,0 days 00:13:04.664852
718,RedGrid5,1,0.70031,-0.0019696458772461,-0.0999780644984326,-0.0999780644984326,0.0,0.0,0 days 00:13:45.925351
719,RedGrid75,1,0.70031,-0.0019696458772461,-0.0999780644984326,-0.0999780644984326,0.0,0.0,0 days 00:12:24.889875
720,ExpGrad.1,1,0.712389,-0.0436837083120209,-0.1244601117735823,-0.1244601117735823,-0.0428248321918384,-0.0416754723191349,0 days 00:03:07.381897
721,ExpGrad.01,1,0.589068,-0.0001730144565544,-0.0089145591638407,-0.0089145591638407,0.0,0.0,0 days 00:03:11.046703
722,RedGrid25,1,0.707405,-0.0486356834709333,-0.1259640223734592,-0.1259640223734592,-0.035314468352196,-0.0536309689456718,0 days 00:10:51.143953
723,RedGrid5,1,0.694058,-0.0017230410136082,-0.0887795815646214,-0.0887795815646214,0.0,0.0,0 days 00:10:51.886580
724,RedGrid75,1,0.694058,-0.0017230410136082,-0.0887795815646214,-0.0887795815646214,0.0,0.0,0 days 00:10:52.051721
725,ExpGrad.1,0,0.70723,-0.0768500913173068,-0.094703086592543,-0.094703086592543,-0.0659688700412901,-0.0671683075166449,0 days 00:02:45.479989
726,ExpGrad.01,0,0.688032,-0.0125118734073717,-0.01724193383603,-0.01724193383603,-0.0102806300804155,-0.0095849949579378,0 days 00:04:25.883175
727,RedGrid25,0,0.687124,-0.0788759473181982,-0.1116352919736065,-0.1116352919736065,-0.0026341236563077,-0.0923480128590162,0 days 00:08:20.059388
728,RedGrid5,0,0.687124,-0.0788759473181982,-0.1116352919736065,-0.1116352919736065,-0.0026341236563077,-0.0923480128590162,0 days 00:08:22.026022
729,RedGrid75,0,0.687124,-0.0788759473181982,-0.1116352919736065,-0.1116352919736065,-0.0026341236563077,-0.0923480128590162,0 days 00:08:17.335770
730,ExpGrad.1,0,0.707237,-0.0833202085178636,-0.1013318563186667,-0.1013318563186667,-0.0733708137817328,-0.0730200220091565,0 days 00:03:23.128937
731,ExpGrad.01,0,0.687656,-0.012965496673799,-0.0190036158202642,-0.0190036158202642,-0.010337186469626,-0.0091210761795936,0 days 00:06:32.931385
732,RedGrid25,0,0.690673,-0.0194567993462907,-0.0260386566129779,-0.0260386566129779,-0.0073309231313332,-0.0203931990108388,0 days 00:12:53.621781
733,RedGrid5,0,0.690673,-0.0194567993462907,-0.0260386566129779,-0.0260386566129779,-0.0073309231313332,-0.0203931990108388,0 days 00:12:53.376511
734,RedGrid75,0,0.690673,-0.0194567993462907,-0.0260386566129779,-0.0260386566129779,-0.0073309231313332,-0.0203931990108388,0 days 00:12:54.137207
735,ExpGrad.1,1,0.708514,-0.0314775338210328,-0.1101236934341681,-0.1101236934341681,-0.0401019201939105,-0.024278552852455,0 days 00:02:25.466109
736,ExpGrad.01,1,0.597616,-0.0007660745243816,-0.018430713377753,-0.018430713377753,0.0,-0.0006452482935372,0 days 00:04:57.063443
737,RedGrid25,1,0.705301,-0.0668286724232916,-0.1409439159734117,-0.1409439159734117,-0.0706821324928237,-0.0624099937254221,0 days 00:14:22.015495
738,RedGrid5,1,0.700727,-0.0102102895820609,-0.1047452720661902,-0.1047452720661902,0.0,-0.0129456526846265,0 days 00:14:22.599904
739,RedGrid75,1,0.683157,-0.000727754590463,-0.0373829637096157,-0.0373829637096157,0.0,0.0,0 days 00:14:18.919894
740,ExpGrad.1,2,0.706716,-0.0526524272199147,-0.0936735845996745,-0.0936735845996745,-0.0060571306609741,-0.0475940930545492,0 days 00:02:18.193417
741,ExpGrad.01,2,0.603599,-0.0049989994004194,-0.0107444792408164,-0.0107444792408164,0.0,-0.0032690551681756,0 days 00:02:36.319628
742,RedGrid25,2,0.712121,-0.0763317077442729,-0.0932649571189173,-0.0932649571189173,-0.0665515239319421,-0.0679203465631886,0 days 00:10:47.413898
743,RedGrid5,2,0.658161,-0.0149914933107464,-0.0433236042013018,-0.0433236042013018,0.0,0.0,0 days 00:10:46.854606
744,RedGrid75,2,0.658161,-0.0149914933107464,-0.0433236042013018,-0.0433236042013018,0.0,0.0,0 days 00:10:55.060887
745,ExpGrad.1,1,0.704898,-0.0140636428787289,-0.0942407312821608,-0.0942407312821608,-0.0178680627684209,-0.0094769296654861,0 days 00:02:36.945959
746,ExpGrad.01,1,0.602164,-0.0089401694950786,-0.0183366760615985,-0.0183366760615985,-0.0110771243020035,-0.007467491076246,0 days 00:03:50.884508
747,RedGrid25,1,0.707637,-0.0574348259986935,-0.1341309641685444,-0.1341309641685444,-0.0599960737267242,-0.0536433557970753,0 days 00:12:40.231238
748,RedGrid5,1,0.707637,-0.0574348259986935,-0.1341309641685444,-0.1341309641685444,-0.0599960737267242,-0.0536433557970753,0 days 00:12:56.794291
749,RedGrid75,1,0.707637,-0.0574348259986935,-0.1341309641685444,-0.1341309641685444,-0.0599960737267242,-0.0536433557970753,0 days 00:13:06.082286
750,ExpGrad.1,1,0.711765,-0.0367970783161608,-0.1081121596614357,-0.1081121596614357,-0.0373236256840614,-0.0342750030390068,0 days 00:02:40.722374
751,ExpGrad.01,1,0.603171,-0.002631797559005,-0.0213293777701511,-0.0213293777701511,-0.0028731555080201,-0.0019133526334088,0 days 00:03:31.940457
752,RedGrid25,1,0.697659,-0.0058980628629266,-0.0918757456795703,-0.0918757456795703,0.0,-0.0064746729901516,0 days 00:12:55.531792
753,RedGrid5,1,0.697659,-0.0058980628629266,-0.0918757456795703,-0.0918757456795703,0.0,-0.0064746729901516,0 days 00:13:02.205204
754,RedGrid75,1,0.697659,-0.0058980628629266,-0.0918757456795703,-0.0918757456795703,0.0,-0.0064746729901516,0 days 00:13:19.704569
755,ExpGrad.1,0,0.706048,-0.0850605532512386,-0.1024601914449736,-0.1024601914449736,-0.0750411091751195,-0.0753931121371621,0 days 00:03:21.440722
756,ExpGrad.01,0,0.687346,-0.012849229956675,-0.0184278818640617,-0.0184278818640617,-0.0084864492659799,-0.0103881784478582,0 days 00:08:15.506427
757,RedGrid25,0,0.685576,-0.1270339112065478,-0.1569333202096976,-0.1569333202096976,-0.1040438585084345,-0.113625627654373,0 days 00:13:27.510018
758,RedGrid5,0,0.685576,-0.1270339112065478,-0.1569333202096976,-0.1569333202096976,-0.1040438585084345,-0.113625627654373,0 days 00:13:37.528903
759,RedGrid75,0,0.667192,-0.0542008138310583,-0.1117066719251594,-0.1117066719251594,-0.0010050469274289,-0.0333962180890139,0 days 00:13:31.739067
760,ExpGrad.1,2,0.718439,-0.0657759257195858,-0.1046449007608946,-0.1046449007608946,-0.0568672750470231,-0.0373796711180411,0 days 00:02:31.245409
761,ExpGrad.01,2,0.632537,-0.009041189438214,-0.0208965770388309,-0.0208965770388309,-0.0069000076481994,0.0,0 days 00:03:38.317187
762,RedGrid25,2,0.699769,-0.0471565728959312,-0.0795651879048802,-0.0743254812582568,-0.0795651879048802,-0.0018157071027961,0 days 00:13:06.002813
763,RedGrid5,2,0.672301,-0.0190446417443931,-0.0548927547972555,-0.0548927547972555,0.0,0.0,0 days 00:13:09.743511
764,RedGrid75,2,0.672301,-0.0190446417443931,-0.0548927547972555,-0.0548927547972555,0.0,0.0,0 days 00:13:09.431647
765,ExpGrad.1,0,0.705739,-0.0840001832225745,-0.1002769615023068,-0.1002769615023068,-0.0753238445995984,-0.0744353915661691,0 days 00:03:10.766580
766,ExpGrad.01,0,0.686739,-0.0143754442392905,-0.0187368861563457,-0.0187368861563457,-0.0106845991380052,-0.0125679718737811,0 days 00:06:26.707303
767,RedGrid25,0,0.683352,-0.0795657303819452,-0.1083375482115269,-0.1083375482115269,0.0,-0.0981805053590306,0 days 00:11:50.749552
768,RedGrid5,0,0.663154,-0.0528658279000225,-0.1101580523301072,-0.1101580523301072,0.0,-0.0315465601488887,0 days 00:11:53.964429
769,RedGrid75,0,0.663154,-0.0528658279000225,-0.1101580523301072,-0.1101580523301072,0.0,-0.0315465601488887,0 days 00:11:50.394563
770,ExpGrad.1,0,0.707153,-0.0822419729941961,-0.0995468423414897,-0.0995468423414897,-0.0734573566971524,-0.0719103672133957,0 days 00:03:19.561518
771,ExpGrad.01,0,0.685292,-0.0102255159664294,-0.0154340056119195,-0.0154340056119195,-0.0055444818347932,-0.0082416626350324,0 days 00:05:37.848160
772,RedGrid25,0,0.68596,-0.1214714637705203,-0.1502486693253033,-0.1502486693253033,-0.1015826662067812,-0.1072087953103404,0 days 00:12:07.015925
773,RedGrid5,0,0.68596,-0.1214714637705203,-0.1502486693253033,-0.1502486693253033,-0.1015826662067812,-0.1072087953103404,0 days 00:12:07.322530
774,RedGrid75,0,0.68596,-0.1214714637705203,-0.1502486693253033,-0.1502486693253033,-0.1015826662067812,-0.1072087953103404,0 days 00:12:07.452705
775,ExpGrad.1,0,0.70669,-0.081408617796356,-0.0984513829297994,-0.0984513829297994,-0.0739230849904891,-0.0705863169464092,0 days 00:04:23.088614
776,ExpGrad.01,0,0.690734,-0.0117525121129066,-0.0188599185898686,-0.0188599185898686,-0.0093548639840318,-0.0068385454679641,0 days 00:11:22.058132
777,RedGrid25,0,0.682416,-0.1131777639241213,-0.1474835613027633,-0.1474835613027633,-0.0952445966973681,-0.0929789874276096,0 days 00:17:53.800635
778,RedGrid5,0,0.682416,-0.1131777639241213,-0.1474835613027633,-0.1474835613027633,-0.0952445966973681,-0.0929789874276096,0 days 00:16:47.286358
779,RedGrid75,0,0.682416,-0.1131777639241213,-0.1474835613027633,-0.1474835613027633,-0.0952445966973681,-0.0929789874276096,0 days 00:16:56.998221
780,ExpGrad.1,1,0.710543,-0.0257558460938919,-0.1124142691327219,-0.1124142691327219,-0.0188581863003916,-0.0268960421795849,0 days 00:02:47.472735
781,ExpGrad.01,1,0.599404,-0.0094149444431004,-0.0100537279731422,-0.0055224316084297,-0.0084763412947592,-0.0100537279731422,0 days 00:03:18.718686
782,RedGrid25,1,0.701294,-0.010579908325312,-0.1068922885559492,-0.1068922885559492,0.0,-0.0134575785284031,0 days 00:09:50.131126
783,RedGrid5,1,0.701294,-0.010579908325312,-0.1068922885559492,-0.1068922885559492,0.0,-0.0134575785284031,0 days 00:09:54.569775
784,RedGrid75,1,0.701294,-0.010579908325312,-0.1068922885559492,-0.1068922885559492,0.0,-0.0134575785284031,0 days 00:09:55.423297
785,ExpGrad.1,2,0.710384,-0.0667892774100033,-0.0955526052194285,-0.0955526052194285,-0.0492616053618554,-0.0528709802222542,0 days 00:02:37.289582
786,ExpGrad.01,2,0.62836,-0.0074217383339755,-0.0153025653641059,-0.0153025653641059,-0.0079632059341458,0.0,0 days 00:05:00.853813
787,RedGrid25,2,0.730231,-0.1018401425017352,-0.1257812743680348,-0.1257812743680348,-0.1078709759929891,-0.0763322139707444,0 days 00:11:57.375645
788,RedGrid5,2,0.651791,-0.0305061835290828,-0.0416887957110177,-0.0416887957110177,0.0,-0.0410922119313482,0 days 00:11:38.636148
789,RedGrid75,2,0.651791,-0.0305061835290828,-0.0416887957110177,-0.0416887957110177,0.0,-0.0410922119313482,0 days 00:11:51.020588
790,ExpGrad.1,0,0.70659,-0.0803797027710425,-0.0977418577224836,-0.0977418577224836,-0.071224607776532,-0.0701569953215913,0 days 00:03:26.944843
791,ExpGrad.01,0,0.687429,-0.0123121685679693,-0.0178370148976653,-0.0178370148976653,-0.0095697378832021,-0.0089646266660622,0 days 00:06:55.949806
792,RedGrid25,0,0.683245,-0.1105836416225691,-0.1453192732162681,-0.1453192732162681,-0.0904228949721652,-0.091152526876779,0 days 00:12:31.176897
793,RedGrid5,0,0.683245,-0.1105836416225691,-0.1453192732162681,-0.1453192732162681,-0.0904228949721652,-0.091152526876779,0 days 00:12:31.561196
794,RedGrid75,0,0.683245,-0.1105836416225691,-0.1453192732162681,-0.1453192732162681,-0.0904228949721652,-0.091152526876779,0 days 00:12:32.585154
795,ExpGrad.1,1,0.709321,-0.0296875639792022,-0.1078894385497398,-0.1078894385497398,-0.0362118648826775,-0.0236612632850434,0 days 00:02:15.187114
796,ExpGrad.01,1,0.602344,-0.0115549056327458,-0.0244996082721427,-0.0244996082721427,-0.0156804520477837,-0.0088704118080051,0 days 00:04:14.305928
797,RedGrid25,1,0.705428,-0.0710598843519888,-0.1441239091436563,-0.1441239091436563,-0.0744626900025676,-0.0669210940396944,0 days 00:12:16.550519
798,RedGrid5,1,0.702097,-0.0171566115931712,-0.1092747419067485,-0.1092747419067485,-0.0002170191131756,-0.0236977792071257,0 days 00:12:16.592218
799,RedGrid75,1,0.702097,-0.0171566115931712,-0.1092747419067485,-0.1092747419067485,-0.0002170191131756,-0.0236977792071257,0 days 00:12:16.025517
800,ExpGrad.1,2,0.703588,-0.0456680618344615,-0.0829067247683796,-0.0829067247683796,-0.0174808382126143,-0.0309867179129125,0 days 00:03:49.875251
801,ExpGrad.01,2,0.621786,-0.0086069351097214,-0.0135232113835885,-0.0135232113835885,0.0,-0.0099158392174196,0 days 00:04:30.204656
802,RedGrid25,2,0.7164,-0.0688279624851039,-0.1058935384420405,-0.1058935384420405,-0.0808196854356861,-0.0275977567759716,0 days 00:13:22.466999
803,RedGrid5,2,0.660883,-0.0236888826186661,-0.0469688343245521,-0.0469688343245521,0.0,-0.01854340181123,0 days 00:13:18.980085
804,RedGrid75,2,0.660883,-0.0236888826186661,-0.0469688343245521,-0.0469688343245521,0.0,-0.01854340181123,0 days 00:13:16.221697
805,ExpGrad.1,1,0.711939,-0.0364533523136766,-0.1176226597668134,-0.1176226597668134,-0.0294155341671702,-0.0378422717463364,0 days 00:02:31.601964
806,ExpGrad.01,1,0.603852,-0.0033970892159731,-0.0118974361595912,-0.0118974361595912,0.0,-0.0050151871080202,0 days 00:04:59.112793
807,RedGrid25,1,0.698955,-0.0439309358872885,-0.1134869726184744,-0.1134869726184744,0.0,-0.0661030918870575,0 days 00:13:34.136653
808,RedGrid5,1,0.683079,-0.0008388828607516,-0.0430307185360402,-0.0430307185360402,0.0,0.0,0 days 00:13:36.418213
809,RedGrid75,1,0.683079,-0.0008388828607516,-0.0430307185360402,-0.0430307185360402,0.0,0.0,0 days 00:13:30.311648
810,ExpGrad.1,1,0.711287,-0.0412217048134626,-0.114457895853124,-0.114457895853124,-0.036897600567432,-0.0413345119502335,0 days 00:02:56.500797
811,ExpGrad.01,1,0.57827,0.0,0.0,0.0,0.0,0.0,0 days 00:02:20.885732
812,RedGrid25,1,0.704242,-0.0645963741180934,-0.1331418158249521,-0.1331418158249521,-0.0709625423557162,-0.0589604650985265,0 days 00:09:56.974636
813,RedGrid5,1,0.704242,-0.0645963741180934,-0.1331418158249521,-0.1331418158249521,-0.0709625423557162,-0.0589604650985265,0 days 00:09:58.287087
814,RedGrid75,1,0.704242,-0.0645963741180934,-0.1331418158249521,-0.1331418158249521,-0.0709625423557162,-0.0589604650985265,0 days 00:09:59.745109
815,ExpGrad.1,2,0.700504,-0.0446381172475156,-0.0714351250001312,-0.0714351250001312,-0.0303059542334597,-0.030496372252706,0 days 00:04:13.154153
816,ExpGrad.01,2,0.603531,-0.0110413019112736,-0.0120509083513864,-0.0120509083513864,-0.0110793079761391,-0.0101153463628289,0 days 00:04:55.632096
817,RedGrid25,2,0.714847,-0.0808934843201758,-0.0916904928239618,-0.0916904928239618,-0.0712689038264215,-0.0778142341136239,0 days 00:13:59.266143
818,RedGrid5,2,0.679417,-0.0319590459960813,-0.0516522661006056,-0.0516522661006056,0.0,-0.0361405296728928,0 days 00:14:02.339276
819,RedGrid75,2,0.679417,-0.0319590459960813,-0.0516522661006056,-0.0516522661006056,0.0,-0.0361405296728928,0 days 00:13:59.788771
820,ExpGrad.1,1,0.709111,-0.0203034688243036,-0.1006692863842673,-0.1006692863842673,-0.0195170166971803,-0.0182637165369138,0 days 00:03:41.214629
821,ExpGrad.01,1,0.594478,-0.0115871589194724,-0.0186277876078752,-0.0186277876078752,-0.0135880101451951,-0.0102603860224141,0 days 00:03:29.943806
822,RedGrid25,1,0.698566,-0.0018602645170617,-0.095733439473635,-0.095733439473635,0.0,0.0,0 days 00:13:27.132713
823,RedGrid5,1,0.698566,-0.0018602645170617,-0.095733439473635,-0.095733439473635,0.0,0.0,0 days 00:13:17.909724
824,RedGrid75,1,0.698566,-0.0018602645170617,-0.095733439473635,-0.095733439473635,0.0,0.0,0 days 00:14:00.807974
825,ExpGrad.1,0,0.706717,-0.0832906020385536,-0.0999961581428965,-0.0999961581428965,-0.0744162082283211,-0.0735839266568925,0 days 00:03:19.336323
826,ExpGrad.01,0,0.685814,-0.0147181107972871,-0.0191287070097246,-0.0191287070097246,-0.0139794691725694,-0.011270689630954,0 days 00:05:25.928755
827,RedGrid25,0,0.68325,-0.1133764437941836,-0.1481620796926822,-0.1481620796926822,-0.0942407832829225,-0.0935265402448752,0 days 00:12:37.079142
828,RedGrid5,0,0.68325,-0.1133764437941836,-0.1481620796926822,-0.1481620796926822,-0.0942407832829225,-0.0935265402448752,0 days 00:12:32.611877
829,RedGrid75,0,0.68325,-0.1133764437941836,-0.1481620796926822,-0.1481620796926822,-0.0942407832829225,-0.0935265402448752,0 days 00:12:40.295787
830,ExpGrad.1,2,0.719994,-0.0656172603355552,-0.0898693431056738,-0.0898693431056738,-0.063626442320515,-0.0451656403764518,0 days 00:01:45.334342
831,ExpGrad.01,2,0.611087,-0.0061977252330878,-0.0113166874390794,-0.0093033389765335,-0.0113166874390794,0.0,0 days 00:02:14.166146
832,RedGrid25,2,0.712574,-0.0629228686342799,-0.0858051998232086,-0.0858051998232086,-0.0797495440654267,-0.0311696002022342,0 days 00:07:54.317229
833,RedGrid5,2,0.69456,-0.0374215567336334,-0.0791006170026498,-0.0791006170026498,0.0,-0.024916525102078,0 days 00:07:54.951215
834,RedGrid75,2,0.689169,-0.0461959717084884,-0.0695932403010043,-0.0635554527723899,-0.0695932403010043,-0.0150262767794974,0 days 00:07:54.956885
835,ExpGrad.1,1,0.710352,-0.0299067008602088,-0.1183004437588941,-0.1183004437588941,-0.0402902229569805,-0.0214360921553465,0 days 00:03:35.186691
836,ExpGrad.01,1,0.611145,-0.0091995847933257,-0.0290696332686941,-0.0290696332686941,-0.0147307091891129,-0.0055272393884857,0 days 00:04:02.634257
837,RedGrid25,1,0.707573,-0.0698660269404942,-0.1470767593316644,-0.1470767593316644,-0.0806444680944949,-0.0615220686652413,0 days 00:14:24.757543
838,RedGrid5,1,0.699512,-0.0019956248771116,-0.102438508499356,-0.102438508499356,0.0,0.0,0 days 00:14:25.014623
839,RedGrid75,1,0.690083,-0.0055480816564573,-0.0746741206586019,-0.0746741206586019,-0.0117225630182629,0.0,0 days 00:14:25.358608
840,ExpGrad.1,0,0.70664,-0.0831723524791352,-0.1009230824150132,-0.1009230824150132,-0.0750628336599104,-0.0720717828135798,0 days 00:02:10.329566
841,ExpGrad.01,0,0.673951,-0.0092997860920924,-0.0133207582357431,-0.0133207582357431,-0.0103348639069051,-0.0051956943152018,0 days 00:03:29.563829
842,RedGrid25,0,0.694225,-0.036587500585935,-0.0409895421010773,-0.0391526195166072,-0.0245633209924074,-0.0409895421010773,0 days 00:09:24.280837
843,RedGrid5,0,0.694225,-0.036587500585935,-0.0409895421010773,-0.0391526195166072,-0.0245633209924074,-0.0409895421010773,0 days 00:09:23.442012
844,RedGrid75,0,0.694225,-0.036587500585935,-0.0409895421010773,-0.0391526195166072,-0.0245633209924074,-0.0409895421010773,0 days 00:09:21.927796
845,ExpGrad.1,2,0.721466,-0.0701376227743527,-0.1045115093728951,-0.1045115093728951,-0.0512668944655332,-0.0520397597841882,0 days 00:02:29.109305
846,ExpGrad.01,2,0.617751,-0.0053917228243875,-0.007931034205563,-0.006523178601403,-1.7936558652842383e-05,-0.007931034205563,0 days 00:02:52.114665
847,RedGrid25,2,0.713433,-0.0646393716261207,-0.0951347627693461,-0.0951347627693461,-0.044278034956545,-0.0509713267778897,0 days 00:13:16.431348
848,RedGrid5,2,0.713433,-0.0646393716261207,-0.0951347627693461,-0.0951347627693461,-0.044278034956545,-0.0509713267778897,0 days 00:12:07.412346
849,RedGrid75,2,0.713433,-0.0646393716261207,-0.0951347627693461,-0.0951347627693461,-0.044278034956545,-0.0509713267778897,0 days 00:12:02.208007
850,ExpGrad.1,1,0.711289,-0.0318521160844138,-0.1062167418921838,-0.1062167418921838,-0.0321007927738433,-0.0293738011996321,0 days 00:03:15.946906
851,ExpGrad.01,1,0.602611,-0.0032475367598795,-0.0138532377079915,-0.0138532377079915,0.0,-0.0047125012399978,0 days 00:04:03.673101
852,RedGrid25,1,0.708264,-0.0626092612825893,-0.1406794875237793,-0.1406794875237793,-0.0714239518152062,-0.0552697027750735,0 days 00:14:43.456095
853,RedGrid5,1,0.699394,-0.0019640656653389,-0.0989300471060413,-0.0989300471060413,0.0,0.0,0 days 00:14:42.029721
854,RedGrid75,1,0.699394,-0.0019640656653389,-0.0989300471060413,-0.0989300471060413,0.0,0.0,0 days 00:14:38.892270
855,ExpGrad.1,2,0.694106,-0.041101266952675,-0.070397009901178,-0.070397009901178,-0.0333890523249327,-0.0201310351237171,0 days 00:02:53.680874
856,ExpGrad.01,2,0.613564,-0.0041391006670107,-0.008373204785904,-0.0024420678165442,0.0,-0.008373204785904,0 days 00:05:05.011871
857,RedGrid25,2,0.723766,-0.086551239148019,-0.1181381251175155,-0.1181381251175155,-0.0929414561144943,-0.0542587471008643,0 days 00:12:57.636392
858,RedGrid5,2,0.687311,-0.0322370620194903,-0.0804016549378571,-0.0804016549378571,0.0,-0.010637083762395,0 days 00:13:05.941969
859,RedGrid75,2,0.674625,-0.0278052397539843,-0.0637624780965643,-0.0637624780965643,0.0,-0.0141413643346057,0 days 00:13:08.377119
860,ExpGrad.1,1,0.708693,-0.0190951076865406,-0.10177819722445,-0.10177819722445,-0.025591235760669,-0.0129245653355548,0 days 00:02:09.329390
861,ExpGrad.01,1,0.582884,-6.316599831826693e-06,-0.0003223036354879,-0.0003223036354879,0.0,0.0,0 days 00:03:18.816027
862,RedGrid25,1,0.705163,-0.0618274461722945,-0.1438126164313194,-0.1438126164313194,-0.0605376057357569,-0.0599950491161043,0 days 00:11:28.168606
863,RedGrid5,1,0.705163,-0.0618274461722945,-0.1438126164313194,-0.1438126164313194,-0.0605376057357569,-0.0599950491161043,0 days 00:11:27.805378
864,RedGrid75,1,0.705163,-0.0618274461722945,-0.1438126164313194,-0.1438126164313194,-0.0605376057357569,-0.0599950491161043,0 days 00:11:27.834078
865,ExpGrad.1,1,0.711008,-0.0280753236294126,-0.10730464486741,-0.10730464486741,-0.0231623434915659,-0.0283676832716841,0 days 00:04:21.825216
866,ExpGrad.01,1,0.5956,-0.0005432839732206,-0.0131398550972724,-0.0131398550972724,-0.0008273491580987,0.0,0 days 00:03:17.878687
867,RedGrid25,1,0.700507,-0.0099305565172415,-0.1006683212998881,-0.1006683212998881,0.0,-0.0126483913347386,0 days 00:13:15.045706
868,RedGrid5,1,0.700507,-0.0099305565172415,-0.1006683212998881,-0.1006683212998881,0.0,-0.0126483913347386,0 days 00:13:10.909932
869,RedGrid75,1,0.700507,-0.0099305565172415,-0.1006683212998881,-0.1006683212998881,0.0,-0.0126483913347386,0 days 00:13:08.749352
870,ExpGrad.1,1,0.712562,-0.039767215452408,-0.1179163642349122,-0.1179163642349122,-0.0340488204155058,-0.04054953470789,0 days 00:02:10.964124
871,ExpGrad.01,1,0.610286,-0.0085234197292168,-0.020348793840066,-0.020348793840066,-0.0070145379282077,-0.0089993002065352,0 days 00:03:36.901109
872,RedGrid25,1,0.707773,-0.0613924564360916,-0.1414976493820078,-0.1414976493820078,-0.0592373333120572,-0.0601355104512956,0 days 00:10:31.590013
873,RedGrid5,1,0.707773,-0.0613924564360916,-0.1414976493820078,-0.1414976493820078,-0.0592373333120572,-0.0601355104512956,0 days 00:10:36.592417
874,RedGrid75,1,0.694962,-0.0017325437450827,-0.0896998498186405,-0.0896998498186405,0.0,0.0,0 days 00:10:27.248488
875,ExpGrad.1,2,0.711288,-0.0625469122535807,-0.1020927273695425,-0.1020927273695425,-0.0400405132441592,-0.0420706985387733,0 days 00:02:14.609994
876,ExpGrad.01,2,0.615094,-0.0065307034293041,-0.0125155781466377,-0.0125155781466377,-0.0081951417229128,0.0,0 days 00:03:51.175140
877,RedGrid25,2,0.720755,-0.08475843198361,-0.1063581811237988,-0.0954795181974124,-0.1063581811237988,-0.0604585555252354,0 days 00:09:44.046238
878,RedGrid5,2,0.68441,-0.0278167518936718,-0.0590500663080156,-0.0590500663080156,-0.0272462399440999,0.0,0 days 00:09:44.710337
879,RedGrid75,2,0.676957,-0.0288948179021943,-0.0702455614256951,-0.0702455614256951,0.0,-0.0111125707971523,0 days 00:09:44.564437
880,ExpGrad.1,0,0.707741,-0.0840721969923289,-0.1010158441376307,-0.1010158441376307,-0.0757586925355594,-0.0737615790153091,0 days 00:03:12.118047
881,ExpGrad.01,0,0.689912,-0.0148195727713856,-0.0207386082374122,-0.0207386082374122,-0.0132704862444239,-0.0104670916941939,0 days 00:07:14.411013
882,RedGrid25,0,0.68655,-0.1261912984898432,-0.1563021096055998,-0.1563021096055998,-0.1043942019272491,-0.1117582157716723,0 days 00:13:19.677238
883,RedGrid5,0,0.68655,-0.1261912984898432,-0.1563021096055998,-0.1563021096055998,-0.1043942019272491,-0.1117582157716723,0 days 00:13:20.608972
884,RedGrid75,0,0.68655,-0.1261912984898432,-0.1563021096055998,-0.1563021096055998,-0.1043942019272491,-0.1117582157716723,0 days 00:13:20.677608
885,ExpGrad.1,2,0.719441,-0.0619131294309813,-0.0985373462756064,-0.0985373462756064,-0.0356887005734919,-0.0465508115390754,0 days 00:03:09.945253
886,ExpGrad.01,2,0.625576,-0.0069904158762162,-0.0131273000478393,-0.0102179733276585,-0.0131273000478393,0.0,0 days 00:05:13.144019
887,RedGrid25,2,0.716679,-0.0675520239388274,-0.0909457863182877,-0.0909457863182877,-0.0668925425585028,-0.0470029090634787,0 days 00:14:28.981889
888,RedGrid5,2,0.716679,-0.0675520239388274,-0.0909457863182877,-0.0909457863182877,-0.0668925425585028,-0.0470029090634787,0 days 00:14:29.199414
889,RedGrid75,2,0.689848,-0.0383908391550011,-0.0743999334965788,-0.0743999334965788,0.0,-0.0316980194127478,0 days 00:14:36.584110
890,ExpGrad.1,0,0.706552,-0.0815885486335084,-0.1002351057730962,-0.1002351057730962,-0.0706784085140277,-0.0712092858174445,0 days 00:03:00.248010
891,ExpGrad.01,0,0.688689,-0.0113651254905231,-0.0172786505596738,-0.0172786505596738,-0.0073331994709594,-0.0083897849751795,0 days 00:07:36.553039
892,RedGrid25,0,0.682027,-0.1157640308691799,-0.150658705120471,-0.150658705120471,-0.0960773163135616,-0.0959366722062258,0 days 00:13:01.109543
893,RedGrid5,0,0.682027,-0.1157640308691799,-0.150658705120471,-0.150658705120471,-0.0960773163135616,-0.0959366722062258,0 days 00:13:08.809920
894,RedGrid75,0,0.682027,-0.1157640308691799,-0.150658705120471,-0.150658705120471,-0.0960773163135616,-0.0959366722062258,0 days 00:13:00.450370
895,ExpGrad.1,1,0.706058,-0.0268065842129806,-0.1057663441027629,-0.1057663441027629,-0.0233835745879371,-0.0262620982219072,0 days 00:02:37.221142
896,ExpGrad.01,1,0.591844,-0.0006489082905162,-0.0084184976698761,-0.0084184976698761,-0.0013882091788745,0.0,0 days 00:03:34.229370
897,RedGrid25,1,0.708034,-0.0549259411139421,-0.1312863135629775,-0.1312863135629775,-0.0627094978643839,-0.0482620387364068,0 days 00:12:36.969207
898,RedGrid5,1,0.699315,-0.0018263419627785,-0.0936931299069542,-0.0936931299069542,0.0,0.0,0 days 00:13:04.182226
899,RedGrid75,1,0.699315,-0.0018263419627785,-0.0936931299069542,-0.0936931299069542,0.0,0.0,0 days 00:12:26.294380
900,ExpGrad.1,2,0.697424,-0.0420359080907935,-0.0711717108280305,-0.0711717108280305,-0.0251943206689117,-0.0273631661120713,0 days 00:02:18.908977
901,ExpGrad.01,2,0.619737,-0.0095821149225188,-0.0150691701762777,-0.0150691701762777,-0.006696547916678,-0.006630043277121,0 days 00:03:57.978836
902,RedGrid25,2,0.714282,-0.0954990124265522,-0.1015163807838365,-0.1015163807838365,-0.0789937485485449,-0.1010635901369763,0 days 00:12:38.553653
903,RedGrid5,2,0.686672,-0.0309566097507171,-0.0748358844976177,-0.0748358844976177,0.0,-0.0125490423817207,0 days 00:12:59.480085
904,RedGrid75,2,0.683922,-0.0298698455256228,-0.0744541132083693,-0.0744541132083693,0.0,-0.0101213555465714,0 days 00:12:49.197301
905,ExpGrad.1,0,0.707292,-0.0841379065029433,-0.1019406452405116,-0.1019406452405116,-0.0750076421032041,-0.0735665113786544,0 days 00:04:51.802295
906,ExpGrad.01,0,0.685159,-0.0124614390596004,-0.0172001907727913,-0.0172001907727913,-0.0130562108572261,-0.0079775677008023,0 days 00:10:54.278431
907,RedGrid25,0,0.686282,-0.0821773914245809,-0.1157722438769508,-0.1157722438769508,-0.0052245106258891,-0.0951983693380092,0 days 00:16:14.577382
908,RedGrid5,0,0.678193,-0.0358602970942052,-0.0541365295883432,-0.0375937746269411,0.0,-0.0541365295883432,0 days 00:14:54.493997
909,RedGrid75,0,0.678193,-0.0358602970942052,-0.0541365295883432,-0.0375937746269411,0.0,-0.0541365295883432,0 days 00:16:12.732113
910,ExpGrad.1,0,0.707597,-0.0784736476036726,-0.0967949788896371,-0.0967949788896371,-0.0664963614440021,-0.0690666582198193,0 days 00:02:55.526530
911,ExpGrad.01,0,0.689242,-0.0139201941061797,-0.0195458331178406,-0.0195458331178406,-0.0107399265569991,-0.0107564545237187,0 days 00:06:54.674031
912,RedGrid25,0,0.695695,-0.0381657464745191,-0.0439208789789147,-0.0415331361904914,-0.0224415212493326,-0.0439208789789147,0 days 00:12:39.163534
913,RedGrid5,0,0.695695,-0.0381657464745191,-0.0439208789789147,-0.0415331361904914,-0.0224415212493326,-0.0439208789789147,0 days 00:12:41.496603
914,RedGrid75,0,0.695695,-0.0381657464745191,-0.0439208789789147,-0.0415331361904914,-0.0224415212493326,-0.0439208789789147,0 days 00:12:48.969868
915,ExpGrad.1,2,0.707198,-0.0523271311206806,-0.0910345482791207,-0.0910345482791207,-0.0306553703777172,-0.0318073900273647,0 days 00:01:41.193676
916,ExpGrad.01,2,0.617703,-0.005883405223399,-0.0128488647502183,-0.0128488647502183,0.0,-0.0035256437918604,0 days 00:01:51.416364
917,RedGrid25,2,0.705931,-0.0600361809689937,-0.1059402047220421,-0.1059402047220421,-0.0086826329081332,-0.0529638803590848,0 days 00:08:33.490524
918,RedGrid5,2,0.68476,-0.0300835875991461,-0.0730149548033872,-0.0730149548033872,0.0,-0.0113938109274967,0 days 00:08:34.392295
919,RedGrid75,2,0.664719,-0.0217568512791772,-0.0618915270386701,-0.0618915270386701,0.0,0.0,0 days 00:08:34.289693
920,ExpGrad.1,2,0.708507,-0.055327440545002,-0.0925142362181011,-0.0925142362181011,-0.0216613872765492,-0.0447131317643503,0 days 00:03:10.444643
921,ExpGrad.01,2,0.612108,-0.0096393116043135,-0.0145421025138838,-0.0145421025138838,0.0,-0.0117373936664979,0 days 00:04:08.682626
922,RedGrid25,2,0.715338,-0.0673497294874612,-0.1180439365204858,-0.1180439365204858,-0.0566945107896341,-0.0291813138805174,0 days 00:13:57.196115
923,RedGrid5,2,0.680546,-0.0345238232997187,-0.0533587372028756,-0.0533587372028756,0.0,-0.0408978299309348,0 days 00:13:57.214425
924,RedGrid75,2,0.660454,-0.0292919450627471,-0.0417215503053721,-0.0374208029199227,0.0,-0.0417215503053721,0 days 00:13:56.645057
925,ExpGrad.1,2,0.700048,-0.048640201238742,-0.0853184835130678,-0.0853184835130678,0.0,-0.0485741357400391,0 days 00:02:07.313150
926,ExpGrad.01,2,0.615395,-0.0087820309955812,-0.0182831681487764,-0.0182831681487764,-0.0094506156917844,0.0,0 days 00:03:47.437425
927,RedGrid25,2,0.700223,-0.0622299793192504,-0.0835888902671242,-0.0835888902671242,-0.0430721730086097,-0.0561359506942806,0 days 00:11:09.358963
928,RedGrid5,2,0.681736,-0.0398979436451499,-0.0634773653397967,-0.0634773653397967,0.0,-0.0455553947008112,0 days 00:11:14.157474
929,RedGrid75,2,0.65317,-0.0172145353970016,-0.0441720061197771,-0.0441720061197771,0.0,-0.0049222265901145,0 days 00:11:10.269416
930,ExpGrad.1,2,0.693072,-0.0367265223059165,-0.0708423680521622,-0.0708423680521622,-0.0018366808760219,-0.0291281121083853,0 days 00:02:32.641315
931,ExpGrad.01,2,0.611757,-0.0055977122340597,-0.0102597737509294,-0.0102597737509294,0.0,-0.0051096688771053,0 days 00:04:18.380733
932,RedGrid25,2,0.723211,-0.0993827923499157,-0.1194168579762652,-0.1194168579762652,-0.0983831087276129,-0.081997302075415,0 days 00:12:17.707003
933,RedGrid5,2,0.663407,-0.0298501601979944,-0.0478951951938321,-0.0478951951938321,0.0,-0.0333878093226186,0 days 00:11:45.261762
934,RedGrid75,2,0.663407,-0.0298501601979944,-0.0478951951938321,-0.0478951951938321,0.0,-0.0333878093226186,0 days 00:10:59.209406
935,ExpGrad.1,0,0.706613,-0.0823386998412562,-0.0999722185383948,-0.0999722185383948,-0.0729091449690599,-0.0720550769477664,0 days 00:03:38.215354
936,ExpGrad.01,0,0.685713,-0.0122567398947388,-0.0174134956320738,-0.0174134956320738,-0.0082615751577205,-0.0099330002912128,0 days 00:05:32.377695
937,RedGrid25,0,0.694358,-0.0370152186400267,-0.0425025865406355,-0.0398629109430446,-0.0225517412464317,-0.0425025865406355,0 days 00:14:01.601364
938,RedGrid5,0,0.694358,-0.0370152186400267,-0.0425025865406355,-0.0398629109430446,-0.0225517412464317,-0.0425025865406355,0 days 00:14:06.308557
939,RedGrid75,0,0.694358,-0.0370152186400267,-0.0425025865406355,-0.0398629109430446,-0.0225517412464317,-0.0425025865406355,0 days 00:14:02.539535
940,ExpGrad.1,2,0.70117,-0.0511618548382587,-0.0843162676976121,-0.0843162676976121,-0.033036076998328,-0.0333451810372952,0 days 00:02:44.158781
941,ExpGrad.01,2,0.613365,-0.0097968608114818,-0.0157492669105119,-0.0101827831203913,-0.0002373737423814,-0.0157492669105119,0 days 00:06:24.448161
942,RedGrid25,2,0.713503,-0.072409850721288,-0.0945745124403033,-0.0820367234195187,-0.0945745124403033,-0.0491641737257065,0 days 00:14:55.098975
943,RedGrid5,2,0.691334,-0.0592149249059666,-0.0726679719985471,-0.0605606594190967,-0.0726679719985471,-0.0491426635778691,0 days 00:14:54.378126
944,RedGrid75,2,0.691334,-0.0592149249059666,-0.0726679719985471,-0.0605606594190967,-0.0726679719985471,-0.0491426635778691,0 days 00:15:07.474417
945,ExpGrad.1,2,0.705367,-0.0587933251595915,-0.0908835175770866,-0.0908835175770866,-0.0489073507442744,-0.0368788301890957,0 days 00:02:41.477376
946,ExpGrad.01,2,0.631536,-0.0039910129923325,-0.0110016548832787,-0.0110016548832787,-0.0006597982243933,0.0,0 days 00:04:26.435908
947,RedGrid25,2,0.727117,-0.0880306845316839,-0.1095184551221594,-0.1095184551221594,-0.1009215980675672,-0.0600896366786002,0 days 00:13:05.699732
948,RedGrid5,2,0.695364,-0.0448158308609557,-0.1045840974084031,-0.1045840974084031,-0.0054052612331375,-0.0182781750679063,0 days 00:13:04.914495
949,RedGrid75,2,0.651292,-0.0258854948079545,-0.0585866325834243,-0.0299746687075721,-0.0585866325834243,0.0,0 days 00:13:04.875987
950,ExpGrad.1,1,0.711056,-0.0381214296188008,-0.1134375774991084,-0.1134375774991084,-0.0447581105789443,-0.0321394472274048,0 days 00:03:50.636091
951,ExpGrad.01,1,0.595483,-1.5142172721302426e-05,-0.0007812782083861,-0.0007812782083861,0.0,0.0,0 days 00:02:25.237845
952,RedGrid25,1,0.704809,-0.0687816926299677,-0.1389361484941798,-0.1389361484941798,-0.0716170385828541,-0.0650603500412004,0 days 00:13:28.855285
953,RedGrid5,1,0.704809,-0.0687816926299677,-0.1389361484941798,-0.1389361484941798,-0.0716170385828541,-0.0650603500412004,0 days 00:13:28.699000
954,RedGrid75,1,0.704809,-0.0687816926299677,-0.1389361484941798,-0.1389361484941798,-0.0716170385828541,-0.0650603500412004,0 days 00:13:31.040203
955,ExpGrad.1,1,0.708555,-0.0155299001317035,-0.0952439250757539,-0.0952439250757539,-0.0114877618217394,-0.0152687315214935,0 days 00:02:25.833353
956,ExpGrad.01,1,0.591772,-0.0028475050611702,-0.0148148720263985,-0.0148148720263985,0.0,-0.0040466988822919,0 days 00:04:06.030263
957,RedGrid25,1,0.700331,-0.0090727625407834,-0.1049258900134308,-0.1049258900134308,-0.003021725107982,-0.0094167096781091,0 days 00:13:18.442173
958,RedGrid5,1,0.700331,-0.0090727625407834,-0.1049258900134308,-0.1049258900134308,-0.003021725107982,-0.0094167096781091,0 days 00:12:55.846565
959,RedGrid75,1,0.700331,-0.0090727625407834,-0.1049258900134308,-0.1049258900134308,-0.003021725107982,-0.0094167096781091,0 days 00:13:51.796335
960,ExpGrad.1,0,0.706347,-0.0729777939723024,-0.0923207567506118,-0.0923207567506118,-0.0600996310958491,-0.063141950409565,0 days 00:03:13.901756
961,ExpGrad.01,0,0.690056,-0.0148135558726664,-0.0213364191294089,-0.0213364191294089,-0.0128832866770162,-0.0101618535667965,0 days 00:09:56.932909
962,RedGrid25,0,0.69006,-0.0159242576474515,-0.0241156290228867,-0.0241156290228867,-0.0013262324704478,-0.0168185276154917,0 days 00:13:39.575947
963,RedGrid5,0,0.69006,-0.0159242576474515,-0.0241156290228867,-0.0241156290228867,-0.0013262324704478,-0.0168185276154917,0 days 00:13:29.179096
964,RedGrid75,0,0.69006,-0.0159242576474515,-0.0241156290228867,-0.0241156290228867,-0.0013262324704478,-0.0168185276154917,0 days 00:13:21.274138
965,ExpGrad.1,0,0.706032,-0.0787655497362512,-0.0971861166880576,-0.0971861166880576,-0.0691304397677625,-0.0679223202800096,0 days 00:03:17.852218
966,ExpGrad.01,0,0.685435,-0.0131611012409504,-0.0184934646925336,-0.0184934646925336,-0.0084603644730522,-0.0110778982662727,0 days 00:05:44.891113
967,RedGrid25,0,0.686909,-0.0846635017656141,-0.1182346197200361,-0.1182346197200361,-0.0115571528452057,-0.0955779126403026,0 days 00:11:13.534738
968,RedGrid5,0,0.686909,-0.0846635017656141,-0.1182346197200361,-0.1182346197200361,-0.0115571528452057,-0.0955779126403026,0 days 00:11:09.141451
969,RedGrid75,0,0.66386,-0.0556264203151684,-0.1147833025731713,-0.1147833025731713,-0.0009750021986046,-0.0338971211594221,0 days 00:11:09.788501
970,ExpGrad.1,1,0.71101,-0.0475300847938182,-0.1128081723719787,-0.1128081723719787,-0.0615646345206473,-0.0377054861153497,0 days 00:03:08.699517
971,ExpGrad.01,1,0.592146,0.0,0.0,0.0,0.0,0.0,0 days 00:05:36.033889
972,RedGrid25,1,0.707735,-0.0595239839636582,-0.1257444277230689,-0.1257444277230689,-0.0630118218302075,-0.0555175707468996,0 days 00:13:52.807563
973,RedGrid5,1,0.707735,-0.0595239839636582,-0.1257444277230689,-0.1257444277230689,-0.0630118218302075,-0.0555175707468996,0 days 00:13:25.705502
974,RedGrid75,1,0.69004,-0.0068435908244631,-0.0698899242257528,-0.0698899242257528,-0.0156276558723339,0.0,0 days 00:13:42.090623
975,ExpGrad.1,0,0.706977,-0.0827481306193429,-0.101540133950985,-0.101540133950985,-0.0734566895407348,-0.0714045145164443,0 days 00:02:44.344091
976,ExpGrad.01,0,0.686785,-0.0153556649707984,-0.0211976706464643,-0.0211976706464643,-0.0107709761365869,-0.0127664991678534,0 days 00:04:16.120410
977,RedGrid25,0,0.6821,-0.1125567122140094,-0.1487721165165291,-0.1487721165165291,-0.0924067964059,-0.0919354910300614,0 days 00:09:52.502485
978,RedGrid5,0,0.6821,-0.1125567122140094,-0.1487721165165291,-0.1487721165165291,-0.0924067964059,-0.0919354910300614,0 days 00:09:54.515457
979,RedGrid75,0,0.6821,-0.1125567122140094,-0.1487721165165291,-0.1487721165165291,-0.0924067964059,-0.0919354910300614,0 days 00:09:51.057398
980,ExpGrad.1,2,0.712678,-0.0713979171411429,-0.0980787913880568,-0.0980787913880568,-0.0744403701336678,-0.045700075452042,0 days 00:02:10.893284
981,ExpGrad.01,2,0.622169,-0.0110317168278994,-0.0141329871668595,-0.0057751752759944,-0.0141329871668595,-0.0136066453370063,0 days 00:02:32.362593
982,RedGrid25,2,0.712618,-0.0731189099029319,-0.0876476754496421,-0.084316159097377,-0.0876476754496421,-0.0534250369559347,0 days 00:11:05.904891
983,RedGrid5,2,0.712618,-0.0731189099029319,-0.0876476754496421,-0.084316159097377,-0.0876476754496421,-0.0534250369559347,0 days 00:11:04.557598
984,RedGrid75,2,0.657623,-0.0235873085331759,-0.0522945390470444,-0.0284239430708352,-0.0522945390470444,0.0,0 days 00:11:04.969753
985,ExpGrad.1,2,0.704844,-0.0651603578631099,-0.0937186877842736,-0.0937186877842736,-0.0517377640592747,-0.048648303814982,0 days 00:02:58.567198
986,ExpGrad.01,2,0.62396,-0.0072982708563016,-0.0123999924165418,-0.0123999924165418,-0.0016202328153805,-0.0065488048251324,0 days 00:06:29.229980
987,RedGrid25,2,0.726851,-0.0917376287390736,-0.1203800299614084,-0.1203800299614084,-0.0804286364236841,-0.0737327039585609,0 days 00:13:03.011595
988,RedGrid5,2,0.692811,-0.0464188621337533,-0.0769857615010091,-0.0769857615010091,0.0,-0.0502453981077464,0 days 00:13:12.083261
989,RedGrid75,2,0.629156,-0.0183977275224243,-0.0459867091004183,-0.018276462456567,-0.0459867091004183,0.0,0 days 00:13:10.667865
990,ExpGrad.1,0,0.706262,-0.075885428583049,-0.0943928097792148,-0.0943928097792148,-0.0631803168514859,-0.0667170673676523,0 days 00:03:28.275997
991,ExpGrad.01,0,0.690411,-0.0174964067862633,-0.0234033282125107,-0.0234033282125107,-0.016922835508969,-0.012643009779666,0 days 00:11:32.601712
992,RedGrid25,0,0.682639,-0.1172031010665219,-0.1523942090918549,-0.1523942090918549,-0.0972600237309018,-0.0974364515632164,0 days 00:17:41.014174
993,RedGrid5,0,0.682639,-0.1172031010665219,-0.1523942090918549,-0.1523942090918549,-0.0972600237309018,-0.0974364515632164,0 days 00:17:54.390196
994,RedGrid75,0,0.682639,-0.1172031010665219,-0.1523942090918549,-0.1523942090918549,-0.0972600237309018,-0.0974364515632164,0 days 00:17:21.656111
995,ExpGrad.1,2,0.695417,-0.0513354484282115,-0.0853308885719169,-0.0853308885719169,-0.0314534000205704,-0.0340743461070507,0 days 00:01:38.196828
996,ExpGrad.01,2,0.618969,-0.0037171146344463,-0.0110411526150292,-0.0024519945525578,-0.0110411526150292,0.0,0 days 00:02:29.099047
997,RedGrid25,2,0.722577,-0.10144982459659,-0.1280995497805884,-0.1280995497805884,-0.0921999030673795,-0.0837232956405516,0 days 00:09:02.136864
998,RedGrid5,2,0.653463,-0.0120237715116928,-0.0343537060487624,-0.0343537060487624,0.0,0.0,0 days 00:09:01.231373
999,RedGrid75,2,0.62238,-0.013210546097069,-0.0490608376220684,-0.0014487974076557,-0.0490608376220684,0.0,0 days 00:08:57.905973
1000,ExpGrad.1,0,0.707045,-0.0785720298274774,-0.0967164033254885,-0.0967164033254885,-0.0676225622248543,-0.0686946103713704,0 days 00:04:11.032989
1001,ExpGrad.01,0,0.686157,-0.0131782887282081,-0.0180557823967815,-0.0180557823967815,-0.0098937772097539,-0.0107111564845799,0 days 00:06:41.984533
1002,RedGrid25,0,0.682568,-0.1152305706893615,-0.1503218413457832,-0.1503218413457832,-0.0974246406422165,-0.0942693957316525,0 days 00:15:09.155776
1003,RedGrid5,0,0.682568,-0.1152305706893615,-0.1503218413457832,-0.1503218413457832,-0.0974246406422165,-0.0942693957316525,0 days 00:15:12.543834
1004,RedGrid75,0,0.682568,-0.1152305706893615,-0.1503218413457832,-0.1503218413457832,-0.0974246406422165,-0.0942693957316525,0 days 00:14:45.826119
1005,ExpGrad.1,1,0.712655,-0.0443342815427978,-0.1187429959636906,-0.1187429959636906,-0.0415459136311667,-0.0435546831447242,0 days 00:03:14.085299
1006,ExpGrad.01,1,0.583018,-0.0119493148394998,-0.0159044126884017,-0.0159044126884017,-0.0062467959481953,-0.0149770855023629,0 days 00:02:59.377486
1007,RedGrid25,1,0.706282,-0.0621834305730196,-0.1324345629755517,-0.1324345629755517,-0.0596694681527963,-0.061381852871357,0 days 00:12:27.020981
1008,RedGrid5,1,0.706282,-0.0621834305730196,-0.1324345629755517,-0.1324345629755517,-0.0596694681527963,-0.061381852871357,0 days 00:12:57.247880
1009,RedGrid75,1,0.706282,-0.0621834305730196,-0.1324345629755517,-0.1324345629755517,-0.0596694681527963,-0.061381852871357,0 days 00:14:02.796843
1010,ExpGrad.1,2,0.704151,-0.0689708562402384,-0.101309938481494,-0.101309938481494,-0.0705337206558698,-0.0391991962311736,0 days 00:02:23.876304
1011,ExpGrad.01,2,0.617301,-0.009216412242421,-0.0158349595066817,-0.0044159867998908,-0.0158349595066817,-0.0091201331427196,0 days 00:04:15.065140
1012,RedGrid25,2,0.719238,-0.0726324399862887,-0.1052483809433397,-0.1052483809433397,-0.0928013283063121,-0.0303503907178396,0 days 00:13:22.187020
1013,RedGrid5,2,0.719238,-0.0726324399862887,-0.1052483809433397,-0.1052483809433397,-0.0928013283063121,-0.0303503907178396,0 days 00:13:20.900026
1014,RedGrid75,2,0.704049,-0.057727411839252,-0.0926998324603634,-0.0797214132612434,-0.0926998324603634,-0.0151277691200454,0 days 00:13:20.992232
1015,ExpGrad.1,1,0.708631,-0.0224836535628164,-0.0955509403435401,-0.0955509403435401,-0.0274900925944694,-0.0174919874081327,0 days 00:02:22.020773
1016,ExpGrad.01,1,0.598113,-0.0002142341656224,-0.0111457585144246,-0.0111457585144246,0.0,0.0,0 days 00:03:11.863830
1017,RedGrid25,1,0.705531,-0.0614974606138616,-0.1334263956204228,-0.1334263956204228,-0.0601728557997353,-0.0600407885401766,0 days 00:11:03.813289
1018,RedGrid5,1,0.69998,-0.0086968854178158,-0.0966652034778155,-0.0966652034778155,0.0,-0.0108281198015315,0 days 00:11:03.578564
1019,RedGrid75,1,0.69998,-0.0086968854178158,-0.0966652034778155,-0.0966652034778155,0.0,-0.0108281198015315,0 days 00:11:03.430035
1020,ExpGrad.1,0,0.706763,-0.0826381511484514,-0.1003364215947036,-0.1003364215947036,-0.0726507145143846,-0.0726052007654511,0 days 00:03:12.690738
1021,ExpGrad.01,0,0.687296,-0.0146807927164558,-0.0191747663457475,-0.0191747663457475,-0.0095332497281507,-0.0135725825455383,0 days 00:06:00.257550
1022,RedGrid25,0,0.683022,-0.1156844754480429,-0.1497943412050647,-0.1497943412050647,-0.0953697533238898,-0.0969354845275343,0 days 00:13:35.511862
1023,RedGrid5,0,0.683022,-0.1156844754480429,-0.1497943412050647,-0.1497943412050647,-0.0953697533238898,-0.0969354845275343,0 days 00:13:33.583051
1024,RedGrid75,0,0.683022,-0.1156844754480429,-0.1497943412050647,-0.1497943412050647,-0.0953697533238898,-0.0969354845275343,0 days 00:13:13.899630
1025,ExpGrad.1,0,0.707123,-0.0818781064246062,-0.099268411386993,-0.099268411386993,-0.0718344472506449,-0.0721618064742487,0 days 00:02:49.089720
1026,ExpGrad.01,0,0.689606,-0.0127513364157916,-0.0182758807256236,-0.0182758807256236,-0.0100674816337225,-0.0093843423660576,0 days 00:09:08.640728
1027,RedGrid25,0,0.682864,-0.1148001343778004,-0.1488442046176621,-0.1488442046176621,-0.0949967473565723,-0.0958572928691525,0 days 00:13:20.369524
1028,RedGrid5,0,0.682864,-0.1148001343778004,-0.1488442046176621,-0.1488442046176621,-0.0949967473565723,-0.0958572928691525,0 days 00:13:09.500044
1029,RedGrid75,0,0.682864,-0.1148001343778004,-0.1488442046176621,-0.1488442046176621,-0.0949967473565723,-0.0958572928691525,0 days 00:13:08.991081
1030,ExpGrad.1,1,0.711962,-0.0374378184568022,-0.1166421842014638,-0.1166421842014638,-0.0339888727256357,-0.0368874067028575,0 days 00:02:26.579220
1031,ExpGrad.01,1,0.583962,-0.0054017613251008,-0.0085365650411215,-0.0010943156781529,0.0,-0.0085365650411215,0 days 00:02:48.273584
1032,RedGrid25,1,0.706871,-0.0624223610216174,-0.139692400511956,-0.139692400511956,-0.0665224077045061,-0.0577387184078663,0 days 00:11:39.373989
1033,RedGrid5,1,0.706871,-0.0624223610216174,-0.139692400511956,-0.139692400511956,-0.0665224077045061,-0.0577387184078663,0 days 00:11:44.759210
1034,RedGrid75,1,0.706871,-0.0624223610216174,-0.139692400511956,-0.139692400511956,-0.0665224077045061,-0.0577387184078663,0 days 00:11:37.247256
1035,ExpGrad.1,0,0.706749,-0.083065280835915,-0.1004646262398222,-0.1004646262398222,-0.0740208172384602,-0.0728067703360211,0 days 00:03:32.365776
1036,ExpGrad.01,0,0.68749,-0.0155778367499375,-0.0221224912403078,-0.0221224912403078,-0.0088327925080322,-0.0135705066127366,0 days 00:05:49.573048
1037,RedGrid25,0,0.68589,-0.1264070732229239,-0.1558920288350589,-0.1558920288350589,-0.1055701096683867,-0.1120744978236205,0 days 00:12:40.517421
1038,RedGrid5,0,0.68589,-0.1264070732229239,-0.1558920288350589,-0.1558920288350589,-0.1055701096683867,-0.1120744978236205,0 days 00:12:33.061160
1039,RedGrid75,0,0.667094,-0.0520622845676186,-0.1097473799548321,-0.1097473799548321,0.0,-0.0302775100549796,0 days 00:12:42.176452
1040,ExpGrad.1,0,0.70703,-0.0748035780190519,-0.0926414089041544,-0.0926414089041544,-0.0625664622134852,-0.0658551000118387,0 days 00:03:49.134434
1041,ExpGrad.01,0,0.688457,-0.0100790045683152,-0.0144391491929211,-0.0144391491929211,-0.0063020724867484,-0.0083234497382239,0 days 00:08:04.803993
1042,RedGrid25,0,0.686873,-0.119633956684493,-0.1493636202451087,-0.1493636202451087,-0.0965947903982287,-0.106172587393497,0 days 00:14:22.553105
1043,RedGrid5,0,0.686873,-0.119633956684493,-0.1493636202451087,-0.1493636202451087,-0.0965947903982287,-0.106172587393497,0 days 00:14:23.879018
1044,RedGrid75,0,0.686873,-0.119633956684493,-0.1493636202451087,-0.1493636202451087,-0.0965947903982287,-0.106172587393497,0 days 00:14:00.764353
1045,ExpGrad.1,0,0.707147,-0.0786246063182357,-0.0969109635171223,-0.0969109635171223,-0.066889525119836,-0.0690772200264853,0 days 00:03:19.720681
1046,ExpGrad.01,0,0.688807,-0.01196864044572,-0.0175812298795758,-0.0175812298795758,-0.0118572037634355,-0.0071053343970818,0 days 00:06:25.945420
1047,RedGrid25,0,0.683114,-0.1153482055918277,-0.1507828599521727,-0.1507828599521727,-0.09543128592928,-0.0952843158437733,0 days 00:13:33.724383
1048,RedGrid5,0,0.683114,-0.1153482055918277,-0.1507828599521727,-0.1507828599521727,-0.09543128592928,-0.0952843158437733,0 days 00:13:06.278544
1049,RedGrid75,0,0.683114,-0.1153482055918277,-0.1507828599521727,-0.1507828599521727,-0.09543128592928,-0.0952843158437733,0 days 00:13:34.840905
1050,ExpGrad.1,0,0.706952,-0.0818245114660938,-0.1002394154796522,-0.1002394154796522,-0.0734227871134829,-0.0703056666521088,0 days 00:04:03.751757
1051,ExpGrad.01,0,0.684874,-0.0123965750116645,-0.0176260938151602,-0.0176260938151602,-0.0101006793468636,-0.0090756272039731,0 days 00:07:04.193581
1052,RedGrid25,0,0.68537,-0.1256234450404978,-0.1557372303169989,-0.1557372303169989,-0.1051295242943518,-0.1105216167253316,0 days 00:14:41.791371
1053,RedGrid5,0,0.68537,-0.1256234450404978,-0.1557372303169989,-0.1557372303169989,-0.1051295242943518,-0.1105216167253316,0 days 00:14:45.291343
1054,RedGrid75,0,0.68537,-0.1256234450404978,-0.1557372303169989,-0.1557372303169989,-0.1051295242943518,-0.1105216167253316,0 days 00:14:40.096890
1055,ExpGrad.1,0,0.706043,-0.0804186853863236,-0.097217794933617,-0.097217794933617,-0.0711024677795819,-0.0707773986920241,0 days 00:04:01.763890
1056,ExpGrad.01,0,0.685566,-0.0130417095759379,-0.0183122163697201,-0.0183122163697201,-0.0073801636929062,-0.0115329522392503,0 days 00:06:56.919705
1057,RedGrid25,0,0.685643,-0.1235552342555868,-0.1525862940232518,-0.1525862940232518,-0.1008803989409045,-0.1105336841911756,0 days 00:14:36.334866
1058,RedGrid5,0,0.685643,-0.1235552342555868,-0.1525862940232518,-0.1525862940232518,-0.1008803989409045,-0.1105336841911756,0 days 00:14:43.897598
1059,RedGrid75,0,0.685643,-0.1235552342555868,-0.1525862940232518,-0.1525862940232518,-0.1008803989409045,-0.1105336841911756,0 days 00:14:35.210402
1060,ExpGrad.1,2,0.712655,-0.0578060483909015,-0.0954596909257741,-0.0954596909257741,-0.0263983041284384,-0.0453839498494575,0 days 00:02:14.145919
1061,ExpGrad.01,2,0.623464,-0.0106413890076115,-0.0140328349919283,-0.0113254009113949,-0.0140328349919283,-0.007757180445221,0 days 00:03:52.613199
1062,RedGrid25,2,0.714795,-0.0729654158525671,-0.0939143093104262,-0.0939143093104262,-0.0645192380840113,-0.0599965410951717,0 days 00:09:24.746508
1063,RedGrid5,2,0.693454,-0.0452961203111884,-0.0791722590031614,-0.0791722590031614,0.0,-0.0455538105392158,0 days 00:09:22.968500
1064,RedGrid75,2,0.693454,-0.0452961203111884,-0.0791722590031614,-0.0791722590031614,0.0,-0.0455538105392158,0 days 00:09:21.525287
1065,ExpGrad.1,1,0.712085,-0.05132969043012,-0.1197570856711091,-0.1197570856711091,-0.0610179468210178,-0.0438189105802994,0 days 00:03:19.167351
1066,ExpGrad.01,1,0.614393,-0.0132829677038365,-0.0332235584694282,-0.0332235584694282,-0.011820094156614,-0.0134745892433877,0 days 00:04:20.722169
1067,RedGrid25,1,0.704766,-0.0469460010858653,-0.1240458325125921,-0.1240458325125921,-0.0290403039662064,-0.0544897970075813,0 days 00:11:56.631870
1068,RedGrid5,1,0.704766,-0.0469460010858653,-0.1240458325125921,-0.1240458325125921,-0.0290403039662064,-0.0544897970075813,0 days 00:12:26.000306
1069,RedGrid75,1,0.648615,-0.0232412386198609,-0.0571348971588523,-0.0571348971588523,0.0,-0.0350932934217522,0 days 00:11:50.646909
1070,ExpGrad.1,2,0.718255,-0.0644507495146187,-0.1033158819685994,-0.1033158819685994,-0.0520381674936791,-0.0382354119492724,0 days 00:02:30.729540
1071,ExpGrad.01,2,0.625692,-0.0062383072899354,-0.0146092937682937,-0.0146092937682937,0.0,-0.0029937188274263,0 days 00:03:48.912748
1072,RedGrid25,2,0.713451,-0.0593327649443354,-0.1086646340157386,-0.1086646340157386,-0.0526669813753957,-0.0199332135428901,0 days 00:12:57.325131
1073,RedGrid5,2,0.662698,-0.0250952682083524,-0.045834562539943,-0.0375961421826882,-0.045834562539943,0.0,0 days 00:13:00.502091
1074,RedGrid75,2,0.662698,-0.0250952682083524,-0.045834562539943,-0.0375961421826882,-0.045834562539943,0.0,0 days 00:12:59.266186
1075,ExpGrad.1,0,0.705316,-0.0828664378662551,-0.1008931302850805,-0.1008931302850805,-0.07409557536074,-0.0719094143453823,0 days 00:03:22.571146
1076,ExpGrad.01,0,0.6848,-0.0097703611518525,-0.0162527911709658,-0.0162527911709658,-0.0053707064404574,-0.006519775471193,0 days 00:05:40.434930
1077,RedGrid25,0,0.689891,-0.0245504165648918,-0.0308233764420393,-0.0308233764420393,-0.0096869863781947,-0.0272762706216204,0 days 00:12:59.372497
1078,RedGrid5,0,0.689891,-0.0245504165648918,-0.0308233764420393,-0.0308233764420393,-0.0096869863781947,-0.0272762706216204,0 days 00:13:15.871517
1079,RedGrid75,0,0.689891,-0.0245504165648918,-0.0308233764420393,-0.0308233764420393,-0.0096869863781947,-0.0272762706216204,0 days 00:13:39.437081
1080,ExpGrad.1,2,0.664383,-0.0282617327452003,-0.05981758523965,-0.05981758523965,-0.0283236777007471,0.0,0 days 00:03:14.892654
1081,ExpGrad.01,2,0.616365,-0.0100681166560866,-0.0156479341663769,-0.0147281959485414,-0.0156479341663769,-0.0022009996419232,0 days 00:02:23.650560
1082,RedGrid25,2,0.704365,-0.0598547723312962,-0.1065440007027296,-0.1065440007027296,-0.0103264296208184,-0.0509388320754974,0 days 00:10:57.221750
1083,RedGrid5,2,0.704365,-0.0598547723312962,-0.1065440007027296,-0.1065440007027296,-0.0103264296208184,-0.0509388320754974,0 days 00:10:55.504214
1084,RedGrid75,2,0.657899,-0.0120648108578843,-0.0345001442795206,-0.0345001442795206,0.0,0.0,0 days 00:10:57.267664
1085,ExpGrad.1,0,0.707063,-0.0859994722351729,-0.1033011954448759,-0.1033011954448759,-0.0781718361552129,-0.0751318835643894,0 days 00:03:16.915333
1086,ExpGrad.01,0,0.689126,-0.0144769404679842,-0.0213391664983697,-0.0213391664983697,-0.0119237454532881,-0.0098611880947687,0 days 00:09:20.013462
1087,RedGrid25,0,0.687254,-0.0824104132955537,-0.1140674665729509,-0.1140674665729509,-0.0101865330310928,-0.0945990217333927,0 days 00:13:44.396179
1088,RedGrid5,0,0.687254,-0.0824104132955537,-0.1140674665729509,-0.1140674665729509,-0.0101865330310928,-0.0945990217333927,0 days 00:13:39.004532
1089,RedGrid75,0,0.665831,-0.0559184723909273,-0.1131967263505131,-0.1131967263505131,-0.0009363113177458,-0.0360424196005634,0 days 00:13:37.594048
1090,ExpGrad.1,2,0.70828,-0.0481526087722938,-0.0844214050134092,-0.0844214050134092,-0.0353288251971055,-0.0247262389667686,0 days 00:02:35.860883
1091,ExpGrad.01,2,0.609048,-0.0057271038358694,-0.0122202933201248,-0.0072539852884151,-0.0122202933201248,0.0,0 days 00:03:19.170190
1092,RedGrid25,2,0.713741,-0.0615953182666643,-0.0857956211201612,-0.0857956211201612,-0.0579758538535699,-0.0426360246604984,0 days 00:11:44.425967
1093,RedGrid5,2,0.713741,-0.0615953182666643,-0.0857956211201612,-0.0857956211201612,-0.0579758538535699,-0.0426360246604984,0 days 00:11:31.342461
1094,RedGrid75,2,0.670196,-0.0192221382966455,-0.0423861272179434,-0.0423861272179434,-0.0173520171767941,0.0,0 days 00:12:32.842414
1095,ExpGrad.1,0,0.706263,-0.0809936409804802,-0.0979564935452694,-0.0979564935452694,-0.0734665801862776,-0.0702822790112611,0 days 00:03:56.698624
1096,ExpGrad.01,0,0.688399,-0.0139490239887617,-0.0192661146778517,-0.0192661146778517,-0.0126400656012227,-0.0100129530306481,0 days 00:07:59.113865
1097,RedGrid25,0,0.690783,-0.019940034246172,-0.0255098189327169,-0.0255098189327169,-0.0075206842277039,-0.0219018295117083,0 days 00:15:27.880543
1098,RedGrid5,0,0.690783,-0.019940034246172,-0.0255098189327169,-0.0255098189327169,-0.0075206842277039,-0.0219018295117083,0 days 00:15:26.272757
1099,RedGrid75,0,0.690783,-0.019940034246172,-0.0255098189327169,-0.0255098189327169,-0.0075206842277039,-0.0219018295117083,0 days 00:14:40.723316
1100,ExpGrad.1,1,0.709036,-0.012604799545834,-0.1029116483604221,-0.1029116483604221,-0.0134381388896522,-0.009368707322414,0 days 00:03:14.402456
1101,ExpGrad.01,1,0.592102,-0.0001915638410153,-0.0098771970411148,-0.0098771970411148,0.0,0.0,0 days 00:04:05.998840
1102,RedGrid25,1,0.706535,-0.0515688542541568,-0.1328312327535347,-0.1328312327535347,-0.0570898704758382,-0.0460158040002686,0 days 00:13:28.422861
1103,RedGrid5,1,0.693816,-0.0015253222146531,-0.0786469303677729,-0.0786469303677729,0.0,0.0,0 days 00:13:29.530155
1104,RedGrid75,1,0.693816,-0.0015253222146531,-0.0786469303677729,-0.0786469303677729,0.0,0.0,0 days 00:13:29.723171
1105,ExpGrad.1,1,0.711791,-0.0456995865440445,-0.1159660865820068,-0.1159660865820068,-0.0589007582506216,-0.0362155365580573,0 days 00:02:09.223902
1106,ExpGrad.01,1,0.595087,-0.0092163347422253,-0.0169476056716136,-0.0169476056716136,-0.0160332637656052,-0.0052024189808279,0 days 00:03:25.638864
1107,RedGrid25,1,0.702379,-0.0201070604600617,-0.1036768299436819,-0.1036768299436819,-0.0039347389178097,-0.0264761252635519,0 days 00:08:22.331936
1108,RedGrid5,1,0.702379,-0.0201070604600617,-0.1036768299436819,-0.1036768299436819,-0.0039347389178097,-0.0264761252635519,0 days 00:08:22.100543
1109,RedGrid75,1,0.702379,-0.0201070604600617,-0.1036768299436819,-0.1036768299436819,-0.0039347389178097,-0.0264761252635519,0 days 00:08:18.908880
1110,ExpGrad.1,2,0.717948,-0.0653214875295618,-0.0982636462303093,-0.0982636462303093,-0.050468964253054,-0.0460817681927587,0 days 00:02:36.042983
1111,ExpGrad.01,2,0.633144,-0.0060445390473041,-0.0099209592524197,-0.0099209592524197,0.0,-0.0066318023932806,0 days 00:03:35.146481
1112,RedGrid25,2,0.721368,-0.0789301022821394,-0.115501038458566,-0.115501038458566,-0.0593035269148391,-0.0596533010782416,0 days 00:11:19.284969
1113,RedGrid5,2,0.683335,-0.0319705147241025,-0.0753600175149946,-0.0753600175149946,0.0,-0.0148625420221471,0 days 00:11:19.451605
1114,RedGrid75,2,0.660089,-0.0185167032390522,-0.0533931945387224,-0.0533931945387224,0.0,0.0,0 days 00:11:19.874963
1115,ExpGrad.1,0,0.706707,-0.0837205630308948,-0.1006557267387304,-0.1006557267387304,-0.075752640069597,-0.0732804553210049,0 days 00:03:02.830245
1116,ExpGrad.01,0,0.687729,-0.0108821009347257,-0.0164471932406302,-0.0164471932406302,-0.009341774573743,-0.0068549130297872,0 days 00:06:20.777209
1117,RedGrid25,0,0.691045,-0.0239902706401168,-0.0291270861849247,-0.0291270861849247,-0.0138172608270623,-0.0251148543580205,0 days 00:12:52.600192
1118,RedGrid5,0,0.691045,-0.0239902706401168,-0.0291270861849247,-0.0291270861849247,-0.0138172608270623,-0.0251148543580205,0 days 00:12:50.420555
1119,RedGrid75,0,0.691045,-0.0239902706401168,-0.0291270861849247,-0.0291270861849247,-0.0138172608270623,-0.0251148543580205,0 days 00:12:53.407278
1120,ExpGrad.1,2,0.716201,-0.0650899493033082,-0.0944995704812884,-0.0944995704812884,-0.0440496661631472,-0.0531004760097495,0 days 00:02:35.953891
1121,ExpGrad.01,2,0.628475,-0.0104737233698466,-0.0206123886269263,-0.0051333816443977,-0.0206123886269263,-0.0083582199616575,0 days 00:04:19.192253
1122,RedGrid25,2,0.721099,-0.1010898293494251,-0.1129955931264047,-0.1129955931264047,-0.0978109272582266,-0.0926768900531358,0 days 00:14:02.602352
1123,RedGrid5,2,0.675191,-0.0327570847248999,-0.0544063469468971,-0.0544063469468971,0.0,-0.0356639796276072,0 days 00:14:03.490439
1124,RedGrid75,2,0.675191,-0.0327570847248999,-0.0544063469468971,-0.0544063469468971,0.0,-0.0356639796276072,0 days 00:14:02.487367
1125,ExpGrad.1,1,0.709739,-0.0285369209132416,-0.1041860643188009,-0.1041860643188009,-0.0264938644266535,-0.0273213509332959,0 days 00:02:15.832225
1126,ExpGrad.01,1,0.598356,-0.0049626467627338,-0.0092035714883192,-0.0092035714883192,0.0,-0.0075776626136778,0 days 00:03:54.711106
1127,RedGrid25,1,0.707522,-0.0497029473763262,-0.1283088980386432,-0.1283088980386432,-0.04907277896226,-0.0476137156250595,0 days 00:11:53.294100
1128,RedGrid5,1,0.707522,-0.0497029473763262,-0.1283088980386432,-0.1283088980386432,-0.04907277896226,-0.0476137156250595,0 days 00:11:36.064142
1129,RedGrid75,1,0.69696,-0.0015998259197343,-0.0817290790272151,-0.0817290790272151,0.0,0.0,0 days 00:11:44.171073
1130,ExpGrad.1,2,0.710238,-0.0540482931312862,-0.089755321008812,-0.089755321008812,-0.0428524555771354,-0.0292026006543713,0 days 00:03:38.173850
1131,ExpGrad.01,2,0.618444,-0.0098150334121186,-0.0134766842993916,-0.0095602507614898,-0.0046490071167706,-0.0134766842993916,0 days 00:03:43.490117
1132,RedGrid25,2,0.727028,-0.0967658439632909,-0.1274224614240097,-0.1274224614240097,-0.1038269503010698,-0.0643597547782166,0 days 00:11:17.753247
1133,RedGrid5,2,0.680934,-0.0365849538248353,-0.0591354270516439,-0.0591354270516439,0.0,-0.0404974583747792,0 days 00:11:31.863670
1134,RedGrid75,2,0.680934,-0.0365849538248353,-0.0591354270516439,-0.0591354270516439,0.0,-0.0404974583747792,0 days 00:11:17.325070
1135,ExpGrad.1,2,0.702779,-0.0522249448163861,-0.0876582877492264,-0.0876582877492264,-0.0453755112210086,-0.0253079752603023,0 days 00:02:35.763555
1136,ExpGrad.01,2,0.611682,0.0,0.0,0.0,0.0,0.0,0 days 00:03:21.149751
1137,RedGrid25,2,0.719955,-0.0750328419031385,-0.1168108011370723,-0.1168108011370723,-0.083756266325456,-0.0323390344227546,0 days 00:12:57.611744
1138,RedGrid5,2,0.719955,-0.0750328419031385,-0.1168108011370723,-0.1168108011370723,-0.083756266325456,-0.0323390344227546,0 days 00:11:26.818853
1139,RedGrid75,2,0.649754,-0.030639944001484,-0.0575415639418512,-0.0575415639418512,0.0,-0.0267968675897213,0 days 00:11:13.791925
1140,ExpGrad.1,0,0.706669,-0.0762313368790657,-0.0949213561003792,-0.0949213561003792,-0.0648843162550051,-0.0661193593090806,0 days 00:03:19.085007
1141,ExpGrad.01,0,0.689332,-0.011868855949938,-0.0172849618479999,-0.0172849618479999,-0.0097958401701532,-0.0082660647742882,0 days 00:08:49.367644
1142,RedGrid25,0,0.682239,-0.113769159992362,-0.1490214307911594,-0.1490214307911594,-0.0943225382856576,-0.0936141750148186,0 days 00:15:06.086374
1143,RedGrid5,0,0.682239,-0.113769159992362,-0.1490214307911594,-0.1490214307911594,-0.0943225382856576,-0.0936141750148186,0 days 00:15:13.377144
1144,RedGrid75,0,0.682239,-0.113769159992362,-0.1490214307911594,-0.1490214307911594,-0.0943225382856576,-0.0936141750148186,0 days 00:15:12.938564
1145,ExpGrad.1,0,0.707053,-0.081318930732828,-0.0984354251714882,-0.0984354251714882,-0.0715816598796919,-0.0717503776467971,0 days 00:04:09.149793
1146,ExpGrad.01,0,0.685696,-0.0119602226229019,-0.0159420064187165,-0.0159420064187165,-0.0122902414648925,-0.0082945770647127,0 days 00:08:38.666649
1147,RedGrid25,0,0.690949,-0.0226798354375887,-0.0274760612428808,-0.0274760612428808,-0.0106934763338782,-0.0251346019443963,0 days 00:15:00.705973
1148,RedGrid5,0,0.690949,-0.0226798354375887,-0.0274760612428808,-0.0274760612428808,-0.0106934763338782,-0.0251346019443963,0 days 00:15:01.301614
1149,RedGrid75,0,0.690949,-0.0226798354375887,-0.0274760612428808,-0.0274760612428808,-0.0106934763338782,-0.0251346019443963,0 days 00:14:17.938113
1150,ExpGrad.1,1,0.709204,-0.0401634989810399,-0.115781441860696,-0.115781441860696,-0.0370634986611604,-0.0395403822658192,0 days 00:02:53.571309
1151,ExpGrad.01,1,0.582282,-0.0001891658830695,-0.0096903201382687,-0.0096903201382687,0.0,0.0,0 days 00:04:52.932428
1152,RedGrid25,1,0.691154,-0.0009959863085739,-0.0510209665020143,-0.0510209665020143,0.0,0.0,0 days 00:13:40.005443
1153,RedGrid5,1,0.691154,-0.0009959863085739,-0.0510209665020143,-0.0510209665020143,0.0,0.0,0 days 00:13:38.787771
1154,RedGrid75,1,0.691154,-0.0009959863085739,-0.0510209665020143,-0.0510209665020143,0.0,0.0,0 days 00:13:37.352606
1155,ExpGrad.1,0,0.706192,-0.0709957016804622,-0.0894710195401452,-0.0894710195401452,-0.0572038346918388,-0.0624448197736268,0 days 00:03:00.116831
1156,ExpGrad.01,0,0.686927,-0.0150837201119427,-0.0198080706846794,-0.0198080706846794,-0.0149568089078337,-0.0110150047979802,0 days 00:05:56.425676
1157,RedGrid25,0,0.68582,-0.0765711540538998,-0.1094085230571142,-0.1094085230571142,0.0,-0.0901926117177367,0 days 00:11:15.586598
1158,RedGrid5,0,0.68582,-0.0765711540538998,-0.1094085230571142,-0.1094085230571142,0.0,-0.0901926117177367,0 days 00:11:11.300042
1159,RedGrid75,0,0.68582,-0.0765711540538998,-0.1094085230571142,-0.1094085230571142,0.0,-0.0901926117177367,0 days 00:11:07.728074
1160,ExpGrad.1,2,0.701504,-0.0402324255760598,-0.0695677747622756,-0.0695677747622756,-0.0359637227913267,-0.0173688222638785,0 days 00:02:12.785501
1161,ExpGrad.01,2,0.612283,-0.0050694326007958,-0.0146934677845885,-0.0146934677845885,0.0,0.0,0 days 00:03:00.698909
1162,RedGrid25,2,0.722237,-0.1030227449601735,-0.1216338511930109,-0.1216338511930109,-0.1065478745725665,-0.0843867170804095,0 days 00:10:43.447644
1163,RedGrid5,2,0.669844,-0.0202370062350866,-0.0586558344074011,-0.0586558344074011,0.0,0.0,0 days 00:10:42.404292
1164,RedGrid75,2,0.669844,-0.0202370062350866,-0.0586558344074011,-0.0586558344074011,0.0,0.0,0 days 00:10:41.168765
1165,ExpGrad.1,1,0.710975,-0.0459942607984038,-0.1187500611352673,-0.1187500611352673,-0.0584553665199124,-0.0368402018021651,0 days 00:02:21.499915
1166,ExpGrad.01,1,0.610963,-0.0027154013653219,-0.0126075853566816,-0.0126075853566816,-0.0070618939157414,0.0,0 days 00:03:15.989929
1167,RedGrid25,1,0.705396,-0.0601296503462214,-0.1337837123398907,-0.1337837123398907,-0.0600465101908035,-0.0579042237339773,0 days 00:11:30.126586
1168,RedGrid5,1,0.705396,-0.0601296503462214,-0.1337837123398907,-0.1337837123398907,-0.0600465101908035,-0.0579042237339773,0 days 00:11:41.629242
1169,RedGrid75,1,0.705396,-0.0601296503462214,-0.1337837123398907,-0.1337837123398907,-0.0600465101908035,-0.0579042237339773,0 days 00:11:50.005260
1170,ExpGrad.1,2,0.702044,-0.0558815339320288,-0.0918122264445414,-0.0918122264445414,-0.0487373498591618,-0.0282146151689911,0 days 00:02:58.495049
1171,ExpGrad.01,2,0.614989,-0.0105736427570328,-0.0158394104253757,-0.0158394104253757,-0.0093603668587248,-0.006628873751487,0 days 00:03:50.328616
1172,RedGrid25,2,0.725955,-0.0939878466949326,-0.1323340076441364,-0.1323340076441364,-0.0955804968815942,-0.0583679989124534,0 days 00:13:17.202105
1173,RedGrid5,2,0.680174,-0.0309260761282576,-0.0729470543878003,-0.0729470543878003,0.0,-0.0134901868883714,0 days 00:13:19.167324
1174,RedGrid75,2,0.671926,-0.0266441814287649,-0.0757401553602556,-0.0757401553602556,0.0,0.0,0 days 00:13:16.547041
1175,ExpGrad.1,0,0.706375,-0.0839425772271262,-0.1009826794166879,-0.1009826794166879,-0.0743154697591047,-0.0743195998695458,0 days 00:04:07.788227
1176,ExpGrad.01,0,0.683099,-0.0119426624472184,-0.0143443885564085,-0.0143443885564085,-0.0054832238746079,-0.0134089989775371,0 days 00:08:57.285665
1177,RedGrid25,0,0.685196,-0.1239843263368249,-0.1547681383605501,-0.1547681383605501,-0.0999298094231823,-0.1102856138686521,0 days 00:14:08.771978
1178,RedGrid5,0,0.685196,-0.1239843263368249,-0.1547681383605501,-0.1547681383605501,-0.0999298094231823,-0.1102856138686521,0 days 00:14:07.930140
1179,RedGrid75,0,0.685196,-0.1239843263368249,-0.1547681383605501,-0.1547681383605501,-0.0999298094231823,-0.1102856138686521,0 days 00:14:03.827563
1180,ExpGrad.1,0,0.707191,-0.0814697364980966,-0.09776262634604,-0.09776262634604,-0.0731114408071248,-0.0718032553543814,0 days 00:03:04.866381
1181,ExpGrad.01,0,0.687228,-0.0135553015562694,-0.018045845755614,-0.018045845755614,-0.0105166063406054,-0.0112972120741003,0 days 00:07:20.256333
1182,RedGrid25,0,0.68592,-0.1220549007208884,-0.1504615534945574,-0.1504615534945574,-0.10150745657011,-0.1085025992956506,0 days 00:12:21.772121
1183,RedGrid5,0,0.68592,-0.1220549007208884,-0.1504615534945574,-0.1504615534945574,-0.10150745657011,-0.1085025992956506,0 days 00:12:22.752310
1184,RedGrid75,0,0.68592,-0.1220549007208884,-0.1504615534945574,-0.1504615534945574,-0.10150745657011,-0.1085025992956506,0 days 00:12:26.371436
1185,ExpGrad.1,2,0.710056,-0.056833106044416,-0.0856656616954679,-0.0856656616954679,-0.0495594411502536,-0.0360844554395489,0 days 00:02:06.915871
1186,ExpGrad.01,2,0.636995,-0.0094748423405588,-0.0158701281430761,-0.0158701281430761,0.0,-0.010044455620127,0 days 00:04:42.978090
1187,RedGrid25,2,0.715534,-0.0729270001509604,-0.1078416448927024,-0.1078416448927024,-0.0865343722286956,-0.0330551439111025,0 days 00:10:46.866454
1188,RedGrid5,2,0.715534,-0.0729270001509604,-0.1078416448927024,-0.1078416448927024,-0.0865343722286956,-0.0330551439111025,0 days 00:10:44.646291
1189,RedGrid75,2,0.678982,-0.0371500641082408,-0.0526096763777507,-0.0526096763777507,0.0,-0.0478990796799577,0 days 00:10:41.450042
1190,ExpGrad.1,0,0.706392,-0.0784325230673187,-0.0962676814334329,-0.0962676814334329,-0.0681633689684355,-0.0685183542287708,0 days 00:04:36.864894
1191,ExpGrad.01,0,0.689878,-0.012357326512189,-0.0185445011064492,-0.0185445011064492,-0.0081192707544983,-0.0092923341511751,0 days 00:12:28.187872
1192,RedGrid25,0,0.683471,-0.1156067621932559,-0.1503574102827997,-0.1503574102827997,-0.0953339011075473,-0.0964359648579704,0 days 00:16:49.543463
1193,RedGrid5,0,0.683471,-0.1156067621932559,-0.1503574102827997,-0.1503574102827997,-0.0953339011075473,-0.0964359648579704,0 days 00:16:47.695744
1194,RedGrid75,0,0.683471,-0.1156067621932559,-0.1503574102827997,-0.1503574102827997,-0.0953339011075473,-0.0964359648579704,0 days 00:16:21.458976
1195,ExpGrad.1,2,0.717181,-0.066729762185765,-0.097544045980023,-0.097544045980023,-0.076525751716473,-0.0329331581172844,0 days 00:02:26.677424
1196,ExpGrad.01,2,0.624785,-0.003823554683177,-0.0106388454449691,-0.0106388454449691,-0.000478790130281,0.0,0 days 00:05:55.319398
1197,RedGrid25,2,0.722858,-0.0802083613136585,-0.1021285723370211,-0.1021285723370211,-0.0826007795213794,-0.0591983527959743,0 days 00:13:20.497376
1198,RedGrid5,2,0.711819,-0.071707770036388,-0.0932451648668255,-0.0838657587043699,-0.0932451648668255,-0.0466649827024224,0 days 00:13:26.522864
1199,RedGrid75,2,0.657478,-0.02116274612743,-0.0608654509081922,-0.0608654509081922,0.0,0.0,0 days 00:13:34.981376
1200,ExpGrad.1,0,0.707244,-0.0833771948498028,-0.1010041504766942,-0.1010041504766942,-0.0745337883064989,-0.072837305909391,0 days 00:03:40.415091
1201,ExpGrad.01,0,0.685931,-0.0131845987403673,-0.0187976417451963,-0.0187976417451963,-0.0126026289655388,-0.0085924370097294,0 days 00:06:43.469888
1202,RedGrid25,0,0.691889,-0.0198224022991268,-0.026644546600319,-0.026644546600319,-0.0037834348584252,-0.0227224798214253,0 days 00:15:46.671506
1203,RedGrid5,0,0.691889,-0.0198224022991268,-0.026644546600319,-0.026644546600319,-0.0037834348584252,-0.0227224798214253,0 days 00:15:42.327454
1204,RedGrid75,0,0.691889,-0.0198224022991268,-0.026644546600319,-0.026644546600319,-0.0037834348584252,-0.0227224798214253,0 days 00:15:44.964963
1205,ExpGrad.1,0,0.706471,-0.0832327196207314,-0.1013251448776677,-0.1013251448776677,-0.0735621916763519,-0.0726740664094657,0 days 00:03:23.905037
1206,ExpGrad.01,0,0.688124,-0.0158762014062438,-0.0222625767399597,-0.0222625767399597,-0.0137284922261057,-0.0114476153525204,0 days 00:06:00.906982
1207,RedGrid25,0,0.694875,-0.0389446061053343,-0.0431577264133677,-0.0425178375577955,-0.0256696350157529,-0.0431577264133677,0 days 00:12:46.757260
1208,RedGrid5,0,0.694875,-0.0389446061053343,-0.0431577264133677,-0.0425178375577955,-0.0256696350157529,-0.0431577264133677,0 days 00:12:46.520308
1209,RedGrid75,0,0.694875,-0.0389446061053343,-0.0431577264133677,-0.0425178375577955,-0.0256696350157529,-0.0431577264133677,0 days 00:12:45.293559
1210,ExpGrad.1,1,0.710371,-0.0307333136431203,-0.1087295037031437,-0.1087295037031437,-0.0326407908326348,-0.027234260295442,0 days 00:02:45.057171
1211,ExpGrad.01,1,0.584515,-0.0059312648842626,-0.0092029412563386,-0.0053661219297378,-5.668779915152245e-05,-0.0092029412563386,0 days 00:03:04.883273
1212,RedGrid25,1,0.702399,-0.0249471534981273,-0.1168850592475412,-0.1168850592475412,-0.0149486121733048,-0.027606354971739,0 days 00:13:29.341629
1213,RedGrid5,1,0.702399,-0.0249471534981273,-0.1168850592475412,-0.1168850592475412,-0.0149486121733048,-0.027606354971739,0 days 00:13:26.506453
1214,RedGrid75,1,0.702399,-0.0249471534981273,-0.1168850592475412,-0.1168850592475412,-0.0149486121733048,-0.027606354971739,0 days 00:13:26.437467
1215,ExpGrad.1,0,0.70667,-0.0802985807036912,-0.0975508481192811,-0.0975508481192811,-0.0679562235795332,-0.0720137155354867,0 days 00:03:07.948598
1216,ExpGrad.01,0,0.685026,-0.0136790448343646,-0.0184369188234814,-0.0184369188234814,-0.0084850670645585,-0.0123814254951954,0 days 00:05:52.605797
1217,RedGrid25,0,0.683072,-0.1147448361998393,-0.1495259060856221,-0.1495259060856221,-0.0933303521312466,-0.0961298213386929,0 days 00:13:03.662319
1218,RedGrid5,0,0.683072,-0.1147448361998393,-0.1495259060856221,-0.1495259060856221,-0.0933303521312466,-0.0961298213386929,0 days 00:13:18.397455
1219,RedGrid75,0,0.683072,-0.1147448361998393,-0.1495259060856221,-0.1495259060856221,-0.0933303521312466,-0.0961298213386929,0 days 00:13:13.268776
1220,ExpGrad.1,1,0.711926,-0.043373068719937,-0.1302897600836297,-0.1302897600836297,-0.0480026075624208,-0.038092341279834,0 days 00:03:35.334375
1221,ExpGrad.01,1,0.587993,-0.0006887517967951,-0.0151728591411925,-0.0151728591411925,0.0,-0.0006150950136868,0 days 00:03:46.503083
1222,RedGrid25,1,0.698809,-0.0263089951147599,-0.1099635259482176,-0.1099635259482176,-0.0330530005545833,-0.0199629062104688,0 days 00:13:15.619703
1223,RedGrid5,1,0.698809,-0.0263089951147599,-0.1099635259482176,-0.1099635259482176,-0.0330530005545833,-0.0199629062104688,0 days 00:13:14.374176
1224,RedGrid75,1,0.698809,-0.0263089951147599,-0.1099635259482176,-0.1099635259482176,-0.0330530005545833,-0.0199629062104688,0 days 00:13:13.206966
1225,ExpGrad.1,1,0.71102,-0.0413721395772731,-0.1093317130409177,-0.1093317130409177,-0.0510265089932552,-0.0339118216897249,0 days 00:02:12.457851
1226,ExpGrad.01,1,0.609773,-0.0083133423056049,-0.0210792724930908,-0.0210792724930908,-0.0070443298966257,-0.0086179121924999,0 days 00:05:12.287272
1227,RedGrid25,1,0.707142,-0.07750199997796,-0.1410125733003974,-0.1410125733003974,-0.0843847534502255,-0.0717141780957723,0 days 00:11:27.545958
1228,RedGrid5,1,0.700252,-0.0057771368021355,-0.0955466492415869,-0.0955466492415869,0.0,-0.0061775019178017,0 days 00:11:29.770663
1229,RedGrid75,1,0.700252,-0.0057771368021355,-0.0955466492415869,-0.0955466492415869,0.0,-0.0061775019178017,0 days 00:11:22.123175
1230,ExpGrad.1,0,0.707222,-0.0743971848366616,-0.0934046154011626,-0.0934046154011626,-0.0599301624569139,-0.0656753723722456,0 days 00:03:05.408309
1231,ExpGrad.01,0,0.685491,-0.011265680503133,-0.0171802945982169,-0.0171802945982169,-0.0091039260123277,-0.0072585339459128,0 days 00:05:38.923613
1232,RedGrid25,0,0.686994,-0.0817128242890228,-0.1140136644803421,-0.1140136644803421,-0.0059533567867603,-0.0951715229258146,0 days 00:11:09.325233
1233,RedGrid5,0,0.686994,-0.0817128242890228,-0.1140136644803421,-0.1140136644803421,-0.0059533567867603,-0.0951715229258146,0 days 00:11:10.726159
1234,RedGrid75,0,0.664171,-0.0549024351698461,-0.1123090748668547,-0.1123090748668547,0.0,-0.0347549278007009,0 days 00:11:09.911555
1235,ExpGrad.1,1,0.708396,-0.0167161260948349,-0.0993915484865314,-0.0993915484865314,-0.0184218740394485,-0.013239644006121,0 days 00:02:04.789471
1236,ExpGrad.01,1,0.576888,-0.0039607041007106,-0.0086228271594021,-0.0006521411709073,-0.0086228271594021,-0.0014749321085614,0 days 00:02:32.085015
1237,RedGrid25,1,0.708288,-0.065831037348612,-0.1361576358925246,-0.1361576358925246,-0.0745285707375544,-0.0588526928991076,0 days 00:12:18.858211
1238,RedGrid5,1,0.700556,-0.001826737173066,-0.0946467343681276,-0.0946467343681276,0.0,0.0,0 days 00:12:16.409342
1239,RedGrid75,1,0.700556,-0.001826737173066,-0.0946467343681276,-0.0946467343681276,0.0,0.0,0 days 00:12:16.487770
1240,ExpGrad.1,2,0.727696,-0.0812021407746574,-0.1045134381753299,-0.1045134381753299,-0.0801346265982894,-0.0612744090188234,0 days 00:02:12.364337
1241,ExpGrad.01,2,0.63868,-0.0112482164115137,-0.0185473429717112,-0.0113138516990131,0.0,-0.0185473429717112,0 days 00:03:57.751879
1242,RedGrid25,2,0.716815,-0.073465444644532,-0.084802539845693,-0.0819943427627542,-0.084802539845693,-0.0585036925234722,0 days 00:10:43.435942
1243,RedGrid5,2,0.716815,-0.073465444644532,-0.084802539845693,-0.0819943427627542,-0.084802539845693,-0.0585036925234722,0 days 00:11:13.348625
1244,RedGrid75,2,0.671091,-0.0262234390056763,-0.0432085031364319,-0.037878695024639,-0.0432085031364319,-0.0048012603837529,0 days 00:10:52.534517
1245,ExpGrad.1,0,0.706599,-0.0818570771716244,-0.099089213112398,-0.099089213112398,-0.0733127507240588,-0.0715090620654903,0 days 00:03:15.038092
1246,ExpGrad.01,0,0.685932,-0.0120468068188694,-0.0177889087541569,-0.0177889087541569,-0.0096225284355536,-0.0083648754184395,0 days 00:06:18.774216
1247,RedGrid25,0,0.691511,-0.0206292584240173,-0.0268858460290716,-0.0268858460290716,-0.0065954657900393,-0.0229150746369121,0 days 00:12:22.836660
1248,RedGrid5,0,0.691511,-0.0206292584240173,-0.0268858460290716,-0.0268858460290716,-0.0065954657900393,-0.0229150746369121,0 days 00:12:21.703137
1249,RedGrid75,0,0.691511,-0.0206292584240173,-0.0268858460290716,-0.0268858460290716,-0.0065954657900393,-0.0229150746369121,0 days 00:12:21.646019
1250,ExpGrad.1,1,0.712545,-0.0432940584560508,-0.1136126156758782,-0.1136126156758782,-0.0465116639730081,-0.0393221608124142,0 days 00:03:19.571900
1251,ExpGrad.01,1,0.607193,-0.0087360472742099,-0.0215875618862749,-0.0215875618862749,-0.0115932494756099,-0.0067530111449512,0 days 00:04:11.046582
1252,RedGrid25,1,0.692734,-0.0015265252639017,-0.0777201166297704,-0.0777201166297704,0.0,0.0,0 days 00:13:12.262459
1253,RedGrid5,1,0.692734,-0.0015265252639017,-0.0777201166297704,-0.0777201166297704,0.0,0.0,0 days 00:12:43.539251
1254,RedGrid75,1,0.692734,-0.0015265252639017,-0.0777201166297704,-0.0777201166297704,0.0,0.0,0 days 00:13:14.052585
1255,ExpGrad.1,1,0.708961,-0.0187471691869855,-0.1004427006476803,-0.1004427006476803,-0.0211935892177648,-0.0148897880445443,0 days 00:03:29.065199
1256,ExpGrad.01,1,0.589433,-0.0002091160310557,-0.0107818748413005,-0.0107818748413005,0.0,0.0,0 days 00:03:20.849073
1257,RedGrid25,1,0.699687,-0.0108749428536075,-0.1012128411388424,-0.1012128411388424,0.0,-0.0141030068778873,0 days 00:13:53.355057
1258,RedGrid5,1,0.699687,-0.0108749428536075,-0.1012128411388424,-0.1012128411388424,0.0,-0.0141030068778873,0 days 00:13:51.186722
1259,RedGrid75,1,0.699687,-0.0108749428536075,-0.1012128411388424,-0.1012128411388424,0.0,-0.0141030068778873,0 days 00:13:45.258685
1260,ExpGrad.1,2,0.712456,-0.0633530765285607,-0.0945436627356072,-0.0945436627356072,-0.0528170307221145,-0.0426477181843271,0 days 00:02:35.303892
1261,ExpGrad.01,2,0.630326,-0.0099144183252382,-0.0176884593332719,-0.0176884593332719,-0.0145822547023214,0.0,0 days 00:04:20.227617
1262,RedGrid25,2,0.719623,-0.0774101823593601,-0.1118004525243502,-0.1118004525243502,-0.0968413581302239,-0.0343453350721478,0 days 00:13:05.107124
1263,RedGrid5,2,0.694122,-0.0459985813522171,-0.0844058352854014,-0.0844058352854014,0.0,-0.0420263030298684,0 days 00:12:51.372998
1264,RedGrid75,2,0.616112,-0.0187878299049624,-0.0435600069097128,-0.0021502698103489,-0.0435600069097128,-0.017350120133638,0 days 00:12:45.130181
1265,ExpGrad.1,1,0.709044,-0.0189917541648964,-0.1038921746431534,-0.1038921746431534,-0.0152951693673663,-0.0184321313392484,0 days 00:04:19.839999
1266,ExpGrad.01,1,0.609768,-0.0037357047682176,-0.0171986206017574,-0.0171986206017574,-0.0005841953619457,-0.0050677932832012,0 days 00:05:14.895511
1267,RedGrid25,1,0.700177,-0.0169374099435298,-0.1174079787471168,-0.1174079787471168,-0.0003958397590579,-0.0230139811165562,0 days 00:13:32.877578
1268,RedGrid5,1,0.700177,-0.0169374099435298,-0.1174079787471168,-0.1174079787471168,-0.0003958397590579,-0.0230139811165562,0 days 00:13:32.584321
1269,RedGrid75,1,0.678231,-0.0004896561149221,-0.0252678849724058,-0.0252678849724058,0.0,0.0,0 days 00:13:32.114282
1270,ExpGrad.1,2,0.713791,-0.0646388811529617,-0.0984335978935519,-0.0984335978935519,-0.0593282601586951,-0.0382922508078855,0 days 00:02:14.989240
1271,ExpGrad.01,2,0.625116,-0.0127753255657342,-0.0152385319951642,-0.0115407409279134,-0.0152385319951642,-0.0122358097239629,0 days 00:02:52.390519
1272,RedGrid25,2,0.730619,-0.0984217537582033,-0.1211610219369404,-0.1211610219369404,-0.1078004249333313,-0.0721209691313086,0 days 00:13:11.370466
1273,RedGrid5,2,0.701307,-0.0543912121219232,-0.073482476849932,-0.073482476849932,-0.0531241483725167,-0.0383604152153249,0 days 00:12:10.886031
1274,RedGrid75,2,0.676164,-0.0392951790254688,-0.0549272613119307,-0.0549272613119307,0.0,-0.051492219425994,0 days 00:12:05.889647
1275,ExpGrad.1,2,0.657438,-0.0281174649932634,-0.0493611859938711,-0.0493611859938711,-0.0124493443636093,-0.0196594619587179,0 days 00:02:55.904306
1276,ExpGrad.01,2,0.619697,-0.009212585454048,-0.0168761038725659,-0.0168761038725659,0.0,-0.0085283720091574,0 days 00:03:19.824843
1277,RedGrid25,2,0.693395,-0.0635322186782148,-0.0766560070360386,-0.0661487212816109,-0.0766560070360386,-0.0524829554962451,0 days 00:11:05.920887
1278,RedGrid5,2,0.643673,-0.0124675690599954,-0.0358294148991019,-0.0358294148991019,0.0,0.0,0 days 00:11:03.352910
1279,RedGrid75,2,0.643673,-0.0124675690599954,-0.0358294148991019,-0.0358294148991019,0.0,0.0,0 days 00:10:48.101459
1280,ExpGrad.1,1,0.708121,-0.0127526159509301,-0.1049803065731884,-0.1049803065731884,-0.0008973081023792,-0.0164840061653173,0 days 00:01:57.013895
1281,ExpGrad.01,1,0.58824,-6.637571017462791e-05,-0.0034120682291474,-0.0034120682291474,0.0,0.0,0 days 00:02:07.141837
1282,RedGrid25,1,0.695355,-0.0017663849675791,-0.0908016805012547,-0.0908016805012547,0.0,0.0,0 days 00:08:15.040988
1283,RedGrid5,1,0.695355,-0.0017663849675791,-0.0908016805012547,-0.0908016805012547,0.0,0.0,0 days 00:08:33.824782
1284,RedGrid75,1,0.695355,-0.0017663849675791,-0.0908016805012547,-0.0908016805012547,0.0,0.0,0 days 00:08:32.041818
1285,ExpGrad.1,2,0.709538,-0.0671005420165618,-0.1059965046799525,-0.1059965046799525,-0.0484230197374559,-0.0447174374788407,0 days 00:02:17.895819
1286,ExpGrad.01,2,0.614769,-0.0072936661415093,-0.0124630696222872,-0.0124630696222872,-0.006297530034569,-0.0033121576287506,0 days 00:02:26.181541
1287,RedGrid25,2,0.724035,-0.0922658643996222,-0.1237604126897307,-0.1237604126897307,-0.0926218381409016,-0.0636563635344107,0 days 00:12:48.264574
1288,RedGrid5,2,0.674252,-0.0273748735182318,-0.0485002289720752,-0.0485002289720752,-0.0396963093173454,0.0,0 days 00:12:51.252341
1289,RedGrid75,2,0.644229,-0.0169973039164064,-0.0290201924348493,-0.0268260058961302,-0.0290201924348493,0.0,0 days 00:12:41.934743
1290,ExpGrad.1,0,0.707193,-0.082037590427123,-0.1001392202676345,-0.1001392202676345,-0.0719975501657279,-0.0717060457832785,0 days 00:03:29.413524
1291,ExpGrad.01,0,0.687543,-0.0136503226087331,-0.0194645495921775,-0.0194645495921775,-0.0097493242875987,-0.0107056454679002,0 days 00:06:29.166827
1292,RedGrid25,0,0.687293,-0.0807183006946032,-0.1133387802268417,-0.1133387802268417,-0.0048002913242511,-0.0940685287102339,0 days 00:11:31.556222
1293,RedGrid5,0,0.687293,-0.0807183006946032,-0.1133387802268417,-0.1133387802268417,-0.0048002913242511,-0.0940685287102339,0 days 00:11:30.718079
1294,RedGrid75,0,0.664275,-0.0543815049227941,-0.1115419018545967,-0.1115419018545967,0.0,-0.0342943160050027,0 days 00:11:36.802137
1295,ExpGrad.1,0,0.706451,-0.0732888608043858,-0.0919003345136615,-0.0919003345136615,-0.0586276448471282,-0.0650474939673718,0 days 00:03:16.103577
1296,ExpGrad.01,0,0.68848,-0.0141252658520749,-0.0191309145572451,-0.0191309145572451,-0.0120929439759129,-0.0108529238486488,0 days 00:06:20.810623
1297,RedGrid25,0,0.687298,-0.082757020523598,-0.1148493782698734,-0.1148493782698734,-0.0082962115001931,-0.0957186668479862,0 days 00:11:30.170603
1298,RedGrid5,0,0.687298,-0.082757020523598,-0.1148493782698734,-0.1148493782698734,-0.0082962115001931,-0.0957186668479862,0 days 00:11:25.373932
1299,RedGrid75,0,0.664357,-0.0545944698800246,-0.1116109303233745,-0.1116109303233745,0.0,-0.0346950733975632,0 days 00:11:32.281777
1300,ExpGrad.1,2,0.692953,-0.0516752468914885,-0.0741711816567013,-0.0741711816567013,-0.06301992475095,-0.0241356813535089,0 days 00:02:52.312521
1301,ExpGrad.01,2,0.615057,-0.0081306243086704,-0.0137548923406609,-0.0130704373375469,-0.0137548923406609,0.0,0 days 00:03:22.064529
1302,RedGrid25,2,0.694596,-0.0420362955868826,-0.0727488347523709,-0.0612951105912137,-0.0727488347523709,-0.0044959506421716,0 days 00:10:56.194521
1303,RedGrid5,2,0.676574,-0.0321998630166309,-0.0559160329618683,-0.0468960538652207,-0.0559160329618683,-0.0033672121355957,0 days 00:11:01.215154
1304,RedGrid75,2,0.643341,-0.0179746607173233,-0.038876837682708,-0.0225605000599058,-0.038876837682708,0.0,0 days 00:11:01.615282
1305,ExpGrad.1,1,0.709567,-0.0166023747659251,-0.1065584892985256,-0.1065584892985256,-0.0096144297730791,-0.0176451549251713,0 days 00:02:21.698295
1306,ExpGrad.01,1,0.603883,-0.000157322038281,-0.0079450556570211,-0.0079450556570211,0.0,0.0,0 days 00:04:29.511220
1307,RedGrid25,1,0.701572,-0.0095325085017986,-0.1072342437275627,-0.1072342437275627,0.0,-0.0117397094595645,0 days 00:11:57.787424
1308,RedGrid5,1,0.701572,-0.0095325085017986,-0.1072342437275627,-0.1072342437275627,0.0,-0.0117397094595645,0 days 00:11:48.075302
1309,RedGrid75,1,0.701572,-0.0095325085017986,-0.1072342437275627,-0.1072342437275627,0.0,-0.0117397094595645,0 days 00:11:52.488011
1310,ExpGrad.1,1,0.709965,-0.0370284291192418,-0.1156751001320208,-0.1156751001320208,-0.0445897095434673,-0.0304030380721013,0 days 00:02:53.444883
1311,ExpGrad.01,1,0.590024,-0.0018804930937482,-0.0172937646515329,-0.0172937646515329,-0.0044139545918548,0.0,0 days 00:06:19.260579
1312,RedGrid25,1,0.70785,-0.0645315680681176,-0.1385008554212828,-0.1385008554212828,-0.065440717332158,-0.0617331677277035,0 days 00:14:43.109863
1313,RedGrid5,1,0.698977,-0.0018509014749291,-0.0945171015821274,-0.0945171015821274,0.0,0.0,0 days 00:14:44.416745
1314,RedGrid75,1,0.698977,-0.0018509014749291,-0.0945171015821274,-0.0945171015821274,0.0,0.0,0 days 00:14:41.659714
1315,ExpGrad.1,1,0.712632,-0.0527936870038976,-0.1376729640084214,-0.1376729640084214,-0.0554144877830047,-0.048745731413847,0 days 00:02:19.927785
1316,ExpGrad.01,1,0.622597,-0.0049163604782359,-0.0355056328132959,-0.0355056328132959,-0.003218913017659,-0.0049122942739165,0 days 00:05:49.583237
1317,RedGrid25,1,0.706007,-0.0703729400024401,-0.1500555931325098,-0.1500555931325098,-0.0725805197817256,-0.0667119980079185,0 days 00:12:13.113877
1318,RedGrid5,1,0.706007,-0.0703729400024401,-0.1500555931325098,-0.1500555931325098,-0.0725805197817256,-0.0667119980079185,0 days 00:12:13.445694
1319,RedGrid75,1,0.68358,-0.00099773667838,-0.051411278851847,-0.051411278851847,0.0,0.0,0 days 00:12:04.018576
1320,ExpGrad.1,2,0.708469,-0.0509683179356619,-0.0907117294397834,-0.0907117294397834,-0.0255697189293712,-0.032480913608002,0 days 00:03:17.869323
1321,ExpGrad.01,2,0.625843,-0.0112857996136108,-0.0172670128648248,-0.0172670128648248,0.0,-0.0134435401908695,0 days 00:03:26.204727
1322,RedGrid25,2,0.708303,-0.0621408740936921,-0.1131199171210912,-0.1131199171210912,-0.0084375755523513,-0.0524091866413062,0 days 00:12:31.678884
1323,RedGrid5,2,0.677719,-0.0360069946269984,-0.0551209232365059,-0.0551209232365059,0.0,-0.0428636193046173,0 days 00:11:53.142126
1324,RedGrid75,2,0.677719,-0.0360069946269984,-0.0551209232365059,-0.0551209232365059,0.0,-0.0428636193046173,0 days 00:11:00.684740
1325,ExpGrad.1,0,0.707121,-0.07402838676411,-0.0923128252485157,-0.0923128252485157,-0.0625233009147157,-0.0643124611131404,0 days 00:03:30.323638
1326,ExpGrad.01,0,0.685355,-0.0084276611808249,-0.013919632114446,-0.013919632114446,-0.0057679246152612,-0.0050687678764947,0 days 00:06:09.274426
1327,RedGrid25,0,0.690974,-0.0159259388315982,-0.0221529207003134,-0.0221529207003134,-0.0011358556504541,-0.0186349286828056,0 days 00:13:15.060114
1328,RedGrid5,0,0.690974,-0.0159259388315982,-0.0221529207003134,-0.0221529207003134,-0.0011358556504541,-0.0186349286828056,0 days 00:13:14.010122
1329,RedGrid75,0,0.690974,-0.0159259388315982,-0.0221529207003134,-0.0221529207003134,-0.0011358556504541,-0.0186349286828056,0 days 00:13:14.829477
1330,ExpGrad.1,2,0.710225,-0.0592012472841644,-0.0886288420271509,-0.0886288420271509,-0.0667832886381359,-0.0277665555898291,0 days 00:02:55.050567
1331,ExpGrad.01,2,0.623404,-0.0028152245868632,-0.0061799374907143,-0.0061799374907143,-0.0025158934679997,0.0,0 days 00:04:44.765788
1332,RedGrid25,2,0.691793,-0.044943463498113,-0.0714559026926632,-0.0714559026926632,-0.0669734272800043,-0.0064708432400883,0 days 00:10:33.004390
1333,RedGrid5,2,0.67968,-0.0276916250786764,-0.0708242636639722,-0.0708242636639722,0.0,-0.0075361053736872,0 days 00:10:29.636087
1334,RedGrid75,2,0.662677,-0.0207720054802257,-0.0594349418585137,-0.0594349418585137,0.0,0.0,0 days 00:10:27.639604
1335,ExpGrad.1,2,0.711872,-0.0571140401776319,-0.081638436765128,-0.081638436765128,-0.0507224957814707,-0.0394585038628582,0 days 00:04:22.381183
1336,ExpGrad.01,2,0.622692,-0.0067574531463735,-0.0094173749759879,-0.0094173749759879,0.0,-0.0088800319869428,0 days 00:04:33.838604
1337,RedGrid25,2,0.720741,-0.0782504763745434,-0.099930536051281,-0.099930536051281,-0.0807748234957402,-0.0572000566937261,0 days 00:13:31.707490
1338,RedGrid5,2,0.718223,-0.0757196465053483,-0.0875786929202562,-0.0875786929202562,-0.0671487204156858,-0.0708307942550822,0 days 00:13:43.197938
1339,RedGrid75,2,0.625235,-0.0102004726888795,-0.0170679731717196,-0.0101152690669206,0.0,-0.0170679731717196,0 days 00:13:43.244601
1340,ExpGrad.1,0,0.706412,-0.0768286944757038,-0.0946313940478194,-0.0946313940478194,-0.0659285517287199,-0.0672958639784091,0 days 00:02:11.745470
1341,ExpGrad.01,0,0.686917,-0.0100055538327645,-0.0165053415009467,-0.0165053415009467,-0.0072275019817107,-0.005858914266049,0 days 00:04:59.514126
1342,RedGrid25,0,0.682497,-0.1137741493833875,-0.1486870515093855,-0.1486870515093855,-0.0932490658849842,-0.0946073775024628,0 days 00:09:53.769062
1343,RedGrid5,0,0.682497,-0.1137741493833875,-0.1486870515093855,-0.1486870515093855,-0.0932490658849842,-0.0946073775024628,0 days 00:09:50.491716
1344,RedGrid75,0,0.682497,-0.1137741493833875,-0.1486870515093855,-0.1486870515093855,-0.0932490658849842,-0.0946073775024628,0 days 00:09:51.058904
1345,ExpGrad.1,1,0.710913,-0.0312561779011539,-0.1130262027061574,-0.1130262027061574,-0.0183353139064993,-0.0358537557034565,0 days 00:02:25.364404
1346,ExpGrad.01,1,0.588347,-5.2733142956212174e-05,-0.0026875666529216,-0.0026875666529216,0.0,0.0,0 days 00:04:32.635596
1347,RedGrid25,1,0.697121,-0.0017674856676605,-0.0900806451810751,-0.0900806451810751,0.0,0.0,0 days 00:13:38.131325
1348,RedGrid5,1,0.692456,-0.0014352618423202,-0.0731487191809124,-0.0731487191809124,0.0,0.0,0 days 00:13:32.628439
1349,RedGrid75,1,0.692456,-0.0014352618423202,-0.0731487191809124,-0.0731487191809124,0.0,0.0,0 days 00:13:36.365087
1350,ExpGrad.1,1,0.710764,-0.0287570879327693,-0.1041994502897364,-0.1041994502897364,-0.0359923618897377,-0.0223991731245933,0 days 00:03:16.289085
1351,ExpGrad.01,1,0.586959,0.0,0.0,0.0,0.0,0.0,0 days 00:03:19.961735
1352,RedGrid25,1,0.705462,-0.0586575079217039,-0.1313252846449722,-0.1313252846449722,-0.0588300740457632,-0.0563046733362169,0 days 00:12:52.912090
1353,RedGrid5,1,0.705462,-0.0586575079217039,-0.1313252846449722,-0.1313252846449722,-0.0588300740457632,-0.0563046733362169,0 days 00:13:35.422954
1354,RedGrid75,1,0.699146,-0.0052190818103405,-0.0950108380742064,-0.0950108380742064,0.0,-0.0053260473738755,0 days 00:12:12.673124
1355,ExpGrad.1,0,0.707083,-0.074369831449956,-0.0934960075481714,-0.0934960075481714,-0.0592774307552028,-0.0658892229676849,0 days 00:04:01.273993
1356,ExpGrad.01,0,0.686592,-0.0134800604269453,-0.0193503012878936,-0.0193503012878936,-0.0086865785766168,-0.0109666070611897,0 days 00:09:40.183833
1357,RedGrid25,0,0.682647,-0.1132158101445192,-0.1487166601603951,-0.1487166601603951,-0.0909907181693105,-0.0942651575382125,0 days 00:14:40.792140
1358,RedGrid5,0,0.682647,-0.1132158101445192,-0.1487166601603951,-0.1487166601603951,-0.0909907181693105,-0.0942651575382125,0 days 00:14:44.811042
1359,RedGrid75,0,0.682647,-0.1132158101445192,-0.1487166601603951,-0.1487166601603951,-0.0909907181693105,-0.0942651575382125,0 days 00:13:47.470596
1360,ExpGrad.1,1,0.710944,-0.0360151139033686,-0.128942218826523,-0.128942218826523,-0.0302894666860024,-0.0363242148390118,0 days 00:03:13.644610
1361,ExpGrad.01,1,0.612905,-0.0025860608612793,-0.0243324435808274,-0.0243324435808274,0.0,-0.0033459228775645,0 days 00:04:25.354150
1362,RedGrid25,1,0.691488,-0.0017850583318738,-0.0921063832100108,-0.0921063832100108,0.0,0.0,0 days 00:12:31.715696
1363,RedGrid5,1,0.691488,-0.0017850583318738,-0.0921063832100108,-0.0921063832100108,0.0,0.0,0 days 00:12:26.890012
1364,RedGrid75,1,0.691488,-0.0017850583318738,-0.0921063832100108,-0.0921063832100108,0.0,0.0,0 days 00:13:14.318187
1365,ExpGrad.1,0,0.706259,-0.0834922789625148,-0.099996628530664,-0.099996628530664,-0.0744099513389922,-0.0740266215418791,0 days 00:03:15.833874
1366,ExpGrad.01,0,0.685306,-0.0128887925729509,-0.0180163865813567,-0.0180163865813567,-0.0111176258792899,-0.0093656539748651,0 days 00:05:34.121077
1367,RedGrid25,0,0.68732,-0.0793652533972355,-0.1108965440288428,-0.1108965440288428,-0.0046292107600508,-0.093090480540479,0 days 00:11:37.614290
1368,RedGrid5,0,0.68732,-0.0793652533972355,-0.1108965440288428,-0.1108965440288428,-0.0046292107600508,-0.093090480540479,0 days 00:11:36.333456
1369,RedGrid75,0,0.661861,-0.0484689164482665,-0.1053261403727818,-0.1053261403727818,0.0,-0.0253833046421363,0 days 00:11:42.415631
1370,ExpGrad.1,1,0.711892,-0.0352401608232476,-0.1228192852199645,-0.1228192852199645,-0.0420459032489216,-0.028736841079881,0 days 00:03:20.582383
1371,ExpGrad.01,1,0.587009,-8.61314333240422e-05,-0.0043375635085952,-0.0043375635085952,0.0,0.0,0 days 00:02:32.384747
1372,RedGrid25,1,0.704924,-0.0637355491442823,-0.1418327352903759,-0.1418327352903759,-0.0687372079388624,-0.0585245535250835,0 days 00:11:11.178606
1373,RedGrid5,1,0.699001,-0.0045257729964938,-0.1071768804781354,-0.1071768804781354,0.0,-0.0037943419577874,0 days 00:11:12.416096
1374,RedGrid75,1,0.699001,-0.0045257729964938,-0.1071768804781354,-0.1071768804781354,0.0,-0.0037943419577874,0 days 00:11:18.356565
1375,ExpGrad.1,2,0.707981,-0.0514629799998803,-0.0848303289949082,-0.0848303289949082,-0.0453250063891731,-0.0256599122294572,0 days 00:02:51.789258
1376,ExpGrad.01,2,0.595611,-0.0062162468416881,-0.0113126761404081,-0.0113126761404081,-0.001246749862616,-0.0050014170003319,0 days 00:02:12.376354
1377,RedGrid25,2,0.730681,-0.1010155732873103,-0.1242192285549471,-0.1242192285549471,-0.10720152133024,-0.0760034060225123,0 days 00:12:04.934819
1378,RedGrid5,2,0.684019,-0.031244024880298,-0.0778167972246667,-0.0778167972246667,0.0,-0.0105622373317137,0 days 00:11:50.712956
1379,RedGrid75,2,0.684019,-0.031244024880298,-0.0778167972246667,-0.0778167972246667,0.0,-0.0105622373317137,0 days 00:12:02.417743
1380,ExpGrad.1,1,0.711574,-0.0419377712102434,-0.1183784677094975,-0.1183784677094975,-0.0402991213602225,-0.0404931306755553,0 days 00:03:07.379896
1381,ExpGrad.01,1,0.599825,-0.0126905261651822,-0.0172539350361866,-0.0172539350361866,-0.0163963006083714,-0.0104983710529322,0 days 00:03:49.453413
1382,RedGrid25,1,0.707781,-0.0664766587113907,-0.1365432083422755,-0.1365432083422755,-0.0681838760920738,-0.0633756531519394,0 days 00:13:19.313353
1383,RedGrid5,1,0.707781,-0.0664766587113907,-0.1365432083422755,-0.1365432083422755,-0.0681838760920738,-0.0633756531519394,0 days 00:13:24.973284
1384,RedGrid75,1,0.700023,-0.0018240341185324,-0.0939316426640091,-0.0939316426640091,0.0,0.0,0 days 00:13:37.093948
1385,ExpGrad.1,0,0.706565,-0.0811674386921429,-0.0982647378143071,-0.0982647378143071,-0.0724298306147703,-0.0710659258102098,0 days 00:03:12.071601
1386,ExpGrad.01,0,0.689339,-0.0147056058036685,-0.0213031863648645,-0.0213031863648645,-0.01261386755893,-0.0100989011758839,0 days 00:05:59.409643
1387,RedGrid25,0,0.682343,-0.1124470533154733,-0.1471108586453557,-0.1471108586453557,-0.0946433232579769,-0.0920159330539309,0 days 00:15:10.047122
1388,RedGrid5,0,0.682343,-0.1124470533154733,-0.1471108586453557,-0.1471108586453557,-0.0946433232579769,-0.0920159330539309,0 days 00:15:14.900288
1389,RedGrid75,0,0.682343,-0.1124470533154733,-0.1471108586453557,-0.1471108586453557,-0.0946433232579769,-0.0920159330539309,0 days 00:15:13.352811
1390,ExpGrad.1,2,0.709766,-0.0534543031548897,-0.0925505259101049,-0.0925505259101049,-0.023074301906019,-0.0391470304042978,0 days 00:02:42.498010
1391,ExpGrad.01,2,0.616993,-0.0062682738473218,-0.0119235525944232,-0.0089950430403397,-0.0119235525944232,0.0,0 days 00:04:13.434831
1392,RedGrid25,2,0.720858,-0.0775677112155668,-0.1028372323752026,-0.1028372323752026,-0.0772959719138158,-0.0551925711361607,0 days 00:13:39.556155
1393,RedGrid5,2,0.680952,-0.0380802979665394,-0.0623119823770451,-0.0623119823770451,0.0,-0.0422636952819094,0 days 00:13:35.501936
1394,RedGrid75,2,0.627211,-0.0043697892175847,-0.0081574346849107,-0.0063882552036306,-0.0081574346849107,0.0,0 days 00:13:32.468122
1395,ExpGrad.1,1,0.708443,-0.0180367171687943,-0.0963202318391014,-0.0963202318391014,-0.0249227139847708,-0.0117745896375658,0 days 00:02:40.013464
1396,ExpGrad.01,1,0.591151,-0.0079524834187668,-0.0144874700025054,-0.0144874700025054,-0.010893677377688,-0.0061187361127347,0 days 00:03:32.566916
1397,RedGrid25,1,0.706907,-0.0609730437883737,-0.131307999754351,-0.131307999754351,-0.0679043058343853,-0.0549343162250464,0 days 00:11:48.029754
1398,RedGrid5,1,0.706907,-0.0609730437883737,-0.131307999754351,-0.131307999754351,-0.0679043058343853,-0.0549343162250464,0 days 00:12:10.800128
1399,RedGrid75,1,0.696572,-0.0017257493904572,-0.0875151556713161,-0.0875151556713161,0.0,0.0,0 days 00:11:45.268802
1400,ExpGrad.1,2,0.702635,-0.0512018706282742,-0.0967881006419288,-0.0967881006419288,-0.0251318426071301,-0.02838825422107,0 days 00:02:30.768272
1401,ExpGrad.01,2,0.629254,-0.0080958447185668,-0.0135053411606079,-0.0135053411606079,-0.0094578944201994,-0.0024107570977524,0 days 00:05:49.418458
1402,RedGrid25,2,0.665871,-0.0186752129170038,-0.0539736390586803,-0.0539736390586803,0.0,0.0,0 days 00:10:51.819121
1403,RedGrid5,2,0.665871,-0.0186752129170038,-0.0539736390586803,-0.0539736390586803,0.0,0.0,0 days 00:11:01.384085
1404,RedGrid75,2,0.665871,-0.0186752129170038,-0.0539736390586803,-0.0539736390586803,0.0,0.0,0 days 00:10:45.714919
1405,ExpGrad.1,1,0.707132,-0.0157291179119396,-0.1117172002549389,-0.1117172002549389,-0.0059118338678233,-0.0182092021386018,0 days 00:01:55.046050
1406,ExpGrad.01,1,0.59336,-0.0037083474208694,-0.0128198989041733,-0.0128198989041733,0.0,-0.0054861165119511,0 days 00:03:33.319311
1407,RedGrid25,1,0.699872,-0.0114561644523344,-0.1203140363311168,-0.1203140363311168,0.0,-0.014447983543847,0 days 00:12:00.103147
1408,RedGrid5,1,0.699872,-0.0114561644523344,-0.1203140363311168,-0.1203140363311168,0.0,-0.014447983543847,0 days 00:12:13.924582
1409,RedGrid75,1,0.699872,-0.0114561644523344,-0.1203140363311168,-0.1203140363311168,0.0,-0.014447983543847,0 days 00:12:09.826521
1410,ExpGrad.1,1,0.709156,-0.0520661587957261,-0.128906552964689,-0.128906552964689,-0.0485795685533375,-0.0516319721540493,0 days 00:03:05.219875
1411,ExpGrad.01,1,0.607465,-0.0003233576550524,-0.0166319025549659,-0.0166319025549659,0.0,0.0,0 days 00:05:43.744151
1412,RedGrid25,1,0.702411,-0.0238390738670382,-0.1151804186769273,-0.1151804186769273,-0.0222246751865291,-0.0219188626307369,0 days 00:14:26.557830
1413,RedGrid5,1,0.702411,-0.0238390738670382,-0.1151804186769273,-0.1151804186769273,-0.0222246751865291,-0.0219188626307369,0 days 00:14:25.909528
1414,RedGrid75,1,0.702411,-0.0238390738670382,-0.1151804186769273,-0.1151804186769273,-0.0222246751865291,-0.0219188626307369,0 days 00:14:17.961946
1415,ExpGrad.1,1,0.710879,-0.0286766321786189,-0.1211558404850046,-0.1211558404850046,-0.0341276425729661,-0.0227628231226409,0 days 00:03:33.341180
1416,ExpGrad.01,1,0.604044,-0.0108825392337102,-0.0245049392629479,-0.0245049392629479,-0.0094408321800069,-0.0112604716465612,0 days 00:05:00.799560
1417,RedGrid25,1,0.705757,-0.0649479494761891,-0.141761519687152,-0.141761519687152,-0.0672475688853925,-0.0612757066239956,0 days 00:14:03.320039
1418,RedGrid5,1,0.701348,-0.010288620135753,-0.1080831634259796,-0.1080831634259796,0.0,-0.0129676542034162,0 days 00:14:02.858746
1419,RedGrid75,1,0.701348,-0.010288620135753,-0.1080831634259796,-0.1080831634259796,0.0,-0.0129676542034162,0 days 00:14:03.462531
1420,ExpGrad.1,0,0.706457,-0.0827041407522531,-0.1003010124277382,-0.1003010124277382,-0.0719972982395235,-0.0732004039739647,0 days 00:02:59.984570
1421,ExpGrad.01,0,0.687644,-0.0141401506243791,-0.0198852192452342,-0.0198852192452342,-0.0111080099102253,-0.0107816936910479,0 days 00:06:13.051582
1422,RedGrid25,0,0.690577,-0.0200050079408359,-0.0260320759416741,-0.0260320759416741,-0.0049003593265443,-0.0230591234259076,0 days 00:13:52.180883
1423,RedGrid5,0,0.690577,-0.0200050079408359,-0.0260320759416741,-0.0260320759416741,-0.0049003593265443,-0.0230591234259076,0 days 00:13:39.051749
1424,RedGrid75,0,0.690577,-0.0200050079408359,-0.0260320759416741,-0.0260320759416741,-0.0049003593265443,-0.0230591234259076,0 days 00:13:40.467941
1425,ExpGrad.1,1,0.706645,-0.0085819062314542,-0.1067673403288606,-0.1067673403288606,-0.0078552446388208,-0.0059136682595096,0 days 00:02:27.506667
1426,ExpGrad.01,1,0.578426,-0.0028837560428063,-0.015402384330151,-0.015402384330151,-0.0073892219032359,0.0,0 days 00:02:50.911741
1427,RedGrid25,1,0.7078,-0.071762626426546,-0.1557167094816075,-0.1557167094816075,-0.0765314408566165,-0.0664994429734826,0 days 00:12:05.783603
1428,RedGrid5,1,0.699998,-0.0021413990230696,-0.1085059415641984,-0.1085059415641984,0.0,0.0,0 days 00:12:09.514215
1429,RedGrid75,1,0.699998,-0.0021413990230696,-0.1085059415641984,-0.1085059415641984,0.0,0.0,0 days 00:12:03.902598
1430,ExpGrad.1,1,0.712164,-0.0321489021606816,-0.1132009374526473,-0.1132009374526473,-0.0188468691322011,-0.0370021100269725,0 days 00:03:14.506660
1431,ExpGrad.01,1,0.598069,-0.0054238130089078,-0.0226009971193191,-0.0226009971193191,-0.0118566005958861,-0.0013433177626337,0 days 00:03:34.181562
1432,RedGrid25,1,0.701515,-0.0064135244573528,-0.1040729358110267,-0.1040729358110267,0.0,-0.0069521024940722,0 days 00:13:25.523182
1433,RedGrid5,1,0.701515,-0.0064135244573528,-0.1040729358110267,-0.1040729358110267,0.0,-0.0069521024940722,0 days 00:13:21.745077
1434,RedGrid75,1,0.701515,-0.0064135244573528,-0.1040729358110267,-0.1040729358110267,0.0,-0.0069521024940722,0 days 00:13:26.473428
1435,ExpGrad.1,1,0.710069,-0.0295043757817943,-0.1085533879969307,-0.1085533879969307,-0.0431364943944138,-0.019501359389233,0 days 00:02:39.715573
1436,ExpGrad.01,1,0.582604,-0.0027467631607039,-0.0107830264143701,-0.0107830264143701,-0.0072521328741684,0.0,0 days 00:03:29.336366
1437,RedGrid25,1,0.708165,-0.0677647865608483,-0.1381432411663488,-0.1381432411663488,-0.0738426119145941,-0.0622188416477785,0 days 00:14:31.241767
1438,RedGrid5,1,0.700245,-0.0032045813577306,-0.1000061720470232,-0.1000061720470232,0.0,-0.0019891171975677,0 days 00:14:30.167028
1439,RedGrid75,1,0.691443,-0.0076116083954455,-0.0702313160866242,-0.0702313160866242,-0.0178470816384925,0.0,0 days 00:14:26.368176
1440,ExpGrad.1,0,0.707115,-0.0824824820619162,-0.0995474171994913,-0.0995474171994913,-0.0720511053805579,-0.0732877708806816,0 days 00:03:31.852867
1441,ExpGrad.01,0,0.687182,-0.0156049320666348,-0.019365590559474,-0.019365590559474,-0.012274885081611,-0.0141484530954146,0 days 00:09:09.696265
1442,RedGrid25,0,0.684676,-0.0794015276390831,-0.1081476653209811,-0.1081476653209811,0.0,-0.098075397274958,0 days 00:12:30.158815
1443,RedGrid5,0,0.664166,-0.0520279834910384,-0.10890837769878,-0.10890837769878,0.0,-0.0309161157115162,0 days 00:12:22.128766
1444,RedGrid75,0,0.664166,-0.0520279834910384,-0.10890837769878,-0.10890837769878,0.0,-0.0309161157115162,0 days 00:12:24.640338
1445,ExpGrad.1,1,0.712096,-0.0419954180963545,-0.1221993373020408,-0.1221993373020408,-0.0365407554021234,-0.0425308318654237,0 days 00:02:32.709464
1446,ExpGrad.01,1,0.612794,-0.0023655866780286,-0.0090350935886103,-0.0090350935886103,0.0,-0.0034675118478302,0 days 00:05:08.651204
1447,RedGrid25,1,0.69926,-0.0121375243815486,-0.1099903443743999,-0.1099903443743999,0.0,-0.015822810799339,0 days 00:12:14.706659
1448,RedGrid5,1,0.69926,-0.0121375243815486,-0.1099903443743999,-0.1099903443743999,0.0,-0.015822810799339,0 days 00:12:14.910017
1449,RedGrid75,1,0.69926,-0.0121375243815486,-0.1099903443743999,-0.1099903443743999,0.0,-0.015822810799339,0 days 00:12:09.313840
1450,ExpGrad.1,2,0.713548,-0.0595643106822871,-0.0933609673507039,-0.0933609673507039,-0.0440338299854204,-0.0395476752068982,0 days 00:02:41.884240
1451,ExpGrad.01,2,0.615256,-0.0053451617086625,-0.0093401178294385,-0.0093401178294385,-0.0001954707949385,-0.0051629284506239,0 days 00:03:22.088980
1452,RedGrid25,2,0.707777,-0.0565444292297038,-0.0957268597455551,-0.0957268597455551,-0.076102795188031,-0.008583621122932,0 days 00:12:48.364045
1453,RedGrid5,2,0.667913,-0.0290531582406712,-0.0557595705488948,-0.0418493054830336,-0.0557595705488948,0.0,0 days 00:11:39.143759
1454,RedGrid75,2,0.667913,-0.0290531582406712,-0.0557595705488948,-0.0418493054830336,-0.0557595705488948,0.0,0 days 00:11:32.711782
1455,ExpGrad.1,0,0.706415,-0.078868662681301,-0.0966912894043577,-0.0966912894043577,-0.0678731017237874,-0.0692809349560235,0 days 00:03:39.901816
1456,ExpGrad.01,0,0.683155,-0.0129260198622241,-0.0174039994717549,-0.0174039994717549,-0.0143548377845879,-0.0081959999653288,0 days 00:08:05.014856
1457,RedGrid25,0,0.685766,-0.1240992752239741,-0.1548191900163057,-0.1548191900163057,-0.1016851476169125,-0.109490353355058,0 days 00:16:06.154787
1458,RedGrid5,0,0.685766,-0.1240992752239741,-0.1548191900163057,-0.1548191900163057,-0.1016851476169125,-0.109490353355058,0 days 00:15:47.720061
1459,RedGrid75,0,0.66682,-0.0515274897278794,-0.109078447317984,-0.109078447317984,0.0,-0.0294400439058678,0 days 00:14:09.757920
1460,ExpGrad.1,0,0.707155,-0.0828579704954408,-0.0999129583143677,-0.0999129583143677,-0.0747257796369031,-0.0723550567759405,0 days 00:03:15.882385
1461,ExpGrad.01,0,0.686557,-0.016561672709501,-0.0210926402779474,-0.0210926402779474,-0.0155642476230084,-0.0131259750145601,0 days 00:04:59.147548
1462,RedGrid25,0,0.68598,-0.1232063890210768,-0.1525757464096867,-0.1525757464096867,-0.1024969121633951,-0.1088410708274231,0 days 00:11:40.290928
1463,RedGrid5,0,0.68598,-0.1232063890210768,-0.1525757464096867,-0.1525757464096867,-0.1024969121633951,-0.1088410708274231,0 days 00:11:39.462640
1464,RedGrid75,0,0.68598,-0.1232063890210768,-0.1525757464096867,-0.1525757464096867,-0.1024969121633951,-0.1088410708274231,0 days 00:11:39.945920
1465,ExpGrad.1,2,0.70418,-0.0488858693438093,-0.0948691568190372,-0.0948691568190372,-0.0187940139294868,-0.0281087199513754,0 days 00:03:52.019644
1466,ExpGrad.01,2,0.602906,-0.0045150805805881,-0.0129996436808723,-0.0129996436808723,0.0,0.0,0 days 00:03:08.838849
1467,RedGrid25,2,0.722849,-0.0853058790411257,-0.1138247592587557,-0.1138247592587557,-0.0978044416386698,-0.051949580738333,0 days 00:08:58.984517
1468,RedGrid5,2,0.665422,-0.0231795263945554,-0.0667375871686756,-0.0667375871686756,0.0,0.0,0 days 00:08:54.548070
1469,RedGrid75,2,0.665422,-0.0231795263945554,-0.0667375871686756,-0.0667375871686756,0.0,0.0,0 days 00:08:53.318052
1470,ExpGrad.1,2,0.687684,-0.0434058176305143,-0.0707051320390126,-0.0707051320390126,-0.0385589580956184,-0.0223989766520914,0 days 00:02:20.253502
1471,ExpGrad.01,2,0.63565,-0.0151905739212978,-0.0190001049837657,-0.0190001049837657,-0.0160576985328563,-0.0112360390623579,0 days 00:04:06.434700
1472,RedGrid25,2,0.719082,-0.0829296117826298,-0.0962615315453271,-0.0900900955720356,-0.0962615315453271,-0.0677398932180293,0 days 00:10:46.896890
1473,RedGrid5,2,0.633082,-0.0218242554641475,-0.0412672437455492,-0.0078199096431044,-0.0412672437455492,-0.0213609697814734,0 days 00:10:46.756223
1474,RedGrid75,2,0.633082,-0.0218242554641475,-0.0412672437455492,-0.0078199096431044,-0.0412672437455492,-0.0213609697814734,0 days 00:10:47.537503
1475,ExpGrad.1,1,0.712449,-0.0569759327340541,-0.1284371203955774,-0.1284371203955774,-0.0593959867158347,-0.0534181508134766,0 days 00:03:06.237223
1476,ExpGrad.01,1,0.612589,-0.0004943709121948,-0.0252723259019453,-0.0252723259019453,0.0,0.0,0 days 00:05:10.590951
1477,RedGrid25,1,0.705704,-0.0612193766154596,-0.1349867760431518,-0.1349867760431518,-0.0690953762088557,-0.054565516268077,0 days 00:13:45.526908
1478,RedGrid5,1,0.705704,-0.0612193766154596,-0.1349867760431518,-0.1349867760431518,-0.0690953762088557,-0.054565516268077,0 days 00:13:18.797745
1479,RedGrid75,1,0.705704,-0.0612193766154596,-0.1349867760431518,-0.1349867760431518,-0.0690953762088557,-0.054565516268077,0 days 00:13:45.384353
1480,ExpGrad.1,0,0.707006,-0.083140174063204,-0.1000391106257543,-0.1000391106257543,-0.0736434604382398,-0.0735356877363596,0 days 00:03:32.427717
1481,ExpGrad.01,0,0.688813,-0.013151767032936,-0.0183919880278924,-0.0183919880278924,-0.0102203458659662,-0.0101660830468414,0 days 00:07:15.623910
1482,RedGrid25,0,0.690457,-0.023714614391828,-0.02870594821414,-0.02870594821414,-0.0089750803865293,-0.0274636512035412,0 days 00:13:39.883373
1483,RedGrid5,0,0.690457,-0.023714614391828,-0.02870594821414,-0.02870594821414,-0.0089750803865293,-0.0274636512035412,0 days 00:13:39.432754
1484,RedGrid75,0,0.690457,-0.023714614391828,-0.02870594821414,-0.02870594821414,-0.0089750803865293,-0.0274636512035412,0 days 00:13:24.923957
1485,ExpGrad.1,1,0.708156,-0.0109755247956707,-0.0935034379416233,-0.0935034379416233,-0.0062391192672198,-0.0110587013412696,0 days 00:02:51.645442
1486,ExpGrad.01,1,0.578759,-0.0036098987634742,-0.0134063642596637,-0.0134063642596637,0.0,-0.0053070339049454,0 days 00:02:31.745095
1487,RedGrid25,1,0.705295,-0.0635908098404811,-0.135299201229504,-0.135299201229504,-0.0678397789470156,-0.0590323308988519,0 days 00:13:39.730521
1488,RedGrid5,1,0.705295,-0.0635908098404811,-0.135299201229504,-0.135299201229504,-0.0678397789470156,-0.0590323308988519,0 days 00:13:38.786859
1489,RedGrid75,1,0.700222,-0.0087067945632764,-0.1038161807392256,-0.1038161807392256,0.0,-0.0106010003127569,0 days 00:13:39.768968
1490,ExpGrad.1,1,0.711806,-0.0421348962714555,-0.1276232218928011,-0.1276232218928011,-0.0417250572887026,-0.039738703564828,0 days 00:02:25.072900
1491,ExpGrad.01,1,0.591484,-0.0001017743821232,-0.0052556792982875,-0.0052556792982875,0.0,0.0,0 days 00:03:06.133050
1492,RedGrid25,1,0.699186,-0.0462160741097003,-0.1178597278868003,-0.1178597278868003,0.0,-0.0696167496523352,0 days 00:10:46.379579
1493,RedGrid5,1,0.699186,-0.0462160741097003,-0.1178597278868003,-0.1178597278868003,0.0,-0.0696167496523352,0 days 00:10:43.930983
1494,RedGrid75,1,0.684536,-0.0010592582276743,-0.054700617410663,-0.054700617410663,0.0,0.0,0 days 00:10:37.466550
1495,ExpGrad.1,0,0.706735,-0.0763117427864232,-0.094227752101747,-0.094227752101747,-0.0633928375398769,-0.0677423092741289,0 days 00:03:39.742428
1496,ExpGrad.01,0,0.689189,-0.0109750241040062,-0.017552720467251,-0.017552720467251,-0.0053549271444844,-0.0083155753358943,0 days 00:12:05.881691
1497,RedGrid25,0,0.686479,-0.1196133671683831,-0.1504099462550248,-0.1504099462550248,-0.0944738186335745,-0.1065105957556813,0 days 00:13:26.095083
1498,RedGrid5,0,0.686479,-0.1196133671683831,-0.1504099462550248,-0.1504099462550248,-0.0944738186335745,-0.1065105957556813,0 days 00:13:22.178966
1499,RedGrid75,0,0.686479,-0.1196133671683831,-0.1504099462550248,-0.1504099462550248,-0.0944738186335745,-0.1065105957556813,0 days 00:13:12.444248
