,method,k_set,accuracy,mean_unfairness,max_unfairness,A_unfairness,B_unfairness,C_unfairness,runtime
0,ExpGrad.1,2,0.705748,-0.0437750180834136,-0.0766269969975375,-0.0766269969975375,-0.0525221146417002,-0.0090909053249764,0 days 00:02:18.534554
1,ExpGrad.01,2,0.599399,-0.003046644433064,-0.0058980824489769,-0.0058980824489769,-0.0038611342967986,0.0,0 days 00:03:02.145405
2,RedGrid25,2,0.714002,-0.0604091066056494,-0.1005663709458152,-0.1005663709458152,-0.0648076292589936,-0.0221324004357203,0 days 00:10:57.206516
3,RedGrid5,2,0.69654,-0.039701241891233,-0.0674675833069946,-0.063004764273898,-0.0674675833069946,-0.0009829474047098,0 days 00:11:07.190789
4,RedGrid75,2,0.69654,-0.039701241891233,-0.0674675833069946,-0.063004764273898,-0.0674675833069946,-0.0009829474047098,0 days 00:11:08.079128
5,ExpGrad.1,2,0.707392,-0.0491228127767989,-0.094751369941563,-0.094751369941563,-0.019016623637667,-0.028328004769895,0 days 00:01:46.248952
6,ExpGrad.01,2,0.608162,-0.0060117551348783,-0.017210639593825,-0.017210639593825,0.0,0.0,0 days 00:02:12.281281
7,RedGrid25,2,0.722958,-0.0965013059686182,-0.1177482407024261,-0.1177482407024261,-0.0889361517703766,-0.0825639024407757,0 days 00:08:10.173213
8,RedGrid5,2,0.682521,-0.0331176637762124,-0.0826022794958784,-0.0826022794958784,0.0,-0.0108734721678676,0 days 00:08:43.971386
9,RedGrid75,2,0.682521,-0.0331176637762124,-0.0826022794958784,-0.0826022794958784,0.0,-0.0108734721678676,0 days 00:08:46.210130
10,ExpGrad.1,0,0.707204,-0.0815768318619836,-0.0984115716045119,-0.0984115716045119,-0.0727408468369715,-0.0717075613460893,0 days 00:03:29.111964
11,ExpGrad.01,0,0.685703,-0.0133886283341126,-0.0174899131156919,-0.0174899131156919,-0.0125268682571975,-0.0102681340665552,0 days 00:07:38.026622
12,RedGrid25,0,0.694594,-0.0365125089879143,-0.0442105069757062,-0.0390922838086127,-0.0185564571605832,-0.0442105069757062,0 days 00:13:32.106621
13,RedGrid5,0,0.694594,-0.0365125089879143,-0.0442105069757062,-0.0390922838086127,-0.0185564571605832,-0.0442105069757062,0 days 00:13:48.446130
14,RedGrid75,0,0.694594,-0.0365125089879143,-0.0442105069757062,-0.0390922838086127,-0.0185564571605832,-0.0442105069757062,0 days 00:13:36.807862
15,ExpGrad.1,1,0.711035,-0.031625343814307,-0.1205133131117812,-0.1205133131117812,-0.0208528749532217,-0.0348357424619523,0 days 00:03:01.785025
16,ExpGrad.01,1,0.587315,-0.0028231208273034,-0.0189072575158841,-0.0189072575158841,-0.0049716068608436,-0.0011355347881688,0 days 00:03:20.111520
17,RedGrid25,1,0.701331,-0.0173359902950288,-0.1155617668744609,-0.1155617668744609,-0.0126845058750526,-0.0168685983162808,0 days 00:12:58.497086
18,RedGrid5,1,0.701331,-0.0173359902950288,-0.1155617668744609,-0.1155617668744609,-0.0126845058750526,-0.0168685983162808,0 days 00:12:53.533936
19,RedGrid75,1,0.701331,-0.0173359902950288,-0.1155617668744609,-0.1155617668744609,-0.0126845058750526,-0.0168685983162808,0 days 00:13:29.673861
20,ExpGrad.1,2,0.725905,-0.0795726396316295,-0.1095775065679034,-0.1095775065679034,-0.0753833048018571,-0.0555775636757532,0 days 00:03:05.742050
21,ExpGrad.01,2,0.611464,-0.0135712940064037,-0.0166892571034245,-0.0166892571034245,-0.0075741445666001,-0.0147867053104893,0 days 00:03:33.147237
22,RedGrid25,2,0.730011,-0.0972407708176648,-0.1193811646289534,-0.1193811646289534,-0.1070567091464216,-0.0709278514586254,0 days 00:11:29.015476
23,RedGrid5,2,0.704498,-0.0565521872485902,-0.0842943163653709,-0.081916579968516,-0.0842943163653709,-0.0154068585493108,0 days 00:11:29.750188
24,RedGrid75,2,0.678342,-0.0356785328003953,-0.0555531604752566,-0.0555531604752566,0.0,-0.0417262601305807,0 days 00:11:39.673147
25,ExpGrad.1,1,0.711694,-0.0371130488630665,-0.1218473722907387,-0.1218473722907387,-0.0416338772901202,-0.0320083748910003,0 days 00:02:32.048226
26,ExpGrad.01,1,0.60226,-0.0075945985792602,-0.0113395953449746,-0.0087117820245031,-0.0113395953449746,-0.0054833059615025,0 days 00:04:41.306891
27,RedGrid25,1,0.706742,-0.0523591114713779,-0.1347514249441722,-0.1347514249441722,-0.047689206154572,-0.052423585838221,0 days 00:10:48.677168
28,RedGrid5,1,0.706742,-0.0523591114713779,-0.1347514249441722,-0.1347514249441722,-0.047689206154572,-0.052423585838221,0 days 00:10:54.960813
29,RedGrid75,1,0.688889,-0.0012138444285583,-0.0627766726620311,-0.0627766726620311,0.0,0.0,0 days 00:10:53.790435
30,ExpGrad.1,2,0.71179,-0.0603907556386982,-0.0882730967954663,-0.0882730967954663,-0.0655582800109088,-0.0320584657869984,0 days 00:03:05.024376
31,ExpGrad.01,2,0.641711,-0.0146188052116989,-0.0243494122516662,-0.0243494122516662,-0.0102500500824097,-0.0088748286261484,0 days 00:02:28.387037
32,RedGrid25,2,0.722523,-0.0830341698748495,-0.1127682353850128,-0.1127682353850128,-0.0781211909024964,-0.0598181797352007,0 days 00:08:04.748126
33,RedGrid5,2,0.666652,-0.0321081837577381,-0.0582922511954769,-0.0396944477652201,-0.0582922511954769,-0.0077648225119676,0 days 00:08:01.886018
34,RedGrid75,2,0.627839,-0.0107204606658636,-0.0313687798219167,-0.0071972330532609,-0.0313687798219167,0.0,0 days 00:08:00.063349
35,ExpGrad.1,0,0.707206,-0.0724840796375076,-0.0906904975029067,-0.0906904975029067,-0.0574943688499385,-0.0647871768234733,0 days 00:03:32.061294
36,ExpGrad.01,0,0.685846,-0.0124143960738546,-0.0174911043802628,-0.0174911043802628,-0.0105818034161445,-0.0089714188573002,0 days 00:06:34.193335
37,RedGrid25,0,0.691844,-0.0243897357863726,-0.0291737180926963,-0.0291737180926963,-0.0081903341235447,-0.0291410300852256,0 days 00:14:50.009657
38,RedGrid5,0,0.691844,-0.0243897357863726,-0.0291737180926963,-0.0291737180926963,-0.0081903341235447,-0.0291410300852256,0 days 00:15:07.850435
39,RedGrid75,0,0.691844,-0.0243897357863726,-0.0291737180926963,-0.0291737180926963,-0.0081903341235447,-0.0291410300852256,0 days 00:15:36.133584
40,ExpGrad.1,0,0.706694,-0.0783574198280068,-0.0969309877910682,-0.0969309877910682,-0.0667175968391694,-0.0684611580536213,0 days 00:03:46.933918
41,ExpGrad.01,0,0.687193,-0.0143608694729958,-0.0201356408754328,-0.0201356408754328,-0.0086940374537242,-0.012422467886671,0 days 00:07:08.498045
42,RedGrid25,0,0.691566,-0.0225710859613572,-0.0287776086337501,-0.0287776086337501,-0.0091081723536912,-0.0245863519805178,0 days 00:13:56.943268
43,RedGrid5,0,0.691566,-0.0225710859613572,-0.0287776086337501,-0.0287776086337501,-0.0091081723536912,-0.0245863519805178,0 days 00:14:33.725572
44,RedGrid75,0,0.691566,-0.0225710859613572,-0.0287776086337501,-0.0287776086337501,-0.0091081723536912,-0.0245863519805178,0 days 00:14:48.208471
45,ExpGrad.1,1,0.711146,-0.0398634281884458,-0.1114970834436949,-0.1114970834436949,-0.0438513144809614,-0.0354740976777606,0 days 00:03:21.349476
46,ExpGrad.01,1,0.592155,-0.0001234220912277,-0.0042158087730377,-0.0042158087730377,-0.0001196971611834,0.0,0 days 00:05:34.837911
47,RedGrid25,1,0.704335,-0.0709083199002428,-0.14095784070369,-0.14095784070369,-0.0789579138689046,-0.0643338832978874,0 days 00:13:09.165507
48,RedGrid5,1,0.704335,-0.0709083199002428,-0.14095784070369,-0.14095784070369,-0.0789579138689046,-0.0643338832978874,0 days 00:13:08.890378
49,RedGrid75,1,0.700168,-0.011942858550382,-0.1056786178258992,-0.1056786178258992,-0.0006103378407887,-0.0153011151682697,0 days 00:13:04.331036
50,ExpGrad.1,2,0.665332,-0.0348115364083719,-0.0486791590651931,-0.0486791590651931,-0.0373833194496815,-0.0207890937136321,0 days 00:02:37.241223
51,ExpGrad.01,2,0.608881,-0.0044190517124814,-0.0127588581769427,-0.0127588581769427,0.0,0.0,0 days 00:03:32.977471
52,RedGrid25,2,0.685695,-0.0284742702512353,-0.0774166459837814,-0.0774166459837814,0.0,-0.0042505600189998,0 days 00:10:24.994633
53,RedGrid5,2,0.669313,-0.0161439172265221,-0.0460831145207249,-0.0460831145207249,0.0,-0.0004682180413346,0 days 00:10:32.579067
54,RedGrid75,2,0.541904,-0.0024665727668821,-0.0063124821116343,0.0,0.0,-0.0063124821116343,0 days 00:10:28.878440
55,ExpGrad.1,2,0.716049,-0.0617446704259892,-0.0957780501277093,-0.0957780501277093,-0.0512211678704475,-0.0384901661424315,0 days 00:02:47.241144
56,ExpGrad.01,2,0.61049,-0.0067591786761677,-0.0108599883640727,-0.0108599883640727,0.0,-0.0076584341402676,0 days 00:03:37.885677
57,RedGrid25,2,0.718208,-0.0695397290533536,-0.1070260785862124,-0.1070260785862124,-0.075373548635819,-0.0321806543944061,0 days 00:12:40.431287
58,RedGrid5,2,0.701566,-0.0478562626983479,-0.0751237378165899,-0.0751237378165899,-0.0650416068539441,-0.0119580149073124,0 days 00:12:31.661057
59,RedGrid75,2,0.674225,-0.0220174503357422,-0.0557070935269236,-0.0557070935269236,0.0,-0.0068168700104646,0 days 00:12:28.374561
60,ExpGrad.1,1,0.711612,-0.0418756357829616,-0.1238222487040656,-0.1238222487040656,-0.0366116636775522,-0.042261394343028,0 days 00:02:33.315602
61,ExpGrad.01,1,0.583412,-0.0017398308438847,-0.0027587027195032,0.0,0.0,-0.0027587027195032,0 days 00:03:20.543416
62,RedGrid25,1,0.706412,-0.0713182480743857,-0.144986486717975,-0.144986486717975,-0.077613794396075,-0.0655480417965461,0 days 00:11:57.586897
63,RedGrid5,1,0.698786,-0.0019628444359491,-0.1006438659969108,-0.1006438659969108,0.0,0.0,0 days 00:11:48.612182
64,RedGrid75,1,0.698786,-0.0019628444359491,-0.1006438659969108,-0.1006438659969108,0.0,0.0,0 days 00:11:58.218523
65,ExpGrad.1,0,0.70772,-0.0838705438591038,-0.1015552359647453,-0.1015552359647453,-0.0733888594381126,-0.0741600564521124,0 days 00:03:23.658562
66,ExpGrad.01,0,0.687731,-0.012383049000494,-0.018126058033985,-0.018126058033985,-0.0116284582245812,-0.0077644435624513,0 days 00:06:31.946497
67,RedGrid25,0,0.687431,-0.1227272829929903,-0.1523305732157246,-0.1523305732157246,-0.1003846939239609,-0.1091252543337581,0 days 00:12:26.970759
68,RedGrid5,0,0.687431,-0.1227272829929903,-0.1523305732157246,-0.1523305732157246,-0.1003846939239609,-0.1091252543337581,0 days 00:12:33.271716
69,RedGrid75,0,0.668051,-0.0531102212418934,-0.110902479633991,-0.110902479633991,0.0,-0.0318058002590123,0 days 00:12:13.886861
70,ExpGrad.1,0,0.706457,-0.0769875549804938,-0.0960015387871711,-0.0960015387871711,-0.0648672131585185,-0.0669393927500139,0 days 00:02:58.104344
71,ExpGrad.01,0,0.685586,-0.0130434148351323,-0.0175746348526671,-0.0175746348526671,-0.0118138629588943,-0.0097331062994288,0 days 00:05:16.735421
72,RedGrid25,0,0.690257,-0.0210390593993631,-0.0274048574655645,-0.0274048574655645,-0.0059009439576149,-0.0237916248097773,0 days 00:12:51.188924
73,RedGrid5,0,0.690257,-0.0210390593993631,-0.0274048574655645,-0.0274048574655645,-0.0059009439576149,-0.0237916248097773,0 days 00:12:58.134053
74,RedGrid75,0,0.690257,-0.0210390593993631,-0.0274048574655645,-0.0274048574655645,-0.0059009439576149,-0.0237916248097773,0 days 00:13:06.874921
75,ExpGrad.1,2,0.719003,-0.0602099189974699,-0.0985896733130443,-0.0985896733130443,-0.0467573504623954,-0.0350325626094017,0 days 00:02:30.801786
76,ExpGrad.01,2,0.623216,-0.0072303240515262,-0.016798587042505,-0.016798587042505,0.0,-0.0035838768038963,0 days 00:03:20.688855
77,RedGrid25,2,0.731634,-0.0934939497723663,-0.125119722199024,-0.125119722199024,-0.095244071682905,-0.0640379224368785,0 days 00:10:44.233031
78,RedGrid5,2,0.686434,-0.0292770023940477,-0.0787526296124479,-0.0787526296124479,0.0,-0.0049192248260924,0 days 00:10:43.660427
79,RedGrid75,2,0.646244,-0.0152252669548294,-0.0278765952560555,-0.0278765952560555,-0.0209978703535256,0.0,0 days 00:10:44.733768
80,ExpGrad.1,0,0.706967,-0.0847736615997884,-0.102861658755378,-0.102861658755378,-0.0736871005500174,-0.0749656817195564,0 days 00:03:30.081365
81,ExpGrad.01,0,0.689354,-0.0138683767709597,-0.0211452182877974,-0.0211452182877974,-0.008935277625547,-0.0101848689213854,0 days 00:08:56.597079
82,RedGrid25,0,0.682841,-0.117458297628795,-0.1525730631143959,-0.1525730631143959,-0.0976203903619726,-0.097483528216455,0 days 00:13:21.866243
83,RedGrid5,0,0.682841,-0.117458297628795,-0.1525730631143959,-0.1525730631143959,-0.0976203903619726,-0.097483528216455,0 days 00:13:21.831775
84,RedGrid75,0,0.682841,-0.117458297628795,-0.1525730631143959,-0.1525730631143959,-0.0976203903619726,-0.097483528216455,0 days 00:13:19.875411
85,ExpGrad.1,0,0.706712,-0.0822293912689547,-0.0991872692976912,-0.0991872692976912,-0.0730721038947871,-0.0723399106971734,0 days 00:03:54.158052
86,ExpGrad.01,0,0.688412,-0.0145309767845891,-0.019649112956964,-0.019649112956964,-0.0120241565449091,-0.0114042241350085,0 days 00:07:48.318522
87,RedGrid25,0,0.691168,-0.0185242440628009,-0.0247704762321938,-0.0247704762321938,-0.0058508392017005,-0.0200193035505018,0 days 00:16:03.734450
88,RedGrid5,0,0.691168,-0.0185242440628009,-0.0247704762321938,-0.0247704762321938,-0.0058508392017005,-0.0200193035505018,0 days 00:16:05.377284
89,RedGrid75,0,0.691168,-0.0185242440628009,-0.0247704762321938,-0.0247704762321938,-0.0058508392017005,-0.0200193035505018,0 days 00:15:28.852629
90,ExpGrad.1,2,0.698483,-0.0410971463214321,-0.0757607416362544,-0.0757607416362544,-0.0319450063966674,-0.0164061927438703,0 days 00:02:41.558092
91,ExpGrad.01,2,0.602255,-0.0061247742064782,-0.0146454007831516,-0.0146454007831516,-0.003957698641492,0.0,0 days 00:02:36.205271
92,RedGrid25,2,0.709665,-0.0645930561889444,-0.0864783625956753,-0.0864783625956753,-0.068139276544162,-0.0427375664364392,0 days 00:12:08.209602
93,RedGrid5,2,0.68346,-0.0284315319922254,-0.0760025333195529,-0.0760025333195529,0.0,-0.0052130026016106,0 days 00:11:43.984641
94,RedGrid75,2,0.655619,-0.0123821064220347,-0.0356512036834667,-0.0356512036834667,0.0,0.0,0 days 00:12:04.956919
95,ExpGrad.1,0,0.706318,-0.0826307722102619,-0.0995511947826738,-0.0995511947826738,-0.0741180389834464,-0.0724781898449024,0 days 00:03:25.712722
96,ExpGrad.01,0,0.685045,-0.0157062582709248,-0.0214304304690579,-0.0214304304690579,-0.0132875822155538,-0.0120166810348365,0 days 00:05:54.371564
97,RedGrid25,0,0.684632,-0.0800956498293821,-0.1136274772301652,-0.1136274772301652,-0.0007545564580176,-0.094513088836949,0 days 00:14:08.511847
98,RedGrid5,0,0.684632,-0.0800956498293821,-0.1136274772301652,-0.1136274772301652,-0.0007545564580176,-0.094513088836949,0 days 00:14:08.880283
99,RedGrid75,0,0.663159,-0.0509439507392242,-0.1086277335465868,-0.1086277335465868,0.0,-0.0284527085433293,0 days 00:14:08.417045
100,ExpGrad.1,1,0.712881,-0.0499622659234896,-0.1250980995418158,-0.1250980995418158,-0.0490044525030467,-0.0481528148962463,0 days 00:03:08.319823
101,ExpGrad.01,1,0.589999,-0.0010353082948088,-0.0114738735117674,-0.0114738735117674,0.0,-0.0012847831756311,0 days 00:03:32.898816
102,RedGrid25,1,0.707103,-0.0665093491589208,-0.1343965407968919,-0.1343965407968919,-0.0757660708203723,-0.0592553633264395,0 days 00:13:30.645172
103,RedGrid5,1,0.699493,-0.0019026307021845,-0.096861788167277,-0.096861788167277,0.0,0.0,0 days 00:13:29.924426
104,RedGrid75,1,0.699493,-0.0019026307021845,-0.096861788167277,-0.096861788167277,0.0,0.0,0 days 00:13:24.607054
105,ExpGrad.1,0,0.706576,-0.0786480674958416,-0.0968560650287605,-0.0968560650287605,-0.0685239252492971,-0.0682911275390371,0 days 00:03:52.367123
106,ExpGrad.01,0,0.684355,-0.0100324676888511,-0.0141755423090735,-0.0141755423090735,-0.0047446156026699,-0.0093281587311291,0 days 00:08:00.889076
107,RedGrid25,0,0.682995,-0.1116302579684209,-0.147790571175154,-0.147790571175154,-0.0930403888731086,-0.0902222767952931,0 days 00:15:18.892464
108,RedGrid5,0,0.682995,-0.1116302579684209,-0.147790571175154,-0.147790571175154,-0.0930403888731086,-0.0902222767952931,0 days 00:15:18.897277
109,RedGrid75,0,0.682995,-0.1116302579684209,-0.147790571175154,-0.147790571175154,-0.0930403888731086,-0.0902222767952931,0 days 00:15:20.431429
110,ExpGrad.1,1,0.711622,-0.048287467382105,-0.1225256567623548,-0.1225256567623548,-0.0517399648740668,-0.044086350627312,0 days 00:02:27.811481
111,ExpGrad.01,1,0.591634,-0.005058566630726,-0.0170235586702118,-0.0170235586702118,-0.0045828065755679,-0.0049526848111018,0 days 00:03:25.154329
112,RedGrid25,1,0.706781,-0.0694238203081305,-0.137773330926065,-0.137773330926065,-0.0805392119086945,-0.0611637908624675,0 days 00:11:26.154060
113,RedGrid5,1,0.706781,-0.0694238203081305,-0.137773330926065,-0.137773330926065,-0.0805392119086945,-0.0611637908624675,0 days 00:11:21.812679
114,RedGrid75,1,0.706781,-0.0694238203081305,-0.137773330926065,-0.137773330926065,-0.0805392119086945,-0.0611637908624675,0 days 00:11:22.066769
115,ExpGrad.1,1,0.708531,-0.0193782487844132,-0.099150393856201,-0.099150393856201,-0.0330442721553212,-0.0093640672025663,0 days 00:02:00.772197
116,ExpGrad.01,1,0.600334,-8.086802368974778e-05,-0.0041640181396942,-0.0041640181396942,0.0,0.0,0 days 00:02:57.048526
117,RedGrid25,1,0.683903,-0.0008621292292466,-0.0443923517052508,-0.0443923517052508,0.0,0.0,0 days 00:08:55.542228
118,RedGrid5,1,0.683903,-0.0008621292292466,-0.0443923517052508,-0.0443923517052508,0.0,0.0,0 days 00:08:52.099715
119,RedGrid75,1,0.683903,-0.0008621292292466,-0.0443923517052508,-0.0443923517052508,0.0,0.0,0 days 00:08:47.384585
120,ExpGrad.1,0,0.705903,-0.0825143743142839,-0.1002671970408213,-0.1002671970408213,-0.0738961760592512,-0.0716676885713067,0 days 00:02:15.774652
121,ExpGrad.01,0,0.685425,-0.0117920042361354,-0.0164553528012023,-0.0164553528012023,-0.0114897901114695,-0.0078552919381253,0 days 00:04:31.868703
122,RedGrid25,0,0.685067,-0.1211864821902045,-0.1518420203869515,-0.1518420203869515,-0.0999627048880594,-0.1059722402846501,0 days 00:08:39.595611
123,RedGrid5,0,0.685067,-0.1211864821902045,-0.1518420203869515,-0.1518420203869515,-0.0999627048880594,-0.1059722402846501,0 days 00:08:47.127833
124,RedGrid75,0,0.685067,-0.1211864821902045,-0.1518420203869515,-0.1518420203869515,-0.0999627048880594,-0.1059722402846501,0 days 00:08:45.665769
125,ExpGrad.1,1,0.710386,-0.0216590472716998,-0.1004243687158153,-0.1004243687158153,-0.0209932668386101,-0.0195811031642597,0 days 00:02:56.095365
126,ExpGrad.01,1,0.607984,-0.0002053816508404,-0.0104711562250994,-0.0104711562250994,0.0,0.0,0 days 00:04:12.631661
127,RedGrid25,1,0.706076,-0.0590175757928711,-0.1303387889770023,-0.1303387889770023,-0.0655569227284472,-0.0531951575388282,0 days 00:12:14.655682
128,RedGrid5,1,0.699289,-0.0019587883950964,-0.0998666590371102,-0.0998666590371102,0.0,0.0,0 days 00:12:40.441560
129,RedGrid75,1,0.699289,-0.0019587883950964,-0.0998666590371102,-0.0998666590371102,0.0,0.0,0 days 00:12:59.260041
130,ExpGrad.1,2,0.712248,-0.0523907296904436,-0.0889716095389126,-0.0889716095389126,-0.0275278586630163,-0.0364974280132994,0 days 00:02:22.480061
131,ExpGrad.01,2,0.617205,-0.0078977675135998,-0.013553519124069,-0.013553519124069,0.0,-0.0081330068583054,0 days 00:03:06.509251
132,RedGrid25,2,0.695123,-0.0497511712709839,-0.0825877750780454,-0.0825877750780454,0.0,-0.053705798486686,0 days 00:11:02.565179
133,RedGrid5,2,0.686465,-0.0280605071605579,-0.0692780523384909,-0.0692780523384909,0.0,-0.010183425882412,0 days 00:11:01.535649
134,RedGrid75,2,0.649574,-0.0199734746234132,-0.0406603586723801,-0.027009442442983,-0.0406603586723801,0.0,0 days 00:11:07.872983
135,ExpGrad.1,2,0.703222,-0.0490570399408655,-0.0861050144016241,-0.0861050144016241,-0.0105608914356948,-0.041532536856145,0 days 00:02:06.232376
136,ExpGrad.01,2,0.603017,-0.00527601010168,-0.010065688821627,-0.0076178749039,-0.010065688821627,0.0,0 days 00:03:24.901150
137,RedGrid25,2,0.707471,-0.0535763039566116,-0.0944379827424647,-0.0944379827424647,-0.0544398816401896,-0.0164856266844306,0 days 00:11:35.148411
138,RedGrid5,2,0.679059,-0.0313253002500873,-0.0551355495078909,-0.0551355495078909,0.0,-0.0308652642209503,0 days 00:11:10.546521
139,RedGrid75,2,0.679059,-0.0313253002500873,-0.0551355495078909,-0.0551355495078909,0.0,-0.0308652642209503,0 days 00:10:33.526027
140,ExpGrad.1,2,0.693645,-0.0303158094332882,-0.0611069757638821,-0.0611069757638821,-0.0081971401314931,-0.0177371750881105,0 days 00:02:33.709472
141,ExpGrad.01,2,0.613389,-0.0071609529297699,-0.0158684062665249,-0.004055731286602,-0.0158684062665249,-0.0040548228268822,0 days 00:03:32.334794
142,RedGrid25,2,0.699443,-0.0398104868551629,-0.0762146461230963,-0.0762146461230963,0.0,-0.03416509260553,0 days 00:10:53.378921
143,RedGrid5,2,0.662186,-0.0278078360030324,-0.0420211575869192,-0.0420211575869192,0.0,-0.0338875799153484,0 days 00:10:41.634079
144,RedGrid75,2,0.662186,-0.0278078360030324,-0.0420211575869192,-0.0420211575869192,0.0,-0.0338875799153484,0 days 00:10:39.073196
145,ExpGrad.1,1,0.708033,-0.0205382328616895,-0.1070704291422174,-0.1070704291422174,-0.0303618028847759,-0.012423831057276,0 days 00:03:30.451805
146,ExpGrad.01,1,0.604596,-0.0076441330506707,-0.0212185167161571,-0.0212185167161571,-0.0080025986056574,-0.0070259615579271,0 days 00:03:24.847925
147,RedGrid25,1,0.707929,-0.0566713285912948,-0.1357886504603401,-0.1357886504603401,-0.057201292919257,-0.0539316998758747,0 days 00:11:58.215087
148,RedGrid5,1,0.707929,-0.0566713285912948,-0.1357886504603401,-0.1357886504603401,-0.057201292919257,-0.0539316998758747,0 days 00:12:11.739411
149,RedGrid75,1,0.68958,-0.0012267790937027,-0.0628722400159185,-0.0628722400159185,0.0,0.0,0 days 00:12:10.834503
150,ExpGrad.1,0,0.706715,-0.0814940534186516,-0.0984181136198871,-0.0984181136198871,-0.0720035579454806,-0.0718764058255164,0 days 00:03:20.995038
151,ExpGrad.01,0,0.688046,-0.0070565447957487,-0.0128570854956929,-0.0128570854956929,-0.0041810518168147,-0.0035519855448963,0 days 00:07:57.436810
152,RedGrid25,0,0.682904,-0.1160255547119161,-0.1494866962928476,-0.1494866962928476,-0.0965503894836398,-0.0974026664828221,0 days 00:12:00.595260
153,RedGrid5,0,0.682904,-0.1160255547119161,-0.1494866962928476,-0.1494866962928476,-0.0965503894836398,-0.0974026664828221,0 days 00:12:54.206360
154,RedGrid75,0,0.682904,-0.1160255547119161,-0.1494866962928476,-0.1494866962928476,-0.0965503894836398,-0.0974026664828221,0 days 00:12:48.387384
155,ExpGrad.1,1,0.711948,-0.0424864107805781,-0.120605823966006,-0.120605823966006,-0.0469147732355678,-0.0376074065386667,0 days 00:02:57.414356
156,ExpGrad.01,1,0.596793,-0.0011060484821273,-0.00549497026306,-0.00549497026306,0.0,-0.0015831020060373,0 days 00:04:40.075291
157,RedGrid25,1,0.706629,-0.0666429712439748,-0.1391597406093218,-0.1391597406093218,-0.077854707255072,-0.0581768885130639,0 days 00:12:47.023446
158,RedGrid5,1,0.697465,-0.0018202045971992,-0.0930121517887582,-0.0930121517887582,0.0,0.0,0 days 00:12:46.070063
159,RedGrid75,1,0.697465,-0.0018202045971992,-0.0930121517887582,-0.0930121517887582,0.0,0.0,0 days 00:12:49.497812
160,ExpGrad.1,1,0.711103,-0.0373800070053864,-0.1257480097812391,-0.1257480097812391,-0.0532560350746517,-0.0258628546735555,0 days 00:02:25.100687
161,ExpGrad.01,1,0.603193,-8.112837552396461e-05,-0.0041396957765935,-0.0041396957765935,0.0,0.0,0 days 00:03:16.629195
162,RedGrid25,1,0.706764,-0.0524902328571233,-0.1398318176425068,-0.1398318176425068,-0.0524241888145809,-0.0498158900664927,0 days 00:08:42.996438
163,RedGrid5,1,0.706764,-0.0524902328571233,-0.1398318176425068,-0.1398318176425068,-0.0524241888145809,-0.0498158900664927,0 days 00:08:40.000533
164,RedGrid75,1,0.694485,-0.0020429389570743,-0.1042439925342909,-0.1042439925342909,0.0,0.0,0 days 00:08:37.591758
165,ExpGrad.1,0,0.70594,-0.0768638584590125,-0.0941188968617882,-0.0941188968617882,-0.0671470254845905,-0.067118271391099,0 days 00:03:47.239995
166,ExpGrad.01,0,0.685568,-0.0117175377563924,-0.0148438867547116,-0.0148438867547116,-0.010165566191288,-0.0098366053483573,0 days 00:06:53.773092
167,RedGrid25,0,0.693926,-0.0361685778025209,-0.0430726708218311,-0.0387585527139993,-0.0195593012432835,-0.0430726708218311,0 days 00:16:19.807321
168,RedGrid5,0,0.693926,-0.0361685778025209,-0.0430726708218311,-0.0387585527139993,-0.0195593012432835,-0.0430726708218311,0 days 00:16:36.754535
169,RedGrid75,0,0.693926,-0.0361685778025209,-0.0430726708218311,-0.0387585527139993,-0.0195593012432835,-0.0430726708218311,0 days 00:16:15.137458
170,ExpGrad.1,1,0.712031,-0.0376881611593767,-0.1171863864105654,-0.1171863864105654,-0.0311313742086085,-0.0388224651855565,0 days 00:02:26.975132
171,ExpGrad.01,1,0.583752,-0.0044128866563905,-0.018648705164227,-0.018648705164227,0.0,-0.0064077077776717,0 days 00:02:33.985168
172,RedGrid25,1,0.694891,-0.001656084356044,-0.0836827896898653,-0.0836827896898653,0.0,0.0,0 days 00:11:10.301698
173,RedGrid5,1,0.694891,-0.001656084356044,-0.0836827896898653,-0.0836827896898653,0.0,0.0,0 days 00:11:11.405499
174,RedGrid75,1,0.694891,-0.001656084356044,-0.0836827896898653,-0.0836827896898653,0.0,0.0,0 days 00:11:11.450412
175,ExpGrad.1,1,0.70937,-0.0170156345734534,-0.0952147338131017,-0.0952147338131017,0.0,-0.0240601533178772,0 days 00:03:05.215187
176,ExpGrad.01,1,0.592605,-3.057902839585262e-05,-0.0015730471283179,-0.0015730471283179,0.0,0.0,0 days 00:03:41.104369
177,RedGrid25,1,0.707841,-0.063562294850717,-0.1248842871875008,-0.1248842871875008,-0.061683172189187,-0.0627153003119777,0 days 00:14:16.024348
178,RedGrid5,1,0.697715,-0.0062299518982986,-0.0891335155030418,-0.0891335155030418,0.0,-0.0071352850288407,0 days 00:14:12.386429
179,RedGrid75,1,0.697715,-0.0062299518982986,-0.0891335155030418,-0.0891335155030418,0.0,-0.0071352850288407,0 days 00:14:12.757083
180,ExpGrad.1,1,0.711017,-0.0407927837607471,-0.1104714086335013,-0.1104714086335013,-0.0547389057904044,-0.0309148052159657,0 days 00:02:54.203420
181,ExpGrad.01,1,0.596667,-0.0021459276469153,-0.0059321859629021,-0.00383800979685,-0.0059321859629021,0.0,0 days 00:04:26.163710
182,RedGrid25,1,0.698663,-0.0442364758590449,-0.1046161475980933,-0.1046161475980933,0.0,-0.0668148772571789,0 days 00:13:11.731760
183,RedGrid5,1,0.694502,-0.04443552633874,-0.1085779945950062,-0.1085779945950062,0.0,-0.067006917232604,0 days 00:13:06.743818
184,RedGrid75,1,0.683023,-0.0004923639563163,-0.0250693017415045,-0.0250693017415045,0.0,0.0,0 days 00:12:14.733193
185,ExpGrad.1,0,0.706122,-0.0742336657891154,-0.0934036991231965,-0.0934036991231965,-0.0627841995204214,-0.0637001262864213,0 days 00:03:06.168552
186,ExpGrad.01,0,0.687466,-0.0083210789531869,-0.0144971121540202,-0.0144971121540202,-0.0073557628903507,-0.003423631240158,0 days 00:06:46.929241
187,RedGrid25,0,0.693155,-0.0323236064383759,-0.0391065662881616,-0.0354694192832202,-0.0150308880703423,-0.0391065662881616,0 days 00:13:23.724518
188,RedGrid5,0,0.693155,-0.0323236064383759,-0.0391065662881616,-0.0354694192832202,-0.0150308880703423,-0.0391065662881616,0 days 00:13:38.570084
189,RedGrid75,0,0.693155,-0.0323236064383759,-0.0391065662881616,-0.0354694192832202,-0.0150308880703423,-0.0391065662881616,0 days 00:13:23.432943
190,ExpGrad.1,2,0.706555,-0.0431366293275356,-0.0836802656546417,-0.0836802656546417,-0.0421123553994811,-0.0077713662878141,0 days 00:02:29.470262
191,ExpGrad.01,2,0.626827,-0.007636369361456,-0.0166211661357955,-0.0166211661357955,0.0,-0.0047048274106668,0 days 00:03:38.882049
192,RedGrid25,2,0.69563,-0.0422101960696408,-0.0988003523876681,-0.0988003523876681,-0.0037110304692393,-0.017391314689734,0 days 00:10:16.305325
193,RedGrid5,2,0.677632,-0.0296370445366235,-0.0550497411482845,-0.0550497411482845,-0.0402776865843436,0.0,0 days 00:10:19.979710
194,RedGrid75,2,0.670268,-0.0242726080385795,-0.0696529633635499,-0.0696529633635499,0.0,0.0,0 days 00:10:56.125850
195,ExpGrad.1,1,0.711734,-0.0496545425708654,-0.1295360641981371,-0.1295360641981371,-0.055812629652227,-0.0437371987419831,0 days 00:03:18.218442
196,ExpGrad.01,1,0.620008,-0.0183316901829276,-0.0360462248111943,-0.0360462248111943,-0.0164245545012728,-0.0188361200010214,0 days 00:04:38.425702
197,RedGrid25,1,0.704553,-0.0662460309109836,-0.1402422430334022,-0.1402422430334022,-0.0699284256590435,-0.0618870303715745,0 days 00:12:43.746432
198,RedGrid5,1,0.704553,-0.0662460309109836,-0.1402422430334022,-0.1402422430334022,-0.0699284256590435,-0.0618870303715745,0 days 00:12:27.848719
199,RedGrid75,1,0.704553,-0.0662460309109836,-0.1402422430334022,-0.1402422430334022,-0.0699284256590435,-0.0618870303715745,0 days 00:12:15.910813
200,ExpGrad.1,0,0.707244,-0.0832799208517918,-0.0998837432175865,-0.0998837432175865,-0.0764235692406919,-0.0724881960644386,0 days 00:03:22.842229
201,ExpGrad.01,0,0.689738,-0.0139088684048868,-0.0191471761697418,-0.0191471761697418,-0.0118039487278597,-0.0104721293127023,0 days 00:08:38.483466
202,RedGrid25,0,0.687559,-0.0815508957281154,-0.1123699944956593,-0.1123699944956593,-0.0067408661727581,-0.0957525061871147,0 days 00:15:02.978853
203,RedGrid5,0,0.687559,-0.0815508957281154,-0.1123699944956593,-0.1123699944956593,-0.0067408661727581,-0.0957525061871147,0 days 00:15:03.659496
204,RedGrid75,0,0.6784,-0.0338232253987398,-0.0506057016706512,-0.0359510550949138,0.0,-0.0506057016706512,0 days 00:15:12.894739
205,ExpGrad.1,0,0.706382,-0.08269105419473,-0.1004630806196553,-0.1004630806196553,-0.0733735986334666,-0.072232054545708,0 days 00:03:23.607474
206,ExpGrad.01,0,0.688855,-0.0125475214374072,-0.0183418532082998,-0.0183418532082998,-0.0092480905403544,-0.0092821761529064,0 days 00:07:58.888344
207,RedGrid25,0,0.68188,-0.115873311753637,-0.1506034096134624,-0.1506034096134624,-0.0973079450120666,-0.0956318704965925,0 days 00:11:38.476344
208,RedGrid5,0,0.68188,-0.115873311753637,-0.1506034096134624,-0.1506034096134624,-0.0973079450120666,-0.0956318704965925,0 days 00:11:39.688993
209,RedGrid75,0,0.68188,-0.115873311753637,-0.1506034096134624,-0.1506034096134624,-0.0973079450120666,-0.0956318704965925,0 days 00:11:34.385039
210,ExpGrad.1,2,0.719861,-0.0716657233084123,-0.1084784160392979,-0.1084784160392979,-0.0640434368794469,-0.0439568079818211,0 days 00:03:54.389501
211,ExpGrad.01,2,0.618465,-0.0080397053140035,-0.0156098081023454,-0.0156098081023454,-0.0100036274367352,0.0,0 days 00:04:24.958686
212,RedGrid25,2,0.707073,-0.0567405854497236,-0.0840520987555519,-0.0840520987555519,-0.0830936324715566,-0.0149582487738182,0 days 00:14:45.716061
213,RedGrid5,2,0.688363,-0.0298870125282217,-0.0823185584905804,-0.0823185584905804,0.0,-0.0030413234984233,0 days 00:14:34.896669
214,RedGrid75,2,0.614949,-0.0058424043957046,-0.0212511103076422,-0.0009263353855006,-0.0212511103076422,0.0,0 days 00:15:26.314480
215,ExpGrad.1,1,0.711778,-0.0498669894571995,-0.1223476224776962,-0.1223476224776962,-0.0516689520678759,-0.0466064666893464,0 days 00:02:50.767263
216,ExpGrad.01,1,0.604739,-0.0004666340694153,-0.0236822272874026,-0.0236822272874026,0.0,0.0,0 days 00:03:07.438588
217,RedGrid25,1,0.704698,-0.067090112292835,-0.1385091525321365,-0.1385091525321365,-0.0759735043451796,-0.0599433832002604,0 days 00:11:58.974079
218,RedGrid5,1,0.704698,-0.067090112292835,-0.1385091525321365,-0.1385091525321365,-0.0759735043451796,-0.0599433832002604,0 days 00:11:59.430630
219,RedGrid75,1,0.704698,-0.067090112292835,-0.1385091525321365,-0.1385091525321365,-0.0759735043451796,-0.0599433832002604,0 days 00:11:55.457558
220,ExpGrad.1,1,0.713046,-0.0441811693529685,-0.1188331937742568,-0.1188331937742568,-0.03898579113539,-0.0447523132454921,0 days 00:02:59.788278
221,ExpGrad.01,1,0.611752,-0.0083454489812436,-0.024029573953949,-0.024029573953949,-0.0049473539013459,-0.0097393772499467,0 days 00:02:56.846236
222,RedGrid25,1,0.699891,-0.0456879498367347,-0.1118264185877201,-0.1118264185877201,0.0,-0.0688855513515096,0 days 00:11:38.688712
223,RedGrid5,1,0.695359,-0.0455666988145556,-0.113228465752569,-0.113228465752569,0.0,-0.0686504348864541,0 days 00:11:42.713347
224,RedGrid75,1,0.681689,-0.0330380590708476,-0.0756053863442065,-0.0756053863442065,0.0,-0.0499747125719691,0 days 00:11:40.286981
225,ExpGrad.1,1,0.709757,-0.0237376313350732,-0.1115137013378114,-0.1115137013378114,-0.0193740147691373,-0.023406214867172,0 days 00:02:16.902027
226,ExpGrad.01,1,0.594615,-0.0001404070348729,-0.0070945510776814,-0.0070945510776814,0.0,0.0,0 days 00:03:35.822662
227,RedGrid25,1,0.699026,-0.0447225469633922,-0.1295924341256719,-0.1295924341256719,0.0,-0.0669221600601107,0 days 00:11:51.752116
228,RedGrid5,1,0.682891,-0.0008822494057126,-0.0445787027533463,-0.0445787027533463,0.0,0.0,0 days 00:11:48.038387
229,RedGrid75,1,0.682891,-0.0008822494057126,-0.0445787027533463,-0.0445787027533463,0.0,0.0,0 days 00:12:23.920935
230,ExpGrad.1,1,0.711603,-0.0375493201676421,-0.1112492516015176,-0.1112492516015176,-0.0435710493958974,-0.0319343848733846,0 days 00:02:55.005112
231,ExpGrad.01,1,0.595687,-0.0020863015237383,-0.0086410799362601,-0.0086410799362601,0.0,-0.0030421832428622,0 days 00:03:22.398475
232,RedGrid25,1,0.699332,-0.0462184955702825,-0.1128384295791596,-0.1128384295791596,0.0,-0.0698178113574063,0 days 00:11:49.964233
233,RedGrid5,1,0.683602,-0.0007709500091679,-0.039650345671971,-0.039650345671971,0.0,0.0,0 days 00:11:55.390060
234,RedGrid75,1,0.683602,-0.0007709500091679,-0.039650345671971,-0.039650345671971,0.0,0.0,0 days 00:11:50.389514
235,ExpGrad.1,0,0.705812,-0.0819223847152344,-0.0991848796639205,-0.0991848796639205,-0.0712532265929158,-0.0726262958914008,0 days 00:03:21.459484
236,ExpGrad.01,0,0.68648,-0.0101082345558315,-0.0141896763352591,-0.0141896763352591,-0.0085488739866289,-0.0073759565149691,0 days 00:06:15.026812
237,RedGrid25,0,0.685563,-0.0806919059232787,-0.1123881553738433,-0.1123881553738433,-0.0046284093470175,-0.0949537879850895,0 days 00:10:49.688762
238,RedGrid5,0,0.685563,-0.0806919059232787,-0.1123881553738433,-0.1123881553738433,-0.0046284093470175,-0.0949537879850895,0 days 00:10:48.360824
239,RedGrid75,0,0.663012,-0.0547037615465363,-0.1115190897129453,-0.1115190897129453,0.0,-0.0349755427896149,0 days 00:10:46.330387
240,ExpGrad.1,2,0.705305,-0.0702640816617986,-0.0892932209291286,-0.0892932209291286,-0.0783776680737459,-0.0479712264605195,0 days 00:01:55.495174
241,ExpGrad.01,2,0.615166,-0.0099877053225845,-0.0129132897832825,-0.0069939670357802,-0.0095923092893369,-0.0129132897832825,0 days 00:02:46.098706
242,RedGrid25,2,0.730045,-0.0954225959020412,-0.1149048821604107,-0.1149048821604107,-0.1006085791261436,-0.0746590061850323,0 days 00:11:05.545887
243,RedGrid5,2,0.712139,-0.0696923735583559,-0.0805230034492112,-0.0805230034492112,-0.071742788773454,-0.0586990514026806,0 days 00:11:07.576057
244,RedGrid75,2,0.712139,-0.0696923735583559,-0.0805230034492112,-0.0805230034492112,-0.071742788773454,-0.0586990514026806,0 days 00:11:05.716021
245,ExpGrad.1,0,0.707256,-0.0802076569494225,-0.0968451463246395,-0.0968451463246395,-0.0719390761178515,-0.0701766596478133,0 days 00:03:26.328320
246,ExpGrad.01,0,0.691397,-0.0113253328809674,-0.0169797785643275,-0.0169797785643275,-0.0088856733691635,-0.0077107005915066,0 days 00:07:46.777613
247,RedGrid25,0,0.685702,-0.0750726509168305,-0.1060197201743147,-0.1060197201743147,0.0,-0.0895184740560536,0 days 00:15:08.549127
248,RedGrid5,0,0.685702,-0.0750726509168305,-0.1060197201743147,-0.1060197201743147,0.0,-0.0895184740560536,0 days 00:15:11.134937
249,RedGrid75,0,0.664723,0.0,0.0,0.0,0.0,0.0,0 days 00:15:14.066214
250,ExpGrad.1,2,0.718964,-0.0648515341899361,-0.0944855336676378,-0.0944855336676378,-0.0488185677363139,-0.0492868591843548,0 days 00:03:22.479192
251,ExpGrad.01,2,0.624614,-0.005947607083212,-0.0071836193716007,-0.0067240381253864,-0.0030423208736226,-0.0071836193716007,0 days 00:06:33.368633
252,RedGrid25,2,0.730587,-0.0922101413284757,-0.1177046269100586,-0.1177046269100586,-0.0977585153412764,-0.0660262792607919,0 days 00:13:50.854877
253,RedGrid5,2,0.720201,-0.0819852335939931,-0.09350738065325,-0.0932840869576019,-0.09350738065325,-0.0643861145222685,0 days 00:13:48.958733
254,RedGrid75,2,0.671275,-0.0499278373070288,-0.073997168940223,-0.0600682647764161,0.0,-0.073997168940223,0 days 00:13:48.945182
255,ExpGrad.1,0,0.707073,-0.0781185107638131,-0.0951102131160182,-0.0951102131160182,-0.0676150310470951,-0.0690079714161151,0 days 00:03:19.565718
256,ExpGrad.01,0,0.684099,-0.0125939367085544,-0.016607386214974,-0.016607386214974,-0.0129665280315013,-0.0088633350189951,0 days 00:05:24.256593
257,RedGrid25,0,0.694956,-0.0563812807740346,-0.0792085738763335,-0.0508875046310834,-0.0792085738763335,-0.0485766967435373,0 days 00:11:17.001573
258,RedGrid5,0,0.694956,-0.0563812807740346,-0.0792085738763335,-0.0508875046310834,-0.0792085738763335,-0.0485766967435373,0 days 00:11:10.007035
259,RedGrid75,0,0.694956,-0.0563812807740346,-0.0792085738763335,-0.0508875046310834,-0.0792085738763335,-0.0485766967435373,0 days 00:11:07.340975
260,ExpGrad.1,2,0.688676,-0.0426468059535348,-0.0902872970361819,-0.0902872970361819,-0.017179287068862,-0.017180202698676,0 days 00:02:23.163450
261,ExpGrad.01,2,0.610824,-0.0047280811712124,-0.0135727976129907,-0.0135727976129907,0.0,0.0,0 days 00:05:02.870055
262,RedGrid25,2,0.718657,-0.0824223247035213,-0.1217867065425666,-0.1217867065425666,-0.0982619090154605,-0.0369809202329285,0 days 00:13:27.467122
263,RedGrid5,2,0.667529,-0.0220019298212031,-0.0631604513003392,-0.0631604513003392,0.0,0.0,0 days 00:13:29.025348
264,RedGrid75,2,0.667529,-0.0220019298212031,-0.0631604513003392,-0.0631604513003392,0.0,0.0,0 days 00:13:28.476003
265,ExpGrad.1,1,0.710106,-0.0321914509598185,-0.1121971637980413,-0.1121971637980413,-0.019529431335042,-0.0367002778738673,0 days 00:02:13.891093
266,ExpGrad.01,1,0.59854,-0.0039091859567266,-0.0154048199687404,-0.0154048199687404,0.0,-0.0057169698428024,0 days 00:03:45.957718
267,RedGrid25,1,0.699075,-0.0167848354702071,-0.1083507242926787,-0.1083507242926787,-0.0078071468698639,-0.0188847568804424,0 days 00:11:48.312250
268,RedGrid5,1,0.699075,-0.0167848354702071,-0.1083507242926787,-0.1083507242926787,-0.0078071468698639,-0.0188847568804424,0 days 00:11:34.885550
269,RedGrid75,1,0.699075,-0.0167848354702071,-0.1083507242926787,-0.1083507242926787,-0.0078071468698639,-0.0188847568804424,0 days 00:11:34.171686
270,ExpGrad.1,2,0.708188,-0.0543560102143495,-0.0939687404090707,-0.0939687404090707,-0.0426810809346586,-0.0264190767565867,0 days 00:02:24.294051
271,ExpGrad.01,2,0.619793,-0.0045615687122058,-0.0129925099937668,-0.0129925099937668,0.0,0.0,0 days 00:03:39.441706
272,RedGrid25,2,0.671283,-0.0223048793139176,-0.0394896454069012,-0.0394896454069012,-0.0314170354617659,-0.0007348921817288,0 days 00:10:45.784872
273,RedGrid5,2,0.624859,-0.0048791227082958,-0.0138969846883429,-0.0138969846883429,0.0,0.0,0 days 00:10:41.788133
274,RedGrid75,2,0.624859,-0.0048791227082958,-0.0138969846883429,-0.0138969846883429,0.0,0.0,0 days 00:10:42.173353
275,ExpGrad.1,1,0.707347,-0.0109909598216251,-0.1109588854021121,-0.1109588854021121,-0.014440585030931,-0.0059811694125941,0 days 00:02:23.571003
276,ExpGrad.01,1,0.603663,-0.008854439110414,-0.0200831953567828,-0.0200831953567828,-0.0105442178874657,-0.0075708804345103,0 days 00:04:21.978125
277,RedGrid25,1,0.705314,-0.0669793637128401,-0.1531504927789941,-0.1531504927789941,-0.0671687076059233,-0.0642020684239588,0 days 00:11:42.137815
278,RedGrid5,1,0.699764,-0.0122612243911786,-0.1189394295726833,-0.1189394295726833,0.0,-0.0157394651684619,0 days 00:11:25.538294
279,RedGrid75,1,0.699764,-0.0122612243911786,-0.1189394295726833,-0.1189394295726833,0.0,-0.0157394651684619,0 days 00:11:20.562577
280,ExpGrad.1,0,0.706489,-0.0805852989599096,-0.098189264156932,-0.098189264156932,-0.0722026713875796,-0.0697718792307987,0 days 00:03:53.566816
281,ExpGrad.01,0,0.687389,-0.0138158887415986,-0.0207603041454407,-0.0207603041454407,-0.0110869312444423,-0.009231628367416,0 days 00:06:46.852105
282,RedGrid25,0,0.685657,-0.1218622187872635,-0.1520340987636417,-0.1520340987636417,-0.1005991416224226,-0.1071308445055154,0 days 00:15:03.880338
283,RedGrid5,0,0.685657,-0.1218622187872635,-0.1520340987636417,-0.1520340987636417,-0.1005991416224226,-0.1071308445055154,0 days 00:15:11.508531
284,RedGrid75,0,0.685657,-0.1218622187872635,-0.1520340987636417,-0.1520340987636417,-0.1005991416224226,-0.1071308445055154,0 days 00:15:37.932542
285,ExpGrad.1,2,0.702204,-0.0483547531668541,-0.0755266787276605,-0.0755266787276605,-0.0246467892937176,-0.0400787144637228,0 days 00:02:04.886534
286,ExpGrad.01,2,0.617757,-0.0053547588189547,-0.0102107445572113,-0.0102107445572113,0.0,-0.0046146820609678,0 days 00:02:10.743809
287,RedGrid25,2,0.710603,-0.0922259613928886,-0.0969208480218926,-0.0969208480218926,-0.0897426019899427,-0.0897296812502354,0 days 00:08:19.920587
288,RedGrid5,2,0.665982,-0.0352094958807016,-0.0517805032632255,-0.0517805032632255,0.0,-0.0438801323913061,0 days 00:08:18.451938
289,RedGrid75,2,0.626704,-0.0169571908052455,-0.0496362581920418,-0.0116859733228547,-0.0496362581920418,0.0,0 days 00:08:15.082961
290,ExpGrad.1,0,0.706825,-0.0812554957390016,-0.0994589637497597,-0.0994589637497597,-0.0692130505906531,-0.0719678148773327,0 days 00:03:40.488824
291,ExpGrad.01,0,0.687335,-0.0182490650013901,-0.0232670875222853,-0.0232670875222853,-0.0142771755621006,-0.0160489053159449,0 days 00:06:45.990309
292,RedGrid25,0,0.682886,-0.1177209290033621,-0.1530781013094574,-0.1530781013094574,-0.0974826653414748,-0.0979408053651683,0 days 00:14:48.002796
293,RedGrid5,0,0.682886,-0.1177209290033621,-0.1530781013094574,-0.1530781013094574,-0.0974826653414748,-0.0979408053651683,0 days 00:15:11.366318
294,RedGrid75,0,0.682886,-0.1177209290033621,-0.1530781013094574,-0.1530781013094574,-0.0974826653414748,-0.0979408053651683,0 days 00:15:02.698422
295,ExpGrad.1,0,0.706422,-0.0830054961542944,-0.1007469844183803,-0.1007469844183803,-0.0744274350439795,-0.0721503569223385,0 days 00:03:42.963670
296,ExpGrad.01,0,0.685171,-0.0123756648594276,-0.0171740376785572,-0.0171740376785572,-0.0092249064086418,-0.0098997077929809,0 days 00:07:03.049737
297,RedGrid25,0,0.682113,-0.1147932177692046,-0.1494363139322397,-0.1494363139322397,-0.0946602629788986,-0.0954697546949135,0 days 00:15:01.711613
298,RedGrid5,0,0.682113,-0.1147932177692046,-0.1494363139322397,-0.1494363139322397,-0.0946602629788986,-0.0954697546949135,0 days 00:15:10.866668
299,RedGrid75,0,0.682113,-0.1147932177692046,-0.1494363139322397,-0.1494363139322397,-0.0946602629788986,-0.0954697546949135,0 days 00:15:21.851547
300,ExpGrad.1,0,0.707288,-0.0781723673709712,-0.0951581639955156,-0.0951581639955156,-0.0678613624913898,-0.0689352866086031,0 days 00:03:29.403514
301,ExpGrad.01,0,0.687196,-0.0113744420055664,-0.0160697113725348,-0.0160697113725348,-0.0067329870447533,-0.0098070487425582,0 days 00:09:13.196468
302,RedGrid25,0,0.686816,-0.1251083239891625,-0.1529462045573072,-0.1529462045573072,-0.1049277930588311,-0.1117761953976081,0 days 00:15:42.094573
303,RedGrid5,0,0.686816,-0.1251083239891625,-0.1529462045573072,-0.1529462045573072,-0.1049277930588311,-0.1117761953976081,0 days 00:15:46.433709
304,RedGrid75,0,0.686816,-0.1251083239891625,-0.1529462045573072,-0.1529462045573072,-0.1049277930588311,-0.1117761953976081,0 days 00:15:47.133366
305,ExpGrad.1,2,0.711344,-0.0545313533466672,-0.0856180220655575,-0.0856180220655575,-0.0317238428027567,-0.0421099012396803,0 days 00:01:51.673882
306,ExpGrad.01,2,0.607983,-0.0079077761350223,-0.0107766023651321,-0.0107766023651321,-0.0054134966339604,-0.0070176294344718,0 days 00:02:11.557477
307,RedGrid25,2,0.724294,-0.0859828255836069,-0.1055128070976175,-0.1055128070976175,-0.0928138247029072,-0.0642627369778681,0 days 00:08:59.614201
308,RedGrid5,2,0.700144,-0.0502329000930042,-0.1023397138712712,-0.1023397138712712,-0.0091252122355837,-0.0313052913471615,0 days 00:08:59.915895
309,RedGrid75,2,0.656895,-0.0110391756206686,-0.0317844817538369,-0.0317844817538369,0.0,0.0,0 days 00:08:39.860530
310,ExpGrad.1,1,0.712034,-0.0391044943757337,-0.1154209818756435,-0.1154209818756435,-0.0351746239100293,-0.0389205871495651,0 days 00:02:35.619968
311,ExpGrad.01,1,0.599387,-0.002331020423761,-0.009443532432869,-0.009443532432869,0.0,-0.0034032056216978,0 days 00:03:33.216917
312,RedGrid25,1,0.707186,-0.0616478265027342,-0.1338468316246857,-0.1338468316246857,-0.0577979483845012,-0.0615470456438407,0 days 00:11:35.604325
313,RedGrid5,1,0.707186,-0.0616478265027342,-0.1338468316246857,-0.1338468316246857,-0.0577979483845012,-0.0615470456438407,0 days 00:11:32.307640
314,RedGrid75,1,0.707186,-0.0616478265027342,-0.1338468316246857,-0.1338468316246857,-0.0577979483845012,-0.0615470456438407,0 days 00:11:33.850079
315,ExpGrad.1,2,0.713601,-0.0598949406833783,-0.0951540808763424,-0.0951540808763424,-0.0386481754807475,-0.0426788551520577,0 days 00:04:34.244295
316,ExpGrad.01,2,0.629853,-0.0059610062749416,-0.011127426396265,-0.011127426396265,-0.0079838352784527,0.0,0 days 00:05:40.680133
317,RedGrid25,2,0.719571,-0.0837942648998673,-0.0980934846699235,-0.0980934846699235,-0.090029846891594,-0.0668694372732068,0 days 00:14:20.069521
318,RedGrid5,2,0.685341,-0.0343068747909655,-0.0810866571598731,-0.0810866571598731,0.0,-0.0155612580213808,0 days 00:13:57.093603
319,RedGrid75,2,0.661219,-0.0214202917400397,-0.0455717984723814,-0.0455717984723814,0.0,-0.0142248517407381,0 days 00:13:52.034236
320,ExpGrad.1,0,0.70715,-0.0839879415137271,-0.1022121614527701,-0.1022121614527701,-0.0758098702471025,-0.0725229366759978,0 days 00:03:17.655394
321,ExpGrad.01,0,0.688937,-0.01424572950442,-0.0194798756254155,-0.0194798756254155,-0.0130419232555155,-0.010317384372964,0 days 00:05:08.277599
322,RedGrid25,0,0.687746,-0.0827766996064862,-0.115086873546636,-0.115086873546636,-0.0092609923094487,-0.0952055830432314,0 days 00:11:07.577795
323,RedGrid5,0,0.687746,-0.0827766996064862,-0.115086873546636,-0.115086873546636,-0.0092609923094487,-0.0952055830432314,0 days 00:11:15.956580
324,RedGrid75,0,0.664474,-0.0546134031850405,-0.1129087847850663,-0.1129087847850663,0.0,-0.0337316076928431,0 days 00:11:13.711928
325,ExpGrad.1,2,0.699891,-0.0414346599625157,-0.0766444185358491,-0.0766444185358491,-0.0142577215508161,-0.028425343347033,0 days 00:02:27.263890
326,ExpGrad.01,2,0.615455,-0.0048411241676069,-0.0139654734351783,-0.0139654734351783,0.0,0.0,0 days 00:03:53.037079
327,RedGrid25,2,0.719697,-0.0711231135997288,-0.1133981717465068,-0.1133981717465068,-0.0720454862748867,-0.0331022680466225,0 days 00:10:41.548021
328,RedGrid5,2,0.661669,-0.0341744560844358,-0.0488798358285935,-0.0488798358285935,0.0,-0.043979246929144,0 days 00:10:28.439275
329,RedGrid75,2,0.661669,-0.0341744560844358,-0.0488798358285935,-0.0488798358285935,0.0,-0.043979246929144,0 days 00:10:35.615085
330,ExpGrad.1,1,0.710022,-0.0231992705996195,-0.1048484402519475,-0.1048484402519475,-0.0253487190157538,-0.0195008909177697,0 days 00:02:27.744937
331,ExpGrad.01,1,0.589328,-0.0021497148376399,-0.0061199489531579,-0.0003368726028642,-0.0061199489531579,0.0,0 days 00:02:08.021459
332,RedGrid25,1,0.699516,-0.0097439666243283,-0.0992213507864198,-0.0992213507864198,0.0,-0.012411829671416,0 days 00:08:56.791538
333,RedGrid5,1,0.699516,-0.0097439666243283,-0.0992213507864198,-0.0992213507864198,0.0,-0.012411829671416,0 days 00:08:51.649050
334,RedGrid75,1,0.699516,-0.0097439666243283,-0.0992213507864198,-0.0992213507864198,0.0,-0.012411829671416,0 days 00:08:48.721942
335,ExpGrad.1,0,0.706786,-0.0810654727756046,-0.0983645016733029,-0.0983645016733029,-0.0722406768195964,-0.0707780528699782,0 days 00:03:34.287907
336,ExpGrad.01,0,0.687093,-0.0137127301398709,-0.0191368988682509,-0.0191368988682509,-0.0101116631366772,-0.0109505319785293,0 days 00:06:29.176693
337,RedGrid25,0,0.695313,-0.0653161238461656,-0.0813457774561822,-0.0583561999582693,-0.0813457774561822,-0.0625205296253055,0 days 00:14:26.662445
338,RedGrid5,0,0.695313,-0.0653161238461656,-0.0813457774561822,-0.0583561999582693,-0.0813457774561822,-0.0625205296253055,0 days 00:14:27.921335
339,RedGrid75,0,0.695313,-0.0653161238461656,-0.0813457774561822,-0.0583561999582693,-0.0813457774561822,-0.0625205296253055,0 days 00:14:09.208318
340,ExpGrad.1,1,0.709597,-0.02733169956243,-0.1086893176802608,-0.1086893176802608,-0.0311729607506515,-0.0226515925444676,0 days 00:02:21.601139
341,ExpGrad.01,1,0.601917,-0.008301826796473,-0.0165943752670319,-0.0165943752670319,-0.0128965837684646,-0.0055006931492189,0 days 00:03:06.891170
342,RedGrid25,1,0.698837,-0.045832619629066,-0.1074794468591123,-0.1074794468591123,0.0,-0.069238129065165,0 days 00:10:21.154689
343,RedGrid5,1,0.690906,-0.0414341714654629,-0.0869202800515507,-0.0869202800515507,0.0,-0.0629153816000415,0 days 00:10:20.464435
344,RedGrid75,1,0.681913,-0.0009058318717225,-0.0456784780143774,-0.0456784780143774,0.0,0.0,0 days 00:10:19.942379
345,ExpGrad.1,0,0.706695,-0.0823390543568641,-0.1003709647607909,-0.1003709647607909,-0.071562097312019,-0.0725083959557033,0 days 00:03:53.378697
346,ExpGrad.01,0,0.688479,-0.014968770384096,-0.020577691213104,-0.020577691213104,-0.0128210915117655,-0.0112438837443045,0 days 00:08:23.582331
347,RedGrid25,0,0.683503,-0.1126698807321237,-0.1481897936193712,-0.1481897936193712,-0.0925980753023595,-0.0926643942117273,0 days 00:15:12.599237
348,RedGrid5,0,0.683503,-0.1126698807321237,-0.1481897936193712,-0.1481897936193712,-0.0925980753023595,-0.0926643942117273,0 days 00:15:12.205102
349,RedGrid75,0,0.683503,-0.1126698807321237,-0.1481897936193712,-0.1481897936193712,-0.0925980753023595,-0.0926643942117273,0 days 00:15:08.326242
350,ExpGrad.1,2,0.716027,-0.0646396410225697,-0.0986551533820899,-0.0986551533820899,-0.0437635890779166,-0.0485639070589705,0 days 00:02:33.429677
351,ExpGrad.01,2,0.625239,-0.0099112685469021,-0.0170812503142708,-0.0170812503142708,-0.0136064773736863,-0.0011550323673754,0 days 00:03:28.607341
352,RedGrid25,2,0.724008,-0.0834026312767701,-0.1097411102792252,-0.1097411102792252,-0.0652652607398674,-0.0722631637239599,0 days 00:10:31.512595
353,RedGrid5,2,0.701746,-0.0552705460731294,-0.078565871544125,-0.078565871544125,-0.0782998821622936,-0.0195123859420805,0 days 00:10:32.917925
354,RedGrid75,2,0.691171,-0.0410503853927198,-0.091581611278513,-0.091581611278513,0.0,-0.0238251182851679,0 days 00:10:30.608277
355,ExpGrad.1,1,0.711793,-0.0329056785330099,-0.1149444478859403,-0.1149444478859403,-0.0296580677935197,-0.0321523488034897,0 days 00:02:33.310755
356,ExpGrad.01,1,0.612086,-0.0151583486808484,-0.02701819046801,-0.02701819046801,-0.018848778331911,-0.0127468602519729,0 days 00:03:25.907170
357,RedGrid25,1,0.705394,-0.0665703479101995,-0.1443205315606637,-0.1443205315606637,-0.0663931864967971,-0.0642508231736613,0 days 00:12:14.802627
358,RedGrid5,1,0.694228,-0.0025804675285535,-0.0959575075011923,-0.0959575075011923,0.0,-0.0011053073247577,0 days 00:12:23.447434
359,RedGrid75,1,0.694228,-0.0025804675285535,-0.0959575075011923,-0.0959575075011923,0.0,-0.0011053073247577,0 days 00:12:35.276068
360,ExpGrad.1,0,0.705934,-0.0828561321505079,-0.1008378414951133,-0.1008378414951133,-0.0740461263850401,-0.0719248045020843,0 days 00:03:39.602129
361,ExpGrad.01,0,0.687769,-0.0114003315251087,-0.016718087772806,-0.016718087772806,-0.0096592077235272,-0.0076890577620073,0 days 00:10:22.198775
362,RedGrid25,0,0.682498,-0.1139551998858862,-0.1490028291020597,-0.1490028291020597,-0.0938050387193685,-0.0942986101874303,0 days 00:15:15.347828
363,RedGrid5,0,0.682498,-0.1139551998858862,-0.1490028291020597,-0.1490028291020597,-0.0938050387193685,-0.0942986101874303,0 days 00:15:25.808903
364,RedGrid75,0,0.682498,-0.1139551998858862,-0.1490028291020597,-0.1490028291020597,-0.0938050387193685,-0.0942986101874303,0 days 00:15:35.346382
365,ExpGrad.1,2,0.703613,-0.0525042831984628,-0.0872888322932132,-0.0872888322932132,-0.0093824600876932,-0.050451458378429,0 days 00:02:30.094464
366,ExpGrad.01,2,0.613314,-0.0049541425933575,-0.0073569325085662,-0.0073569325085662,0.0,-0.0061296793853047,0 days 00:02:43.479159
367,RedGrid25,2,0.725767,-0.0807356136977262,-0.1216886240292703,-0.1216886240292703,-0.0644065283313806,-0.0553524211729076,0 days 00:10:25.006218
368,RedGrid5,2,0.677967,-0.0504490426872308,-0.0741452246199041,-0.0741452246199041,0.0,-0.0631034652024086,0 days 00:10:33.680269
369,RedGrid75,2,0.64849,-0.0268979112681727,-0.0412157220097654,-0.0309841910915469,0.0,-0.0412157220097654,0 days 00:10:44.936831
370,ExpGrad.1,2,0.696828,-0.0373910848172392,-0.0695531180092585,-0.0695531180092585,-0.0454988678755055,-0.0037417338720904,0 days 00:03:29.943573
371,ExpGrad.01,2,0.620054,-0.0034360191106204,-0.0081331036372958,-0.0081331036372958,-0.000949044754962,-0.0009389538141938,0 days 00:04:14.502521
372,RedGrid25,2,0.717315,-0.0601030623584483,-0.1076002328644297,-0.1076002328644297,-0.0540831700256054,-0.0222573368110081,0 days 00:10:38.618049
373,RedGrid5,2,0.674327,-0.0267152444592086,-0.0449525514700673,-0.0449525514700673,-0.0429073846333007,0.0,0 days 00:10:44.211463
374,RedGrid75,2,0.661113,-0.015328487748089,-0.0442083520082573,-0.0442083520082573,0.0,0.0,0 days 00:10:35.147055
375,ExpGrad.1,1,0.709119,-0.0244993758117619,-0.1018822758669558,-0.1018822758669558,-0.0303050701869772,-0.0189097773154293,0 days 00:02:23.479729
376,ExpGrad.01,1,0.581687,-0.0006779832142638,-0.0124205182848057,-0.0124205182848057,-0.0012509280706134,0.0,0 days 00:02:16.158376
377,RedGrid25,1,0.698422,-0.0455394558216368,-0.1106828545394841,-0.1106828545394841,0.0,-0.0686981145127016,0 days 00:11:52.755272
378,RedGrid5,1,0.681944,-0.0005753935715561,-0.0296020140042216,-0.0296020140042216,0.0,0.0,0 days 00:11:30.444867
379,RedGrid75,1,0.681944,-0.0005753935715561,-0.0296020140042216,-0.0296020140042216,0.0,0.0,0 days 00:11:19.701211
380,ExpGrad.1,0,0.706456,-0.0836944521792231,-0.1017706146453456,-0.1017706146453456,-0.0744834692018223,-0.0729173807133369,0 days 00:03:15.723963
381,ExpGrad.01,0,0.685017,-0.0154172766606779,-0.0213102156296163,-0.0213102156296163,-0.0143213948351057,-0.0108481715963478,0 days 00:04:59.370712
382,RedGrid25,0,0.691411,-0.0267069951627047,-0.0325040718586188,-0.0325040718586188,-0.0152770375311249,-0.0279431612406731,0 days 00:12:37.780879
383,RedGrid5,0,0.691411,-0.0267069951627047,-0.0325040718586188,-0.0325040718586188,-0.0152770375311249,-0.0279431612406731,0 days 00:12:40.179983
384,RedGrid75,0,0.691411,-0.0267069951627047,-0.0325040718586188,-0.0325040718586188,-0.0152770375311249,-0.0279431612406731,0 days 00:12:34.533236
385,ExpGrad.1,1,0.711367,-0.0432529649109636,-0.1190971177898377,-0.1190971177898377,-0.0465147327506705,-0.0390700479100674,0 days 00:03:15.469246
386,ExpGrad.01,1,0.595412,-0.0120026366593419,-0.012452672033951,-0.0108880894295407,-0.012452672033951,-0.0117873429914537,0 days 00:03:03.844983
387,RedGrid25,1,0.707027,-0.0655907806283001,-0.1409033735776715,-0.1409033735776715,-0.0748587989008627,-0.0580862959424784,0 days 00:14:40.086330
388,RedGrid5,1,0.699582,-0.0019623474230521,-0.0996601175049395,-0.0996601175049395,0.0,0.0,0 days 00:14:36.368015
389,RedGrid75,1,0.699582,-0.0019623474230521,-0.0996601175049395,-0.0996601175049395,0.0,0.0,0 days 00:14:28.815523
390,ExpGrad.1,0,0.707011,-0.0784476838804612,-0.0954610464339807,-0.0954610464339807,-0.0666903623355157,-0.0699801953735814,0 days 00:03:32.708987
391,ExpGrad.01,0,0.689083,-0.0113712407929073,-0.0172500519993483,-0.0172500519993483,-0.0085008952918363,-0.0077886089940719,0 days 00:10:06.969463
392,RedGrid25,0,0.686788,-0.1225421991101942,-0.1515885249332669,-0.1515885249332669,-0.0993844865306711,-0.1097852258716635,0 days 00:14:29.987295
393,RedGrid5,0,0.686788,-0.1225421991101942,-0.1515885249332669,-0.1515885249332669,-0.0993844865306711,-0.1097852258716635,0 days 00:14:32.048637
394,RedGrid75,0,0.686788,-0.1225421991101942,-0.1515885249332669,-0.1515885249332669,-0.0993844865306711,-0.1097852258716635,0 days 00:14:54.771600
395,ExpGrad.1,1,0.710985,-0.0306454670363588,-0.1051843310590776,-0.1051843310590776,-0.0290885723447139,-0.0291722800678285,0 days 00:02:45.118877
396,ExpGrad.01,1,0.595536,-0.0094951728926865,-0.0195916029516298,-0.0195916029516298,-0.015046574583729,-0.0061112524983722,0 days 00:04:08.623586
397,RedGrid25,1,0.700978,-0.0072630211091014,-0.1033543114613217,-0.1033543114613217,0.0,-0.0082684387962789,0 days 00:13:57.062530
398,RedGrid5,1,0.700978,-0.0072630211091014,-0.1033543114613217,-0.1033543114613217,0.0,-0.0082684387962789,0 days 00:14:16.067022
399,RedGrid75,1,0.700978,-0.0072630211091014,-0.1033543114613217,-0.1033543114613217,0.0,-0.0082684387962789,0 days 00:13:58.582275
400,ExpGrad.1,2,0.708351,-0.0576384206815544,-0.0903036296686828,-0.0903036296686828,-0.0198996456145552,-0.0539577468210551,0 days 00:03:10.468239
401,ExpGrad.01,2,0.633098,-0.0094229419839409,-0.0143511334597483,-0.0139383732890243,-0.0143511334597483,-0.0021522510266003,0 days 00:03:33.225783
402,RedGrid25,2,0.695195,-0.0455813895351812,-0.0818910501881706,-0.0818910501881706,0.0,-0.0439109630412101,0 days 00:13:12.036881
403,RedGrid5,2,0.677688,-0.0357302869495419,-0.0620214858900338,-0.0620214858900338,0.0,-0.0363374407748866,0 days 00:13:12.157103
404,RedGrid75,2,0.677688,-0.0357302869495419,-0.0620214858900338,-0.0620214858900338,0.0,-0.0363374407748866,0 days 00:13:01.591943
405,ExpGrad.1,0,0.706696,-0.0817732403496823,-0.0980128825463982,-0.0980128825463982,-0.0751430846477102,-0.0711897276178661,0 days 00:03:51.458232
406,ExpGrad.01,0,0.685349,-0.0107117529280831,-0.014999848448443,-0.014999848448443,-0.0107700258788383,-0.006917839936647,0 days 00:08:55.359123
407,RedGrid25,0,0.683726,-0.1145594579010162,-0.1484124812801451,-0.1484124812801451,-0.0972914983281315,-0.0944012546065385,0 days 00:15:32.960871
408,RedGrid5,0,0.683726,-0.1145594579010162,-0.1484124812801451,-0.1484124812801451,-0.0972914983281315,-0.0944012546065385,0 days 00:15:29.137412
409,RedGrid75,0,0.683726,-0.1145594579010162,-0.1484124812801451,-0.1484124812801451,-0.0972914983281315,-0.0944012546065385,0 days 00:15:36.982194
410,ExpGrad.1,1,0.711156,-0.0380940485475294,-0.1175543592194121,-0.1175543592194121,-0.0316332571009519,-0.0392333941448393,0 days 00:02:47.150847
411,ExpGrad.01,1,0.582755,-0.0074407995919891,-0.0140485673882133,-0.0140485673882133,0.0,-0.0113502992098447,0 days 00:03:21.454443
412,RedGrid25,1,0.702303,-0.0079547496864693,-0.1038277030452095,-0.1038277030452095,0.0,-0.0094175500135703,0 days 00:13:42.895996
413,RedGrid5,1,0.702303,-0.0079547496864693,-0.1038277030452095,-0.1038277030452095,0.0,-0.0094175500135703,0 days 00:13:42.970462
414,RedGrid75,1,0.702303,-0.0079547496864693,-0.1038277030452095,-0.1038277030452095,0.0,-0.0094175500135703,0 days 00:13:41.267203
415,ExpGrad.1,0,0.70748,-0.0835484422395921,-0.1008580128300398,-0.1008580128300398,-0.0743978039236302,-0.0733437533065723,0 days 00:03:42.107375
416,ExpGrad.01,0,0.689165,-0.0105768081309313,-0.0164614646444984,-0.0164614646444984,-0.0083371237441925,-0.0066264941774473,0 days 00:07:25.143928
417,RedGrid25,0,0.682308,-0.1151766132493765,-0.1492280173955071,-0.1492280173955071,-0.0959358880906966,-0.0957864157575993,0 days 00:14:25.952898
418,RedGrid5,0,0.682308,-0.1151766132493765,-0.1492280173955071,-0.1492280173955071,-0.0959358880906966,-0.0957864157575993,0 days 00:14:25.507031
419,RedGrid75,0,0.682308,-0.1151766132493765,-0.1492280173955071,-0.1492280173955071,-0.0959358880906966,-0.0957864157575993,0 days 00:14:23.250392
420,ExpGrad.1,2,0.722592,-0.0729991939996192,-0.1030991333465245,-0.1030991333465245,-0.059690122406783,-0.0545805032641624,0 days 00:02:50.761610
421,ExpGrad.01,2,0.627993,-0.0111363523283972,-0.0187713941908339,-0.0121575205791866,-0.0187713941908339,-0.0050920446707209,0 days 00:04:28.727406
422,RedGrid25,2,0.729811,-0.0973437324027727,-0.1210293046641161,-0.1210293046641161,-0.0986245651658272,-0.0749730309434504,0 days 00:11:17.942190
423,RedGrid5,2,0.689239,-0.0631370525092793,-0.0871042363423737,-0.0650199023737612,-0.0871042363423737,-0.0453646861490889,0 days 00:11:22.110336
424,RedGrid75,2,0.646434,-0.0220652167803336,-0.054549706743134,-0.0223898319777518,-0.054549706743134,0.0,0 days 00:11:13.995740
425,ExpGrad.1,0,0.7063,-0.0793598986268253,-0.0968343747282546,-0.0968343747282546,-0.0707408491956191,-0.0688359080991377,0 days 00:03:01.934795
426,ExpGrad.01,0,0.688208,-0.0112060969102376,-0.0166978098323677,-0.0166978098323677,-0.0080486582008179,-0.0081470405049203,0 days 00:06:33.596074
427,RedGrid25,0,0.690401,-0.015992358637613,-0.0234105430218168,-0.0234105430218168,-0.0008048793656231,-0.0179046430638738,0 days 00:13:02.894623
428,RedGrid5,0,0.690401,-0.015992358637613,-0.0234105430218168,-0.0234105430218168,-0.0008048793656231,-0.0179046430638738,0 days 00:12:56.613165
429,RedGrid75,0,0.690401,-0.015992358637613,-0.0234105430218168,-0.0234105430218168,-0.0008048793656231,-0.0179046430638738,0 days 00:12:58.155666
430,ExpGrad.1,2,0.697977,-0.0531083834185005,-0.0815161238006123,-0.0815161238006123,-0.0436404446959707,-0.0337816926406017,0 days 00:02:31.172154
431,ExpGrad.01,2,0.629682,-0.0137790253166799,-0.0215657080533618,-0.0215657080533618,-0.0082033615676997,-0.0105292116320735,0 days 00:03:45.344601
432,RedGrid25,2,0.718378,-0.0853894812758037,-0.1099867629276005,-0.0911068120860156,-0.1099867629276005,-0.0632911543833488,0 days 00:08:36.509218
433,RedGrid5,2,0.679429,-0.0346295159113923,-0.0518034711908572,-0.0518034711908572,0.0,-0.0428050471738686,0 days 00:08:28.682439
434,RedGrid75,2,0.679429,-0.0346295159113923,-0.0518034711908572,-0.0518034711908572,0.0,-0.0428050471738686,0 days 00:08:22.137877
435,ExpGrad.1,2,0.691857,-0.0506176773146524,-0.0775599529506267,-0.0775599529506267,-0.0319325092181026,-0.0390625187749271,0 days 00:02:21.286686
436,ExpGrad.01,2,0.612689,-0.004720137468221,-0.0079875759338951,-0.0017188611208049,-0.0038315323064636,-0.0079875759338951,0 days 00:03:51.665386
437,RedGrid25,2,0.730713,-0.0959095299096585,-0.1200273788523021,-0.1200273788523021,-0.103852996150443,-0.0691176168732911,0 days 00:11:41.850073
438,RedGrid5,2,0.676761,-0.0387644572836243,-0.0709504178229587,-0.053239356671615,-0.0709504178229587,-0.0044039166138949,0 days 00:10:55.236251
439,RedGrid75,2,0.676761,-0.0387644572836243,-0.0709504178229587,-0.053239356671615,-0.0709504178229587,-0.0044039166138949,0 days 00:10:35.075202
440,ExpGrad.1,1,0.712313,-0.0528317505347295,-0.1301966165488984,-0.1301966165488984,-0.050982592638108,-0.0514846767844939,0 days 00:02:33.708568
441,ExpGrad.01,1,0.606946,-0.0012778763460083,-0.0134256918266734,-0.0134256918266734,-8.916475794512602e-05,-0.0015638905205481,0 days 00:04:07.738821
442,RedGrid25,1,0.707099,-0.0767113239243796,-0.1476730955730483,-0.1476730955730483,-0.0830466504012831,-0.0710277400528649,0 days 00:13:12.035574
443,RedGrid5,1,0.707099,-0.0767113239243796,-0.1476730955730483,-0.1476730955730483,-0.0830466504012831,-0.0710277400528649,0 days 00:13:09.546510
444,RedGrid75,1,0.707099,-0.0767113239243796,-0.1476730955730483,-0.1476730955730483,-0.0830466504012831,-0.0710277400528649,0 days 00:13:12.037172
445,ExpGrad.1,2,0.710529,-0.0597333789784363,-0.0900792548155792,-0.0900792548155792,-0.0605085892935701,-0.0326469318239738,0 days 00:02:35.630323
446,ExpGrad.01,2,0.637038,-0.0126019811746526,-0.0176893545659468,-0.0146402503764778,-0.0176893545659468,-0.0074487803795454,0 days 00:03:37.179141
447,RedGrid25,2,0.718253,-0.0738112191340484,-0.1147254407679977,-0.1147254407679977,-0.0736136569511464,-0.0381143855725843,0 days 00:13:14.018414
448,RedGrid5,2,0.692825,-0.0434170049750032,-0.0665287628654834,-0.0665287628654834,-0.0654650971635108,-0.0085805929144385,0 days 00:13:30.383269
449,RedGrid75,2,0.692825,-0.0434170049750032,-0.0665287628654834,-0.0665287628654834,-0.0654650971635108,-0.0085805929144385,0 days 00:13:30.155444
450,ExpGrad.1,0,0.706754,-0.0760353460133594,-0.0948778840512042,-0.0948778840512042,-0.0646382459989852,-0.0658462610915547,0 days 00:03:49.459274
451,ExpGrad.01,0,0.686718,-0.0115607012831028,-0.0183228510804108,-0.0183228510804108,-0.0097336624469853,-0.0066481378846292,0 days 00:07:22.542346
452,RedGrid25,0,0.690484,-0.0198270254814737,-0.0278262626535353,-0.0278262626535353,-0.0038899658259348,-0.0216607385621095,0 days 00:16:07.002813
453,RedGrid5,0,0.690484,-0.0198270254814737,-0.0278262626535353,-0.0278262626535353,-0.0038899658259348,-0.0216607385621095,0 days 00:16:05.668103
454,RedGrid75,0,0.690484,-0.0198270254814737,-0.0278262626535353,-0.0278262626535353,-0.0038899658259348,-0.0216607385621095,0 days 00:16:05.574424
455,ExpGrad.1,2,0.708791,-0.0494107031281602,-0.0896944938259313,-0.0896944938259313,-0.0164958741103861,-0.0354168299244129,0 days 00:03:03.199964
456,ExpGrad.01,2,0.632699,-0.0086153919070666,-0.0179532568102674,-0.0179532568102674,0.0,-0.0060241788803643,0 days 00:05:23.892804
457,RedGrid25,2,0.706559,-0.0637094230271012,-0.0882440629886862,-0.0882440629886862,-0.061837683449267,-0.0431532195499501,0 days 00:14:03.418451
458,RedGrid5,2,0.686297,-0.0282920351085243,-0.0745072163067889,-0.0745072163067889,0.0,-0.0059683040288369,0 days 00:13:53.580359
459,RedGrid75,2,0.651813,-0.0239534610211681,-0.0503121846382272,-0.0312723330500768,-0.0503121846382272,0.0,0 days 00:13:48.153981
460,ExpGrad.1,1,0.707237,-0.0276981438688092,-0.1107822161529111,-0.1107822161529111,-0.0215660789422211,-0.0285498987533182,0 days 00:01:30.718479
461,ExpGrad.01,1,0.594672,-9.4965638511994e-05,-0.0049203174556329,-0.0049203174556329,0.0,0.0,0 days 00:02:37.514596
462,RedGrid25,1,0.708128,-0.0633725521318354,-0.136751539547608,-0.136751539547608,-0.0723256043556879,-0.0561785400234624,0 days 00:07:42.419017
463,RedGrid5,1,0.708128,-0.0633725521318354,-0.136751539547608,-0.136751539547608,-0.0723256043556879,-0.0561785400234624,0 days 00:07:37.694556
464,RedGrid75,1,0.708128,-0.0633725521318354,-0.136751539547608,-0.136751539547608,-0.0723256043556879,-0.0561785400234624,0 days 00:07:34.294642
465,ExpGrad.1,2,0.712476,-0.0568436666262091,-0.0937330842586526,-0.0937330842586526,-0.0333242758844654,-0.039845682646803,0 days 00:02:16.147185
466,ExpGrad.01,2,0.623135,-0.0099381465436383,-0.0165203695798822,-0.0165203695798822,-0.0086651564967302,-0.0049447145690377,0 days 00:03:57.427153
467,RedGrid25,2,0.714435,-0.0645949463553818,-0.0882954997897872,-0.0882954997897872,-0.0673276045080273,-0.0417090942750326,0 days 00:10:16.262954
468,RedGrid5,2,0.686681,-0.0259761410781337,-0.0712404194211716,-0.0712404194211716,0.0,-0.0031860940594946,0 days 00:10:23.491536
469,RedGrid75,2,0.684028,-0.0237649351533898,-0.0677143374554788,-0.0677143374554788,0.0,-0.0006601514337785,0 days 00:10:19.538597
470,ExpGrad.1,2,0.711457,-0.0608237067302259,-0.088284449868318,-0.088284449868318,-0.060928359310124,-0.0363886047174484,0 days 00:01:38.910493
471,ExpGrad.01,2,0.62194,-0.0038094739808922,-0.0049035157347636,-0.0049035157347636,-0.0029556461208292,-0.003408981416966,0 days 00:03:14.314774
472,RedGrid25,2,0.719373,-0.0737653053658094,-0.1092729482044913,-0.1092729482044913,-0.0806005110797069,-0.0376954469993893,0 days 00:08:22.850377
473,RedGrid5,2,0.693754,-0.0644836389919095,-0.0788853595732486,-0.067404788104238,-0.0788853595732486,-0.0522736976286888,0 days 00:08:20.993181
474,RedGrid75,2,0.660398,-0.0196845266980972,-0.0566862650344064,-0.0566862650344064,0.0,0.0,0 days 00:08:30.353675
475,ExpGrad.1,0,0.706909,-0.0795290496698216,-0.097756390348586,-0.097756390348586,-0.0701440115556425,-0.0687759347063704,0 days 00:03:50.875351
476,ExpGrad.01,0,0.685318,-0.0099703626076708,-0.0158894342161187,-0.0158894342161187,-0.0077830757743074,-0.0060031569076395,0 days 00:07:18.100431
477,RedGrid25,0,0.690734,-0.0211626472908119,-0.0267911019053403,-0.0267911019053403,-0.0069298055824459,-0.0241037108263127,0 days 00:14:14.903733
478,RedGrid5,0,0.690734,-0.0211626472908119,-0.0267911019053403,-0.0267911019053403,-0.0069298055824459,-0.0241037108263127,0 days 00:14:16.638013
479,RedGrid75,0,0.690734,-0.0211626472908119,-0.0267911019053403,-0.0267911019053403,-0.0069298055824459,-0.0241037108263127,0 days 00:14:14.158712
480,ExpGrad.1,0,0.706971,-0.0806323318559823,-0.0982523196397473,-0.0982523196397473,-0.0705448468308987,-0.0707490558493518,0 days 00:03:48.901953
481,ExpGrad.01,0,0.686631,-0.0109435762590854,-0.0170487530887748,-0.0170487530887748,-0.005820856048053,-0.0084158677821699,0 days 00:08:30.198655
482,RedGrid25,0,0.684124,-0.1132915768215819,-0.1487789190419275,-0.1487789190419275,-0.0924650252852158,-0.0936672683004232,0 days 00:14:52.152189
483,RedGrid5,0,0.684124,-0.1132915768215819,-0.1487789190419275,-0.1487789190419275,-0.0924650252852158,-0.0936672683004232,0 days 00:14:38.111766
484,RedGrid75,0,0.684124,-0.1132915768215819,-0.1487789190419275,-0.1487789190419275,-0.0924650252852158,-0.0936672683004232,0 days 00:14:42.644413
485,ExpGrad.1,2,0.710227,-0.0534797077516846,-0.0930746537346409,-0.0930746537346409,-0.0410935395663395,-0.0270210255746267,0 days 00:02:00.791726
486,ExpGrad.01,2,0.623359,-0.0069696066755535,-0.0096787476533176,-0.0096787476533176,-0.0048034664617106,-0.0060463638211164,0 days 00:02:44.350967
487,RedGrid25,2,0.718085,-0.0780704290119316,-0.1009343475399124,-0.1009343475399124,-0.0727860668896796,-0.061535352499705,0 days 00:08:54.332071
488,RedGrid5,2,0.691574,-0.0601713034463397,-0.0775950104366651,-0.0613403431995881,-0.0775950104366651,-0.0474227283958862,0 days 00:08:50.795008
489,RedGrid75,2,0.667607,-0.0302713618547088,-0.0638016596387308,-0.0390512496750936,-0.0638016596387308,0.0,0 days 00:08:34.562656
490,ExpGrad.1,1,0.711869,-0.0528760936276124,-0.1296146887105927,-0.1296146887105927,-0.0567731594270476,-0.0483250903775995,0 days 00:02:17.930208
491,ExpGrad.01,1,0.597479,-0.0001665166969712,-0.0084677711315516,-0.0084677711315516,0.0,0.0,0 days 00:03:18.629356
492,RedGrid25,1,0.691514,-0.001641930191888,-0.0834960657506432,-0.0834960657506432,0.0,0.0,0 days 00:11:54.914420
493,RedGrid5,1,0.684712,-0.0009387350453479,-0.0477369156472319,-0.0477369156472319,0.0,0.0,0 days 00:11:53.073134
494,RedGrid75,1,0.684712,-0.0009387350453479,-0.0477369156472319,-0.0477369156472319,0.0,0.0,0 days 00:11:36.542873
495,ExpGrad.1,1,0.710698,-0.0342791248940621,-0.1155975959707574,-0.1155975959707574,-0.0400761796278121,-0.0285716283889175,0 days 00:02:58.869426
496,ExpGrad.01,1,0.593107,-0.0002992127634816,-0.0153687059824618,-0.0153687059824618,0.0,0.0,0 days 00:04:50.508978
497,RedGrid25,1,0.70271,-0.0243174681271322,-0.1097827418040582,-0.1097827418040582,-0.014166288025695,-0.0272890997039476,0 days 00:14:39.615664
498,RedGrid5,1,0.70271,-0.0243174681271322,-0.1097827418040582,-0.1097827418040582,-0.014166288025695,-0.0272890997039476,0 days 00:14:37.646081
499,RedGrid75,1,0.70271,-0.0243174681271322,-0.1097827418040582,-0.1097827418040582,-0.014166288025695,-0.0272890997039476,0 days 00:14:33.528871
500,ExpGrad.1,2,0.69514,-0.0520306294787297,-0.0817067248399114,-0.0817067248399114,-0.0197081430192347,-0.0471140904535589,0 days 00:03:23.836597
501,ExpGrad.01,2,0.629884,-0.0116906404758399,-0.016173909386647,-0.016173909386647,-0.0047565027078058,-0.0123131778257554,0 days 00:04:56.966118
502,RedGrid25,2,0.696121,-0.0649638551692775,-0.0914040683244366,-0.0914040683244366,0.0,-0.0846572111263085,0 days 00:13:58.609122
503,RedGrid5,2,0.630818,-0.0153147533980598,-0.044212061094601,-0.0109127914487746,-0.044212061094601,0.0,0 days 00:12:58.668870
504,RedGrid75,2,0.630818,-0.0153147533980598,-0.044212061094601,-0.0109127914487746,-0.044212061094601,0.0,0 days 00:12:25.029553
505,ExpGrad.1,1,0.712252,-0.0553583145175113,-0.129779744242684,-0.129779744242684,-0.0603676253486268,-0.0503152319993667,0 days 00:02:43.049202
506,ExpGrad.01,1,0.610273,-0.0146522900362983,-0.0299909316620435,-0.0299909316620435,-0.0128255950745696,-0.0151902232772457,0 days 00:05:02.591084
507,RedGrid25,1,0.705426,-0.0745736647703264,-0.1450518264210503,-0.1450518264210503,-0.0808693638640672,-0.0689416862625171,0 days 00:13:09.730349
508,RedGrid5,1,0.705426,-0.0745736647703264,-0.1450518264210503,-0.1450518264210503,-0.0808693638640672,-0.0689416862625171,0 days 00:13:14.454597
509,RedGrid75,1,0.705426,-0.0745736647703264,-0.1450518264210503,-0.1450518264210503,-0.0808693638640672,-0.0689416862625171,0 days 00:13:09.702897
510,ExpGrad.1,1,0.71086,-0.0321531227249323,-0.1111184264083385,-0.1111184264083385,-0.0306537819910077,-0.0305191233476332,0 days 00:02:09.864650
511,ExpGrad.01,1,0.580264,-0.0004737127442865,-0.016809929429326,-0.016809929429326,0.0,-0.0002259664217026,0 days 00:02:35.077306
512,RedGrid25,1,0.701308,-0.0177090037235584,-0.1187647351251199,-0.1187647351251199,-0.0023074269625813,-0.0230623355758742,0 days 00:11:22.090567
513,RedGrid5,1,0.701308,-0.0177090037235584,-0.1187647351251199,-0.1187647351251199,-0.0023074269625813,-0.0230623355758742,0 days 00:11:21.062518
514,RedGrid75,1,0.701308,-0.0177090037235584,-0.1187647351251199,-0.1187647351251199,-0.0023074269625813,-0.0230623355758742,0 days 00:11:21.263477
515,ExpGrad.1,2,0.712778,-0.0605832491322447,-0.0919276742772265,-0.0919276742772265,-0.0344487523543457,-0.0499955796533351,0 days 00:03:50.219105
516,ExpGrad.01,2,0.619597,-0.0033401115624835,-0.0063868895565351,-0.0024283729634561,0.0,-0.0063868895565351,0 days 00:03:53.812723
517,RedGrid25,2,0.720152,-0.0950952031750443,-0.1032020732307246,-0.1032020732307246,-0.0950828292305414,-0.0878501485238508,0 days 00:10:29.286397
518,RedGrid5,2,0.666564,-0.0197764979425396,-0.0549891824206665,-0.0549891824206665,0.0,-0.0014810101924636,0 days 00:10:35.598407
519,RedGrid75,2,0.666564,-0.0197764979425396,-0.0549891824206665,-0.0549891824206665,0.0,-0.0014810101924636,0 days 00:10:35.162942
520,ExpGrad.1,2,0.713224,-0.0628987885954013,-0.0924191506062777,-0.0924191506062777,-0.0572488344100687,-0.04019493194925,0 days 00:02:43.922181
521,ExpGrad.01,2,0.614153,-0.0057566515241423,-0.0100932839335861,-0.0078802552467653,-0.0100932839335861,-0.0009600803335989,0 days 00:03:24.837059
522,RedGrid25,2,0.715576,-0.0733633663837063,-0.0922705963300076,-0.0922705963300076,-0.0815445557275643,-0.0509522155348233,0 days 00:14:12.178544
523,RedGrid5,2,0.681732,-0.0298832264214303,-0.0697609582945723,-0.0697609582945723,0.0,-0.014053569431445,0 days 00:13:37.369423
524,RedGrid75,2,0.681732,-0.0298832264214303,-0.0697609582945723,-0.0697609582945723,0.0,-0.014053569431445,0 days 00:13:38.201762
525,ExpGrad.1,0,0.706432,-0.0804250723897871,-0.0972918568259011,-0.0972918568259011,-0.0723433339694425,-0.0700678041004384,0 days 00:03:21.311908
526,ExpGrad.01,0,0.678341,-0.0098190056547241,-0.0149451385870953,-0.0149451385870953,-0.0076295875790014,-0.0065232740790615,0 days 00:05:09.726267
527,RedGrid25,0,0.694837,-0.0530541599370849,-0.0755291192837945,-0.0489836225645384,-0.0755291192837945,-0.0441700352905988,0 days 00:11:36.040450
528,RedGrid5,0,0.694837,-0.0530541599370849,-0.0755291192837945,-0.0489836225645384,-0.0755291192837945,-0.0441700352905988,0 days 00:11:23.950920
529,RedGrid75,0,0.694837,-0.0530541599370849,-0.0755291192837945,-0.0489836225645384,-0.0755291192837945,-0.0441700352905988,0 days 00:11:23.820647
530,ExpGrad.1,2,0.712555,-0.0626644338986894,-0.0943576011994202,-0.0943576011994202,-0.0331867108923947,-0.0544719083746127,0 days 00:02:43.656614
531,ExpGrad.01,2,0.616439,-0.006912139903511,-0.0105299104401413,-0.0080579222840332,0.0,-0.0105299104401413,0 days 00:03:23.507571
532,RedGrid25,2,0.727852,-0.0941609948438332,-0.1170007388266433,-0.1170007388266433,-0.0980479005908632,-0.0714335149053401,0 days 00:10:41.170034
533,RedGrid5,2,0.680994,-0.0367653595911989,-0.0548468075233155,-0.0548468075233155,0.0,-0.045445635071076,0 days 00:10:40.788803
534,RedGrid75,2,0.676594,-0.0338076144801525,-0.0514932013387024,-0.0514932013387024,0.0,-0.0408566208819001,0 days 00:10:45.134239
535,ExpGrad.1,2,0.695886,-0.0432802102700792,-0.0685866512140195,-0.0685866512140195,-0.0672107310148555,-0.0051850098730597,0 days 00:02:11.933974
536,ExpGrad.01,2,0.614742,-0.0056333781991409,-0.008190512538968,-0.008190512538968,-0.0069468844901344,-0.0025071770755759,0 days 00:03:09.705480
537,RedGrid25,2,0.706198,-0.0580206877767941,-0.0948487927212953,-0.0948487927212953,-0.0835387194273388,-0.0086751901713523,0 days 00:11:34.084900
538,RedGrid5,2,0.65785,-0.0198495832173708,-0.0414395647884575,-0.0262973859430469,-0.0414395647884575,0.0,0 days 00:11:42.704615
539,RedGrid75,2,0.65785,-0.0198495832173708,-0.0414395647884575,-0.0262973859430469,-0.0414395647884575,0.0,0 days 00:11:56.904645
540,ExpGrad.1,0,0.706616,-0.0845197143264583,-0.1010101812029713,-0.1010101812029713,-0.0768889395238978,-0.0742841090108947,0 days 00:03:30.823565
541,ExpGrad.01,0,0.686999,-0.0118056330681063,-0.0165644613622719,-0.0165644613622719,-0.011229227439969,-0.0079483922022988,0 days 00:07:15.926646
542,RedGrid25,0,0.686773,-0.0807933706027376,-0.1131840793601719,-0.1131840793601719,-0.0070337343292111,-0.0933494576897423,0 days 00:12:51.009915
543,RedGrid5,0,0.686773,-0.0807933706027376,-0.1131840793601719,-0.1131840793601719,-0.0070337343292111,-0.0933494576897423,0 days 00:12:55.581521
544,RedGrid75,0,0.663669,-0.0537942489094324,-0.1111767642572251,-0.1111767642572251,0.0,-0.0333157505667945,0 days 00:12:56.452096
545,ExpGrad.1,0,0.706893,-0.0769968373623011,-0.0960614870151576,-0.0960614870151576,-0.0650851761017282,-0.0668593718397871,0 days 00:02:57.329466
546,ExpGrad.01,0,0.683466,-0.0128097118683664,-0.0182097583879512,-0.0182097583879512,-0.0130190632350494,-0.0079537475298983,0 days 00:05:40.956167
547,RedGrid25,0,0.685806,-0.125853213197338,-0.15556619585647,-0.15556619585647,-0.1046991820634722,-0.111487582742752,0 days 00:12:32.352882
548,RedGrid5,0,0.685806,-0.125853213197338,-0.15556619585647,-0.15556619585647,-0.1046991820634722,-0.111487582742752,0 days 00:12:32.243868
549,RedGrid75,0,0.667177,-0.0518130561698928,-0.1102703869605952,-0.1102703869605952,-0.0001171765251662,-0.0291312543126032,0 days 00:12:32.962826
550,ExpGrad.1,1,0.710434,-0.0205659861501673,-0.0960765519651088,-0.0960765519651088,-0.0227336686137432,-0.0170074477832264,0 days 00:02:20.789120
551,ExpGrad.01,1,0.602544,-0.0018926582292151,-0.0121702998709448,-0.0121702998709448,-0.0047371479782043,0.0,0 days 00:03:23.997292
552,RedGrid25,1,0.699589,-0.0453185666324119,-0.1112943429029522,-0.1112943429029522,0.0,-0.0682894701300571,0 days 00:12:17.014777
553,RedGrid5,1,0.683931,-0.0006423987282091,-0.0325356094582726,-0.0325356094582726,0.0,0.0,0 days 00:12:09.469481
554,RedGrid75,1,0.683931,-0.0006423987282091,-0.0325356094582726,-0.0325356094582726,0.0,0.0,0 days 00:12:17.688594
555,ExpGrad.1,1,0.708068,-0.0154029037222092,-0.1046348420872137,-0.1046348420872137,-0.0299191401899389,-0.0046326693958369,0 days 00:03:07.931500
556,ExpGrad.01,1,0.588171,-4.3298070271219336e-05,-0.0022239982424366,-0.0022239982424366,0.0,0.0,0 days 00:03:58.430894
557,RedGrid25,1,0.702345,-0.0203017231343419,-0.1163397254878846,-0.1163397254878846,-0.0086200328999261,-0.0237951372517205,0 days 00:11:16.008502
558,RedGrid5,1,0.702345,-0.0203017231343419,-0.1163397254878846,-0.1163397254878846,-0.0086200328999261,-0.0237951372517205,0 days 00:11:20.388510
559,RedGrid75,1,0.702345,-0.0203017231343419,-0.1163397254878846,-0.1163397254878846,-0.0086200328999261,-0.0237951372517205,0 days 00:11:32.314794
560,ExpGrad.1,0,0.706761,-0.0799824268772703,-0.09830580327648,-0.09830580327648,-0.0701301021271697,-0.069421687305626,0 days 00:03:21.059509
561,ExpGrad.01,0,0.688737,-0.014717674378694,-0.0204072293439879,-0.0204072293439879,-0.011450925305664,-0.011553452764768,0 days 00:06:27.522776
562,RedGrid25,0,0.686744,-0.1222208636290855,-0.1525358139938325,-0.1525358139938325,-0.1012601965482885,-0.1073308002109445,0 days 00:11:55.825576
563,RedGrid5,0,0.686744,-0.1222208636290855,-0.1525358139938325,-0.1525358139938325,-0.1012601965482885,-0.1073308002109445,0 days 00:12:05.382690
564,RedGrid75,0,0.668213,-0.052001381819813,-0.1104621602793493,-0.1104621602793493,0.0,-0.029702168914038,0 days 00:11:52.694719
565,ExpGrad.1,2,0.686941,-0.0448390289471722,-0.0830471810079574,-0.0830471810079574,0.0,-0.0403957969738401,0 days 00:02:35.832546
566,ExpGrad.01,2,0.601848,-0.0092336113327609,-0.0155161236148975,-0.009081837029666,0.0,-0.0155161236148975,0 days 00:03:40.734792
567,RedGrid25,2,0.680598,-0.0445525903442223,-0.0716209777544949,-0.0716209777544949,0.0,-0.0499161248483696,0 days 00:11:20.213030
568,RedGrid5,2,0.680598,-0.0445525903442223,-0.0716209777544949,-0.0716209777544949,0.0,-0.0499161248483696,0 days 00:11:20.667040
569,RedGrid75,2,0.650209,-0.0119542338908502,-0.0341408753225465,-0.0341408753225465,0.0,0.0,0 days 00:11:20.444315
570,ExpGrad.1,0,0.707239,-0.0828263198607898,-0.100523239722668,-0.100523239722668,-0.0735002024105365,-0.0724407195597897,0 days 00:03:10.158891
571,ExpGrad.01,0,0.686358,-0.0137645297381331,-0.01993623391103,-0.01993623391103,-0.0100460764788835,-0.0104007794860431,0 days 00:06:47.935342
572,RedGrid25,0,0.691729,-0.0241382996134153,-0.0302002297354051,-0.0302002297354051,-0.0100515198944944,-0.0266149760298444,0 days 00:13:09.444926
573,RedGrid5,0,0.691729,-0.0241382996134153,-0.0302002297354051,-0.0302002297354051,-0.0100515198944944,-0.0266149760298444,0 days 00:12:53.324628
574,RedGrid75,0,0.691729,-0.0241382996134153,-0.0302002297354051,-0.0302002297354051,-0.0100515198944944,-0.0266149760298444,0 days 00:13:00.873610
575,ExpGrad.1,2,0.712062,-0.0573288429573393,-0.0910875303326836,-0.0910875303326836,-0.0355485227585814,-0.0416641979938453,0 days 00:03:35.881349
576,ExpGrad.01,2,0.614877,-0.0061765284237002,-0.0176997875255638,-0.0176997875255638,0.0,0.0,0 days 00:04:14.266971
577,RedGrid25,2,0.730411,-0.098081132013248,-0.1184445624437274,-0.1184445624437274,-0.1102104361081433,-0.0719709716169137,0 days 00:13:03.334973
578,RedGrid5,2,0.667341,-0.0207235165086461,-0.0593864083225262,-0.0593864083225262,0.0,0.0,0 days 00:12:54.595752
579,RedGrid75,2,0.667341,-0.0207235165086461,-0.0593864083225262,-0.0593864083225262,0.0,0.0,0 days 00:12:51.248363
580,ExpGrad.1,0,0.707006,-0.0813460269713354,-0.0982698944513825,-0.0982698944513825,-0.0714289150047875,-0.0719803571196293,0 days 00:03:12.713793
581,ExpGrad.01,0,0.690657,-0.0115559136128305,-0.0178909583430715,-0.0178909583430715,-0.0062270410168215,-0.0089449156304247,0 days 00:07:30.151334
582,RedGrid25,0,0.686715,-0.1199201196919379,-0.1499363336105585,-0.1499363336105585,-0.0970407474103487,-0.1062373786961141,0 days 00:11:52.734596
583,RedGrid5,0,0.686715,-0.1199201196919379,-0.1499363336105585,-0.1499363336105585,-0.0970407474103487,-0.1062373786961141,0 days 00:11:51.555388
584,RedGrid75,0,0.686715,-0.1199201196919379,-0.1499363336105585,-0.1499363336105585,-0.0970407474103487,-0.1062373786961141,0 days 00:11:50.756887
585,ExpGrad.1,2,0.710784,-0.0582014539872538,-0.089098053743246,-0.089098053743246,-0.0362541454869561,-0.0452823295610377,0 days 00:01:50.161225
586,ExpGrad.01,2,0.633974,-0.0080559725533493,-0.0120913056465113,-0.0120913056465113,0.0,-0.0098381548388008,0 days 00:03:59.974739
587,RedGrid25,2,0.73076,-0.0906242565185415,-0.1141756495261627,-0.1141756495261627,-0.0974039735780306,-0.065058864937201,0 days 00:08:52.456134
588,RedGrid5,2,0.69412,-0.045363290121637,-0.0821014148475799,-0.0821014148475799,0.0,-0.0428825148085263,0 days 00:08:47.921737
589,RedGrid75,2,0.667575,-0.0241189316151677,-0.0433245146147402,-0.0352264381454593,-0.0433245146147402,-0.0013590940728475,0 days 00:08:28.709273
590,ExpGrad.1,0,0.706291,-0.0832157385796563,-0.1007783471689666,-0.1007783471689666,-0.0744480919552561,-0.0726281445417906,0 days 00:03:20.127817
591,ExpGrad.01,0,0.686624,-0.0119419909991018,-0.0165609767222224,-0.0165609767222224,-0.0099901195839158,-0.0089619175118146,0 days 00:06:34.690896
592,RedGrid25,0,0.686354,-0.1204290483374041,-0.1510892095090613,-0.1510892095090613,-0.099452992116103,-0.105076956656587,0 days 00:12:07.791177
593,RedGrid5,0,0.686354,-0.1204290483374041,-0.1510892095090613,-0.1510892095090613,-0.099452992116103,-0.105076956656587,0 days 00:12:05.988846
594,RedGrid75,0,0.686354,-0.1204290483374041,-0.1510892095090613,-0.1510892095090613,-0.099452992116103,-0.105076956656587,0 days 00:12:13.733296
595,ExpGrad.1,2,0.722926,-0.0685485200758689,-0.106216844236798,-0.106216844236798,-0.0428309396251308,-0.0519616845663724,0 days 00:02:21.343225
596,ExpGrad.01,2,0.633933,-0.0081490473034363,-0.0108109940063636,-0.0108109940063636,-0.0053750347830555,-0.0076189940006421,0 days 00:03:58.763352
597,RedGrid25,2,0.708078,-0.0574909151259221,-0.0953278955362606,-0.0953278955362606,-0.076364115198875,-0.0108215600691992,0 days 00:13:19.130889
598,RedGrid5,2,0.683733,-0.0386692777215386,-0.0674077459736601,-0.0674077459736601,-0.0518323769038178,-0.0040088334931707,0 days 00:13:26.319072
599,RedGrid75,2,0.660467,-0.0278628813906239,-0.0498700161309417,-0.0498700161309417,-0.0399106231658062,0.0,0 days 00:12:59.106556
600,ExpGrad.1,2,0.711443,-0.0569252774307327,-0.0927451030216621,-0.0927451030216621,-0.0392012639951726,-0.0362449189902684,0 days 00:02:22.789342
601,ExpGrad.01,2,0.624647,-0.0059849448542527,-0.0123097601798663,-0.0123097601798663,0.0,-0.0042425085168647,0 days 00:03:33.286861
602,RedGrid25,2,0.726857,-0.0974245356884257,-0.1246686039082005,-0.1246686039082005,-0.1007755900411297,-0.0704412995338549,0 days 00:10:29.596743
603,RedGrid5,2,0.655539,-0.017184028313894,-0.048756506844521,-0.048756506844521,0.0,0.0,0 days 00:10:32.024930
604,RedGrid75,2,0.655539,-0.017184028313894,-0.048756506844521,-0.048756506844521,0.0,0.0,0 days 00:10:29.957798
605,ExpGrad.1,1,0.712307,-0.0438037162593382,-0.1332099096064728,-0.1332099096064728,-0.0378733054040913,-0.0443584241089886,0 days 00:01:38.473560
606,ExpGrad.01,1,0.600364,-0.0002149469884853,-0.0111699508987771,-0.0111699508987771,0.0,0.0,0 days 00:02:48.114364
607,RedGrid25,1,0.703721,-0.0696694254215248,-0.1469577942640316,-0.1469577942640316,-0.0710023255147378,-0.0665775932573995,0 days 00:08:34.240992
608,RedGrid5,1,0.703721,-0.0696694254215248,-0.1469577942640316,-0.1469577942640316,-0.0710023255147378,-0.0665775932573995,0 days 00:08:31.180348
609,RedGrid75,1,0.703721,-0.0696694254215248,-0.1469577942640316,-0.1469577942640316,-0.0710023255147378,-0.0665775932573995,0 days 00:08:26.566739
610,ExpGrad.1,0,0.706874,-0.0804829468647514,-0.0973590779834951,-0.0973590779834951,-0.0725569189778324,-0.0700986391132713,0 days 00:03:45.394884
611,ExpGrad.01,0,0.689631,-0.011887142718815,-0.0180930035719397,-0.0180930035719397,-0.0071196176216599,-0.0090939834156791,0 days 00:07:13.359245
612,RedGrid25,0,0.682611,-0.1159238158041204,-0.1490762254087309,-0.1490762254087309,-0.099438820256636,-0.0960305181938937,0 days 00:14:49.565772
613,RedGrid5,0,0.682611,-0.1159238158041204,-0.1490762254087309,-0.1490762254087309,-0.099438820256636,-0.0960305181938937,0 days 00:14:49.909897
614,RedGrid75,0,0.668818,-0.0624050708103246,-0.1164713681240061,-0.1164713681240061,-0.0137613967442524,-0.0420047420390736,0 days 00:14:50.779526
615,ExpGrad.1,1,0.70863,-0.0282251572718755,-0.1001960041822965,-0.1001960041822965,-0.0324566602314496,-0.0236509361389041,0 days 00:01:56.126963
616,ExpGrad.01,1,0.593661,0.0,0.0,0.0,0.0,0.0,0 days 00:03:21.055747
617,RedGrid25,1,0.704798,-0.0705101116467129,-0.1381254757208531,-0.1381254757208531,-0.0801286045008029,-0.0630928656330991,0 days 00:12:47.632269
618,RedGrid5,1,0.701384,-0.0152668946451089,-0.1095347619792021,-0.1095347619792021,-0.0071828549261985,-0.0168091334799068,0 days 00:12:43.093674
619,RedGrid75,1,0.701384,-0.0152668946451089,-0.1095347619792021,-0.1095347619792021,-0.0071828549261985,-0.0168091334799068,0 days 00:12:51.042302
620,ExpGrad.1,1,0.711572,-0.0408901730614157,-0.10269476692019,-0.10269476692019,-0.0490749759473925,-0.0344754327680222,0 days 00:02:39.985950
621,ExpGrad.01,1,0.613217,-0.0055806690765126,-0.0276741287956797,-0.0276741287956797,0.0,-0.0079849507236904,0 days 00:04:03.267328
622,RedGrid25,1,0.701114,-0.0138372890828397,-0.0986939447085648,-0.0986939447085648,0.0,-0.018876546764044,0 days 00:12:29.542164
623,RedGrid5,1,0.701114,-0.0138372890828397,-0.0986939447085648,-0.0986939447085648,0.0,-0.018876546764044,0 days 00:12:22.868110
624,RedGrid75,1,0.701114,-0.0138372890828397,-0.0986939447085648,-0.0986939447085648,0.0,-0.018876546764044,0 days 00:12:30.801610
625,ExpGrad.1,1,0.712564,-0.0425492697054488,-0.1230671111587093,-0.1230671111587093,-0.0446038457297482,-0.0388973321192622,0 days 00:01:59.976381
626,ExpGrad.01,1,0.5998,-0.0001824054444798,-0.0089575399901741,-0.0089575399901741,-1.699042765090919e-05,0.0,0 days 00:02:34.574874
627,RedGrid25,1,0.705314,-0.0692497379640616,-0.1429901424449705,-0.1429901424449705,-0.0779337439664088,-0.0621383019236438,0 days 00:08:27.661559
628,RedGrid5,1,0.705314,-0.0692497379640616,-0.1429901424449705,-0.1429901424449705,-0.0779337439664088,-0.0621383019236438,0 days 00:08:26.862462
629,RedGrid75,1,0.701073,-0.0101928198025471,-0.1070542896810313,-0.1070542896810313,0.0,-0.0128126891984121,0 days 00:08:23.614760
630,ExpGrad.1,1,0.708021,-0.0232509422006244,-0.0967564887225101,-0.0967564887225101,-0.0405689273654236,-0.0113962696661582,0 days 00:02:00.917481
631,ExpGrad.01,1,0.605056,-0.0028975887963068,-0.0094675546422479,-0.0094675546422479,-0.0077699669145959,0.0,0 days 00:03:43.004915
632,RedGrid25,1,0.704844,-0.0734594263240916,-0.1455117692487283,-0.1455117692487283,-0.0836181582815185,-0.0656079723141564,0 days 00:08:36.111914
633,RedGrid5,1,0.700146,-0.0176373895035351,-0.1148790937571181,-0.1148790937571181,-0.0126264031788438,-0.0173914813431864,0 days 00:08:32.983153
634,RedGrid75,1,0.700146,-0.0176373895035351,-0.1148790937571181,-0.1148790937571181,-0.0126264031788438,-0.0173914813431864,0 days 00:08:32.392575
635,ExpGrad.1,2,0.709339,-0.064819622879552,-0.0869283903177786,-0.0869283903177786,-0.0800798520124034,-0.0352686642500887,0 days 00:03:04.662906
636,ExpGrad.01,2,0.615907,-0.008960966136864,-0.0175493061270659,-0.0090543691984244,-0.0175493061270659,-0.0032190540560786,0 days 00:03:00.950094
637,RedGrid25,2,0.728443,-0.0903363471724956,-0.1129198940651961,-0.1129198940651961,-0.0983599078049862,-0.0651355708654289,0 days 00:10:58.229496
638,RedGrid5,2,0.674423,-0.0339880585024754,-0.0597519039695969,-0.0442476225669634,-0.0597519039695969,-0.007963640889451,0 days 00:10:51.284812
639,RedGrid75,2,0.674423,-0.0339880585024754,-0.0597519039695969,-0.0442476225669634,-0.0597519039695969,-0.007963640889451,0 days 00:10:58.835463
640,ExpGrad.1,2,0.712156,-0.0548730233593005,-0.0902190238492071,-0.0902190238492071,-0.0283452576888518,-0.0410436955516773,0 days 00:01:31.872106
641,ExpGrad.01,2,0.62042,-0.0014172684904841,-0.0040734093056071,-0.0040734093056071,0.0,0.0,0 days 00:03:04.373610
642,RedGrid25,2,0.72994,-0.0971347277874467,-0.1232985623165675,-0.1232985623165675,-0.103416668337919,-0.0698935487608208,0 days 00:08:08.745468
643,RedGrid5,2,0.673137,-0.030155647817373,-0.0476650398551917,-0.0476650398551917,0.0,-0.0344678567222918,0 days 00:08:07.962272
644,RedGrid75,2,0.673137,-0.030155647817373,-0.0476650398551917,-0.0476650398551917,0.0,-0.0344678567222918,0 days 00:08:08.106266
645,ExpGrad.1,2,0.712308,-0.0606863749086291,-0.0964311506433553,-0.0964311506433553,-0.0529913815075179,-0.0339152463251399,0 days 00:02:37.082548
646,ExpGrad.01,2,0.629895,-0.0071051476759963,-0.0164767154306849,-0.0081246802868356,-0.0164767154306849,0.0,0 days 00:04:52.826043
647,RedGrid25,2,0.685352,-0.0302923340454872,-0.0779602645207458,-0.0779602645207458,0.0,-0.0078354732198021,0 days 00:13:44.077986
648,RedGrid5,2,0.682658,-0.0278970165692622,-0.0755310989235686,-0.0755310989235686,0.0,-0.0038865491046023,0 days 00:13:45.803953
649,RedGrid75,2,0.682658,-0.0278970165692622,-0.0755310989235686,-0.0755310989235686,0.0,-0.0038865491046023,0 days 00:13:46.497380
650,ExpGrad.1,2,0.672874,-0.0249909808172719,-0.0520487471370636,-0.0520487471370636,0.0,-0.0173168534297362,0 days 00:02:59.261872
651,ExpGrad.01,2,0.628916,-0.0081321802856954,-0.0127816174215396,-0.0013701646704178,-0.0102668767976747,-0.0127816174215396,0 days 00:04:06.244626
652,RedGrid25,2,0.668837,-0.0305523950663367,-0.044701864240888,-0.044701864240888,0.0,-0.0381570895311029,0 days 00:11:34.514410
653,RedGrid5,2,0.619084,-0.0190558122495081,-0.0400037327502949,0.0,-0.0400037327502949,-0.0222359283856354,0 days 00:11:43.612751
654,RedGrid75,2,0.619084,-0.0190558122495081,-0.0400037327502949,0.0,-0.0400037327502949,-0.0222359283856354,0 days 00:12:04.085956
655,ExpGrad.1,0,0.705933,-0.0776061325980264,-0.0954195055407938,-0.0954195055407938,-0.0662384726907091,-0.068281843090895,0 days 00:03:37.843604
656,ExpGrad.01,0,0.688035,-0.0126709625416093,-0.0189245081709416,-0.0189245081709416,-0.0102140974671626,-0.008544787710604,0 days 00:08:35.028846
657,RedGrid25,0,0.688756,-0.0163196948362815,-0.0241151585983265,-0.0241151585983265,-0.0003333014696227,-0.0183615376919913,0 days 00:15:39.549973
658,RedGrid5,0,0.688756,-0.0163196948362815,-0.0241151585983265,-0.0241151585983265,-0.0003333014696227,-0.0183615376919913,0 days 00:16:08.170773
659,RedGrid75,0,0.688756,-0.0163196948362815,-0.0241151585983265,-0.0241151585983265,-0.0003333014696227,-0.0183615376919913,0 days 00:16:04.279447
660,ExpGrad.1,0,0.706246,-0.0825866186335034,-0.0997659154242986,-0.0997659154242986,-0.0738663549924426,-0.0723720991781102,0 days 00:03:45.036386
661,ExpGrad.01,0,0.687185,-0.0136398227835097,-0.0190485805755009,-0.0190485805755009,-0.0117532179013651,-0.0099484239513367,0 days 00:10:08.629046
662,RedGrid25,0,0.69385,-0.0586624062389363,-0.0822798776419031,-0.0546268041982216,-0.0822798776419031,-0.0491223845036804,0 days 00:14:24.752725
663,RedGrid5,0,0.69385,-0.0586624062389363,-0.0822798776419031,-0.0546268041982216,-0.0822798776419031,-0.0491223845036804,0 days 00:14:24.216162
664,RedGrid75,0,0.69385,-0.0586624062389363,-0.0822798776419031,-0.0546268041982216,-0.0822798776419031,-0.0491223845036804,0 days 00:14:27.712005
665,ExpGrad.1,2,0.714158,-0.0633515253541516,-0.0955622758622526,-0.0955622758622526,-0.0495216101999769,-0.0438058322946532,0 days 00:02:21.759808
666,ExpGrad.01,2,0.63011,-0.007998167884254,-0.0182525103538978,-0.0182525103538978,-0.0062265972239006,0.0,0 days 00:04:05.213959
667,RedGrid25,2,0.721393,-0.081070388906612,-0.1180587557031243,-0.1180587557031243,-0.0991423003786939,-0.0357110739870917,0 days 00:10:48.801085
668,RedGrid5,2,0.676381,-0.0217425302394866,-0.0623596796761667,-0.0623596796761667,0.0,0.0,0 days 00:10:42.298117
669,RedGrid75,2,0.676381,-0.0217425302394866,-0.0623596796761667,-0.0623596796761667,0.0,0.0,0 days 00:10:40.644751
670,ExpGrad.1,0,0.706802,-0.0791149887392,-0.0981262684573048,-0.0981262684573048,-0.0669760273456181,-0.0691301476919291,0 days 00:03:52.102018
671,ExpGrad.01,0,0.683975,-0.0118977017698754,-0.0182434249299611,-0.0182434249299611,-0.0092892748187043,-0.0077660572181249,0 days 00:06:38.428186
672,RedGrid25,0,0.682919,-0.1172157014348534,-0.1523096520084712,-0.1523096520084712,-0.0970507498874597,-0.097542777626156,0 days 00:14:41.244585
673,RedGrid5,0,0.682919,-0.1172157014348534,-0.1523096520084712,-0.1523096520084712,-0.0970507498874597,-0.097542777626156,0 days 00:14:38.109673
674,RedGrid75,0,0.682919,-0.1172157014348534,-0.1523096520084712,-0.1523096520084712,-0.0970507498874597,-0.097542777626156,0 days 00:14:20.740360
675,ExpGrad.1,2,0.688527,-0.038049835627952,-0.0713573790377099,-0.0713573790377099,-0.0359680802265469,-0.0100788734339665,0 days 00:03:12.105498
676,ExpGrad.01,2,0.613192,-0.0021114927217453,-0.0061094852890922,-0.0061094852890922,0.0,0.0,0 days 00:04:50.931218
677,RedGrid25,2,0.706506,-0.058900769658507,-0.1042081227226821,-0.1042081227226821,-0.0800690530066853,-0.0047899451383854,0 days 00:16:03.012430
678,RedGrid5,2,0.656721,-0.015109041509008,-0.0437171607938415,-0.0437171607938415,0.0,0.0,0 days 00:15:15.007033
679,RedGrid75,2,0.656721,-0.015109041509008,-0.0437171607938415,-0.0437171607938415,0.0,0.0,0 days 00:16:03.298719
680,ExpGrad.1,2,0.709554,-0.053144479541559,-0.0841232023613579,-0.0841232023613579,-0.0461555513170268,-0.0297274162702769,0 days 00:02:18.115783
681,ExpGrad.01,2,0.624634,-0.0081990072294123,-0.0138266837451405,-0.0138266837451405,-0.0002981562738385,-0.0084572053078341,0 days 00:04:17.362524
682,RedGrid25,2,0.694244,-0.0450206492719008,-0.0838829959824245,-0.0645035282294396,-0.0838829959824245,-0.0008587224540191,0 days 00:09:57.762454
683,RedGrid5,2,0.677234,-0.022725163843342,-0.0638914943090723,-0.0638914943090723,0.0,-0.0007509791866264,0 days 00:09:59.109513
684,RedGrid75,2,0.655892,-0.0124723842481971,-0.0355191582740416,-0.0355191582740416,0.0,0.0,0 days 00:09:58.372160
685,ExpGrad.1,0,0.707163,-0.0772774690311699,-0.0938981931163015,-0.0938981931163015,-0.0670458989490103,-0.0683340898526058,0 days 00:02:56.642251
686,ExpGrad.01,0,0.686432,-0.0130728209997736,-0.016771043077204,-0.016771043077204,-0.0116582583606578,-0.0106043083991371,0 days 00:07:45.162290
687,RedGrid25,0,0.688049,-0.1341149748166157,-0.1550442149882938,-0.1550442149882938,-0.1357564067352772,-0.1147896139845718,0 days 00:11:25.954481
688,RedGrid5,0,0.664035,-0.0544377558757704,-0.1102226404084412,-0.1102226404084412,0.0,-0.0355774665803158,0 days 00:11:12.725327
689,RedGrid75,0,0.664035,-0.0544377558757704,-0.1102226404084412,-0.1102226404084412,0.0,-0.0355774665803158,0 days 00:11:14.122695
690,ExpGrad.1,1,0.710775,-0.0227149134705961,-0.1016036919850623,-0.1016036919850623,-0.0152305584961638,-0.0244247534992957,0 days 00:05:36.910005
691,ExpGrad.01,1,0.587136,-0.0142035316064354,-0.0197841365439683,-0.0197841365439683,-0.0136651805951119,-0.0143294010518034,0 days 00:02:53.523704
692,RedGrid25,1,0.701176,-0.0142969067867894,-0.1066351926769426,-0.1066351926769426,-0.0024398913804533,-0.018007158282529,0 days 00:13:05.519321
693,RedGrid5,1,0.701176,-0.0142969067867894,-0.1066351926769426,-0.1066351926769426,-0.0024398913804533,-0.018007158282529,0 days 00:13:01.328213
694,RedGrid75,1,0.701176,-0.0142969067867894,-0.1066351926769426,-0.1066351926769426,-0.0024398913804533,-0.018007158282529,0 days 00:12:55.330565
695,ExpGrad.1,1,0.710945,-0.0523801957306247,-0.1284955321017309,-0.1284955321017309,-0.0671908124240151,-0.0418104705032168,0 days 00:03:11.355231
696,ExpGrad.01,1,0.589551,-0.0001740683044925,-0.0088696604052161,-0.0088696604052161,0.0,0.0,0 days 00:04:48.753243
697,RedGrid25,1,0.705834,-0.0629195598985542,-0.1417196672477141,-0.1417196672477141,-0.0656118779562616,-0.0589775282204313,0 days 00:14:01.814506
698,RedGrid5,1,0.705834,-0.0629195598985542,-0.1417196672477141,-0.1417196672477141,-0.0656118779562616,-0.0589775282204313,0 days 00:14:00.879376
699,RedGrid75,1,0.705834,-0.0629195598985542,-0.1417196672477141,-0.1417196672477141,-0.0656118779562616,-0.0589775282204313,0 days 00:13:59.605565
700,ExpGrad.1,2,0.706638,-0.0590276556869894,-0.0822822747924439,-0.0822822747924439,-0.0672625746612116,-0.0327596550212713,0 days 00:02:15.321554
701,ExpGrad.01,2,0.61349,-0.0131417349368972,-0.0183328710908033,-0.0100796078287734,-0.0183328710908033,-0.0123487118108914,0 days 00:02:44.237796
702,RedGrid25,2,0.715494,-0.0696917517895438,-0.0917095857526997,-0.0917095857526997,-0.0829378947181704,-0.0411287132204249,0 days 00:09:07.354990
703,RedGrid5,2,0.682608,-0.0385095379320504,-0.0576659669650624,-0.0576659669650624,0.0,-0.0475590824485311,0 days 00:09:04.919972
704,RedGrid75,2,0.682608,-0.0385095379320504,-0.0576659669650624,-0.0576659669650624,0.0,-0.0475590824485311,0 days 00:08:44.721212
705,ExpGrad.1,1,0.711457,-0.0385927544855334,-0.1253882064937037,-0.1253882064937037,-0.0353826344990132,-0.0377182714869477,0 days 00:02:44.685091
706,ExpGrad.01,1,0.606903,-0.0044639010837868,-0.0201992514853572,-0.0201992514853572,-0.0084402644730248,-0.0017769365127043,0 days 00:03:41.445680
707,RedGrid25,1,0.701182,-0.023037524357279,-0.1142745588647943,-0.1142745588647943,-0.0114034221821084,-0.0266998078445888,0 days 00:11:29.646150
708,RedGrid5,1,0.701182,-0.023037524357279,-0.1142745588647943,-0.1142745588647943,-0.0114034221821084,-0.0266998078445888,0 days 00:11:28.202926
709,RedGrid75,1,0.701182,-0.023037524357279,-0.1142745588647943,-0.1142745588647943,-0.0114034221821084,-0.0266998078445888,0 days 00:11:27.726173
710,ExpGrad.1,2,0.711225,-0.0498249772060361,-0.0793102155036107,-0.0793102155036107,-0.02526146428909,-0.0398265077500609,0 days 00:03:15.066499
711,ExpGrad.01,2,0.626385,-0.00882896806048,-0.0210671407031924,-0.0086974727878983,-0.0210671407031924,-0.0007460468823608,0 days 00:02:51.286349
712,RedGrid25,2,0.712675,-0.067679762368422,-0.0802332019417953,-0.0802332019417953,-0.0547029163077489,-0.0651107847314639,0 days 00:12:57.717152
713,RedGrid5,2,0.686551,-0.0284410083027408,-0.0791187739001071,-0.0791187739001071,0.0,-0.0020236707326725,0 days 00:12:54.281380
714,RedGrid75,2,0.620239,-0.0142404258591001,-0.0545608944809159,0.0,-0.0545608944809159,0.0,0 days 00:12:42.094003
715,ExpGrad.1,1,0.712171,-0.0428767911426766,-0.1076664492838793,-0.1076664492838793,-0.0414046231300904,-0.0416869670124124,0 days 00:02:37.535341
716,ExpGrad.01,1,0.582833,-0.0115654622849541,-0.0130304488110779,-0.0068532818990089,-0.0130304488110779,-0.0109036064923292,0 days 00:03:53.318529
717,RedGrid25,1,0.705582,-0.051855309706666,-0.1200802384760504,-0.1200802384760504,-0.0453124057823423,-0.0533540303579793,0 days 00:11:48.607760
718,RedGrid5,1,0.705582,-0.051855309706666,-0.1200802384760504,-0.1200802384760504,-0.0453124057823423,-0.0533540303579793,0 days 00:11:10.025290
719,RedGrid75,1,0.705582,-0.051855309706666,-0.1200802384760504,-0.1200802384760504,-0.0453124057823423,-0.0533540303579793,0 days 00:11:06.123651
720,ExpGrad.1,1,0.711676,-0.0398924513751736,-0.1044249007605787,-0.1044249007605787,-0.0521284706032842,-0.0311463124028094,0 days 00:01:43.833181
721,ExpGrad.01,1,0.60089,-0.012947738944065,-0.013826414531274,-0.0114936626474838,-0.013826414531274,-0.0125058039105073,0 days 00:03:09.432882
722,RedGrid25,1,0.707829,-0.0596360755003026,-0.1292438187686827,-0.1292438187686827,-0.054592848976282,-0.060299673658468,0 days 00:07:59.224393
723,RedGrid5,1,0.707829,-0.0596360755003026,-0.1292438187686827,-0.1292438187686827,-0.054592848976282,-0.060299673658468,0 days 00:07:58.972893
724,RedGrid75,1,0.685239,-0.0007609682122965,-0.039429928271925,-0.039429928271925,0.0,0.0,0 days 00:07:57.249857
725,ExpGrad.1,0,0.706436,-0.0820428826365937,-0.0994960749092069,-0.0994960749092069,-0.0732297725029242,-0.0715996675223783,0 days 00:03:26.205310
726,ExpGrad.01,0,0.685344,-0.0164492682922887,-0.0217777676631059,-0.0217777676631059,-0.0147672453142352,-0.0127026425461851,0 days 00:06:18.062253
727,RedGrid25,0,0.682732,-0.1125030630261026,-0.1475994610562561,-0.1475994610562561,-0.0954569917071376,-0.0911287129109194,0 days 00:11:47.458911
728,RedGrid5,0,0.682732,-0.1125030630261026,-0.1475994610562561,-0.1475994610562561,-0.0954569917071376,-0.0911287129109194,0 days 00:11:51.836017
729,RedGrid75,0,0.682732,-0.1125030630261026,-0.1475994610562561,-0.1475994610562561,-0.0954569917071376,-0.0911287129109194,0 days 00:11:50.656949
730,ExpGrad.1,0,0.706256,-0.0738751323597305,-0.0929131011429171,-0.0929131011429171,-0.0599187331024343,-0.0649309086231954,0 days 00:03:41.778160
731,ExpGrad.01,0,0.688735,-0.0137616237425501,-0.0194407932963162,-0.0194407932963162,-0.0116707652413379,-0.009945513724739,0 days 00:08:55.995539
732,RedGrid25,0,0.685492,-0.124154938374274,-0.1540713530661082,-0.1540713530661082,-0.1029358431921211,-0.1097054625492622,0 days 00:15:06.076329
733,RedGrid5,0,0.685492,-0.124154938374274,-0.1540713530661082,-0.1540713530661082,-0.1029358431921211,-0.1097054625492622,0 days 00:15:11.032588
734,RedGrid75,0,0.666956,-0.0512842066551311,-0.1088340034812989,-0.1088340034812989,0.0,-0.0292849731357245,0 days 00:15:11.084438
735,ExpGrad.1,1,0.710445,-0.0320703221970821,-0.11345725717179,-0.11345725717179,-0.0410510048115827,-0.0245901792842663,0 days 00:02:24.135541
736,ExpGrad.01,1,0.599592,-0.0002626334792911,-0.0135382041064528,-0.0135382041064528,0.0,0.0,0 days 00:02:41.317736
737,RedGrid25,1,0.707657,-0.0654679453687038,-0.1379700738861141,-0.1379700738861141,-0.0698895980859136,-0.0607878840754677,0 days 00:11:19.259501
738,RedGrid5,1,0.707657,-0.0654679453687038,-0.1379700738861141,-0.1379700738861141,-0.0698895980859136,-0.0607878840754677,0 days 00:11:15.007102
739,RedGrid75,1,0.707657,-0.0654679453687038,-0.1379700738861141,-0.1379700738861141,-0.0698895980859136,-0.0607878840754677,0 days 00:11:14.193501
740,ExpGrad.1,2,0.722527,-0.0761784105700484,-0.1003679755908714,-0.1003679755908714,-0.0585451259503069,-0.0662458999152547,0 days 00:02:23.110738
741,ExpGrad.01,2,0.624086,-0.0083700748964197,-0.0102908873514971,-0.0092379192325697,-0.0102908873514971,-0.0063199407957472,0 days 00:04:58.809820
742,RedGrid25,2,0.707355,-0.0755411552631644,-0.0805791844932358,-0.0805791844932358,-0.0673184680714427,-0.0764907629826984,0 days 00:13:18.239218
743,RedGrid5,2,0.683763,-0.0299032920694388,-0.0725443118007312,-0.0725443118007312,0.0,-0.0116113956839763,0 days 00:12:51.290992
744,RedGrid75,2,0.631786,-0.0197672781415462,-0.0305864482705087,-0.0071543460897954,-0.0305864482705087,-0.0238684926184926,0 days 00:12:22.100975
745,ExpGrad.1,1,0.711272,-0.0438013442292705,-0.1177425451482386,-0.1177425451482386,-0.0509239304532973,-0.0375733495183204,0 days 00:02:12.853313
746,ExpGrad.01,1,0.599044,-0.0023287123026121,-0.0183531113221211,-0.0183531113221211,-0.0056387301030987,0.0,0 days 00:03:56.315619
747,RedGrid25,1,0.699571,-0.0449067000495772,-0.1124230263413336,-0.1124230263413336,0.0,-0.0677126880895127,0 days 00:11:25.459411
748,RedGrid5,1,0.68367,-0.0008034666098185,-0.041292629403594,-0.041292629403594,0.0,0.0,0 days 00:11:27.854762
749,RedGrid75,1,0.68367,-0.0008034666098185,-0.041292629403594,-0.041292629403594,0.0,0.0,0 days 00:11:23.845781
750,ExpGrad.1,1,0.710928,-0.0409308213429723,-0.114400469328859,-0.114400469328859,-0.0485436101968485,-0.0344733153419739,0 days 00:03:41.280541
751,ExpGrad.01,1,0.587138,-0.002631222039703,-0.0166488080335367,-0.0166488080335367,-0.0066112024623593,0.0,0 days 00:03:18.533938
752,RedGrid25,1,0.699911,-0.0017482466218545,-0.0907024988946697,-0.0907024988946697,0.0,0.0,0 days 00:13:55.250716
753,RedGrid5,1,0.699911,-0.0017482466218545,-0.0907024988946697,-0.0907024988946697,0.0,0.0,0 days 00:13:54.796901
754,RedGrid75,1,0.699911,-0.0017482466218545,-0.0907024988946697,-0.0907024988946697,0.0,0.0,0 days 00:13:53.224116
755,ExpGrad.1,0,0.707091,-0.0741468885673412,-0.0926208627524112,-0.0926208627524112,-0.061385515605235,-0.0650191219941747,0 days 00:03:22.153633
756,ExpGrad.01,0,0.686811,-0.014884356270828,-0.0187751218721567,-0.0187751218721567,-0.0118599614404837,-0.0131489402754949,0 days 00:06:49.195894
757,RedGrid25,0,0.68663,-0.1257541640554909,-0.1536411611381183,-0.1536411611381183,-0.1077849961421795,-0.1112568292965355,0 days 00:12:58.687143
758,RedGrid5,0,0.68663,-0.1257541640554909,-0.1536411611381183,-0.1536411611381183,-0.1077849961421795,-0.1112568292965355,0 days 00:12:55.637303
759,RedGrid75,0,0.68663,-0.1257541640554909,-0.1536411611381183,-0.1536411611381183,-0.1077849961421795,-0.1112568292965355,0 days 00:12:57.162105
760,ExpGrad.1,2,0.699273,-0.0482685208645228,-0.0699620024055299,-0.0699620024055299,-0.0606760480474269,-0.0206876637758511,0 days 00:03:13.283168
761,ExpGrad.01,2,0.636884,-0.0086409649179813,-0.0147625647457123,-0.0103899328459011,-0.0147625647457123,-0.0030007472789345,0 days 00:05:01.818233
762,RedGrid25,2,0.712351,-0.0819840134443885,-0.0952229803039305,-0.0952229803039305,-0.093007506730481,-0.0628495083330935,0 days 00:13:46.220353
763,RedGrid5,2,0.652792,-0.0238807475033258,-0.0583003364496509,-0.024912587975917,-0.0583003364496509,0.0,0 days 00:13:26.665318
764,RedGrid75,2,0.652792,-0.0238807475033258,-0.0583003364496509,-0.024912587975917,-0.0583003364496509,0.0,0 days 00:13:43.225482
765,ExpGrad.1,0,0.706256,-0.0811118094591764,-0.0985389573524564,-0.0985389573524564,-0.0722848265013198,-0.0707156806575806,0 days 00:03:11.861833
766,ExpGrad.01,0,0.686088,-0.0121813071305517,-0.0172418309270223,-0.0172418309270223,-0.0094420466997656,-0.0092595987643954,0 days 00:06:32.245860
767,RedGrid25,0,0.690068,-0.0209070500576466,-0.0268897790140378,-0.0268897790140378,-0.005854471793279,-0.0239707991888523,0 days 00:13:02.336995
768,RedGrid5,0,0.690068,-0.0209070500576466,-0.0268897790140378,-0.0268897790140378,-0.005854471793279,-0.0239707991888523,0 days 00:13:10.750645
769,RedGrid75,0,0.690068,-0.0209070500576466,-0.0268897790140378,-0.0268897790140378,-0.005854471793279,-0.0239707991888523,0 days 00:13:21.980426
770,ExpGrad.1,0,0.707022,-0.0771246461912318,-0.0950346396615248,-0.0950346396615248,-0.065037203320499,-0.0680529974469488,0 days 00:03:32.085045
771,ExpGrad.01,0,0.689252,-0.0111258634146786,-0.0167085125812296,-0.0167085125812296,-0.0088158740293465,-0.0074907193419091,0 days 00:07:06.404866
772,RedGrid25,0,0.686288,-0.0761983157565471,-0.1084903936654294,-0.1084903936654294,0.0,-0.089977224323195,0 days 00:11:32.445894
773,RedGrid5,0,0.686288,-0.0761983157565471,-0.1084903936654294,-0.1084903936654294,0.0,-0.089977224323195,0 days 00:11:33.560610
774,RedGrid75,0,0.664971,-0.0537006502700849,-0.1097058399760693,-0.1097058399760693,0.0,-0.0341420281835272,0 days 00:11:33.582354
775,ExpGrad.1,0,0.706543,-0.0761859965880071,-0.0938407502642343,-0.0938407502642343,-0.0652266233136251,-0.0667296152484241,0 days 00:03:14.922596
776,ExpGrad.01,0,0.684063,-0.0090328370165279,-0.0144026469135833,-0.0144026469135833,-0.0041586280403407,-0.0070092490987228,0 days 00:07:16.036816
777,RedGrid25,0,0.691647,-0.0224539597215665,-0.0282786639426392,-0.0282786639426392,-0.0096066064730366,-0.0244424382525947,0 days 00:12:26.588870
778,RedGrid5,0,0.691647,-0.0224539597215665,-0.0282786639426392,-0.0282786639426392,-0.0096066064730366,-0.0244424382525947,0 days 00:12:25.969613
779,RedGrid75,0,0.691647,-0.0224539597215665,-0.0282786639426392,-0.0282786639426392,-0.0096066064730366,-0.0244424382525947,0 days 00:12:22.316140
780,ExpGrad.1,1,0.707338,-0.0253215541626971,-0.1118461388116573,-0.1118461388116573,-0.0181559674365455,-0.0266099407148469,0 days 00:03:17.995856
781,ExpGrad.01,1,0.596259,-0.0001703997902699,-0.0086984374536911,-0.0086984374536911,0.0,0.0,0 days 00:04:00.875286
782,RedGrid25,1,0.699651,-0.0093707498010449,-0.1070984235159734,-0.1070984235159734,0.0,-0.0115348639474874,0 days 00:11:57.755702
783,RedGrid5,1,0.699651,-0.0093707498010449,-0.1070984235159734,-0.1070984235159734,0.0,-0.0115348639474874,0 days 00:12:04.079495
784,RedGrid75,1,0.699651,-0.0093707498010449,-0.1070984235159734,-0.1070984235159734,0.0,-0.0115348639474874,0 days 00:12:08.448837
785,ExpGrad.1,2,0.710586,-0.0573376716030522,-0.0889680340253087,-0.0889680340253087,-0.0395778161403778,-0.0412969358481472,0 days 00:01:59.321181
786,ExpGrad.01,2,0.615376,-0.0068813299927958,-0.0144007802699525,-0.0144007802699525,0.0,-0.0048099115536981,0 days 00:03:33.333585
787,RedGrid25,2,0.722979,-0.0839426387285208,-0.1161256161879655,-0.1161256161879655,-0.0758253154143029,-0.0611022380370519,0 days 00:11:01.748811
788,RedGrid5,2,0.672339,-0.0170675965996961,-0.0493533437882204,-0.0493533437882204,0.0,0.0,0 days 00:10:59.858587
789,RedGrid75,2,0.672339,-0.0170675965996961,-0.0493533437882204,-0.0493533437882204,0.0,0.0,0 days 00:11:05.230141
790,ExpGrad.1,0,0.706603,-0.0786211371186632,-0.096369130228377,-0.096369130228377,-0.0674560161021157,-0.069197057218816,0 days 00:03:19.619841
791,ExpGrad.01,0,0.690896,-0.0149219840429711,-0.0204880703504423,-0.0204880703504423,-0.0143463526585938,-0.0103482502067969,0 days 00:07:00.759451
792,RedGrid25,0,0.69475,-0.0370372230978887,-0.0444561396780971,-0.0399438255984384,-0.0190032528187501,-0.0444561396780971,0 days 00:11:52.063645
793,RedGrid5,0,0.69475,-0.0370372230978887,-0.0444561396780971,-0.0399438255984384,-0.0190032528187501,-0.0444561396780971,0 days 00:11:59.020783
794,RedGrid75,0,0.69475,-0.0370372230978887,-0.0444561396780971,-0.0399438255984384,-0.0190032528187501,-0.0444561396780971,0 days 00:12:05.015788
795,ExpGrad.1,1,0.710948,-0.0399471374749532,-0.1161550607138445,-0.1161550607138445,-0.0537956763205618,-0.0299576135491657,0 days 00:03:26.214808
796,ExpGrad.01,1,0.59261,-0.0003454616158438,-0.0177540551437082,-0.0177540551437082,0.0,0.0,0 days 00:03:28.086025
797,RedGrid25,1,0.706085,-0.070643121180324,-0.1375071006317577,-0.1375071006317577,-0.0637768643890588,-0.0723732897188175,0 days 00:13:20.302268
798,RedGrid5,1,0.695254,-0.0047997327588548,-0.0932105056490065,-0.0932105056490065,0.0,-0.0047258903590738,0 days 00:13:20.912104
799,RedGrid75,1,0.695254,-0.0047997327588548,-0.0932105056490065,-0.0932105056490065,0.0,-0.0047258903590738,0 days 00:12:59.051185
800,ExpGrad.1,2,0.711053,-0.0587161107206535,-0.0893727386317558,-0.0893727386317558,-0.0574678336183208,-0.0320055711175672,0 days 00:03:04.762354
801,ExpGrad.01,2,0.618374,-0.0039842713957613,-0.0113762594889711,-0.0113762594889711,0.0,0.0,0 days 00:05:20.737476
802,RedGrid25,2,0.730552,-0.1010143526681511,-0.1203544168027594,-0.1203544168027594,-0.1071231959011568,-0.0795648459346143,0 days 00:13:32.699911
803,RedGrid5,2,0.68547,-0.0308302564548788,-0.0681971057056483,-0.0681971057056483,0.0,-0.0178180065016027,0 days 00:13:40.760213
804,RedGrid75,2,0.68547,-0.0308302564548788,-0.0681971057056483,-0.0681971057056483,0.0,-0.0178180065016027,0 days 00:13:36.544676
805,ExpGrad.1,1,0.710353,-0.025804836470868,-0.1042921793641624,-0.1042921793641624,-0.0274315963532032,-0.0224647103498152,0 days 00:02:29.222979
806,ExpGrad.01,1,0.583251,-0.0010330381872856,-0.0022758229947898,-0.0022758229947898,0.0,-0.0015670613978458,0 days 00:03:55.804844
807,RedGrid25,1,0.69894,-0.0019810957214133,-0.1010970705915937,-0.1010970705915937,0.0,0.0,0 days 00:11:13.320414
808,RedGrid5,1,0.69894,-0.0019810957214133,-0.1010970705915937,-0.1010970705915937,0.0,0.0,0 days 00:11:13.281780
809,RedGrid75,1,0.69894,-0.0019810957214133,-0.1010970705915937,-0.1010970705915937,0.0,0.0,0 days 00:11:12.845643
810,ExpGrad.1,1,0.710723,-0.0244205802729961,-0.1068137577453146,-0.1068137577453146,-0.029527367119012,-0.0190782907264176,0 days 00:03:41.435121
811,ExpGrad.01,1,0.610009,-0.0112282699525457,-0.0321262074417126,-0.0321262074417126,-0.014815686037695,-0.0086079061322941,0 days 00:05:29.259693
812,RedGrid25,1,0.693483,-0.0013213992074582,-0.0682928978617222,-0.0682928978617222,0.0,0.0,0 days 00:11:33.720395
813,RedGrid5,1,0.693483,-0.0013213992074582,-0.0682928978617222,-0.0682928978617222,0.0,0.0,0 days 00:11:54.386662
814,RedGrid75,1,0.693483,-0.0013213992074582,-0.0682928978617222,-0.0682928978617222,0.0,0.0,0 days 00:11:46.039428
815,ExpGrad.1,2,0.718137,-0.0691106354277289,-0.1012990766975223,-0.1012990766975223,-0.0804350851434941,-0.0333843087439472,0 days 00:04:06.921267
816,ExpGrad.01,2,0.619304,-0.0069780401575514,-0.0128640146101187,-0.0128640146101187,-0.0083482599542611,-0.0009084468389449,0 days 00:04:03.606654
817,RedGrid25,2,0.70685,-0.0596936276587911,-0.1064809187735416,-0.1064809187735416,-0.0675115317801614,-0.0134796741339248,0 days 00:14:09.125790
818,RedGrid5,2,0.70685,-0.0596936276587911,-0.1064809187735416,-0.1064809187735416,-0.0675115317801614,-0.0134796741339248,0 days 00:14:08.729871
819,RedGrid75,2,0.700739,-0.0551886411373826,-0.0946851111490557,-0.0805893414958238,-0.0946851111490557,-0.0067852964951523,0 days 00:14:09.845703
820,ExpGrad.1,1,0.7107,-0.0287082585908951,-0.1053819598412387,-0.1053819598412387,-0.03069448141966,-0.0252219575195276,0 days 00:04:51.988971
821,ExpGrad.01,1,0.590338,-0.0071092117078376,-0.0102192153147636,-0.0102192153147636,-0.0072852807384015,-0.006914932987371,0 days 00:04:59.649075
822,RedGrid25,1,0.704774,-0.0678779856337712,-0.1371432022159001,-0.1371432022159001,-0.0704636291841986,-0.0642904798361135,0 days 00:13:48.396514
823,RedGrid5,1,0.704774,-0.0678779856337712,-0.1371432022159001,-0.1371432022159001,-0.0704636291841986,-0.0642904798361135,0 days 00:14:00.653379
824,RedGrid75,1,0.704774,-0.0678779856337712,-0.1371432022159001,-0.1371432022159001,-0.0704636291841986,-0.0642904798361135,0 days 00:12:24.399782
825,ExpGrad.1,0,0.707162,-0.0818995728148263,-0.099214401068621,-0.099214401068621,-0.0751042296756734,-0.0704670675063611,0 days 00:03:21.432062
826,ExpGrad.01,0,0.686346,-0.0118780834198814,-0.0173180944920074,-0.0173180944920074,-0.0123950180942042,-0.0068142124751685,0 days 00:07:21.895017
827,RedGrid25,0,0.686083,-0.0805251164978036,-0.1152719913589479,-0.1152719913589479,-0.0028584756384615,-0.0931234548188031,0 days 00:15:04.911083
828,RedGrid5,0,0.686083,-0.0805251164978036,-0.1152719913589479,-0.1152719913589479,-0.0028584756384615,-0.0931234548188031,0 days 00:15:14.734014
829,RedGrid75,0,0.664786,0.0,0.0,0.0,0.0,0.0,0 days 00:15:25.121329
830,ExpGrad.1,2,0.716326,-0.0605840950981874,-0.0989403297535505,-0.0989403297535505,-0.0334217072078253,-0.0446268633453768,0 days 00:02:57.273434
831,ExpGrad.01,2,0.593283,-0.0039644619555328,-0.0069610731060844,-0.0069610731060844,-0.0059868200891883,0.0,0 days 00:03:34.916765
832,RedGrid25,2,0.697421,-0.0314113512588288,-0.0665249636830112,-0.0665249636830112,-0.0264958149482617,-0.0037202099530994,0 days 00:13:36.551948
833,RedGrid5,2,0.697421,-0.0314113512588288,-0.0665249636830112,-0.0665249636830112,-0.0264958149482617,-0.0037202099530994,0 days 00:13:49.804007
834,RedGrid75,2,0.697421,-0.0314113512588288,-0.0665249636830112,-0.0665249636830112,-0.0264958149482617,-0.0037202099530994,0 days 00:13:46.786828
835,ExpGrad.1,1,0.711782,-0.0499690008608169,-0.1289446681381658,-0.1289446681381658,-0.0546451694760086,-0.0449084691240985,0 days 00:02:30.827419
836,ExpGrad.01,1,0.586568,-0.0004452408367989,-0.0034985140036361,-0.0034985140036361,0.0,-0.0005954015988798,0 days 00:03:54.103222
837,RedGrid25,1,0.704708,-0.074048426738874,-0.1450235852182146,-0.1450235852182146,-0.0750557906762814,-0.0712654571615802,0 days 00:13:41.713515
838,RedGrid5,1,0.704708,-0.074048426738874,-0.1450235852182146,-0.1450235852182146,-0.0750557906762814,-0.0712654571615802,0 days 00:13:41.831729
839,RedGrid75,1,0.704708,-0.074048426738874,-0.1450235852182146,-0.1450235852182146,-0.0750557906762814,-0.0712654571615802,0 days 00:13:38.008981
840,ExpGrad.1,0,0.706591,-0.084023082021408,-0.1020983526745361,-0.1020983526745361,-0.0737024007868869,-0.0738494584429683,0 days 00:03:20.124765
841,ExpGrad.01,0,0.683987,-0.0148713479951365,-0.0192871338749528,-0.0192871338749528,-0.0155430484160055,-0.0106191798942556,0 days 00:06:40.577057
842,RedGrid25,0,0.689615,-0.0199292750328692,-0.0258899060874985,-0.0258899060874985,-0.0070972559460832,-0.0217913195803631,0 days 00:14:59.094070
843,RedGrid5,0,0.689615,-0.0199292750328692,-0.0258899060874985,-0.0258899060874985,-0.0070972559460832,-0.0217913195803631,0 days 00:15:00.409740
844,RedGrid75,0,0.689615,-0.0199292750328692,-0.0258899060874985,-0.0258899060874985,-0.0070972559460832,-0.0217913195803631,0 days 00:15:15.165763
845,ExpGrad.1,2,0.714064,-0.059644448456236,-0.0935352800797036,-0.0935352800797036,-0.0624546784408128,-0.0276075731708147,0 days 00:02:19.473263
846,ExpGrad.01,2,0.621333,-0.0077430483146858,-0.0164257173289706,-0.0164257173289706,0.0,-0.0052164592394028,0 days 00:03:38.650304
847,RedGrid25,2,0.709462,-0.0533987099483469,-0.0942944744173217,-0.0942944744173217,-0.0467132984337029,-0.0215043067884113,0 days 00:11:21.380474
848,RedGrid5,2,0.709462,-0.0533987099483469,-0.0942944744173217,-0.0942944744173217,-0.0467132984337029,-0.0215043067884113,0 days 00:11:22.942284
849,RedGrid75,2,0.709462,-0.0533987099483469,-0.0942944744173217,-0.0942944744173217,-0.0467132984337029,-0.0215043067884113,0 days 00:11:18.706222
850,ExpGrad.1,1,0.709356,-0.0220963572266767,-0.1024332657515225,-0.1024332657515225,-0.025878061003889,-0.0175291332929476,0 days 00:02:36.890178
851,ExpGrad.01,1,0.587354,-0.0006395503963282,-0.0037932568731675,-0.0037932568731675,0.0,-0.0008970306453181,0 days 00:02:17.163919
852,RedGrid25,1,0.694925,-0.0015313786487673,-0.0789118618352672,-0.0789118618352672,0.0,0.0,0 days 00:10:52.695254
853,RedGrid5,1,0.694925,-0.0015313786487673,-0.0789118618352672,-0.0789118618352672,0.0,0.0,0 days 00:10:50.026846
854,RedGrid75,1,0.694925,-0.0015313786487673,-0.0789118618352672,-0.0789118618352672,0.0,0.0,0 days 00:10:49.980589
855,ExpGrad.1,2,0.701383,-0.0442983294463579,-0.085895865910512,-0.085895865910512,-0.0372247427252505,-0.0119753033528628,0 days 00:04:49.171331
856,ExpGrad.01,2,0.607405,-0.0066807436318257,-0.0124626580357307,-0.0124626580357307,-0.0090103408515853,0.0,0 days 00:03:08.945476
857,RedGrid25,2,0.705295,-0.0716544029346162,-0.1314887470497754,-0.0939772962461753,-0.1314887470497754,-0.0122836618434853,0 days 00:13:37.716680
858,RedGrid5,2,0.660424,-0.038729081642686,-0.0741092726089043,-0.0741092726089043,0.0,-0.0328424681284576,0 days 00:13:37.320780
859,RedGrid75,2,0.633016,-0.0179631829054632,-0.0359668896031262,-0.0359668896031262,-0.0209180723582134,0.0,0 days 00:13:38.001954
860,ExpGrad.1,1,0.712015,-0.0375403164693932,-0.1145576530853055,-0.1145576530853055,-0.033142842838277,-0.0375764466053516,0 days 00:03:06.420953
861,ExpGrad.01,1,0.56429,-0.0002635776174522,-0.0047299257992822,-0.0047299257992822,0.0,-0.0002704063520008,0 days 00:02:33.260976
862,RedGrid25,1,0.705011,-0.0746245074878551,-0.1419217496102635,-0.1419217496102635,-0.0810287346271513,-0.068990979502971,0 days 00:12:40.071769
863,RedGrid5,1,0.705011,-0.0746245074878551,-0.1419217496102635,-0.1419217496102635,-0.0810287346271513,-0.068990979502971,0 days 00:12:39.949474
864,RedGrid75,1,0.705011,-0.0746245074878551,-0.1419217496102635,-0.1419217496102635,-0.0810287346271513,-0.068990979502971,0 days 00:12:33.890843
865,ExpGrad.1,1,0.709662,-0.0327869339945371,-0.1003022980474301,-0.1003022980474301,-0.0425469838384073,-0.0252723073750872,0 days 00:03:01.915017
866,ExpGrad.01,1,0.598594,-0.000682028583774,-0.005267758159398,-0.005267758159398,-0.0016544131792411,0.0,0 days 00:04:35.491753
867,RedGrid25,1,0.705096,-0.0737873246577523,-0.1332682784459956,-0.1332682784459956,-0.0823117186490612,-0.0672080964787588,0 days 00:10:50.862599
868,RedGrid5,1,0.702087,-0.0177794117728418,-0.103250277097303,-0.103250277097303,-0.0081962333274324,-0.0204331545703277,0 days 00:10:56.578940
869,RedGrid75,1,0.702087,-0.0177794117728418,-0.103250277097303,-0.103250277097303,-0.0081962333274324,-0.0204331545703277,0 days 00:11:03.716486
870,ExpGrad.1,1,0.711295,-0.0261867498852201,-0.1042547276480408,-0.1042547276480408,-0.0226240377888601,-0.0257199752983902,0 days 00:02:56.318861
871,ExpGrad.01,1,0.590821,-0.0086113794372641,-0.0112426604838072,-0.0057723798442263,-0.0040110210208153,-0.0112426604838072,0 days 00:03:26.548079
872,RedGrid25,1,0.700845,-0.0041581918007681,-0.0987666251138895,-0.0987666251138895,-0.0009654101499507,-0.0029708404919197,0 days 00:11:23.422195
873,RedGrid5,1,0.700845,-0.0041581918007681,-0.0987666251138895,-0.0987666251138895,-0.0009654101499507,-0.0029708404919197,0 days 00:11:21.390567
874,RedGrid75,1,0.700845,-0.0041581918007681,-0.0987666251138895,-0.0987666251138895,-0.0009654101499507,-0.0029708404919197,0 days 00:11:20.036297
875,ExpGrad.1,2,0.690881,-0.0637274327189861,-0.0792550312871822,-0.0792550312871822,-0.048773773904922,-0.0599106918856449,0 days 00:02:41.833142
876,ExpGrad.01,2,0.61952,-0.0073646373906113,-0.0129903046377992,-0.0129903046377992,0.0,-0.0072812767306775,0 days 00:03:09.043439
877,RedGrid25,2,0.716609,-0.099589774656126,-0.1126878269019906,-0.1126878269019906,-0.0867896990267489,-0.0964944768490733,0 days 00:11:58.808683
878,RedGrid5,2,0.641607,-0.0165450130823403,-0.02305617900424,-0.0216449422233714,0.0,-0.02305617900424,0 days 00:11:58.599531
879,RedGrid75,2,0.641607,-0.0165450130823403,-0.02305617900424,-0.0216449422233714,0.0,-0.02305617900424,0 days 00:12:09.269950
880,ExpGrad.1,0,0.706092,-0.0821311668310876,-0.099005912024397,-0.099005912024397,-0.0729223669917101,-0.0723812882209673,0 days 00:02:53.536334
881,ExpGrad.01,0,0.684657,-0.0103305691289118,-0.0137770816116895,-0.0137770816116895,-0.0120201350629094,-0.0063602774490745,0 days 00:05:56.011429
882,RedGrid25,0,0.694628,-0.0410800467863584,-0.0480366020856188,-0.0419493019660145,-0.0271488099810794,-0.0480366020856188,0 days 00:15:25.636237
883,RedGrid5,0,0.694628,-0.0410800467863584,-0.0480366020856188,-0.0419493019660145,-0.0271488099810794,-0.0480366020856188,0 days 00:15:25.425167
884,RedGrid75,0,0.694628,-0.0410800467863584,-0.0480366020856188,-0.0419493019660145,-0.0271488099810794,-0.0480366020856188,0 days 00:15:11.477280
885,ExpGrad.1,2,0.694291,-0.0417241617455035,-0.0761003196693534,-0.0761003196693534,-0.0239746490022122,-0.0229498071064873,0 days 00:03:38.503625
886,ExpGrad.01,2,0.626449,-0.0091543684278786,-0.0120212312377538,-0.0120212312377538,-0.0096278866482236,-0.0063009621706115,0 days 00:04:59.869236
887,RedGrid25,2,0.692198,-0.0490192602990098,-0.0982865667570573,-0.0661536782118314,-0.0982865667570573,-0.0013595939080926,0 days 00:11:35.519791
888,RedGrid5,2,0.645973,-0.0090132039746598,-0.0258823401859022,-0.0258823401859022,0.0,0.0,0 days 00:11:40.481764
889,RedGrid75,2,0.645973,-0.0090132039746598,-0.0258823401859022,-0.0258823401859022,0.0,0.0,0 days 00:11:27.019233
890,ExpGrad.1,0,0.706103,-0.0852075454743618,-0.1021691406258162,-0.1021691406258162,-0.0776682217140979,-0.0744531249245702,0 days 00:03:43.197720
891,ExpGrad.01,0,0.687007,-0.0167104586085288,-0.0223665039583657,-0.0223665039583657,-0.0121961223071602,-0.0142251837763505,0 days 00:08:37.765880
892,RedGrid25,0,0.682027,-0.1166167383789731,-0.1510255834394647,-0.1510255834394647,-0.0973809546575719,-0.0969691870719179,0 days 00:14:33.227832
893,RedGrid5,0,0.682027,-0.1166167383789731,-0.1510255834394647,-0.1510255834394647,-0.0973809546575719,-0.0969691870719179,0 days 00:14:33.718707
894,RedGrid75,0,0.682027,-0.1166167383789731,-0.1510255834394647,-0.1510255834394647,-0.0973809546575719,-0.0969691870719179,0 days 00:14:35.131132
895,ExpGrad.1,1,0.710001,-0.0283453998033967,-0.0898655804624051,-0.0898655804624051,-0.0268989539395626,-0.0272568415678544,0 days 00:03:22.212866
896,ExpGrad.01,1,0.608818,-0.0069349437123079,-0.0187337164080853,-0.0187337164080853,0.0,-0.0104043160430667,0 days 00:04:35.347928
897,RedGrid25,1,0.705584,-0.0681507486770563,-0.1277152386709847,-0.1277152386709847,-0.0736320654604385,-0.0632947598723313,0 days 00:11:43.363149
898,RedGrid5,1,0.705584,-0.0681507486770563,-0.1277152386709847,-0.1277152386709847,-0.0736320654604385,-0.0632947598723313,0 days 00:11:42.555491
899,RedGrid75,1,0.705584,-0.0681507486770563,-0.1277152386709847,-0.1277152386709847,-0.0736320654604385,-0.0632947598723313,0 days 00:11:41.595345
900,ExpGrad.1,2,0.709846,-0.0619429771455398,-0.091675606787784,-0.091675606787784,-0.0730611397672294,-0.0278947923984864,0 days 00:03:00.385104
901,ExpGrad.01,2,0.604179,-0.0073081834989622,-0.007740420028054,-0.00655417511468,-0.0076739390231805,-0.007740420028054,0 days 00:03:26.565864
902,RedGrid25,2,0.730392,-0.1008443199345566,-0.1241389691060232,-0.1241389691060232,-0.1088144628169143,-0.074661623888906,0 days 00:11:19.117138
903,RedGrid5,2,0.711567,-0.0653171520980627,-0.1045837237028136,-0.1045837237028136,-0.0905175912306966,-0.0133493913147292,0 days 00:11:19.090853
904,RedGrid75,2,0.668421,-0.0234947981339601,-0.0671644012332634,-0.0671644012332634,0.0,0.0,0 days 00:10:41.993177
905,ExpGrad.1,0,0.706081,-0.0826764297617752,-0.100081180264562,-0.100081180264562,-0.0723696510886507,-0.0730671517302956,0 days 00:03:06.702055
906,ExpGrad.01,0,0.686403,-0.0125310106392263,-0.0175458599426575,-0.0175458599426575,-0.0067243336732396,-0.0113303750713901,0 days 00:07:25.190931
907,RedGrid25,0,0.686035,-0.1254065681249612,-0.1537456429761777,-0.1537456429761777,-0.1023978097755697,-0.1132021890751173,0 days 00:12:32.581500
908,RedGrid5,0,0.686035,-0.1254065681249612,-0.1537456429761777,-0.1537456429761777,-0.1023978097755697,-0.1132021890751173,0 days 00:12:33.101011
909,RedGrid75,0,0.667545,-0.0526064630352394,-0.1096141799586424,-0.1096141799586424,0.0,-0.0315498188308219,0 days 00:12:26.398069
910,ExpGrad.1,0,0.706249,-0.0816785976263432,-0.0990119004245005,-0.0990119004245005,-0.0721336215278223,-0.0717614434062756,0 days 00:03:30.050108
911,ExpGrad.01,0,0.685116,-0.0118819854445905,-0.0170502173768886,-0.0170502173768886,-0.0107967016457405,-0.0079504376032549,0 days 00:07:04.207422
912,RedGrid25,0,0.682698,-0.1156998156870911,-0.1498853772090758,-0.1498853772090758,-0.0958338739655263,-0.0967168731604217,0 days 00:13:28.911250
913,RedGrid5,0,0.682698,-0.1156998156870911,-0.1498853772090758,-0.1498853772090758,-0.0958338739655263,-0.0967168731604217,0 days 00:13:25.294841
914,RedGrid75,0,0.682698,-0.1156998156870911,-0.1498853772090758,-0.1498853772090758,-0.0958338739655263,-0.0967168731604217,0 days 00:13:22.882117
915,ExpGrad.1,2,0.706959,-0.0592551896157474,-0.0920477073340585,-0.0920477073340585,-0.0475901737890251,-0.0379375191814806,0 days 00:02:08.163209
916,ExpGrad.01,2,0.613867,-0.0027695701099309,-0.0051827185437105,-0.0051827185437105,-0.0037212615460834,0.0,0 days 00:03:23.923389
917,RedGrid25,2,0.685434,-0.0401717100757301,-0.0683330001962069,-0.0683330001962069,-0.0631122218753456,0.0,0 days 00:10:45.355459
918,RedGrid5,2,0.685434,-0.0401717100757301,-0.0683330001962069,-0.0683330001962069,-0.0631122218753456,0.0,0 days 00:10:44.385507
919,RedGrid75,2,0.660292,-0.0238219008248655,-0.0424589934307584,-0.0367530863862759,-0.0424589934307584,0.0,0 days 00:10:49.075386
920,ExpGrad.1,2,0.721271,-0.0722828211409289,-0.1113699314861581,-0.1113699314861581,-0.0526612998086589,-0.0505301987507706,0 days 00:02:08.286190
921,ExpGrad.01,2,0.641133,-0.009255237982867,-0.0201985584960023,-0.0201985584960023,0.0,-0.0056421126819369,0 days 00:04:31.674700
922,RedGrid25,2,0.715582,-0.0612705856581797,-0.101732395120729,-0.101732395120729,-0.0533229549455927,-0.0306115624488806,0 days 00:10:30.742461
923,RedGrid5,2,0.690326,-0.0440410688204468,-0.0788091778571538,-0.0788091778571538,0.0,-0.0421993208793116,0 days 00:10:30.938671
924,RedGrid75,2,0.66538,-0.0243430592915833,-0.063954992854079,-0.063954992854079,0.0,-0.0052338925454527,0 days 00:10:30.317968
925,ExpGrad.1,2,0.70812,-0.0608272670996913,-0.0902831173087171,-0.0902831173087171,-0.0507493633568998,-0.0414632386948348,0 days 00:01:27.867039
926,ExpGrad.01,2,0.603599,-0.0031079049188912,-0.0089470030469577,-0.0089470030469577,0.0,0.0,0 days 00:01:57.320136
927,RedGrid25,2,0.718893,-0.0844628146807079,-0.0997869097731044,-0.0997869097731044,-0.0904645882782072,-0.0669878764372631,0 days 00:07:30.060909
928,RedGrid5,2,0.687051,-0.0297606317424164,-0.0714344055863964,-0.0714344055863964,0.0,-0.0125680653507075,0 days 00:07:29.599844
929,RedGrid75,2,0.67065,-0.0197963350273424,-0.056989475042054,-0.056989475042054,0.0,0.0,0 days 00:07:29.483992
930,ExpGrad.1,2,0.697498,-0.039315498079396,-0.0860512739193785,-0.0860512739193785,-0.0227792182218803,-0.0084287850789952,0 days 00:02:54.884816
931,ExpGrad.01,2,0.624079,-0.004534504856991,-0.0129607090183911,-0.0129607090183911,0.0,0.0,0 days 00:03:53.338080
932,RedGrid25,2,0.703688,-0.0705433708407718,-0.0797936569855399,-0.0797936569855399,-0.0671993998806629,-0.0644773184525343,0 days 00:13:33.924799
933,RedGrid5,2,0.69474,-0.0422677646104894,-0.0994772664704259,-0.0994772664704259,0.0,-0.0191258722512657,0 days 00:13:38.130060
934,RedGrid75,2,0.645084,-0.0107282995535598,-0.0306640687706953,-0.0306640687706953,0.0,0.0,0 days 00:12:45.429422
935,ExpGrad.1,0,0.706137,-0.0830296935425943,-0.1007011372007276,-0.1007011372007276,-0.0737777216145735,-0.0726528723540474,0 days 00:03:41.732714
936,ExpGrad.01,0,0.685759,-0.0133009476341273,-0.0187352422000974,-0.0187352422000974,-0.0108962477460883,-0.0098660120226772,0 days 00:06:54.627527
937,RedGrid25,0,0.694072,-0.0563496312512861,-0.0787642018561868,-0.0515815726598934,-0.0787642018561868,-0.0481210401892191,0 days 00:14:13.324889
938,RedGrid5,0,0.694072,-0.0563496312512861,-0.0787642018561868,-0.0515815726598934,-0.0787642018561868,-0.0481210401892191,0 days 00:14:11.850305
939,RedGrid75,0,0.694072,-0.0563496312512861,-0.0787642018561868,-0.0515815726598934,-0.0787642018561868,-0.0481210401892191,0 days 00:14:12.506835
940,ExpGrad.1,2,0.722704,-0.071624039748735,-0.102330652547988,-0.102330652547988,-0.0476843279987507,-0.0606245151111233,0 days 00:02:49.646559
941,ExpGrad.01,2,0.637775,-0.0070957335237475,-0.0099404298156899,-0.0081573690271318,-0.0015055705361218,-0.0099404298156899,0 days 00:03:56.992237
942,RedGrid25,2,0.713966,-0.0630780832669753,-0.0986176543900058,-0.0986176543900058,-0.0662350272753596,-0.0294469156257802,0 days 00:11:16.003390
943,RedGrid5,2,0.688161,-0.033336382378875,-0.0559547993653991,-0.0559547993653991,-0.0429010757955273,-0.0068161908797192,0 days 00:11:18.571394
944,RedGrid75,2,0.675784,-0.0329189215942841,-0.0453577320199277,-0.0440375151271524,0.0,-0.0453577320199277,0 days 00:11:14.060226
945,ExpGrad.1,2,0.678825,-0.0414303964710973,-0.0568048376761191,-0.0568048376761191,-0.052567970699053,-0.0202171926525505,0 days 00:02:43.530765
946,ExpGrad.01,2,0.62962,-0.0049447454574956,-0.0093095112885631,-0.0037747993223201,0.0,-0.0093095112885631,0 days 00:06:24.897371
947,RedGrid25,2,0.701783,-0.0572936763952191,-0.0904158909833798,-0.0751436489416615,-0.0904158909833798,-0.0191101306222692,0 days 00:12:04.165438
948,RedGrid5,2,0.585109,0.0,0.0,0.0,0.0,0.0,0 days 00:12:02.837243
949,RedGrid75,2,0.585109,0.0,0.0,0.0,0.0,0.0,0 days 00:11:57.084271
950,ExpGrad.1,1,0.709724,-0.0236799480405633,-0.1084815848663397,-0.1084815848663397,-0.0183521125808571,-0.0240016610022738,0 days 00:02:55.856473
951,ExpGrad.01,1,0.604716,-0.001270432801601,-0.0109581280892924,-0.0109581280892924,0.0,-0.0016742124304131,0 days 00:03:51.005084
952,RedGrid25,1,0.706743,-0.0646724402598075,-0.1393193340107199,-0.1393193340107199,-0.0737847383704172,-0.0573009176044532,0 days 00:13:15.774276
953,RedGrid5,1,0.699196,-0.0019789148546033,-0.1010575439175908,-0.1010575439175908,0.0,0.0,0 days 00:13:12.144589
954,RedGrid75,1,0.699196,-0.0019789148546033,-0.1010575439175908,-0.1010575439175908,0.0,0.0,0 days 00:13:35.332229
955,ExpGrad.1,1,0.709232,-0.032061206692797,-0.1163134953794743,-0.1163134953794743,-0.034157958280938,-0.0283106127606769,0 days 00:02:36.358708
956,ExpGrad.01,1,0.580467,-0.0001518556833,-0.0078292829206948,-0.0078292829206948,0.0,0.0,0 days 00:02:50.898423
957,RedGrid25,1,0.699386,-0.0454188098970587,-0.1174800226806899,-0.1174800226806899,0.0,-0.0683576987301589,0 days 00:12:15.865246
958,RedGrid5,1,0.682982,-0.000799901093665,-0.0412408138752504,-0.0412408138752504,0.0,0.0,0 days 00:12:42.330485
959,RedGrid75,1,0.682982,-0.000799901093665,-0.0412408138752504,-0.0412408138752504,0.0,0.0,0 days 00:12:41.946625
960,ExpGrad.1,0,0.706763,-0.0814935403735371,-0.0997764934310913,-0.0997764934310913,-0.0727545832531034,-0.0702594217433325,0 days 00:03:41.138053
961,ExpGrad.01,0,0.686467,-0.0129435924483333,-0.0178006423265846,-0.0178006423265846,-0.012575365753068,-0.0088760509364271,0 days 00:07:09.452678
962,RedGrid25,0,0.686865,-0.1234109217240449,-0.1538923853710437,-0.1538923853710437,-0.1018202585594812,-0.1085742752626531,0 days 00:14:50.530712
963,RedGrid5,0,0.686865,-0.1234109217240449,-0.1538923853710437,-0.1538923853710437,-0.1018202585594812,-0.1085742752626531,0 days 00:14:47.751860
964,RedGrid75,0,0.686865,-0.1234109217240449,-0.1538923853710437,-0.1538923853710437,-0.1018202585594812,-0.1085742752626531,0 days 00:14:38.299644
965,ExpGrad.1,0,0.706237,-0.0843545783312679,-0.1015472165429963,-0.1015472165429963,-0.0758791948656975,-0.0739320854501069,0 days 00:03:27.860376
966,ExpGrad.01,0,0.687142,-0.0118596936451902,-0.0169166164811805,-0.0169166164811805,-0.0098974288279517,-0.0085001330794742,0 days 00:08:04.182898
967,RedGrid25,0,0.689505,-0.0197935854820717,-0.0259094814061416,-0.0259094814061416,-0.0075781649556625,-0.0211829968625035,0 days 00:13:40.147629
968,RedGrid5,0,0.689505,-0.0197935854820717,-0.0259094814061416,-0.0259094814061416,-0.0075781649556625,-0.0211829968625035,0 days 00:13:37.789307
969,RedGrid75,0,0.689505,-0.0197935854820717,-0.0259094814061416,-0.0259094814061416,-0.0075781649556625,-0.0211829968625035,0 days 00:13:34.758452
970,ExpGrad.1,1,0.703866,-0.0182523936444497,-0.1044184014480577,-0.1044184014480577,-0.0060784471563274,-0.0222795183086036,0 days 00:02:08.147302
971,ExpGrad.01,1,0.594754,0.0,0.0,0.0,0.0,0.0,0 days 00:05:59.749730
972,RedGrid25,1,0.697685,-0.0016476322725074,-0.0830412929022711,-0.0830412929022711,0.0,0.0,0 days 00:11:27.449747
973,RedGrid5,1,0.697685,-0.0016476322725074,-0.0830412929022711,-0.0830412929022711,0.0,0.0,0 days 00:11:24.957942
974,RedGrid75,1,0.697685,-0.0016476322725074,-0.0830412929022711,-0.0830412929022711,0.0,0.0,0 days 00:11:21.064357
975,ExpGrad.1,0,0.707137,-0.0819758019634037,-0.0996872979684774,-0.0996872979684774,-0.0732109500567217,-0.0712498171512638,0 days 00:03:13.202317
976,ExpGrad.01,0,0.689983,-0.0109937291110402,-0.0168743132811556,-0.0168743132811556,-0.0080079705209826,-0.0074744382287535,0 days 00:09:51.227148
977,RedGrid25,0,0.686042,-0.1224363914166066,-0.152772128195244,-0.152772128195244,-0.1014658181141237,-0.1073701848444599,0 days 00:12:22.011911
978,RedGrid5,0,0.686042,-0.1224363914166066,-0.152772128195244,-0.152772128195244,-0.1014658181141237,-0.1073701848444599,0 days 00:12:20.860299
979,RedGrid75,0,0.666933,-0.0488112279661538,-0.1061708502772421,-0.1061708502772421,0.0,-0.0254041601588282,0 days 00:12:13.791016
980,ExpGrad.1,2,0.666331,-0.051882252771035,-0.0790143354327626,-0.0790143354327626,-0.0506895504791323,-0.0285207487302868,0 days 00:02:25.617290
981,ExpGrad.01,2,0.609135,-0.0100165142166914,-0.0149339834835091,-0.0149339834835091,-0.0105244813134425,-0.0053069719314673,0 days 00:01:53.901018
982,RedGrid25,2,0.700584,-0.0561454353417495,-0.0836244797666689,-0.0836244797666689,-0.076958004138369,-0.0180267280124971,0 days 00:08:07.541780
983,RedGrid5,2,0.654181,-0.0294446909727692,-0.0562270294231979,-0.0427717822941267,-0.0562270294231979,0.0,0 days 00:08:07.036799
984,RedGrid75,2,0.654181,-0.0294446909727692,-0.0562270294231979,-0.0427717822941267,-0.0562270294231979,0.0,0 days 00:08:01.652324
985,ExpGrad.1,2,0.689795,-0.0442438395385908,-0.075335992886168,-0.075335992886168,-0.0496884369175325,-0.0127630315755215,0 days 00:03:22.330374
986,ExpGrad.01,2,0.621007,-0.0089397763390593,-0.0154214799247998,-0.0154214799247998,-0.0103436406761886,-0.0021960353788718,0 days 00:04:17.278552
987,RedGrid25,2,0.721267,-0.0861235491614595,-0.1004057529561528,-0.0969065684141753,-0.1004057529561528,-0.0668607086254342,0 days 00:13:06.472079
988,RedGrid5,2,0.659678,-0.0144995920458971,-0.0416206552986281,-0.0416206552986281,0.0,0.0,0 days 00:13:07.094292
989,RedGrid75,2,0.659678,-0.0144995920458971,-0.0416206552986281,-0.0416206552986281,0.0,0.0,0 days 00:13:12.078695
990,ExpGrad.1,0,0.707918,-0.078923174696164,-0.0966718112508528,-0.0966718112508528,-0.0690185328005913,-0.0688313638926593,0 days 00:03:09.271564
991,ExpGrad.01,0,0.689628,-0.0169294839931579,-0.0219126730563651,-0.0219126730563651,-0.0166396784226425,-0.0127187543850114,0 days 00:06:42.700206
992,RedGrid25,0,0.684063,-0.1160254296379079,-0.150817124687401,-0.150817124687401,-0.098739988720838,-0.095065272145172,0 days 00:13:12.726130
993,RedGrid5,0,0.684063,-0.1160254296379079,-0.150817124687401,-0.150817124687401,-0.098739988720838,-0.095065272145172,0 days 00:12:40.236582
994,RedGrid75,0,0.684063,-0.1160254296379079,-0.150817124687401,-0.150817124687401,-0.098739988720838,-0.095065272145172,0 days 00:12:58.121202
995,ExpGrad.1,2,0.719684,-0.0670527463070915,-0.097688716287266,-0.097688716287266,-0.0602778220339709,-0.0442938742853849,0 days 00:03:39.016262
996,ExpGrad.01,2,0.627413,-0.0107954233797485,-0.0172318863662183,-0.0108481839808161,-0.0172318863662183,-0.0064169096549258,0 days 00:05:07.087123
997,RedGrid25,2,0.719027,-0.0797635124640163,-0.0975456591802723,-0.0836423174514356,-0.0975456591802723,-0.0643381483381062,0 days 00:12:04.101809
998,RedGrid5,2,0.719027,-0.0797635124640163,-0.0975456591802723,-0.0836423174514356,-0.0975456591802723,-0.0643381483381062,0 days 00:12:07.518539
999,RedGrid75,2,0.67439,-0.0341198511778043,-0.0619322557457205,-0.0431339137844155,-0.0619322557457205,-0.0073654365007048,0 days 00:12:04.758735
1000,ExpGrad.1,0,0.706945,-0.0769478255489273,-0.0952642520562839,-0.0952642520562839,-0.0651358086444799,-0.0674645782454556,0 days 00:02:33.026982
1001,ExpGrad.01,0,0.688658,-0.01095872122633,-0.0171974302137413,-0.0171974302137413,-0.0099905350013256,-0.0060366281715782,0 days 00:05:48.233188
1002,RedGrid25,0,0.690906,-0.0215528415136402,-0.0271949364825559,-0.0271949364825559,-0.0093173751119844,-0.0233930320185925,0 days 00:09:50.627552
1003,RedGrid5,0,0.690906,-0.0215528415136402,-0.0271949364825559,-0.0271949364825559,-0.0093173751119844,-0.0233930320185925,0 days 00:09:55.761202
1004,RedGrid75,0,0.690906,-0.0215528415136402,-0.0271949364825559,-0.0271949364825559,-0.0093173751119844,-0.0233930320185925,0 days 00:09:55.109322
1005,ExpGrad.1,1,0.710896,-0.0328548380814727,-0.111207465803411,-0.111207465803411,-0.0375966395634351,-0.0278149345383188,0 days 00:03:38.984478
1006,ExpGrad.01,1,0.592727,-3.465105819811531e-05,-0.0017700038391287,-0.0017700038391287,0.0,0.0,0 days 00:03:41.746898
1007,RedGrid25,1,0.701637,-0.0180081759629192,-0.1074226061184465,-0.1074226061184465,-0.0020192362707556,-0.0240502586986905,0 days 00:11:31.212922
1008,RedGrid5,1,0.701637,-0.0180081759629192,-0.1074226061184465,-0.1074226061184465,-0.0020192362707556,-0.0240502586986905,0 days 00:11:32.374456
1009,RedGrid75,1,0.701637,-0.0180081759629192,-0.1074226061184465,-0.1074226061184465,-0.0020192362707556,-0.0240502586986905,0 days 00:11:26.596748
1010,ExpGrad.1,2,0.725707,-0.0804875361438592,-0.1092919451311081,-0.1092919451311081,-0.0926153478317948,-0.0468015445169679,0 days 00:02:19.928063
1011,ExpGrad.01,2,0.621075,-0.004752585732869,-0.0082825105384869,-0.0063106665269108,-0.0082825105384869,-0.0010150229562377,0 days 00:02:52.691243
1012,RedGrid25,2,0.730346,-0.0987158755058611,-0.1195521583854646,-0.1195521583854646,-0.1089924628904,-0.0733462125192216,0 days 00:11:18.514744
1013,RedGrid5,2,0.695786,-0.0401105154258389,-0.0699589385814827,-0.0699589385814827,-0.0405640850453787,-0.0132772966924892,0 days 00:11:22.766759
1014,RedGrid75,2,0.670062,-0.0309890089298892,-0.0568585126881022,-0.0464552862836835,-0.0568585126881022,0.0,0 days 00:11:25.137995
1015,ExpGrad.1,1,0.71225,-0.0521519405515522,-0.1286900104607454,-0.1286900104607454,-0.0618784888179113,-0.0444501601456992,0 days 00:02:30.891807
1016,ExpGrad.01,1,0.597693,-0.0012824744738467,-0.0208849847176766,-0.0208849847176766,0.0,-0.0013973200195111,0 days 00:04:08.433928
1017,RedGrid25,1,0.701844,-0.0149621838049051,-0.1169607425691042,-0.1169607425691042,-0.0095030125472314,-0.0148882424580683,0 days 00:12:15.428272
1018,RedGrid5,1,0.701844,-0.0149621838049051,-0.1169607425691042,-0.1169607425691042,-0.0095030125472314,-0.0148882424580683,0 days 00:12:13.109207
1019,RedGrid75,1,0.701844,-0.0149621838049051,-0.1169607425691042,-0.1169607425691042,-0.0095030125472314,-0.0148882424580683,0 days 00:12:14.243646
1020,ExpGrad.1,0,0.706533,-0.0802801927841599,-0.0966578800922477,-0.0966578800922477,-0.0720166157389274,-0.0704637281332237,0 days 00:02:23.297884
1021,ExpGrad.01,0,0.682094,-0.007716918221979,-0.0096237585851267,-0.0096237585851267,-0.0063612969510724,-0.0067915818847756,0 days 00:04:33.263390
1022,RedGrid25,0,0.690952,-0.0235717460978249,-0.0280120127010448,-0.0280120127010448,-0.0142241455448,-0.0248402775323611,0 days 00:09:12.537058
1023,RedGrid5,0,0.690952,-0.0235717460978249,-0.0280120127010448,-0.0280120127010448,-0.0142241455448,-0.0248402775323611,0 days 00:09:11.973872
1024,RedGrid75,0,0.690952,-0.0235717460978249,-0.0280120127010448,-0.0280120127010448,-0.0142241455448,-0.0248402775323611,0 days 00:09:11.078028
1025,ExpGrad.1,0,0.706934,-0.0841660712339905,-0.1014733001460856,-0.1014733001460856,-0.0759311959478219,-0.0735484036969529,0 days 00:03:34.081080
1026,ExpGrad.01,0,0.684205,-0.0149826922022214,-0.0203089850046553,-0.0203089850046553,-0.0101206369204235,-0.0130008657697554,0 days 00:06:34.614160
1027,RedGrid25,0,0.683114,-0.1142870419943043,-0.1496573263556824,-0.1496573263556824,-0.0948935089118888,-0.0940043433957885,0 days 00:14:40.275843
1028,RedGrid5,0,0.683114,-0.1142870419943043,-0.1496573263556824,-0.1496573263556824,-0.0948935089118888,-0.0940043433957885,0 days 00:14:36.726307
1029,RedGrid75,0,0.683114,-0.1142870419943043,-0.1496573263556824,-0.1496573263556824,-0.0948935089118888,-0.0940043433957885,0 days 00:14:38.866641
1030,ExpGrad.1,1,0.712144,-0.0454031393021663,-0.1159353934686131,-0.1159353934686131,-0.0514139120558042,-0.0398780614382463,0 days 00:02:33.567232
1031,ExpGrad.01,1,0.605504,-0.0190309105868813,-0.0225401680706898,-0.0182026891279594,-0.0127436551148549,-0.0225401680706898,0 days 00:04:23.967077
1032,RedGrid25,1,0.706879,-0.0615748687723677,-0.1311862568143685,-0.1311862568143685,-0.0633638602879167,-0.0584175449021253,0 days 00:12:47.003630
1033,RedGrid5,1,0.706879,-0.0615748687723677,-0.1311862568143685,-0.1311862568143685,-0.0633638602879167,-0.0584175449021253,0 days 00:12:42.548919
1034,RedGrid75,1,0.706879,-0.0615748687723677,-0.1311862568143685,-0.1311862568143685,-0.0633638602879167,-0.0584175449021253,0 days 00:12:46.128176
1035,ExpGrad.1,0,0.706709,-0.0739712653124496,-0.0930487632662481,-0.0930487632662481,-0.0595975895667253,-0.0651771099246097,0 days 00:03:23.933236
1036,ExpGrad.01,0,0.68641,-0.0128169091868839,-0.0183611413270274,-0.0183611413270274,-0.0123571105332852,-0.0082073620969286,0 days 00:08:04.825207
1037,RedGrid25,0,0.686146,-0.1227211173466551,-0.1529603007469487,-0.1529603007469487,-0.0997528820827968,-0.1088839372148665,0 days 00:15:41.125557
1038,RedGrid5,0,0.686146,-0.1227211173466551,-0.1529603007469487,-0.1529603007469487,-0.0997528820827968,-0.1088839372148665,0 days 00:15:56.785236
1039,RedGrid75,0,0.686146,-0.1227211173466551,-0.1529603007469487,-0.1529603007469487,-0.0997528820827968,-0.1088839372148665,0 days 00:15:55.741502
1040,ExpGrad.1,0,0.706454,-0.0791966121940956,-0.0966667442880891,-0.0966667442880891,-0.0702450355350905,-0.0687969593841888,0 days 00:02:57.209317
1041,ExpGrad.01,0,0.684289,-0.0089548962353131,-0.0130936779220571,-0.0130936779220571,-0.0069706207553998,-0.0064156345664443,0 days 00:06:10.003524
1042,RedGrid25,0,0.682725,-0.1130561632834792,-0.1475475217674087,-0.1475475217674087,-0.0926488391601441,-0.0940378189774489,0 days 00:12:12.768008
1043,RedGrid5,0,0.682725,-0.1130561632834792,-0.1475475217674087,-0.1475475217674087,-0.0926488391601441,-0.0940378189774489,0 days 00:12:12.112779
1044,RedGrid75,0,0.682725,-0.1130561632834792,-0.1475475217674087,-0.1475475217674087,-0.0926488391601441,-0.0940378189774489,0 days 00:12:15.155264
1045,ExpGrad.1,0,0.706627,-0.0776154243346636,-0.0949264852519082,-0.0949264852519082,-0.0670209511603807,-0.0682717827096739,0 days 00:03:43.477748
1046,ExpGrad.01,0,0.685648,-0.0125774421075648,-0.0176679898577043,-0.0176679898577043,-0.0093624403260157,-0.0098850466683042,0 days 00:07:05.490851
1047,RedGrid25,0,0.682612,-0.1154479993979535,-0.1491793882080511,-0.1491793882080511,-0.096408790671132,-0.0963513677423891,0 days 00:15:38.322212
1048,RedGrid5,0,0.682612,-0.1154479993979535,-0.1491793882080511,-0.1491793882080511,-0.096408790671132,-0.0963513677423891,0 days 00:15:29.386267
1049,RedGrid75,0,0.682612,-0.1154479993979535,-0.1491793882080511,-0.1491793882080511,-0.096408790671132,-0.0963513677423891,0 days 00:15:09.975452
1050,ExpGrad.1,0,0.706669,-0.0821908353723175,-0.1006762109976805,-0.1006762109976805,-0.0729159113728754,-0.0711036507020552,0 days 00:03:26.573696
1051,ExpGrad.01,0,0.686936,-0.0111051028694567,-0.0181666604913145,-0.0181666604913145,-0.0092900683107732,-0.0059140265430421,0 days 00:06:05.285386
1052,RedGrid25,0,0.682941,-0.1164975177907398,-0.1519686333444314,-0.1519686333444314,-0.098226379280674,-0.0954845900566608,0 days 00:12:00.910941
1053,RedGrid5,0,0.682941,-0.1164975177907398,-0.1519686333444314,-0.1519686333444314,-0.098226379280674,-0.0954845900566608,0 days 00:11:58.693874
1054,RedGrid75,0,0.682941,-0.1164975177907398,-0.1519686333444314,-0.1519686333444314,-0.098226379280674,-0.0954845900566608,0 days 00:11:56.455984
1055,ExpGrad.1,0,0.707369,-0.0822421967009288,-0.1004196869252713,-0.1004196869252713,-0.0718525641088955,-0.0720620977154237,0 days 00:03:19.308245
1056,ExpGrad.01,0,0.686911,-0.0106476502465246,-0.0170405451265959,-0.0170405451265959,-0.0074258624388306,-0.0068288164257774,0 days 00:07:16.433273
1057,RedGrid25,0,0.686795,-0.1246171389061162,-0.1558095863676657,-0.1558095863676657,-0.1001664272960008,-0.110803686496083,0 days 00:12:50.926998
1058,RedGrid5,0,0.686795,-0.1246171389061162,-0.1558095863676657,-0.1558095863676657,-0.1001664272960008,-0.110803686496083,0 days 00:12:44.542096
1059,RedGrid75,0,0.686795,-0.1246171389061162,-0.1558095863676657,-0.1558095863676657,-0.1001664272960008,-0.110803686496083,0 days 00:12:35.630795
1060,ExpGrad.1,2,0.692286,-0.0429465847203233,-0.0743155849073373,-0.0743155849073373,-0.0471292781295316,-0.0118179951739778,0 days 00:02:46.066219
1061,ExpGrad.01,2,0.617482,-0.0060654347478828,-0.0115052703932539,-0.0115052703932539,-0.0066691081319929,-0.0007486014043503,0 days 00:03:16.881656
1062,RedGrid25,2,0.719969,-0.0733209197102852,-0.1059451147509891,-0.1059451147509891,-0.0939376611763774,-0.0300754113883426,0 days 00:13:24.166663
1063,RedGrid5,2,0.656039,-0.0139496147533297,-0.0397155747684017,-0.0397155747684017,0.0,0.0,0 days 00:13:40.514595
1064,RedGrid75,2,0.656039,-0.0139496147533297,-0.0397155747684017,-0.0397155747684017,0.0,0.0,0 days 00:12:58.556140
1065,ExpGrad.1,1,0.708032,-0.0257855189055308,-0.1020563950749653,-0.1020563950749653,-0.0189708626021323,-0.0271778357866405,0 days 00:01:47.431998
1066,ExpGrad.01,1,0.609784,-0.0085283866668041,-0.0188776204061845,-0.0188776204061845,-0.0028852735492857,-0.0113251756227238,0 days 00:03:37.078452
1067,RedGrid25,1,0.70568,-0.056797093614287,-0.1300597331391841,-0.1300597331391841,-0.0619853334990788,-0.0516490766591222,0 days 00:08:52.112102
1068,RedGrid5,1,0.70568,-0.056797093614287,-0.1300597331391841,-0.1300597331391841,-0.0619853334990788,-0.0516490766591222,0 days 00:08:51.687858
1069,RedGrid75,1,0.70568,-0.056797093614287,-0.1300597331391841,-0.1300597331391841,-0.0619853334990788,-0.0516490766591222,0 days 00:08:43.388696
1070,ExpGrad.1,2,0.718656,-0.0679643951181818,-0.0992466402149608,-0.0992466402149608,-0.0747484645909871,-0.0354118457295119,0 days 00:02:23.817209
1071,ExpGrad.01,2,0.617775,-0.0029515338653234,-0.0078543375095904,-0.0025718429826187,-0.0078543375095904,0.0,0 days 00:04:20.111207
1072,RedGrid25,2,0.72415,-0.0858641561966183,-0.1161374155893403,-0.1161374155893403,-0.0831867073140124,-0.0605664046689161,0 days 00:11:36.347269
1073,RedGrid5,2,0.702466,-0.0580807662008341,-0.0842479553872601,-0.0842479553872601,-0.0813969889353797,-0.0190078811203274,0 days 00:11:40.510898
1074,RedGrid75,2,0.678606,-0.0382280025730389,-0.0630583559800397,-0.0504027996437064,-0.0630583559800397,-0.0106621230434955,0 days 00:11:35.608236
1075,ExpGrad.1,0,0.706743,-0.0801190024179226,-0.0983825645047847,-0.0983825645047847,-0.0685847632633609,-0.0704924596373001,0 days 00:03:17.367548
1076,ExpGrad.01,0,0.685116,-0.0121978481126192,-0.0172141759370113,-0.0172141759370113,-0.0098755500822562,-0.0090861141307916,0 days 00:05:15.161146
1077,RedGrid25,0,0.683818,-0.1153521333382325,-0.1505325264462746,-0.1505325264462746,-0.0956689619062101,-0.0954071977254357,0 days 00:11:46.168390
1078,RedGrid5,0,0.683818,-0.1153521333382325,-0.1505325264462746,-0.1505325264462746,-0.0956689619062101,-0.0954071977254357,0 days 00:11:45.265128
1079,RedGrid75,0,0.683818,-0.1153521333382325,-0.1505325264462746,-0.1505325264462746,-0.0956689619062101,-0.0954071977254357,0 days 00:11:44.464549
1080,ExpGrad.1,2,0.707348,-0.0439861446977308,-0.0867687196994,-0.0867687196994,-0.016026542781215,-0.0241936175420932,0 days 00:03:02.780258
1081,ExpGrad.01,2,0.624398,-0.0037291495186671,-0.0059467955391703,-0.0054301117501313,-0.0059467955391703,-0.0007179679586337,0 days 00:05:02.365115
1082,RedGrid25,2,0.697105,-0.0437028002883802,-0.0939713582913638,-0.0939713582913638,-0.0202526360777286,-0.0141657918261622,0 days 00:13:28.560982
1083,RedGrid5,2,0.637967,-0.0077329335401336,-0.0220774224696105,-0.0220774224696105,0.0,0.0,0 days 00:13:30.052304
1084,RedGrid75,2,0.637967,-0.0077329335401336,-0.0220774224696105,-0.0220774224696105,0.0,0.0,0 days 00:13:28.675217
1085,ExpGrad.1,0,0.706834,-0.079159177199754,-0.0964646657297926,-0.0964646657297926,-0.0685017936147946,-0.0698577750230423,0 days 00:02:58.897563
1086,ExpGrad.01,0,0.686404,-0.0130515041002496,-0.0172225937710741,-0.0172225937710741,-0.0125671639336987,-0.0096569197243333,0 days 00:06:00.968617
1087,RedGrid25,0,0.69161,-0.0249697999269407,-0.0303804713084857,-0.0303804713084857,-0.0118274417359806,-0.0274868957215268,0 days 00:12:41.099139
1088,RedGrid5,0,0.69161,-0.0249697999269407,-0.0303804713084857,-0.0303804713084857,-0.0118274417359806,-0.0274868957215268,0 days 00:12:48.739819
1089,RedGrid75,0,0.69161,-0.0249697999269407,-0.0303804713084857,-0.0303804713084857,-0.0118274417359806,-0.0274868957215268,0 days 00:13:29.458819
1090,ExpGrad.1,2,0.708883,-0.0504712110288706,-0.0872773898717084,-0.0872773898717084,-0.0236056007976618,-0.0357847474861252,0 days 00:03:45.622140
1091,ExpGrad.01,2,0.623171,-0.010829352093327,-0.0183133095710058,-0.0183133095710058,-0.0086730547768256,-0.0056249099536527,0 days 00:03:01.956786
1092,RedGrid25,2,0.694944,-0.0451376455760605,-0.0834666738744084,-0.0834666738744084,0.0,-0.0413560577481794,0 days 00:10:42.709934
1093,RedGrid5,2,0.684046,-0.0309921801930032,-0.0785033063580604,-0.0785033063580604,0.0,-0.0095605632907017,0 days 00:10:43.164329
1094,RedGrid75,2,0.659391,-0.0177881206129128,-0.0512318878748751,-0.0512318878748751,0.0,0.0,0 days 00:10:45.080108
1095,ExpGrad.1,0,0.707123,-0.0805996892939134,-0.0976297137903829,-0.0976297137903829,-0.0732014575215341,-0.0697413283288668,0 days 00:02:34.776232
1096,ExpGrad.01,0,0.688062,-0.0131034984779873,-0.0188699553208272,-0.0188699553208272,-0.0123356302077894,-0.0084659245303858,0 days 00:04:39.017872
1097,RedGrid25,0,0.685884,-0.0779545035744146,-0.1121021220508693,-0.1121021220508693,-0.0010290420502997,-0.0905252785186689,0 days 00:08:49.154215
1098,RedGrid5,0,0.685884,-0.0779545035744146,-0.1121021220508693,-0.1121021220508693,-0.0010290420502997,-0.0905252785186689,0 days 00:08:45.908663
1099,RedGrid75,0,0.663652,-0.0532269459264671,-0.1091440080135407,-0.1091440080135407,0.0,-0.0335786664781028,0 days 00:08:45.580738
1100,ExpGrad.1,1,0.709819,-0.021765882322912,-0.1014523937225447,-0.1014523937225447,-0.0245328807107019,-0.0177656064898674,0 days 00:02:53.477953
1101,ExpGrad.01,1,0.589696,-0.0001163901052974,-0.0059321106569582,-0.0059321106569582,0.0,0.0,0 days 00:03:32.567403
1102,RedGrid25,1,0.707925,-0.0661946652601019,-0.1383760352672006,-0.1383760352672006,-0.0722627000696392,-0.0606069078153878,0 days 00:13:04.177923
1103,RedGrid5,1,0.707925,-0.0661946652601019,-0.1383760352672006,-0.1383760352672006,-0.0722627000696392,-0.0606069078153878,0 days 00:12:57.800972
1104,RedGrid75,1,0.699307,-0.0018976539210347,-0.0967186430445702,-0.0967186430445702,0.0,0.0,0 days 00:13:49.071400
1105,ExpGrad.1,1,0.712028,-0.0482206221358901,-0.1311230461592799,-0.1311230461592799,-0.0559815770717679,-0.0413645647175083,0 days 00:03:06.842016
1106,ExpGrad.01,1,0.596695,-0.0001071721374035,-0.005474623355664,-0.005474623355664,0.0,0.0,0 days 00:02:42.812719
1107,RedGrid25,1,0.706508,-0.0586519538398805,-0.1447775927278158,-0.1447775927278158,-0.0636907256723343,-0.0531994930383827,0 days 00:11:34.406255
1108,RedGrid5,1,0.693572,-0.001818612909987,-0.0928993388872701,-0.0928993388872701,0.0,0.0,0 days 00:11:50.720435
1109,RedGrid75,1,0.693572,-0.001818612909987,-0.0928993388872701,-0.0928993388872701,0.0,0.0,0 days 00:11:54.158180
1110,ExpGrad.1,2,0.71059,-0.056718151310044,-0.0889455393577856,-0.0889455393577856,-0.0222529018693372,-0.050702941815031,0 days 00:02:06.344444
1111,ExpGrad.01,2,0.615202,-0.0092213971943955,-0.0132138776104762,-0.0132138776104762,0.0,-0.0117935686649899,0 days 00:04:24.292332
1112,RedGrid25,2,0.701242,-0.0467418894574697,-0.1040493758513376,-0.1040493758513376,0.0,-0.0263011142773156,0 days 00:10:45.583713
1113,RedGrid5,2,0.701242,-0.0467418894574697,-0.1040493758513376,-0.1040493758513376,0.0,-0.0263011142773156,0 days 00:10:39.301137
1114,RedGrid75,2,0.651433,-0.0109442529571696,-0.0311811901692292,-0.0311811901692292,0.0,0.0,0 days 00:10:37.697210
1115,ExpGrad.1,0,0.706232,-0.0835168322761434,-0.1023246526137141,-0.1023246526137141,-0.0728682106484227,-0.0728969853922697,0 days 00:03:14.518603
1116,ExpGrad.01,0,0.686702,-0.0164466452168477,-0.0230130377304413,-0.0230130377304413,-0.0138216235793037,-0.012133529954093,0 days 00:06:05.470061
1117,RedGrid25,0,0.686361,-0.0790135181570589,-0.1130257289081865,-0.1130257289081865,-0.001661854446969,-0.0919939185616365,0 days 00:11:57.536234
1118,RedGrid5,0,0.686361,-0.0790135181570589,-0.1130257289081865,-0.1130257289081865,-0.001661854446969,-0.0919939185616365,0 days 00:11:53.210380
1119,RedGrid75,0,0.663849,-0.0533456870402741,-0.1115670044634237,-0.1115670044634237,0.0,-0.0317629152033708,0 days 00:12:38.602450
1120,ExpGrad.1,2,0.714184,-0.0627488160586993,-0.094174793187845,-0.094174793187845,-0.0454965575460064,-0.0466025578186914,0 days 00:04:35.753279
1121,ExpGrad.01,2,0.621974,-0.0130294907623059,-0.01598996281631,-0.0135984998099331,-0.01598996281631,-0.0105544138163288,0 days 00:04:48.140525
1122,RedGrid25,2,0.721121,-0.0903092530751552,-0.1046160231192092,-0.0960059389065374,-0.1046160231192092,-0.0757551908615201,0 days 00:13:18.924737
1123,RedGrid5,2,0.694168,-0.0655515962328755,-0.0744817473871788,-0.0664446134920449,-0.0744817473871788,-0.0588101211948958,0 days 00:13:18.890376
1124,RedGrid75,2,0.694168,-0.0655515962328755,-0.0744817473871788,-0.0664446134920449,-0.0744817473871788,-0.0588101211948958,0 days 00:13:13.544641
1125,ExpGrad.1,1,0.708002,-0.030157728413351,-0.1007478022606438,-0.1007478022606438,-0.0207130861728053,-0.0332083883653759,0 days 00:02:09.680694
1126,ExpGrad.01,1,0.588736,-0.0039335425757041,-0.0098589753107681,-0.0098589753107681,0.0,-0.0059305244290426,0 days 00:02:22.988549
1127,RedGrid25,1,0.700878,-0.0037435336606076,-0.0890168943058516,-0.0890168943058516,0.0,-0.0031797000420434,0 days 00:09:05.739254
1128,RedGrid5,1,0.700878,-0.0037435336606076,-0.0890168943058516,-0.0890168943058516,0.0,-0.0031797000420434,0 days 00:08:54.436723
1129,RedGrid75,1,0.700878,-0.0037435336606076,-0.0890168943058516,-0.0890168943058516,0.0,-0.0031797000420434,0 days 00:09:12.008572
1130,ExpGrad.1,2,0.707731,-0.0552411217142239,-0.082248058221179,-0.082248058221179,-0.048561332712645,-0.0354160406440359,0 days 00:03:12.146369
1131,ExpGrad.01,2,0.63095,-0.0106196029024209,-0.0207710308653295,-0.014868090720368,-0.0207710308653295,0.0,0 days 00:06:22.255110
1132,RedGrid25,2,0.721321,-0.0893114318318068,-0.1037975314599255,-0.1007576002664989,-0.1037975314599255,-0.0693137149558555,0 days 00:13:39.116273
1133,RedGrid5,2,0.702974,-0.0607498078165721,-0.084132264718674,-0.0837653728719189,-0.084132264718674,-0.0243863414170855,0 days 00:13:38.739276
1134,RedGrid75,2,0.645255,-0.0277407366851234,-0.0688375260398902,-0.0279883201545901,-0.0688375260398902,0.0,0 days 00:13:29.691001
1135,ExpGrad.1,2,0.711313,-0.0538852941412512,-0.0908702051380849,-0.0908702051380849,-0.0286529860073956,-0.0377722887773732,0 days 00:02:33.400077
1136,ExpGrad.01,2,0.628957,-0.0052054990559302,-0.014285887994077,-0.014285887994077,0.0,-0.0005984875527714,0 days 00:04:33.440686
1137,RedGrid25,2,0.718472,-0.0716593586765284,-0.1194544533866837,-0.1194544533866837,-0.0744575449196592,-0.0275413041193761,0 days 00:10:43.925613
1138,RedGrid5,2,0.682817,-0.0275832423379471,-0.0721831298232966,-0.0721831298232966,0.0,-0.0062812606690977,0 days 00:10:35.753671
1139,RedGrid75,2,0.682817,-0.0275832423379471,-0.0721831298232966,-0.0721831298232966,0.0,-0.0062812606690977,0 days 00:10:44.693648
1140,ExpGrad.1,0,0.707339,-0.0808573029823001,-0.0991928770858162,-0.0991928770858162,-0.0718002080093441,-0.0698045733509413,0 days 00:03:12.888281
1141,ExpGrad.01,0,0.687692,-0.0133002396701994,-0.0199338472264076,-0.0199338472264076,-0.0087233809289991,-0.0100191341300037,0 days 00:08:07.421177
1142,RedGrid25,0,0.683185,-0.1143549010995884,-0.1496460609469707,-0.1496460609469707,-0.095399268329266,-0.0939220487963736,0 days 00:13:44.992891
1143,RedGrid5,0,0.683185,-0.1143549010995884,-0.1496460609469707,-0.1496460609469707,-0.095399268329266,-0.0939220487963736,0 days 00:13:51.291342
1144,RedGrid75,0,0.683185,-0.1143549010995884,-0.1496460609469707,-0.1496460609469707,-0.095399268329266,-0.0939220487963736,0 days 00:13:42.319730
1145,ExpGrad.1,0,0.706612,-0.081959123429392,-0.0996463391663471,-0.0996463391663471,-0.073303491533096,-0.0712172206091396,0 days 00:02:17.132907
1146,ExpGrad.01,0,0.688524,-0.0139413262224083,-0.0193887797423538,-0.0193887797423538,-0.0139592206054736,-0.0091429456202485,0 days 00:04:29.297404
1147,RedGrid25,0,0.68214,-0.1117032516417132,-0.1471120978029039,-0.1471120978029039,-0.0911798024629986,-0.0919725955672302,0 days 00:08:58.842595
1148,RedGrid5,0,0.68214,-0.1117032516417132,-0.1471120978029039,-0.1471120978029039,-0.0911798024629986,-0.0919725955672302,0 days 00:08:58.782565
1149,RedGrid75,0,0.68214,-0.1117032516417132,-0.1471120978029039,-0.1471120978029039,-0.0911798024629986,-0.0919725955672302,0 days 00:08:56.673225
1150,ExpGrad.1,1,0.711369,-0.0382549080533774,-0.1167220419373499,-0.1167220419373499,-0.0402865500389001,-0.0346940206758781,0 days 00:02:15.308516
1151,ExpGrad.01,1,0.589869,-0.0067857928078744,-0.0104904036912902,-0.0104904036912902,-0.0095872425234825,-0.0051244930030802,0 days 00:02:37.353929
1152,RedGrid25,1,0.707536,-0.0638276394120946,-0.1353737699985701,-0.1353737699985701,-0.0699191516735913,-0.0582412914979756,0 days 00:12:51.858372
1153,RedGrid5,1,0.698744,-0.0018245819267949,-0.0928980456017565,-0.0928980456017565,0.0,0.0,0 days 00:12:42.111301
1154,RedGrid75,1,0.698744,-0.0018245819267949,-0.0928980456017565,-0.0928980456017565,0.0,0.0,0 days 00:12:49.656347
1155,ExpGrad.1,0,0.706382,-0.0841887789675638,-0.1016354017123745,-0.1016354017123745,-0.0757028586697086,-0.073547428818318,0 days 00:03:38.233243
1156,ExpGrad.01,0,0.682441,-0.0130296996121066,-0.0175831217192778,-0.0175831217192778,-0.0110100309630669,-0.0101442797936901,0 days 00:06:27.160105
1157,RedGrid25,0,0.685271,-0.0826279609112208,-0.1168297236027431,-0.1168297236027431,-0.0052563952372982,-0.0954270864964441,0 days 00:13:58.719676
1158,RedGrid5,0,0.685271,-0.0826279609112208,-0.1168297236027431,-0.1168297236027431,-0.0052563952372982,-0.0954270864964441,0 days 00:13:59.308652
1159,RedGrid75,0,0.663054,-0.0529453471342407,-0.1114904921490591,-0.1114904921490591,0.0,-0.0307974534821423,0 days 00:13:55.909699
1160,ExpGrad.1,2,0.705452,-0.0517155927334398,-0.0822578623650151,-0.079322614671366,-0.0822578623650151,-0.0068147826820128,0 days 00:02:04.504519
1161,ExpGrad.01,2,0.603125,-0.0052068310888654,-0.0124717574208235,-0.0056177721405164,-0.0124717574208235,0.0,0 days 00:02:08.389711
1162,RedGrid25,2,0.708759,-0.0561941500061304,-0.0988439317109357,-0.0988439317109357,-0.0578643541131508,-0.0171586317857026,0 days 00:07:51.677647
1163,RedGrid5,2,0.708759,-0.0561941500061304,-0.0988439317109357,-0.0988439317109357,-0.0578643541131508,-0.0171586317857026,0 days 00:07:52.268189
1164,RedGrid75,2,0.674022,-0.032381783278808,-0.0595118545479012,-0.0484665859723234,-0.0595118545479012,0.0,0 days 00:07:52.386547
1165,ExpGrad.1,1,0.711596,-0.0340604443793796,-0.1050881402680553,-0.1050881402680553,-0.0282017933999858,-0.0351141112390039,0 days 00:03:05.252736
1166,ExpGrad.01,1,0.596422,-6.533392768855901e-05,-0.0033593333558933,-0.0033593333558933,0.0,0.0,0 days 00:04:20.925965
1167,RedGrid25,1,0.699318,-0.0426757643983136,-0.1109243635433522,-0.1109243635433522,0.0,-0.0641887127802099,0 days 00:15:06.337978
1168,RedGrid5,1,0.688609,-0.0028600134569946,-0.062492383402202,-0.062492383402202,-0.0047082027662298,0.0,0 days 00:15:03.801485
1169,RedGrid75,1,0.684062,-0.0007113112487459,-0.0365741306067652,-0.0365741306067652,0.0,0.0,0 days 00:14:57.380474
1170,ExpGrad.1,2,0.71023,-0.0561347946454088,-0.085412526006541,-0.085412526006541,-0.0322940391247714,-0.0460635508851421,0 days 00:03:40.246242
1171,ExpGrad.01,2,0.619356,-0.0081808821223383,-0.0104369183008159,-0.0104369183008159,-0.0063297028309808,-0.0074141967102149,0 days 00:03:45.400502
1172,RedGrid25,2,0.730209,-0.0976052897111873,-0.1182403329777458,-0.1182403329777458,-0.1069871943475159,-0.0731054756825546,0 days 00:11:09.449777
1173,RedGrid5,2,0.676149,-0.026578256434325,-0.0707793595731892,-0.0707793595731892,0.0,-0.0051169555786355,0 days 00:11:20.298733
1174,RedGrid75,2,0.606239,-0.0056266280054655,-0.0110232446386293,-0.0079316057658943,-0.0110232446386293,0.0,0 days 00:11:11.722619
1175,ExpGrad.1,0,0.706097,-0.0823753403569594,-0.1002990804251398,-0.1002990804251398,-0.0741536974068084,-0.0711939082245544,0 days 00:03:32.840955
1176,ExpGrad.01,0,0.685223,-0.0122099010233456,-0.017773758680428,-0.017773758680428,-0.0116555732229171,-0.007632615193482,0 days 00:06:16.140515
1177,RedGrid25,0,0.685762,-0.1235405410536043,-0.1543729117622039,-0.1543729117622039,-0.1022834716507417,-0.1082460228505368,0 days 00:12:34.784401
1178,RedGrid5,0,0.685762,-0.1235405410536043,-0.1543729117622039,-0.1543729117622039,-0.1022834716507417,-0.1082460228505368,0 days 00:12:31.772985
1179,RedGrid75,0,0.685762,-0.1235405410536043,-0.1543729117622039,-0.1543729117622039,-0.1022834716507417,-0.1082460228505368,0 days 00:12:27.811782
1180,ExpGrad.1,0,0.707766,-0.0769420165238321,-0.0948587174481608,-0.0948587174481608,-0.064842899490468,-0.0678537154125953,0 days 00:03:18.943434
1181,ExpGrad.01,0,0.690714,-0.0139643216307781,-0.0190743796001979,-0.0190743796001979,-0.0133364395821822,-0.0098057416173733,0 days 00:09:13.503776
1182,RedGrid25,0,0.68778,-0.0788086645792805,-0.1109540671915539,-0.1109540671915539,-0.0035190582055721,-0.0922362081674659,0 days 00:11:30.409708
1183,RedGrid5,0,0.68778,-0.0788086645792805,-0.1109540671915539,-0.1109540671915539,-0.0035190582055721,-0.0922362081674659,0 days 00:11:41.894320
1184,RedGrid75,0,0.665563,-0.052853666111909,-0.1097139722311519,-0.1097139722311519,0.0,-0.0320329573432603,0 days 00:11:56.820160
1185,ExpGrad.1,2,0.70386,-0.0462934413192406,-0.0763128769801441,-0.0763128769801441,-0.0481997593206162,-0.018359127777041,0 days 00:02:13.079628
1186,ExpGrad.01,2,0.605845,-0.0053451432569704,-0.0096786418674318,-0.0096786418674318,-0.0076069435551905,0.0,0 days 00:02:50.511757
1187,RedGrid25,2,0.680807,-0.0252032784130236,-0.066786513852069,-0.066786513852069,0.0,-0.0049061432252071,0 days 00:10:26.808568
1188,RedGrid5,2,0.669004,-0.0335096768173959,-0.0626104721901834,-0.0430145146897034,-0.0626104721901834,-0.0058356155461603,0 days 00:10:24.571267
1189,RedGrid75,2,0.669004,-0.0335096768173959,-0.0626104721901834,-0.0430145146897034,-0.0626104721901834,-0.0058356155461603,0 days 00:10:25.207524
1190,ExpGrad.1,0,0.706788,-0.082192202316363,-0.1006566925977171,-0.1006566925977171,-0.0722999794654347,-0.0714401503273975,0 days 00:03:37.851063
1191,ExpGrad.01,0,0.688157,-0.0159515790664927,-0.0233441274021021,-0.0233441274021021,-0.0113832143691493,-0.0119825947886423,0 days 00:06:02.772359
1192,RedGrid25,0,0.683097,-0.1145953795606087,-0.1497770201234205,-0.1497770201234205,-0.095569178894909,-0.0942070260628035,0 days 00:13:51.484032
1193,RedGrid5,0,0.683097,-0.1145953795606087,-0.1497770201234205,-0.1497770201234205,-0.095569178894909,-0.0942070260628035,0 days 00:14:04.032350
1194,RedGrid75,0,0.683097,-0.1145953795606087,-0.1497770201234205,-0.1497770201234205,-0.095569178894909,-0.0942070260628035,0 days 00:14:38.172920
1195,ExpGrad.1,2,0.700132,-0.0449454027320275,-0.0799585448295032,-0.0799585448295032,-0.0191716157482305,-0.0310011838445753,0 days 00:03:11.107562
1196,ExpGrad.01,2,0.631504,-0.0055279682240867,-0.008503639613848,-0.008503639613848,0.0,-0.0065572037566722,0 days 00:05:48.960454
1197,RedGrid25,2,0.723633,-0.084256012315245,-0.1076241424105242,-0.1076241424105242,-0.0743210931063076,-0.0701282801861219,0 days 00:13:58.937576
1198,RedGrid5,2,0.672142,-0.0328306256840867,-0.0561981220985966,-0.0463727272724722,-0.0561981220985966,-0.0053202139008453,0 days 00:13:58.356585
1199,RedGrid75,2,0.584795,-0.0114860439753183,-0.0441481858704107,0.0,-0.0441481858704107,0.0,0 days 00:13:58.858734
1200,ExpGrad.1,0,0.70743,-0.0801610472463126,-0.0969684761868922,-0.0969684761868922,-0.0718390131675442,-0.07001485455524,0 days 00:03:20.308228
1201,ExpGrad.01,0,0.687136,-0.0121705025488054,-0.0163862389984736,-0.0163862389984736,-0.0097638639713987,-0.0098026968907616,0 days 00:07:22.627307
1202,RedGrid25,0,0.68352,-0.1133048796147084,-0.1476884645290084,-0.1476884645290084,-0.0946362734500708,-0.0934604590704684,0 days 00:12:35.464756
1203,RedGrid5,0,0.68352,-0.1133048796147084,-0.1476884645290084,-0.1476884645290084,-0.0946362734500708,-0.0934604590704684,0 days 00:13:04.350981
1204,RedGrid75,0,0.68352,-0.1133048796147084,-0.1476884645290084,-0.1476884645290084,-0.0946362734500708,-0.0934604590704684,0 days 00:12:54.646869
1205,ExpGrad.1,0,0.705554,-0.0799434920467791,-0.0969523197621314,-0.0969523197621314,-0.0681456443877319,-0.0715410893829516,0 days 00:03:28.493868
1206,ExpGrad.01,0,0.686736,-0.0130869139407025,-0.0184164907953404,-0.0184164907953404,-0.0096856233965255,-0.010290281555615,0 days 00:05:52.570389
1207,RedGrid25,0,0.685222,-0.1263418901309226,-0.154869518491254,-0.154869518491254,-0.1050893595889189,-0.1130613084658048,0 days 00:12:29.782426
1208,RedGrid5,0,0.685222,-0.1263418901309226,-0.154869518491254,-0.154869518491254,-0.1050893595889189,-0.1130613084658048,0 days 00:12:28.845808
1209,RedGrid75,0,0.667222,-0.0528087442571035,-0.1095949110501735,-0.1095949110501735,0.0,-0.0321963754436993,0 days 00:12:26.605891
1210,ExpGrad.1,1,0.709906,-0.0280775685661981,-0.1086179903605554,-0.1086179903605554,-0.023586635184072,-0.0280873696770892,0 days 00:02:06.957370
1211,ExpGrad.01,1,0.599017,-0.006227331551694,-0.0115388055711624,-0.0115388055711624,-0.0064339390462552,-0.0059483801919058,0 days 00:03:23.704643
1212,RedGrid25,1,0.698034,-0.0451644862478373,-0.1206987767010596,-0.1206987767010596,0.0,-0.0679478305657305,0 days 00:10:43.102461
1213,RedGrid5,1,0.684127,-0.0008163030010479,-0.0419423161760601,-0.0419423161760601,0.0,0.0,0 days 00:10:41.820061
1214,RedGrid75,1,0.684127,-0.0008163030010479,-0.0419423161760601,-0.0419423161760601,0.0,0.0,0 days 00:10:58.100705
1215,ExpGrad.1,0,0.706207,-0.0822467333216026,-0.1004677573597434,-0.1004677573597434,-0.0717236625033012,-0.0720664230792916,0 days 00:03:51.328116
1216,ExpGrad.01,0,0.684276,-0.0132207286454072,-0.0185441023669657,-0.0185441023669657,-0.007902856327367,-0.0114893437408969,0 days 00:06:25.833361
1217,RedGrid25,0,0.683265,-0.1142825413506417,-0.1490622388105191,-0.1490622388105191,-0.0942342709701584,-0.094829742596585,0 days 00:15:29.393460
1218,RedGrid5,0,0.683265,-0.1142825413506417,-0.1490622388105191,-0.1490622388105191,-0.0942342709701584,-0.094829742596585,0 days 00:15:28.452624
1219,RedGrid75,0,0.683265,-0.1142825413506417,-0.1490622388105191,-0.1490622388105191,-0.0942342709701584,-0.094829742596585,0 days 00:15:30.803396
1220,ExpGrad.1,1,0.712581,-0.0568989134614239,-0.1234299804019609,-0.1234299804019609,-0.0645732385469759,-0.0506290883841837,0 days 00:03:37.004834
1221,ExpGrad.01,1,0.573363,-0.0001620773302007,-0.0084112231994366,-0.0084112231994366,0.0,0.0,0 days 00:03:39.719411
1222,RedGrid25,1,0.707938,-0.0647857650350495,-0.1286400292955495,-0.1286400292955495,-0.0664389910951518,-0.0619244864134803,0 days 00:13:19.024052
1223,RedGrid5,1,0.707938,-0.0647857650350495,-0.1286400292955495,-0.1286400292955495,-0.0664389910951518,-0.0619244864134803,0 days 00:13:03.926562
1224,RedGrid75,1,0.707938,-0.0647857650350495,-0.1286400292955495,-0.1286400292955495,-0.0664389910951518,-0.0619244864134803,0 days 00:12:47.211961
1225,ExpGrad.1,1,0.713307,-0.0532790205832374,-0.1316377974521776,-0.1316377974521776,-0.0554626488863451,-0.0496161557846912,0 days 00:02:35.434566
1226,ExpGrad.01,1,0.60686,-0.0065135576567592,-0.0136868763915125,-0.0136868763915125,-0.0094178768027495,-0.0046876178609215,0 days 00:05:50.979021
1227,RedGrid25,1,0.707645,-0.0663657677006222,-0.1482327319014172,-0.1482327319014172,-0.0733742893109261,-0.059933409543589,0 days 00:12:45.941447
1228,RedGrid5,1,0.707645,-0.0663657677006222,-0.1482327319014172,-0.1482327319014172,-0.0733742893109261,-0.059933409543589,0 days 00:12:41.353810
1229,RedGrid75,1,0.707645,-0.0663657677006222,-0.1482327319014172,-0.1482327319014172,-0.0733742893109261,-0.059933409543589,0 days 00:12:36.872510
1230,ExpGrad.1,0,0.707405,-0.0830802298557941,-0.1009483134064979,-0.1009483134064979,-0.0734917760138332,-0.0727497496210786,0 days 00:03:47.391586
1231,ExpGrad.01,0,0.689685,-0.0150656295405891,-0.0196387502220181,-0.0196387502220181,-0.0141981747390643,-0.0115426272655032,0 days 00:07:28.485821
1232,RedGrid25,0,0.695007,-0.0391741475793857,-0.0464278910912886,-0.0425486220516234,-0.0207495974742289,-0.0464278910912886,0 days 00:15:55.877869
1233,RedGrid5,0,0.695007,-0.0391741475793857,-0.0464278910912886,-0.0425486220516234,-0.0207495974742289,-0.0464278910912886,0 days 00:16:12.143708
1234,RedGrid75,0,0.695007,-0.0391741475793857,-0.0464278910912886,-0.0425486220516234,-0.0207495974742289,-0.0464278910912886,0 days 00:16:18.398297
1235,ExpGrad.1,1,0.703958,-0.0132790467123174,-0.088000498390801,-0.088000498390801,-0.0331192983598676,0.0,0 days 00:02:48.928697
1236,ExpGrad.01,1,0.593134,-0.0003160576708988,-0.0012861218331086,-0.0012861218331086,-0.0008323277957455,0.0,0 days 00:04:36.782664
1237,RedGrid25,1,0.704609,-0.0759444147098261,-0.1382028668174872,-0.1382028668174872,-0.0891734707693483,-0.0667139350736363,0 days 00:15:15.046989
1238,RedGrid5,1,0.701394,-0.0224334744638037,-0.1066356834013571,-0.1066356834013571,-0.0197887969421277,-0.0213542865180305,0 days 00:15:17.242668
1239,RedGrid75,1,0.68304,-0.000727912524485,-0.0381431786806213,-0.0381431786806213,0.0,0.0,0 days 00:15:07.248244
1240,ExpGrad.1,2,0.702213,-0.0472137379146288,-0.0795481997363294,-0.0795481997363294,-0.0300385658319448,-0.0297836617666893,0 days 00:02:07.143976
1241,ExpGrad.01,2,0.627898,-0.0033226038754535,-0.0067448203620841,-0.0044824543765651,-0.0067448203620841,0.0,0 days 00:03:40.072829
1242,RedGrid25,2,0.704088,-0.0565237085132952,-0.1062732462710978,-0.1062732462710978,-0.0177510637977241,-0.03795315696946,0 days 00:10:35.823893
1243,RedGrid5,2,0.704088,-0.0565237085132952,-0.1062732462710978,-0.1062732462710978,-0.0177510637977241,-0.03795315696946,0 days 00:10:36.258898
1244,RedGrid75,2,0.649767,-0.0118307914767902,-0.0339073349104971,-0.0339073349104971,0.0,0.0,0 days 00:10:33.782117
1245,ExpGrad.1,0,0.706716,-0.0825282511154169,-0.0998834131349253,-0.0998834131349253,-0.0730556892463704,-0.072528613312546,0 days 00:03:50.290543
1246,ExpGrad.01,0,0.684649,-0.0124059745210281,-0.0172343916389253,-0.0172343916389253,-0.0095961278265763,-0.0097205374474057,0 days 00:08:08.998230
1247,RedGrid25,0,0.694266,-0.0400480190180638,-0.0469391525156367,-0.042235798300615,-0.0241290659229508,-0.0469391525156367,0 days 00:16:10.946198
1248,RedGrid5,0,0.694266,-0.0400480190180638,-0.0469391525156367,-0.042235798300615,-0.0241290659229508,-0.0469391525156367,0 days 00:16:16.021011
1249,RedGrid75,0,0.694266,-0.0400480190180638,-0.0469391525156367,-0.042235798300615,-0.0241290659229508,-0.0469391525156367,0 days 00:16:43.802250
1250,ExpGrad.1,1,0.706732,-0.0055268225179267,-0.082274685458489,-0.082274685458489,-0.0068719922530952,-0.0023686643489027,0 days 00:02:29.419004
1251,ExpGrad.01,1,0.593235,-8.243927779950204e-05,-0.0041581720118147,-0.0041581720118147,0.0,0.0,0 days 00:03:22.279117
1252,RedGrid25,1,0.699339,-0.0052299432625773,-0.0913679000548062,-0.0913679000548062,0.0,-0.005420463478734,0 days 00:12:19.295335
1253,RedGrid5,1,0.699339,-0.0052299432625773,-0.0913679000548062,-0.0913679000548062,0.0,-0.005420463478734,0 days 00:12:14.816188
1254,RedGrid75,1,0.699339,-0.0052299432625773,-0.0913679000548062,-0.0913679000548062,0.0,-0.005420463478734,0 days 00:12:11.652071
1255,ExpGrad.1,1,0.71082,-0.0315991102395547,-0.1150604248119665,-0.1150604248119665,-0.0308506465505592,-0.0294135250427941,0 days 00:02:23.877720
1256,ExpGrad.01,1,0.609267,-0.0065032456617796,-0.0170200119287582,-0.0170200119287582,-0.0115350490192169,-0.0033906067470017,0 days 00:04:06.913095
1257,RedGrid25,1,0.699928,-0.0450808588863109,-0.1121623610796086,-0.1121623610796086,0.0,-0.0679429160462214,0 days 00:11:23.598000
1258,RedGrid5,1,0.689323,-0.0011896593006193,-0.0605186745285466,-0.0605186745285466,0.0,0.0,0 days 00:11:23.946350
1259,RedGrid75,1,0.668125,-5.881147942556947e-05,-0.0029917748552426,-0.0029917748552426,0.0,0.0,0 days 00:11:23.518827
1260,ExpGrad.1,2,0.703023,-0.0462208910664114,-0.072214876089249,-0.072214876089249,-0.041176686557053,-0.0265270466667771,0 days 00:01:48.016234
1261,ExpGrad.01,2,0.63307,-0.0036412322385183,-0.0104832529125076,-0.0104832529125076,0.0,0.0,0 days 00:02:42.021522
1262,RedGrid25,2,0.726597,-0.088393937226786,-0.1102761880157026,-0.1102761880157026,-0.0966945217764724,-0.0634498730073922,0 days 00:08:46.427887
1263,RedGrid5,2,0.6919,-0.0405327917513405,-0.0688870142175424,-0.0593459255183548,-0.0688870142175424,-0.0049407007538903,0 days 00:08:40.145310
1264,RedGrid75,2,0.666541,-0.0247934827687329,-0.0493321019422122,-0.0323461405545456,-0.0493321019422122,-0.0017335442770056,0 days 00:08:37.557779
1265,ExpGrad.1,1,0.710199,-0.0259214828365385,-0.1052449532809353,-0.1052449532809353,-0.025865057430044,-0.0234720240992003,0 days 00:02:53.347465
1266,ExpGrad.01,1,0.6002,-0.0034526341948129,-0.0065427326296891,-0.0065427326296891,0.0,-0.0052712559586261,0 days 00:03:43.388335
1267,RedGrid25,1,0.704734,-0.063077859856034,-0.1349872017038433,-0.1349872017038433,-0.0716648379166232,-0.0560655611070147,0 days 00:12:38.867875
1268,RedGrid5,1,0.69998,-0.0048991359540061,-0.1047572717137934,-0.1047572717137934,0.0,-0.0044938478921269,0 days 00:12:19.385582
1269,RedGrid75,1,0.69998,-0.0048991359540061,-0.1047572717137934,-0.1047572717137934,0.0,-0.0044938478921269,0 days 00:12:15.821646
1270,ExpGrad.1,2,0.708415,-0.0568488730766886,-0.0911422472921239,-0.0911422472921239,-0.0524081189669175,-0.0287089455197943,0 days 00:02:18.827016
1271,ExpGrad.01,2,0.62445,-0.008281398074991,-0.0125067914961797,-0.0125067914961797,-0.0051212173514265,-0.0065830529063192,0 days 00:04:06.329900
1272,RedGrid25,2,0.730695,-0.0997446758744793,-0.1271195301320901,-0.1271195301320901,-0.1031767544680739,-0.0725588650763,0 days 00:11:06.840147
1273,RedGrid5,2,0.701996,-0.0520935512398337,-0.0828864447177869,-0.0785077506410737,-0.0828864447177869,-0.0072585570943476,0 days 00:11:02.499881
1274,RedGrid75,2,0.641875,-0.0275462772371443,-0.0354713409985531,-0.0226139865080571,-0.0354713409985531,-0.0266610959656814,0 days 00:10:52.301339
1275,ExpGrad.1,2,0.680676,-0.0492216166051418,-0.0762766122495766,-0.0762766122495766,-0.0386958401409136,-0.0325346462036072,0 days 00:03:02.514986
1276,ExpGrad.01,2,0.619273,-0.0007230668002198,-0.002097178429559,-0.002097178429559,0.0,0.0,0 days 00:03:56.394255
1277,RedGrid25,2,0.716776,-0.0742911607364306,-0.0924661742775192,-0.0924661742775192,-0.0652677352307112,-0.0643704915539797,0 days 00:11:50.741832
1278,RedGrid5,2,0.701206,-0.0449370970046572,-0.0770905804939385,-0.0770905804939385,-0.070445279569714,0.0,0 days 00:10:40.459596
1279,RedGrid75,2,0.677824,-0.0311492356259047,-0.0537561193426789,-0.0497145307672582,-0.0537561193426789,0.0,0 days 00:10:33.961761
1280,ExpGrad.1,1,0.713759,-0.0546110985511806,-0.1253200922609774,-0.1253200922609774,-0.056193635170352,-0.0515385674874757,0 days 00:03:05.329137
1281,ExpGrad.01,1,0.603404,-0.0165562223937242,-0.0242224495762973,-0.0242224495762973,-0.014898979487932,-0.0172383899697072,0 days 00:04:29.390550
1282,RedGrid25,1,0.705765,-0.074064427388551,-0.1396544716931357,-0.1396544716931357,-0.0819150438350443,-0.0676709353566772,0 days 00:12:12.269352
1283,RedGrid5,1,0.702461,-0.0197028253106266,-0.1153108568044889,-0.1153108568044889,-0.0088107657385881,-0.0227831306555194,0 days 00:12:19.084407
1284,RedGrid75,1,0.702461,-0.0197028253106266,-0.1153108568044889,-0.1153108568044889,-0.0088107657385881,-0.0227831306555194,0 days 00:12:20.606639
1285,ExpGrad.1,2,0.70197,-0.0458452162821512,-0.0787923010995423,-0.0787923010995423,-0.0565299843005221,-0.0100161756655728,0 days 00:02:43.851684
1286,ExpGrad.01,2,0.622233,-0.0069575193391996,-0.0132906097822889,-0.0101007587769956,-0.0132906097822889,0.0,0 days 00:04:27.843373
1287,RedGrid25,2,0.71088,-0.0525039695598365,-0.0916792020460969,-0.0916792020460969,-0.0659837565783236,-0.0093856347597315,0 days 00:11:18.327974
1288,RedGrid5,2,0.687614,-0.0324262911808188,-0.0851791710832751,-0.0851791710832751,0.0,-0.0080523041290021,0 days 00:11:24.542712
1289,RedGrid75,2,0.687614,-0.0324262911808188,-0.0851791710832751,-0.0851791710832751,0.0,-0.0080523041290021,0 days 00:11:14.471744
1290,ExpGrad.1,0,0.706818,-0.0746687209878465,-0.0923889813666162,-0.0923889813666162,-0.0621833005719772,-0.0660445919728508,0 days 00:03:27.741051
1291,ExpGrad.01,0,0.689932,-0.0161728266730945,-0.0216377054375231,-0.0216377054375231,-0.0147736910154505,-0.0121533572515464,0 days 00:08:24.517024
1292,RedGrid25,0,0.682898,-0.1135912696405395,-0.1473685551310765,-0.1473685551310765,-0.0960375087439466,-0.093688124092078,0 days 00:12:17.989083
1293,RedGrid5,0,0.682898,-0.1135912696405395,-0.1473685551310765,-0.1473685551310765,-0.0960375087439466,-0.093688124092078,0 days 00:12:40.970141
1294,RedGrid75,0,0.682898,-0.1135912696405395,-0.1473685551310765,-0.1473685551310765,-0.0960375087439466,-0.093688124092078,0 days 00:13:23.949665
1295,ExpGrad.1,0,0.706754,-0.0791788704791369,-0.0980429467226542,-0.0980429467226542,-0.0676923278804825,-0.0690047554279122,0 days 00:02:31.083737
1296,ExpGrad.01,0,0.687738,-0.0119460485866385,-0.0183930124432428,-0.0183930124432428,-0.0098087505417444,-0.0074833319043426,0 days 00:04:51.068241
1297,RedGrid25,0,0.682829,-0.117516011545422,-0.1530724317171534,-0.1530724317171534,-0.099837316033066,-0.0961499437743064,0 days 00:09:02.501587
1298,RedGrid5,0,0.682829,-0.117516011545422,-0.1530724317171534,-0.1530724317171534,-0.099837316033066,-0.0961499437743064,0 days 00:09:02.081406
1299,RedGrid75,0,0.682829,-0.117516011545422,-0.1530724317171534,-0.1530724317171534,-0.099837316033066,-0.0961499437743064,0 days 00:08:59.795299
1300,ExpGrad.1,2,0.707124,-0.0585544920746701,-0.0893061977930076,-0.0893061977930076,-0.0317368538031091,-0.0489059498989046,0 days 00:02:03.386362
1301,ExpGrad.01,2,0.61949,-0.0031336721878774,-0.0089823499898588,-0.0089823499898588,0.0,0.0,0 days 00:02:03.949421
1302,RedGrid25,2,0.696879,-0.0547596096650182,-0.0818068184555317,-0.0818068184555317,0.0,-0.0668557427117398,0 days 00:08:54.735966
1303,RedGrid5,2,0.696879,-0.0547596096650182,-0.0818068184555317,-0.0818068184555317,0.0,-0.0668557427117398,0 days 00:08:50.039931
1304,RedGrid75,2,0.667134,-0.0477144775023812,-0.067015678333522,-0.067015678333522,-0.023480665515811,-0.0465458154172643,0 days 00:08:47.946766
1305,ExpGrad.1,1,0.711083,-0.02875288157116,-0.1143605379518484,-0.1143605379518484,-0.0330852260822385,-0.0236918764532292,0 days 00:01:54.540282
1306,ExpGrad.01,1,0.572447,0.0,0.0,0.0,0.0,0.0,0 days 00:01:59.067396
1307,RedGrid25,1,0.708779,-0.0522127597537073,-0.1370642402106243,-0.1370642402106243,-0.0552908169775931,-0.0478686562515011,0 days 00:07:34.045819
1308,RedGrid5,1,0.708779,-0.0522127597537073,-0.1370642402106243,-0.1370642402106243,-0.0552908169775931,-0.0478686562515011,0 days 00:07:46.092923
1309,RedGrid75,1,0.708779,-0.0522127597537073,-0.1370642402106243,-0.1370642402106243,-0.0552908169775931,-0.0478686562515011,0 days 00:07:43.218950
1310,ExpGrad.1,1,0.709201,-0.0197373658294017,-0.1090277455070759,-0.1090277455070759,-0.0291708025645585,-0.0117617312140446,0 days 00:03:17.916716
1311,ExpGrad.01,1,0.593386,-0.0033101822801951,-0.0155625369077093,-0.0155625369077093,-0.0086078266606373,0.0,0 days 00:03:42.846630
1312,RedGrid25,1,0.701492,-0.0154458370854847,-0.1172647618286091,-0.1172647618286091,0.0,-0.0208544495090207,0 days 00:12:11.245755
1313,RedGrid5,1,0.701492,-0.0154458370854847,-0.1172647618286091,-0.1172647618286091,0.0,-0.0208544495090207,0 days 00:12:07.986907
1314,RedGrid75,1,0.701492,-0.0154458370854847,-0.1172647618286091,-0.1172647618286091,0.0,-0.0208544495090207,0 days 00:12:45.887804
1315,ExpGrad.1,1,0.710638,-0.0229186336552003,-0.1053317242205965,-0.1053317242205965,-0.0248997035344314,-0.0192878688393017,0 days 00:02:36.738466
1316,ExpGrad.01,1,0.59388,-0.0099178161379085,-0.0160428372972597,-0.0160428372972597,-0.0068064510722932,-0.0114559584920019,0 days 00:02:28.737787
1317,RedGrid25,1,0.69531,-0.0016088981224597,-0.0830444650704298,-0.0830444650704298,0.0,0.0,0 days 00:07:49.452095
1318,RedGrid5,1,0.69531,-0.0016088981224597,-0.0830444650704298,-0.0830444650704298,0.0,0.0,0 days 00:07:48.104815
1319,RedGrid75,1,0.690942,-0.0013114313061301,-0.0676904956093149,-0.0676904956093149,0.0,0.0,0 days 00:07:47.442717
1320,ExpGrad.1,2,0.725756,-0.0790425973453987,-0.1124245288245131,-0.1124245288245131,-0.070877694858336,-0.0548736087433344,0 days 00:02:49.450448
1321,ExpGrad.01,2,0.62224,-0.0122276968610825,-0.0137245492145006,-0.0131628690004652,-0.0137245492145006,-0.0104049660442885,0 days 00:04:59.361977
1322,RedGrid25,2,0.730694,-0.0992000581617237,-0.1217700599351918,-0.1217700599351918,-0.1022237759589956,-0.0771864354369284,0 days 00:12:29.635052
1323,RedGrid5,2,0.712048,-0.0611210054584001,-0.1007962899998501,-0.1007962899998501,-0.0672290377359756,-0.0218974709390677,0 days 00:12:30.103299
1324,RedGrid75,2,0.712048,-0.0611210054584001,-0.1007962899998501,-0.1007962899998501,-0.0672290377359756,-0.0218974709390677,0 days 00:12:14.823683
1325,ExpGrad.1,0,0.706324,-0.0819299720553594,-0.0993030396540655,-0.0993030396540655,-0.0732787099450307,-0.0714926685554202,0 days 00:03:47.799907
1326,ExpGrad.01,0,0.689655,-0.0109097267854559,-0.0156306770324115,-0.0156306770324115,-0.009691639762607,-0.0074446820938776,0 days 00:12:46.220357
1327,RedGrid25,0,0.68598,-0.0772315011867782,-0.11087942556835,-0.11087942556835,0.0,-0.0905866557878866,0 days 00:13:43.550364
1328,RedGrid5,0,0.68598,-0.0772315011867782,-0.11087942556835,-0.11087942556835,0.0,-0.0905866557878866,0 days 00:13:41.281597
1329,RedGrid75,0,0.663486,-0.0499874902748417,-0.107247478897211,-0.107247478897211,0.0,-0.0275071446570364,0 days 00:13:47.419993
1330,ExpGrad.1,2,0.716712,-0.0587203401847925,-0.0978109281994432,-0.0978109281994432,-0.0395328783160009,-0.0366822473869205,0 days 00:04:27.500405
1331,ExpGrad.01,2,0.621699,-0.0063190154372359,-0.0131766971277189,-0.0131766971277189,-0.0012588203916727,-0.0036059339861501,0 days 00:03:49.810779
1332,RedGrid25,2,0.717221,-0.107690655280077,-0.1329258033813817,-0.1196839699332387,-0.1329258033813817,-0.0797466540301797,0 days 00:14:09.820841
1333,RedGrid5,2,0.660039,-0.0132070377650401,-0.0379283546925928,-0.0379283546925928,0.0,0.0,0 days 00:14:12.103642
1334,RedGrid75,2,0.660039,-0.0132070377650401,-0.0379283546925928,-0.0379283546925928,0.0,0.0,0 days 00:14:16.893492
1335,ExpGrad.1,2,0.717648,-0.0598318908263249,-0.0889180941664452,-0.0889180941664452,-0.0539043137201266,-0.0378840806765333,0 days 00:04:40.366706
1336,ExpGrad.01,2,0.614725,-0.0066459272951143,-0.0109457491763507,-0.0109457491763507,-0.0095334854227419,-0.0008712733207423,0 days 00:05:17.450361
1337,RedGrid25,2,0.706183,-0.0580255799868626,-0.1049914510567391,-0.1049914510567391,-0.0059991171945296,-0.0511251096189591,0 days 00:14:00.432498
1338,RedGrid5,2,0.681927,-0.0246809856078285,-0.0672215978129281,-0.0672215978129281,0.0,-0.0033439258617327,0 days 00:14:00.525573
1339,RedGrid75,2,0.664707,-0.0184443425203113,-0.053038219295991,-0.053038219295991,0.0,0.0,0 days 00:13:58.786645
1340,ExpGrad.1,0,0.705665,-0.0804312760350328,-0.0987599804555583,-0.0987599804555583,-0.0719708695134008,-0.069119139084179,0 days 00:03:21.416051
1341,ExpGrad.01,0,0.688072,-0.0092335529457046,-0.0176552112549422,-0.0176552112549422,-0.0083554776946479,-0.002369698191019,0 days 00:09:51.608876
1342,RedGrid25,0,0.684781,-0.0774117949191982,-0.112608528061462,-0.112608528061462,0.0,-0.0895543910967073,0 days 00:13:44.991266
1343,RedGrid5,0,0.684781,-0.0774117949191982,-0.112608528061462,-0.112608528061462,0.0,-0.0895543910967073,0 days 00:13:45.039288
1344,RedGrid75,0,0.66396,-0.0537100206957931,-0.1127652220085942,-0.1127652220085942,-0.0015669078829998,-0.0310395717023993,0 days 00:13:57.354655
1345,ExpGrad.1,1,0.710973,-0.0297120028111939,-0.1186520965820981,-0.1186520965820981,-0.0198220240394657,-0.0324452331859324,0 days 00:02:37.660110
1346,ExpGrad.01,1,0.605724,-0.0001486801201314,-0.0076369584900198,-0.0076369584900198,0.0,0.0,0 days 00:06:06.368364
1347,RedGrid25,1,0.699858,-0.0128752666371153,-0.1108771345140694,-0.1108771345140694,0.0,-0.0169821973068101,0 days 00:12:32.202649
1348,RedGrid5,1,0.699858,-0.0128752666371153,-0.1108771345140694,-0.1108771345140694,0.0,-0.0169821973068101,0 days 00:12:33.438057
1349,RedGrid75,1,0.699858,-0.0128752666371153,-0.1108771345140694,-0.1108771345140694,0.0,-0.0169821973068101,0 days 00:12:08.985841
1350,ExpGrad.1,1,0.707642,-0.0128425000493533,-0.096861865066832,-0.096861865066832,0.0,-0.0174018066753679,0 days 00:02:57.383402
1351,ExpGrad.01,1,0.599066,-0.0001080870462653,-0.0056204587728933,-0.0056204587728933,0.0,0.0,0 days 00:03:47.706383
1352,RedGrid25,1,0.706353,-0.0609944949636337,-0.1409577735192395,-0.1409577735192395,-0.0704229711197426,-0.0533299322747586,0 days 00:12:27.517498
1353,RedGrid5,1,0.698555,-0.0018053199760279,-0.0938755091172824,-0.0938755091172824,0.0,0.0,0 days 00:11:41.490251
1354,RedGrid75,1,0.683778,-0.0008324244132182,-0.0432855486175114,-0.0432855486175114,0.0,0.0,0 days 00:11:39.365275
1355,ExpGrad.1,0,0.706511,-0.0787185105244462,-0.0960094678835931,-0.0960094678835931,-0.0692079333174247,-0.0688326187385555,0 days 00:03:43.795827
1356,ExpGrad.01,0,0.685529,-0.0106412139146054,-0.0165471307698987,-0.0165471307698987,-0.0067623165841548,-0.0076131750074612,0 days 00:07:22.537826
1357,RedGrid25,0,0.687303,-0.0749818125767492,-0.1069686037736512,-0.1069686037736512,-0.0004942449341481,-0.0881519474029256,0 days 00:13:51.311768
1358,RedGrid5,0,0.687303,-0.0749818125767492,-0.1069686037736512,-0.1069686037736512,-0.0004942449341481,-0.0881519474029256,0 days 00:13:51.016577
1359,RedGrid75,0,0.664851,-0.0495980554382019,-0.1060997110511818,-0.1060997110511818,0.0,-0.0275343496071673,0 days 00:13:50.430898
1360,ExpGrad.1,1,0.710823,-0.0298325744111086,-0.1065444659415576,-0.1065444659415576,-0.0226491547880914,-0.0314198381143447,0 days 00:03:12.616708
1361,ExpGrad.01,1,0.585326,-0.0002122258160058,-0.0107920922244755,-0.0107920922244755,0.0,0.0,0 days 00:02:35.253451
1362,RedGrid25,1,0.705266,-0.0718317382066221,-0.1449172746443543,-0.1449172746443543,-0.0772726005086787,-0.0665405566422966,0 days 00:11:39.603465
1363,RedGrid5,1,0.700627,-0.0136983167451667,-0.117488041068255,-0.117488041068255,-0.0007793490291818,-0.0176180170037484,0 days 00:11:41.021643
1364,RedGrid75,1,0.700627,-0.0136983167451667,-0.117488041068255,-0.117488041068255,-0.0007793490291818,-0.0176180170037484,0 days 00:11:42.040655
1365,ExpGrad.1,0,0.706922,-0.0819464500639905,-0.0983419707559071,-0.0983419707559071,-0.073114896338581,-0.0724385653901545,0 days 00:02:55.468667
1366,ExpGrad.01,0,0.687501,-0.0120402409882427,-0.0175844807798232,-0.0175844807798232,-0.0109950119216326,-0.0077522771516995,0 days 00:07:51.342231
1367,RedGrid25,0,0.683153,-0.1138817957700635,-0.1483762336984631,-0.1483762336984631,-0.0946286018187824,-0.0942498962823893,0 days 00:12:34.667282
1368,RedGrid5,0,0.683153,-0.1138817957700635,-0.1483762336984631,-0.1483762336984631,-0.0946286018187824,-0.0942498962823893,0 days 00:12:32.138310
1369,RedGrid75,0,0.683153,-0.1138817957700635,-0.1483762336984631,-0.1483762336984631,-0.0946286018187824,-0.0942498962823893,0 days 00:12:37.308422
1370,ExpGrad.1,1,0.710146,-0.0258891854988688,-0.1107787798986953,-0.1107787798986953,-0.0324796592557153,-0.0195854726255968,0 days 00:02:37.576528
1371,ExpGrad.01,1,0.587664,-0.003191767942215,-0.008396743177936,-0.0082138736438296,-0.008396743177936,-0.0001564268030062,0 days 00:05:41.891770
1372,RedGrid25,1,0.706892,-0.0602428048647542,-0.1380315623966731,-0.1380315623966731,-0.0604634475535964,-0.05768364655595,0 days 00:14:16.283617
1373,RedGrid5,1,0.706892,-0.0602428048647542,-0.1380315623966731,-0.1380315623966731,-0.0604634475535964,-0.05768364655595,0 days 00:14:14.487895
1374,RedGrid75,1,0.701742,-0.0048934249700684,-0.1024348511225616,-0.1024348511225616,0.0,-0.0045431369095633,0 days 00:13:44.060948
1375,ExpGrad.1,2,0.707292,-0.0496436521539919,-0.0809423587763705,-0.0809423587763705,-0.0229484720381937,-0.039779187627795,0 days 00:02:12.216891
1376,ExpGrad.01,2,0.625168,-0.0036934474279315,-0.0106767494417904,-0.0106767494417904,0.0,0.0,0 days 00:02:51.107902
1377,RedGrid25,2,0.719783,-0.080514159336537,-0.0944217575460958,-0.0944217575460958,-0.0936659305529265,-0.0596316166262014,0 days 00:08:04.045962
1378,RedGrid5,2,0.674088,-0.0180258634255402,-0.0432346347138697,-0.0432346347138697,0.0,-0.0077885674377139,0 days 00:08:03.402750
1379,RedGrid75,2,0.674088,-0.0180258634255402,-0.0432346347138697,-0.0432346347138697,0.0,-0.0077885674377139,0 days 00:08:09.400102
1380,ExpGrad.1,1,0.711147,-0.0356808139415406,-0.113650053458811,-0.113650053458811,-0.0469109138718878,-0.0270626095613127,0 days 00:02:33.294095
1381,ExpGrad.01,1,0.597194,-4.141076432359347e-05,-0.0021328740484174,-0.0021328740484174,0.0,0.0,0 days 00:03:33.667318
1382,RedGrid25,1,0.707332,-0.0616347484182219,-0.1361488397447586,-0.1361488397447586,-0.0652923174523983,-0.0573166559846866,0 days 00:11:24.404772
1383,RedGrid5,1,0.707332,-0.0616347484182219,-0.1361488397447586,-0.1361488397447586,-0.0652923174523983,-0.0573166559846866,0 days 00:11:26.239074
1384,RedGrid75,1,0.707332,-0.0616347484182219,-0.1361488397447586,-0.1361488397447586,-0.0652923174523983,-0.0573166559846866,0 days 00:11:26.264444
1385,ExpGrad.1,0,0.706346,-0.0761027081214756,-0.0948437292773756,-0.0948437292773756,-0.064688868921381,-0.0659472234845213,0 days 00:02:10.105690
1386,ExpGrad.01,0,0.685782,-0.0128703952077255,-0.0187648592926067,-0.0187648592926067,-0.0105347347249149,-0.0089831369991439,0 days 00:04:19.824176
1387,RedGrid25,0,0.682774,-0.1145595284161527,-0.1498227676635539,-0.1498227676635539,-0.0960810977747173,-0.093794144815078,0 days 00:08:52.487620
1388,RedGrid5,0,0.682774,-0.1145595284161527,-0.1498227676635539,-0.1498227676635539,-0.0960810977747173,-0.093794144815078,0 days 00:08:55.196630
1389,RedGrid75,0,0.682774,-0.1145595284161527,-0.1498227676635539,-0.1498227676635539,-0.0960810977747173,-0.093794144815078,0 days 00:08:47.070726
1390,ExpGrad.1,2,0.687963,-0.0488518827414507,-0.070974631658831,-0.070974631658831,-0.0400080601319239,-0.0350834066057784,0 days 00:02:57.294062
1391,ExpGrad.01,2,0.621572,-0.0026314904728575,-0.0075697266351694,-0.0075697266351694,0.0,0.0,0 days 00:05:01.521286
1392,RedGrid25,2,0.707608,-0.0586042257422527,-0.1033569216099344,-0.1033569216099344,-0.0057333371935797,-0.0542665359927514,0 days 00:13:20.577799
1393,RedGrid5,2,0.688851,-0.0598052978523587,-0.0838688693591877,-0.0536609786934085,-0.0838688693591877,-0.0491042431094739,0 days 00:13:22.605237
1394,RedGrid75,2,0.688851,-0.0598052978523587,-0.0838688693591877,-0.0536609786934085,-0.0838688693591877,-0.0491042431094739,0 days 00:13:30.549699
1395,ExpGrad.1,1,0.710762,-0.0489763410357964,-0.1250386003256276,-0.1250386003256276,-0.0639082081529817,-0.0382988605516776,0 days 00:02:43.736653
1396,ExpGrad.01,1,0.589898,-0.0146578193514704,-0.0154484279100883,-0.0126710650525739,-0.0133463493962322,-0.0154484279100883,0 days 00:03:05.314606
1397,RedGrid25,1,0.707182,-0.0685033745382866,-0.1436808610511101,-0.1436808610511101,-0.0776117601939045,-0.0610876191311051,0 days 00:09:24.660515
1398,RedGrid5,1,0.699762,-0.0020082697729915,-0.1016110376122084,-0.1016110376122084,0.0,0.0,0 days 00:09:20.786554
1399,RedGrid75,1,0.699762,-0.0020082697729915,-0.1016110376122084,-0.1016110376122084,0.0,0.0,0 days 00:09:09.181305
1400,ExpGrad.1,2,0.707808,-0.0435492427144273,-0.0841272832381019,-0.0841272832381019,-0.0162434323207198,-0.0254324480548819,0 days 00:01:53.633819
1401,ExpGrad.01,2,0.63267,-0.0139725831721356,-0.0229850844166815,-0.0229850844166815,-0.0026442072207752,-0.0134530289549164,0 days 00:02:54.941298
1402,RedGrid25,2,0.695211,-0.0416214176881155,-0.0977586311792877,-0.0977586311792877,0.0,-0.0191180635896157,0 days 00:07:20.594921
1403,RedGrid5,2,0.695211,-0.0416214176881155,-0.0977586311792877,-0.0977586311792877,0.0,-0.0191180635896157,0 days 00:07:20.886436
1404,RedGrid75,2,0.627395,-0.0112052368926982,-0.0175776798210056,-0.005590194638504,-0.0175776798210056,-0.0119852682144887,0 days 00:07:21.280006
1405,ExpGrad.1,1,0.712004,-0.0466807827184829,-0.1255913737969047,-0.1255913737969047,-0.0428949414385773,-0.0462992592499096,0 days 00:02:03.108394
1406,ExpGrad.01,1,0.574901,-2.384347961706205e-05,-0.0012015885913464,-0.0012015885913464,0.0,0.0,0 days 00:02:13.542321
1407,RedGrid25,1,0.697603,-0.002468494765205,-0.0924680203661469,-0.0924680203661469,0.0,-0.0010056820504273,0 days 00:07:57.062839
1408,RedGrid5,1,0.697603,-0.002468494765205,-0.0924680203661469,-0.0924680203661469,0.0,-0.0010056820504273,0 days 00:08:00.977113
1409,RedGrid75,1,0.697603,-0.002468494765205,-0.0924680203661469,-0.0924680203661469,0.0,-0.0010056820504273,0 days 00:07:54.669856
1410,ExpGrad.1,1,0.7123,-0.048332501136358,-0.1224282030325883,-0.1224282030325883,-0.0561702217053262,-0.0417052209518327,0 days 00:03:01.485321
1411,ExpGrad.01,1,0.606155,-0.0037046731293932,-0.0134262829643171,-0.0134262829643171,-0.0098397236804408,0.0,0 days 00:05:11.203678
1412,RedGrid25,1,0.705524,-0.0615343393968847,-0.1341358928200228,-0.1341358928200228,-0.0626025173544359,-0.058711275311756,0 days 00:12:14.944787
1413,RedGrid5,1,0.705524,-0.0615343393968847,-0.1341358928200228,-0.1341358928200228,-0.0626025173544359,-0.058711275311756,0 days 00:12:08.517595
1414,RedGrid75,1,0.699282,-0.0060116847725716,-0.0998181758491199,-0.0998181758491199,0.0,-0.006467894691242,0 days 00:12:01.133685
1415,ExpGrad.1,1,0.708969,-0.0294929793530534,-0.0949146917935644,-0.0949146917935644,-0.0328096082959324,-0.0256236194747809,0 days 00:01:26.890042
1416,ExpGrad.01,1,0.596817,-0.0066756893458196,-0.007509134952639,-0.0058439077501025,-0.0052177646482229,-0.007509134952639,0 days 00:03:15.773856
1417,RedGrid25,1,0.704438,-0.0689394502119125,-0.1361736247105442,-0.1361736247105442,-0.0713704964023744,-0.0655043548616682,0 days 00:08:53.998331
1418,RedGrid5,1,0.704438,-0.0689394502119125,-0.1361736247105442,-0.1361736247105442,-0.0713704964023744,-0.0655043548616682,0 days 00:08:50.289518
1419,RedGrid75,1,0.704438,-0.0689394502119125,-0.1361736247105442,-0.1361736247105442,-0.0713704964023744,-0.0655043548616682,0 days 00:08:48.401436
1420,ExpGrad.1,0,0.705996,-0.0853819139775979,-0.1033233273299401,-0.1033233273299401,-0.0770008954182676,-0.0742319592847682,0 days 00:02:54.494694
1421,ExpGrad.01,0,0.68764,-0.0125025720811866,-0.0183226561246354,-0.0183226561246354,-0.0115163913197859,-0.007924011269644,0 days 00:07:24.885188
1422,RedGrid25,0,0.682303,-0.1191276864786833,-0.1525762224773147,-0.1525762224773147,-0.1023419567487416,-0.0989848681309915,0 days 00:12:24.286179
1423,RedGrid5,0,0.682303,-0.1191276864786833,-0.1525762224773147,-0.1525762224773147,-0.1023419567487416,-0.0989848681309915,0 days 00:12:29.056999
1424,RedGrid75,0,0.682303,-0.1191276864786833,-0.1525762224773147,-0.1525762224773147,-0.1023419567487416,-0.0989848681309915,0 days 00:12:21.732047
1425,ExpGrad.1,1,0.711586,-0.0509941789540101,-0.1248700700712154,-0.1248700700712154,-0.0537714927581101,-0.04715718593932,0 days 00:02:35.830856
1426,ExpGrad.01,1,0.602457,-0.0070677209194094,-0.0109604125486995,-0.0073512551037828,0.0,-0.0109604125486995,0 days 00:03:11.141411
1427,RedGrid25,1,0.699195,-0.0452831900923275,-0.1148849087257997,-0.1148849087257997,0.0,-0.0681099198869937,0 days 00:12:07.040082
1428,RedGrid5,1,0.699195,-0.0452831900923275,-0.1148849087257997,-0.1148849087257997,0.0,-0.0681099198869937,0 days 00:12:04.755846
1429,RedGrid75,1,0.682922,-0.0008239348592153,-0.0418290450624342,-0.0418290450624342,0.0,0.0,0 days 00:11:45.505053
1430,ExpGrad.1,1,0.71228,-0.0459145496570611,-0.1202662118832992,-0.1202662118832992,-0.0407470797167118,-0.0464875968909216,0 days 00:01:50.090913
1431,ExpGrad.01,1,0.607199,-0.0037646090629107,-0.0218100340509028,-0.0218100340509028,-0.0095993441111022,0.0,0 days 00:04:50.134610
1432,RedGrid25,1,0.707033,-0.0605775132808206,-0.1345070840611065,-0.1345070840611065,-0.065338164099298,-0.0556962795760066,0 days 00:10:33.590674
1433,RedGrid5,1,0.707033,-0.0605775132808206,-0.1345070840611065,-0.1345070840611065,-0.065338164099298,-0.0556962795760066,0 days 00:10:33.704706
1434,RedGrid75,1,0.707033,-0.0605775132808206,-0.1345070840611065,-0.1345070840611065,-0.065338164099298,-0.0556962795760066,0 days 00:10:33.887738
1435,ExpGrad.1,1,0.71202,-0.045364827384447,-0.1245759884379642,-0.1245759884379642,-0.0500649911507824,-0.040293043034964,0 days 00:02:41.144643
1436,ExpGrad.01,1,0.60393,-0.0149855095968522,-0.0214311885125223,-0.0214311885125223,-0.009673457927427,-0.0177092140964165,0 days 00:04:19.310578
1437,RedGrid25,1,0.705775,-0.0432584490114476,-0.1255870682859697,-0.1255870682859697,-0.0421268499567659,-0.041300944384475,0 days 00:11:57.048971
1438,RedGrid5,1,0.705775,-0.0432584490114476,-0.1255870682859697,-0.1255870682859697,-0.0421268499567659,-0.041300944384475,0 days 00:11:58.300572
1439,RedGrid75,1,0.705775,-0.0432584490114476,-0.1255870682859697,-0.1255870682859697,-0.0421268499567659,-0.041300944384475,0 days 00:11:54.818050
1440,ExpGrad.1,0,0.706338,-0.0751147469363645,-0.0920872363732179,-0.0920872363732179,-0.0644044262288303,-0.0661531687002672,0 days 00:03:03.080733
1441,ExpGrad.01,0,0.688689,-0.0119174897167787,-0.0158007072673831,-0.0158007072673831,-0.012020737250813,-0.0084505293292413,0 days 00:07:35.905474
1442,RedGrid25,0,0.686561,-0.0772983239618889,-0.108829170745522,-0.108829170745522,-0.0023056615107615,-0.0912124246112399,0 days 00:11:14.636158
1443,RedGrid5,0,0.686561,-0.0772983239618889,-0.108829170745522,-0.108829170745522,-0.0023056615107615,-0.0912124246112399,0 days 00:11:16.641012
1444,RedGrid75,0,0.664027,-0.0522327276134685,-0.1084911272486767,-0.1084911272486767,0.0,-0.0318092163613293,0 days 00:11:18.115278
1445,ExpGrad.1,1,0.711075,-0.0368208001345896,-0.1171405795727681,-0.1171405795727681,-0.0305610517093172,-0.0377891215625562,0 days 00:02:37.646005
1446,ExpGrad.01,1,0.608195,-0.0085937981377002,-0.0126451500698214,-0.0126451500698214,-0.0076962699521757,-0.0089643934800334,0 days 00:03:04.450417
1447,RedGrid25,1,0.704869,-0.0728687102311365,-0.1471854038882487,-0.1471854038882487,-0.0779648832352453,-0.0677430711432025,0 days 00:08:11.511085
1448,RedGrid5,1,0.701074,-0.0180191047247393,-0.1200742522692415,-0.1200742522692415,-0.0043696402736147,-0.0223994752726022,0 days 00:08:07.858538
1449,RedGrid75,1,0.701074,-0.0180191047247393,-0.1200742522692415,-0.1200742522692415,-0.0043696402736147,-0.0223994752726022,0 days 00:08:11.334433
1450,ExpGrad.1,2,0.675991,-0.0353242605342402,-0.0603019998519694,-0.0603019998519694,0.0,-0.0366475496998155,0 days 00:02:35.908350
1451,ExpGrad.01,2,0.625346,-0.002251580753882,-0.0064859329694209,-0.0064859329694209,0.0,0.0,0 days 00:04:44.795042
1452,RedGrid25,2,0.670718,-0.0299983544508013,-0.0587276914645819,-0.0587276914645819,0.0,-0.0244761469929727,0 days 00:10:30.483565
1453,RedGrid5,2,0.670718,-0.0299983544508013,-0.0587276914645819,-0.0587276914645819,0.0,-0.0244761469929727,0 days 00:10:31.882468
1454,RedGrid75,2,0.639123,-0.0190368612818693,-0.0287536389026739,-0.0223134266051303,0.0,-0.0287536389026739,0 days 00:10:28.135464
1455,ExpGrad.1,0,0.706192,-0.0848472527224657,-0.1028349432078347,-0.1028349432078347,-0.076193833310574,-0.0738874537038088,0 days 00:03:49.171030
1456,ExpGrad.01,0,0.687132,-0.0153668276047337,-0.0209725685591991,-0.0209725685591991,-0.012242689664953,-0.0121886049634366,0 days 00:06:28.312684
1457,RedGrid25,0,0.682679,-0.1159465927808747,-0.1508269469349786,-0.1508269469349786,-0.0968344644619051,-0.0959892548901869,0 days 00:15:28.788890
1458,RedGrid5,0,0.682679,-0.1159465927808747,-0.1508269469349786,-0.1508269469349786,-0.0968344644619051,-0.0959892548901869,0 days 00:15:28.292846
1459,RedGrid75,0,0.682679,-0.1159465927808747,-0.1508269469349786,-0.1508269469349786,-0.0968344644619051,-0.0959892548901869,0 days 00:15:27.988664
1460,ExpGrad.1,0,0.707298,-0.0773677134267744,-0.0959527292400357,-0.0959527292400357,-0.0662795059277951,-0.0671967907694226,0 days 00:03:43.424246
1461,ExpGrad.01,0,0.686634,-0.0104718331970233,-0.0166256913422779,-0.0166256913422779,-0.0059815123327378,-0.0075588774551901,0 days 00:08:02.289349
1462,RedGrid25,0,0.687096,-0.1232602464869134,-0.153388032512414,-0.153388032512414,-0.1019827020144054,-0.1086069698455469,0 days 00:15:02.677071
1463,RedGrid5,0,0.687096,-0.1232602464869134,-0.153388032512414,-0.153388032512414,-0.1019827020144054,-0.1086069698455469,0 days 00:15:10.831609
1464,RedGrid75,0,0.667897,-0.0511515630137552,-0.1095334002909536,-0.1095334002909536,0.0,-0.0282666542128274,0 days 00:15:12.023569
1465,ExpGrad.1,2,0.71161,-0.0554417603465776,-0.0897693590206099,-0.0897693590206099,-0.0583526931319542,-0.023016034973084,0 days 00:01:42.207777
1466,ExpGrad.01,2,0.62877,-0.0030529213434857,-0.0087674943249396,-0.0087674943249396,0.0,0.0,0 days 00:02:34.647517
1467,RedGrid25,2,0.719867,-0.0718766739440308,-0.0994745881721278,-0.0994745881721278,-0.0694970797993537,-0.0489366170124718,0 days 00:08:35.822905
1468,RedGrid5,2,0.719867,-0.0718766739440308,-0.0994745881721278,-0.0994745881721278,-0.0694970797993537,-0.0489366170124718,0 days 00:08:31.325673
1469,RedGrid75,2,0.658004,-0.0153437583022665,-0.0440647821226757,-0.0440647821226757,0.0,0.0,0 days 00:08:29.554877
1470,ExpGrad.1,2,0.711397,-0.0585228938233462,-0.0860451339064251,-0.0860451339064251,-0.0446015349495392,-0.0432205294556732,0 days 00:02:40.282456
1471,ExpGrad.01,2,0.624128,-0.0108102876134039,-0.0189071422243151,-0.0189071422243151,-0.0016974192266983,-0.0095685247888756,0 days 00:04:06.654331
1472,RedGrid25,2,0.714592,-0.078667628249455,-0.0889337610183791,-0.0889337610183791,-0.0879666219006976,-0.0635433102989622,0 days 00:12:07.925752
1473,RedGrid5,2,0.682054,-0.0302885506886234,-0.0743637580462416,-0.0743637580462416,0.0,-0.0109772110045081,0 days 00:12:09.774714
1474,RedGrid75,2,0.637791,-0.0212963255042496,-0.0551773578238918,-0.0204841189643654,-0.0551773578238918,0.0,0 days 00:12:14.385693
1475,ExpGrad.1,1,0.708459,-0.0261778426533186,-0.107896129546113,-0.107896129546113,-0.0342748199571742,-0.0191772722966817,0 days 00:01:57.455355
1476,ExpGrad.01,1,0.59198,-0.0001829802795708,-0.0093601968408295,-0.0093601968408295,0.0,0.0,0 days 00:03:48.711157
1477,RedGrid25,1,0.708041,-0.0530388846374738,-0.1295858369644609,-0.1295858369644609,-0.0587848768918357,-0.047496662860381,0 days 00:11:37.234128
1478,RedGrid5,1,0.708041,-0.0530388846374738,-0.1295858369644609,-0.1295858369644609,-0.0587848768918357,-0.047496662860381,0 days 00:11:35.266419
1479,RedGrid75,1,0.708041,-0.0530388846374738,-0.1295858369644609,-0.1295858369644609,-0.0587848768918357,-0.047496662860381,0 days 00:11:31.203631
1480,ExpGrad.1,0,0.706726,-0.0779721578946004,-0.0969882513152091,-0.0969882513152091,-0.0660393187625362,-0.0678226965857666,0 days 00:03:16.994045
1481,ExpGrad.01,0,0.688469,-0.0159354099746806,-0.0222746066856566,-0.0222746066856566,-0.0146371118063092,-0.0110805695637044,0 days 00:09:00.107862
1482,RedGrid25,0,0.682259,-0.1135543684580596,-0.1488173036674188,-0.1488173036674188,-0.0929965629475764,-0.093871297629676,0 days 00:11:57.345605
1483,RedGrid5,0,0.682259,-0.1135543684580596,-0.1488173036674188,-0.1488173036674188,-0.0929965629475764,-0.093871297629676,0 days 00:11:52.857285
1484,RedGrid75,0,0.682259,-0.1135543684580596,-0.1488173036674188,-0.1488173036674188,-0.0929965629475764,-0.093871297629676,0 days 00:11:51.782807
1485,ExpGrad.1,1,0.710422,-0.0378133457752405,-0.1053828090541161,-0.1053828090541161,-0.0425555474610694,-0.0330823742719778,0 days 00:02:39.808938
1486,ExpGrad.01,1,0.58001,-0.0100762337091724,-0.0167628155091124,-0.00123444231568,-0.0167628155091124,-0.0066492659614354,0 days 00:02:59.229775
1487,RedGrid25,1,0.706051,-0.0622273587783157,-0.1279391506026375,-0.1279391506026375,-0.0593549515688759,-0.0617705613515821,0 days 00:12:20.237638
1488,RedGrid5,1,0.696303,-0.0050338187395771,-0.0830639179464697,-0.0830639179464697,0.0,-0.0053900371638588,0 days 00:11:52.089355
1489,RedGrid75,1,0.696303,-0.0050338187395771,-0.0830639179464697,-0.0830639179464697,0.0,-0.0053900371638588,0 days 00:11:52.462664
1490,ExpGrad.1,1,0.710857,-0.0420964756350709,-0.1149304416564749,-0.1149304416564749,-0.0517813316873316,-0.0345077049276221,0 days 00:02:22.661566
1491,ExpGrad.01,1,0.592188,0.0,0.0,0.0,0.0,0.0,0 days 00:03:17.252240
1492,RedGrid25,1,0.70481,-0.0724981444963446,-0.1422888282691931,-0.1422888282691931,-0.0809887511182345,-0.0656629034300956,0 days 00:11:12.605018
1493,RedGrid5,1,0.701197,-0.0146253572223963,-0.1114675898063219,-0.1114675898063219,-0.0043060626319233,-0.0173570598518519,0 days 00:11:14.185338
1494,RedGrid75,1,0.683414,-0.0007558542964518,-0.0389952163772616,-0.0389952163772616,0.0,0.0,0 days 00:11:32.448330
1495,ExpGrad.1,0,0.706904,-0.0783037149717561,-0.0962047198269593,-0.0962047198269593,-0.067536296356923,-0.0685697899649625,0 days 00:03:12.955511
1496,ExpGrad.01,0,0.690083,-0.0158473444687282,-0.0221414950170931,-0.0221414950170931,-0.0166530980266745,-0.0098878125227184,0 days 00:08:28.189936
1497,RedGrid25,0,0.683053,-0.1155155218513275,-0.1503718743063247,-0.1503718743063247,-0.0976956330439491,-0.0948235773457131,0 days 00:12:06.914156
1498,RedGrid5,0,0.683053,-0.1155155218513275,-0.1503718743063247,-0.1503718743063247,-0.0976956330439491,-0.0948235773457131,0 days 00:12:08.439769
1499,RedGrid75,0,0.683053,-0.1155155218513275,-0.1503718743063247,-0.1503718743063247,-0.0976956330439491,-0.0948235773457131,0 days 00:12:09.240127
