,method,k_set,accuracy,mean_unfairness,max_unfairness,A_unfairness,B_unfairness,C_unfairness,runtime
0,ExpGrad.1,2,0.719473,-0.0622878501836171,-0.098739676654537,-0.098739676654537,-0.0423219493589714,-0.0434621613230765,0 days 00:03:17.544430
1,ExpGrad.01,2,0.628234,-0.0115057197228118,-0.0149303086425018,-0.0089574359420809,-0.0149303086425018,-0.0114581091998796,0 days 00:04:43.033766
2,RedGrid25,2,0.708459,-0.0530890054822718,-0.0904021229980506,-0.0904021229980506,-0.0791504518113209,-0.0025636970005841,0 days 00:13:59.477225
3,RedGrid5,2,0.67448,-0.0228751598418742,-0.0661151752686916,-0.0661151752686916,0.0,0.0,0 days 00:13:59.198462
4,RedGrid75,2,0.67448,-0.0228751598418742,-0.0661151752686916,-0.0661151752686916,0.0,0.0,0 days 00:13:57.484615
5,ExpGrad.1,2,0.720618,-0.0624329956076232,-0.0984355995732265,-0.0984355995732265,-0.0492539466867477,-0.0393519788939119,0 days 00:03:32.056248
6,ExpGrad.01,2,0.621659,-0.0121492342369768,-0.0184098096976447,-0.0143103345411433,0.0,-0.0184098096976447,0 days 00:03:28.963444
7,RedGrid25,2,0.731309,-0.0960186996547413,-0.1213383046807844,-0.1213383046807844,-0.1031641851860089,-0.0687369962049202,0 days 00:10:52.383454
8,RedGrid5,2,0.695412,-0.0369548581593284,-0.0872894864897455,-0.0872894864897455,0.0,-0.0171592822214951,0 days 00:11:00.016761
9,RedGrid75,2,0.645252,-0.0344171047162067,-0.0623374475980975,-0.0520188074579475,-0.0623374475980975,0.0,0 days 00:11:03.072795
10,ExpGrad.1,0,0.706863,-0.080249514126842,-0.0978037634089603,-0.0978037634089603,-0.0718277671220969,-0.0694877550473032,0 days 00:03:59.145495
11,ExpGrad.01,0,0.68691,-0.014949920709122,-0.0195997239679298,-0.0195997239679298,-0.0140974390129926,-0.0113363660198542,0 days 00:06:50.282663
12,RedGrid25,0,0.686253,-0.1213254537547484,-0.1513706284880015,-0.1513706284880015,-0.1005354802974757,-0.1064353163000195,0 days 00:15:46.837689
13,RedGrid5,0,0.686253,-0.1213254537547484,-0.1513706284880015,-0.1513706284880015,-0.1005354802974757,-0.1064353163000195,0 days 00:15:46.535061
14,RedGrid75,0,0.686253,-0.1213254537547484,-0.1513706284880015,-0.1513706284880015,-0.1005354802974757,-0.1064353163000195,0 days 00:15:48.262724
15,ExpGrad.1,1,0.695998,-0.0014753365106458,-0.0750896608422118,-0.0750896608422118,0.0,0.0,0 days 00:02:22.662555
16,ExpGrad.01,1,0.58035,0.0,0.0,0.0,0.0,0.0,0 days 00:02:34.283055
17,RedGrid25,1,0.70831,-0.0690175773001516,-0.1381911380655215,-0.1381911380655215,-0.0750998025972231,-0.0634917320707768,0 days 00:12:37.609509
18,RedGrid5,1,0.695085,-0.0014208685021653,-0.072317422607722,-0.072317422607722,0.0,0.0,0 days 00:12:37.350854
19,RedGrid75,1,0.695085,-0.0014208685021653,-0.072317422607722,-0.072317422607722,0.0,0.0,0 days 00:12:43.322154
20,ExpGrad.1,2,0.716805,-0.0619759000242727,-0.0956254935722747,-0.0956254935722747,-0.0628896989001341,-0.0316194354132782,0 days 00:04:13.289662
21,ExpGrad.01,2,0.612131,-0.0114518025945269,-0.0242326120466805,-0.0242326120466805,-0.0024964901143479,-0.0061513117282173,0 days 00:04:06.273371
22,RedGrid25,2,0.712261,-0.0557860162847517,-0.1009874455062044,-0.1009874455062044,-0.060596460849866,-0.0126088574794453,0 days 00:14:05.257695
23,RedGrid5,2,0.712261,-0.0557860162847517,-0.1009874455062044,-0.1009874455062044,-0.060596460849866,-0.0126088574794453,0 days 00:14:05.845296
24,RedGrid75,2,0.691025,-0.0393972454312423,-0.0828899909366822,-0.0828899909366822,0.0,-0.0273349795202847,0 days 00:14:08.158272
25,ExpGrad.1,1,0.71225,-0.0532035020859703,-0.1375715447757973,-0.1375715447757973,-0.0554032747153439,-0.0493760367598992,0 days 00:03:39.875499
26,ExpGrad.01,1,0.604958,-0.0022258151229162,-0.0185897530233508,-0.0185897530233508,-0.0039133354233112,-0.0007875751431609,0 days 00:03:43.336491
27,RedGrid25,1,0.70254,-0.0157531263956084,-0.1185700784169351,-0.1185700784169351,0.0,-0.0212624319041736,0 days 00:11:31.541239
28,RedGrid5,1,0.70254,-0.0157531263956084,-0.1185700784169351,-0.1185700784169351,0.0,-0.0212624319041736,0 days 00:11:34.578807
29,RedGrid75,1,0.70254,-0.0157531263956084,-0.1185700784169351,-0.1185700784169351,0.0,-0.0212624319041736,0 days 00:11:24.329820
30,ExpGrad.1,2,0.713129,-0.0630775322069803,-0.0972625965647087,-0.0972625965647087,-0.0548721393998664,-0.0381492562456084,0 days 00:02:53.440878
31,ExpGrad.01,2,0.626313,-0.0127000361114887,-0.0136915908832569,-0.0136915908832569,-0.0124712894657794,-0.011970831662838,0 days 00:04:15.081641
32,RedGrid25,2,0.722228,-0.087747367619129,-0.1139462945140361,-0.1139462945140361,-0.0883280840680204,-0.0640799170576832,0 days 00:13:52.451342
33,RedGrid5,2,0.680699,-0.0306167526285072,-0.0572674086461451,-0.0572674086461451,0.0,-0.0272704177413549,0 days 00:13:24.498168
34,RedGrid75,2,0.680699,-0.0306167526285072,-0.0572674086461451,-0.0572674086461451,0.0,-0.0272704177413549,0 days 00:13:52.732286
35,ExpGrad.1,0,0.705325,-0.0835935083713648,-0.1008632443869069,-0.1008632443869069,-0.0749606830563751,-0.0731959105442725,0 days 00:03:18.634507
36,ExpGrad.01,0,0.688405,-0.0112417641801723,-0.0180511571852808,-0.0180511571852808,-0.0088677267064986,-0.0065734848368755,0 days 00:08:01.676124
37,RedGrid25,0,0.681214,-0.1150852692364932,-0.1498938772117962,-0.1498938772117962,-0.0956044368128746,-0.0952766841359443,0 days 00:13:18.612389
38,RedGrid5,0,0.681214,-0.1150852692364932,-0.1498938772117962,-0.1498938772117962,-0.0956044368128746,-0.0952766841359443,0 days 00:14:01.052268
39,RedGrid75,0,0.666939,-0.0608894239736894,-0.1165132742460195,-0.1165132742460195,-0.0092882210386369,-0.0405367807633658,0 days 00:14:14.834029
40,ExpGrad.1,0,0.706832,-0.0832077859589382,-0.1000362485010603,-0.1000362485010603,-0.076960280179536,-0.0718727805989274,0 days 00:03:21.175927
41,ExpGrad.01,0,0.688507,-0.0120910654836292,-0.0159688463516251,-0.0159688463516251,-0.0116461989044172,-0.0089280794439204,0 days 00:07:27.023934
42,RedGrid25,0,0.691123,-0.0206210287063229,-0.0252785964081816,-0.0252785964081816,-0.009651223095347,-0.0226029666333142,0 days 00:12:49.581636
43,RedGrid5,0,0.691123,-0.0206210287063229,-0.0252785964081816,-0.0252785964081816,-0.009651223095347,-0.0226029666333142,0 days 00:13:14.372068
44,RedGrid75,0,0.691123,-0.0206210287063229,-0.0252785964081816,-0.0252785964081816,-0.009651223095347,-0.0226029666333142,0 days 00:13:12.368991
45,ExpGrad.1,1,0.709342,-0.028912747594986,-0.1114563978453793,-0.1114563978453793,-0.0363868128480185,-0.022210326752812,0 days 00:03:36.882089
46,ExpGrad.01,1,0.586879,-0.0008247393861503,-0.0194669341667226,-0.0194669341667226,0.0,-0.000698828688263,0 days 00:03:48.553114
47,RedGrid25,1,0.700232,-0.0141165259998242,-0.1105290909053463,-0.1105290909053463,0.0,-0.018906263807312,0 days 00:14:45.092677
48,RedGrid5,1,0.700232,-0.0141165259998242,-0.1105290909053463,-0.1105290909053463,0.0,-0.018906263807312,0 days 00:14:45.269988
49,RedGrid75,1,0.700232,-0.0141165259998242,-0.1105290909053463,-0.1105290909053463,0.0,-0.018906263807312,0 days 00:14:03.014409
50,ExpGrad.1,2,0.68884,-0.0398960888052447,-0.0806502174328612,-0.0806502174328612,-0.0003985152970208,-0.0297539828757453,0 days 00:02:42.178287
51,ExpGrad.01,2,0.582183,-0.0032189979424918,-0.0092038926480061,-0.0092038926480061,0.0,0.0,0 days 00:02:45.016341
52,RedGrid25,2,0.704716,-0.0552643452608753,-0.09672083629243,-0.09672083629243,0.0,-0.0550555579915834,0 days 00:11:45.711258
53,RedGrid5,2,0.685964,-0.0289160704648465,-0.066008463221285,-0.066008463221285,0.0,-0.0149731318797343,0 days 00:11:49.149835
54,RedGrid75,2,0.660774,-0.0125762619322571,-0.0309183443080615,-0.0309183443080615,0.0,-0.0045272905969125,0 days 00:11:38.678405
55,ExpGrad.1,2,0.717388,-0.0641134552282549,-0.1011822114620016,-0.1011822114620016,-0.0405515106687102,-0.0467000619644318,0 days 00:03:11.026640
56,ExpGrad.01,2,0.63234,-0.0084526276047932,-0.018416120961666,-0.018416120961666,0.0,-0.0051994551609879,0 days 00:05:14.852380
57,RedGrid25,2,0.721508,-0.0808684831321424,-0.1017689702571442,-0.1017689702571442,-0.0903231437033821,-0.0557378067280515,0 days 00:13:54.727665
58,RedGrid5,2,0.664837,-0.0303900401818304,-0.0539413308445252,-0.0539413308445252,-0.0441208987956241,0.0,0 days 00:13:55.893785
59,RedGrid75,2,0.664837,-0.0303900401818304,-0.0539413308445252,-0.0539413308445252,-0.0441208987956241,0.0,0 days 00:13:51.289800
60,ExpGrad.1,1,0.710788,-0.03755650682673,-0.1087877497679047,-0.1087877497679047,-0.0438282461072777,-0.0319207136808263,0 days 00:03:03.714878
61,ExpGrad.01,1,0.579749,-1.0516663556298654e-05,-0.0005434277731963,-0.0005434277731963,0.0,0.0,0 days 00:02:58.958089
62,RedGrid25,1,0.703437,-0.0739325852389915,-0.1382225721743503,-0.1382225721743503,-0.0822578593742139,-0.0673777976458119,0 days 00:11:59.668610
63,RedGrid5,1,0.699153,-0.0156520782198845,-0.1122754880488541,-0.1122754880488541,-0.0038814341005052,-0.0191800204691016,0 days 00:11:51.172983
64,RedGrid75,1,0.699153,-0.0156520782198845,-0.1122754880488541,-0.1122754880488541,-0.0038814341005052,-0.0191800204691016,0 days 00:11:54.278048
65,ExpGrad.1,0,0.706631,-0.0852477426159183,-0.1026956202126663,-0.1026956202126663,-0.0776052785178647,-0.0741645181080586,0 days 00:03:38.247575
66,ExpGrad.01,0,0.68692,-0.0144271132638939,-0.0191846408287532,-0.0191846408287532,-0.010182226758608,-0.0126002562111613,0 days 00:10:24.529921
67,RedGrid25,0,0.686648,-0.1239914527810078,-0.1541006887284393,-0.1541006887284393,-0.1026029963161939,-0.1094008213310502,0 days 00:14:51.996381
68,RedGrid5,0,0.686648,-0.1239914527810078,-0.1541006887284393,-0.1541006887284393,-0.1026029963161939,-0.1094008213310502,0 days 00:14:44.705317
69,RedGrid75,0,0.686648,-0.1239914527810078,-0.1541006887284393,-0.1541006887284393,-0.1026029963161939,-0.1094008213310502,0 days 00:14:52.194450
70,ExpGrad.1,0,0.7069,-0.0831300795965754,-0.1011034920737254,-0.1011034920737254,-0.0742302948434825,-0.07229171882867,0 days 00:03:10.315286
71,ExpGrad.01,0,0.686704,-0.012840485863535,-0.01767175641518,-0.01767175641518,-0.0129122154041672,-0.0085579602326044,0 days 00:07:34.061734
72,RedGrid25,0,0.686973,-0.1239712695855168,-0.154480641048494,-0.154480641048494,-0.100929019772218,-0.10998273138298,0 days 00:12:21.871835
73,RedGrid5,0,0.686973,-0.1239712695855168,-0.154480641048494,-0.154480641048494,-0.100929019772218,-0.10998273138298,0 days 00:12:08.297777
74,RedGrid75,0,0.668302,-0.0524349830803427,-0.1104730545772447,-0.1104730545772447,0.0,-0.0306041920174652,0 days 00:11:57.838067
75,ExpGrad.1,2,0.701871,-0.0498778291877961,-0.0795828165030446,-0.0795828165030446,-0.0488501631844285,-0.0241040119470707,0 days 00:03:50.286630
76,ExpGrad.01,2,0.623245,-0.0072832932491935,-0.01366514175571,-0.01366514175571,-0.0035065007834734,-0.0041636880597727,0 days 00:03:50.024736
77,RedGrid25,2,0.720642,-0.0913034129757836,-0.1159319865337552,-0.0998670398981769,-0.1159319865337552,-0.0669271419133651,0 days 00:13:49.348198
78,RedGrid5,2,0.657267,-0.0120383865124902,-0.0347308379613944,-0.0347308379613944,0.0,0.0,0 days 00:13:28.306819
79,RedGrid75,2,0.657267,-0.0120383865124902,-0.0347308379613944,-0.0347308379613944,0.0,0.0,0 days 00:13:36.432550
80,ExpGrad.1,0,0.707091,-0.0780968530520814,-0.0971960487843459,-0.0971960487843459,-0.0669225088798661,-0.0675332064157843,0 days 00:03:02.645577
81,ExpGrad.01,0,0.688975,-0.0157910213811943,-0.021811991896297,-0.021811991896297,-0.0141767610705901,-0.0114050161709695,0 days 00:07:40.775857
82,RedGrid25,0,0.686724,-0.1243912999084314,-0.1542643935962021,-0.1542643935962021,-0.1038710551873494,-0.1095519157594211,0 days 00:15:13.143276
83,RedGrid5,0,0.686724,-0.1243912999084314,-0.1542643935962021,-0.1542643935962021,-0.1038710551873494,-0.1095519157594211,0 days 00:15:07.088392
84,RedGrid75,0,0.668476,-0.0504052158153372,-0.1087392005519057,-0.1087392005519057,0.0,-0.0271457278839711,0 days 00:15:01.261551
85,ExpGrad.1,0,0.706973,-0.0791166208457823,-0.0958908935852117,-0.0958908935852117,-0.0681371022415953,-0.0704621533001961,0 days 00:02:15.410287
86,ExpGrad.01,0,0.684981,-0.0134400340933002,-0.0168744623725491,-0.0168744623725491,-0.0123136324591917,-0.0110513951993138,0 days 00:04:25.526330
87,RedGrid25,0,0.683249,-0.1161053932894594,-0.1491022177033806,-0.1491022177033806,-0.0987985298492801,-0.0967217329518904,0 days 00:09:36.035916
88,RedGrid5,0,0.683249,-0.1161053932894594,-0.1491022177033806,-0.1491022177033806,-0.0987985298492801,-0.0967217329518904,0 days 00:09:37.698163
89,RedGrid75,0,0.683249,-0.1161053932894594,-0.1491022177033806,-0.1491022177033806,-0.0987985298492801,-0.0967217329518904,0 days 00:09:38.101268
90,ExpGrad.1,2,0.725553,-0.0786589799104477,-0.1082280603374757,-0.1082280603374757,-0.0670237484222252,-0.0603778054000349,0 days 00:03:33.263774
91,ExpGrad.01,2,0.631884,-0.0089590197442509,-0.0187610720879667,-0.0187610720879667,-0.0081958853029028,-0.0008550688921116,0 days 00:03:32.286977
92,RedGrid25,2,0.731219,-0.098633251668887,-0.1188590106896371,-0.1188590106896371,-0.110051195685173,-0.0733286080708162,0 days 00:14:26.344296
93,RedGrid5,2,0.663044,-0.0158294879485624,-0.0457618097820105,-0.0457618097820105,0.0,0.0,0 days 00:14:19.695345
94,RedGrid75,2,0.663044,-0.0158294879485624,-0.0457618097820105,-0.0457618097820105,0.0,0.0,0 days 00:14:31.892315
95,ExpGrad.1,0,0.706422,-0.0814383416231993,-0.0986639341381899,-0.0986639341381899,-0.0721367563970212,-0.0714728571293367,0 days 00:03:15.587144
96,ExpGrad.01,0,0.688286,-0.0150211027423315,-0.0202372001059898,-0.0202372001059898,-0.0149720745451359,-0.0104718217007168,0 days 00:06:50.238741
97,RedGrid25,0,0.691066,-0.0220271862769129,-0.0267495673588719,-0.0267495673588719,-0.0082759243315518,-0.0254940755952656,0 days 00:12:58.957950
98,RedGrid5,0,0.691066,-0.0220271862769129,-0.0267495673588719,-0.0267495673588719,-0.0082759243315518,-0.0254940755952656,0 days 00:13:01.006494
99,RedGrid75,0,0.691066,-0.0220271862769129,-0.0267495673588719,-0.0267495673588719,-0.0082759243315518,-0.0254940755952656,0 days 00:13:16.699423
100,ExpGrad.1,1,0.710737,-0.0510898863256692,-0.1167171457305984,-0.1167171457305984,-0.0432382149529977,-0.0534229993726624,0 days 00:03:33.729472
101,ExpGrad.01,1,0.600348,-0.00920264268108,-0.01750791112199,-0.01750791112199,-0.0054131723344159,-0.0110443818486195,0 days 00:02:45.961161
102,RedGrid25,1,0.706978,-0.0647320484702276,-0.136255458369034,-0.136255458369034,-0.073533946124892,-0.0576728485113475,0 days 00:11:40.105771
103,RedGrid5,1,0.706978,-0.0647320484702276,-0.136255458369034,-0.136255458369034,-0.073533946124892,-0.0576728485113475,0 days 00:11:55.633156
104,RedGrid75,1,0.699166,-0.0449751089876342,-0.1097003767983758,-0.1097003767983758,0.0,-0.0678702560724074,0 days 00:12:03.530149
105,ExpGrad.1,0,0.706554,-0.0818678690646645,-0.0987487575411568,-0.0987487575411568,-0.0718953674748281,-0.0725833973160695,0 days 00:03:40.845286
106,ExpGrad.01,0,0.686594,-0.0103169482757794,-0.0157745400134355,-0.0157745400134355,-0.0060790821362469,-0.0078755395741973,0 days 00:06:16.981936
107,RedGrid25,0,0.69031,-0.0205602116331672,-0.0265492905859066,-0.0265492905859066,-0.0047405496436586,-0.0240537439445477,0 days 00:17:04.373351
108,RedGrid5,0,0.69031,-0.0205602116331672,-0.0265492905859066,-0.0265492905859066,-0.0047405496436586,-0.0240537439445477,0 days 00:16:41.638019
109,RedGrid75,0,0.69031,-0.0205602116331672,-0.0265492905859066,-0.0265492905859066,-0.0047405496436586,-0.0240537439445477,0 days 00:16:46.135827
110,ExpGrad.1,1,0.712159,-0.0474522841435901,-0.1297122150613285,-0.1297122150613285,-0.0437268428001513,-0.0469439163345223,0 days 00:02:17.288250
111,ExpGrad.01,1,0.607867,-0.0092290766580944,-0.0254950206560304,-0.0254950206560304,-0.0015126846453021,-0.0129979082234357,0 days 00:04:04.038100
112,RedGrid25,1,0.706473,-0.0623643354506191,-0.1389866990535381,-0.1389866990535381,-0.0641950592981075,-0.058952175002826,0 days 00:11:30.175662
113,RedGrid5,1,0.706473,-0.0623643354506191,-0.1389866990535381,-0.1389866990535381,-0.0641950592981075,-0.058952175002826,0 days 00:11:28.904890
114,RedGrid75,1,0.706473,-0.0623643354506191,-0.1389866990535381,-0.1389866990535381,-0.0641950592981075,-0.058952175002826,0 days 00:11:30.193941
115,ExpGrad.1,1,0.71137,-0.0285715657859324,-0.1070500895503131,-0.1070500895503131,-0.0136278860684438,-0.0344279570571406,0 days 00:02:10.104261
116,ExpGrad.01,1,0.613375,-0.0068707991572784,-0.0211625319509704,-0.0211625319509704,-0.0056658562857102,-0.0070949877084104,0 days 00:05:39.765717
117,RedGrid25,1,0.700723,-0.0139432396104391,-0.1070364759283251,-0.1070364759283251,0.0,-0.0187887717329577,0 days 00:11:34.879708
118,RedGrid5,1,0.700723,-0.0139432396104391,-0.1070364759283251,-0.1070364759283251,0.0,-0.0187887717329577,0 days 00:11:34.793046
119,RedGrid75,1,0.700723,-0.0139432396104391,-0.1070364759283251,-0.1070364759283251,0.0,-0.0187887717329577,0 days 00:11:36.701012
120,ExpGrad.1,0,0.706714,-0.0832899200485632,-0.1013283230093042,-0.1013283230093042,-0.0747278682888691,-0.0721747900588595,0 days 00:03:15.778969
121,ExpGrad.01,0,0.688969,-0.0120001907377584,-0.0189873998216534,-0.0189873998216534,-0.0085922213947537,-0.0077453836166385,0 days 00:07:21.365507
122,RedGrid25,0,0.685738,-0.1253859454264254,-0.1547858261821328,-0.1547858261821328,-0.1046265508259867,-0.1110396753026895,0 days 00:12:56.410132
123,RedGrid5,0,0.685738,-0.1253859454264254,-0.1547858261821328,-0.1547858261821328,-0.1046265508259867,-0.1110396753026895,0 days 00:13:23.744739
124,RedGrid75,0,0.685738,-0.1253859454264254,-0.1547858261821328,-0.1547858261821328,-0.1046265508259867,-0.1110396753026895,0 days 00:13:20.810422
125,ExpGrad.1,1,0.710079,-0.0230331221863495,-0.1092514972138374,-0.1092514972138374,-0.0155743740175999,-0.0245161906964771,0 days 00:02:39.360718
126,ExpGrad.01,1,0.587505,-9.790742891720448e-05,-0.0050510698290572,-0.0050510698290572,0.0,0.0,0 days 00:04:44.017192
127,RedGrid25,1,0.699145,-0.0459162594140773,-0.1207625073440286,-0.1207625073440286,0.0,-0.0690495678552355,0 days 00:14:41.803585
128,RedGrid5,1,0.686408,-0.0011221586782956,-0.0578924592958833,-0.0578924592958833,0.0,0.0,0 days 00:14:59.226396
129,RedGrid75,1,0.686408,-0.0011221586782956,-0.0578924592958833,-0.0578924592958833,0.0,0.0,0 days 00:15:03.339337
130,ExpGrad.1,2,0.712153,-0.0525838313576947,-0.0856334193410607,-0.0856334193410607,-0.0300603029191961,-0.0379141604578466,0 days 00:04:42.994929
131,ExpGrad.01,2,0.622501,-0.0039207156639523,-0.0059103301705887,-0.0059103301705887,0.0,-0.0047625448642453,0 days 00:04:36.552256
132,RedGrid25,2,0.705456,-0.0649806205973954,-0.0934558231759224,-0.0934558231759224,-0.0108653144874646,-0.0756852746269811,0 days 00:14:06.714817
133,RedGrid5,2,0.671336,-0.0325372561202218,-0.0468300648014081,-0.0468300648014081,0.0,-0.0415251110875349,0 days 00:14:09.177282
134,RedGrid75,2,0.671336,-0.0325372561202218,-0.0468300648014081,-0.0468300648014081,0.0,-0.0415251110875349,0 days 00:14:07.511281
135,ExpGrad.1,2,0.704216,-0.0469856613132125,-0.0792071643517073,-0.0792071643517073,-0.027878363340192,-0.0311216699060702,0 days 00:03:05.138904
136,ExpGrad.01,2,0.62621,-0.0152509994551466,-0.0171002272584154,-0.0171002272584154,-0.0102649702715298,-0.0169300784420904,0 days 00:04:07.536301
137,RedGrid25,2,0.71842,-0.0851402966591659,-0.0958365428143608,-0.0958365428143608,-0.0933276781215767,-0.0702000731987074,0 days 00:12:55.834707
138,RedGrid5,2,0.683092,-0.0307816394732433,-0.0739492276633371,-0.0739492276633371,0.0,-0.0129794175681235,0 days 00:11:58.584028
139,RedGrid75,2,0.683092,-0.0307816394732433,-0.0739492276633371,-0.0739492276633371,0.0,-0.0129794175681235,0 days 00:11:21.230376
140,ExpGrad.1,2,0.70929,-0.0525143061528875,-0.0871956106196025,-0.0871956106196025,-0.019372809181585,-0.0441721553879458,0 days 00:02:55.484550
141,ExpGrad.01,2,0.62199,-0.0023495225634456,-0.0068005195367422,-0.0068005195367422,0.0,0.0,0 days 00:04:31.035500
142,RedGrid25,2,0.716425,-0.0701931445005395,-0.1029521218741724,-0.1029521218741724,-0.0897198831760239,-0.0281681198206987,0 days 00:11:58.383636
143,RedGrid5,2,0.683583,-0.0283320066467484,-0.0713072158505209,-0.0713072158505209,0.0,-0.0094401789589412,0 days 00:11:57.532994
144,RedGrid75,2,0.680454,-0.0259480706015198,-0.0674938927739412,-0.0674938927739412,0.0,-0.0067162270104645,0 days 00:11:57.064350
145,ExpGrad.1,1,0.705383,-0.0141309602918765,-0.1050727706312778,-0.1050727706312778,-0.0208685356447924,-0.007573359482955,0 days 00:02:16.508279
146,ExpGrad.01,1,0.600024,-0.0063565189208434,-0.0147791891792867,-0.0147791891792867,-0.0110476999518648,-0.0034895320156139,0 days 00:04:08.379038
147,RedGrid25,1,0.70558,-0.0724340659407157,-0.1379719549324062,-0.1379719549324062,-0.0808269739075084,-0.065742953464181,0 days 00:12:07.903924
148,RedGrid5,1,0.701068,-0.012580627259514,-0.1123977293549531,-0.1123977293549531,-0.0018373639547204,-0.0154604048957892,0 days 00:12:08.069306
149,RedGrid75,1,0.701068,-0.012580627259514,-0.1123977293549531,-0.1123977293549531,-0.0018373639547204,-0.0154604048957892,0 days 00:12:06.970449
150,ExpGrad.1,0,0.707555,-0.0816850205864307,-0.0984015437004117,-0.0984015437004117,-0.0743565664363132,-0.071117203709501,0 days 00:03:49.258784
151,ExpGrad.01,0,0.685227,-0.0126808815424658,-0.0160341112960559,-0.0160341112960559,-0.0113348435698654,-0.0104925459188258,0 days 00:09:02.908266
152,RedGrid25,0,0.686899,-0.0814589934583751,-0.1134724522104917,-0.1134724522104917,-0.0077177661322864,-0.0942017846823586,0 days 00:14:57.721228
153,RedGrid5,0,0.686899,-0.0814589934583751,-0.1134724522104917,-0.1134724522104917,-0.0077177661322864,-0.0942017846823586,0 days 00:14:58.821405
154,RedGrid75,0,0.665731,-0.0296699266358542,-0.0823486072854156,-0.0823486072854156,0.0,0.0,0 days 00:14:58.148004
155,ExpGrad.1,1,0.71277,-0.043379649026617,-0.1030559283114919,-0.1030559283114919,-0.041537562584377,-0.0425117819675023,0 days 00:03:17.151495
156,ExpGrad.01,1,0.589419,-0.0029883663418684,-0.0077911057745259,-0.0077911057745259,0.0,-0.0044878414531665,0 days 00:03:14.568543
157,RedGrid25,1,0.706274,-0.0699531470065914,-0.1289735736117755,-0.1289735736117755,-0.0791050746453773,-0.0630312032434905,0 days 00:14:44.315538
158,RedGrid5,1,0.706274,-0.0699531470065914,-0.1289735736117755,-0.1289735736117755,-0.0791050746453773,-0.0630312032434905,0 days 00:14:43.319402
159,RedGrid75,1,0.706274,-0.0699531470065914,-0.1289735736117755,-0.1289735736117755,-0.0791050746453773,-0.0630312032434905,0 days 00:14:04.521192
160,ExpGrad.1,1,0.709094,-0.0181616241898593,-0.1002069058514779,-0.1002069058514779,-0.0183702147196782,-0.0155142852546995,0 days 00:03:34.707985
161,ExpGrad.01,1,0.589595,-0.0001466748410863,-0.0075317214203237,-0.0075317214203237,0.0,0.0,0 days 00:03:44.919111
162,RedGrid25,1,0.69988,-0.004825882252206,-0.1017541280380582,-0.1017541280380582,0.0,-0.0045070733808787,0 days 00:15:28.372078
163,RedGrid5,1,0.69988,-0.004825882252206,-0.1017541280380582,-0.1017541280380582,0.0,-0.0045070733808787,0 days 00:15:21.202319
164,RedGrid75,1,0.69988,-0.004825882252206,-0.1017541280380582,-0.1017541280380582,0.0,-0.0045070733808787,0 days 00:15:22.445620
165,ExpGrad.1,0,0.706603,-0.0833292364598709,-0.1002098007657641,-0.1002098007657641,-0.0740763423919325,-0.0736207948199202,0 days 00:03:50.694170
166,ExpGrad.01,0,0.687,-0.0145178320839086,-0.0171279753360427,-0.0171279753360427,-0.0149935236579726,-0.0119604266588644,0 days 00:08:43.801413
167,RedGrid25,0,0.687393,-0.1216636945528293,-0.1523083750457018,-0.1523083750457018,-0.0993601849223544,-0.1070897349010628,0 days 00:15:35.294560
168,RedGrid5,0,0.687393,-0.1216636945528293,-0.1523083750457018,-0.1523083750457018,-0.0993601849223544,-0.1070897349010628,0 days 00:15:37.282511
169,RedGrid75,0,0.687393,-0.1216636945528293,-0.1523083750457018,-0.1523083750457018,-0.0993601849223544,-0.1070897349010628,0 days 00:15:39.059146
170,ExpGrad.1,1,0.71257,-0.0409817419066696,-0.1223305166129771,-0.1223305166129771,-0.0342414545138166,-0.0422339843698058,0 days 00:02:57.539281
171,ExpGrad.01,1,0.598139,-0.0034423626787136,-0.015455676070973,-0.015455676070973,0.0,-0.0049871456120531,0 days 00:04:11.103758
172,RedGrid25,1,0.707772,-0.0666736179818979,-0.1412997378816072,-0.1412997378816072,-0.0700212188220623,-0.0625257998059199,0 days 00:14:47.871455
173,RedGrid5,1,0.707772,-0.0666736179818979,-0.1412997378816072,-0.1412997378816072,-0.0700212188220623,-0.0625257998059199,0 days 00:14:47.483688
174,RedGrid75,1,0.693063,-0.0414764384159661,-0.0996422558446306,-0.0996422558446306,0.0,-0.0627431552557217,0 days 00:14:36.682841
175,ExpGrad.1,1,0.710737,-0.0341544629828978,-0.1180285315971503,-0.1180285315971503,-0.0410420358027437,-0.0277140575984153,0 days 00:02:36.613731
176,ExpGrad.01,1,0.59951,-0.0003834125402403,-0.0194352192640347,-0.0194352192640347,0.0,0.0,0 days 00:02:45.573162
177,RedGrid25,1,0.704865,-0.0704920464377066,-0.1438986660876637,-0.1438986660876637,-0.0753353664388067,-0.0655119419901317,0 days 00:11:57.056163
178,RedGrid5,1,0.704865,-0.0704920464377066,-0.1438986660876637,-0.1438986660876637,-0.0753353664388067,-0.0655119419901317,0 days 00:11:59.510048
179,RedGrid75,1,0.683496,-0.0009240771794303,-0.0468415628447129,-0.0468415628447129,0.0,0.0,0 days 00:11:28.288477
180,ExpGrad.1,1,0.712287,-0.0531958581200504,-0.1286024606871706,-0.1286024606871706,-0.0583672392703601,-0.048006841948238,0 days 00:02:19.646486
181,ExpGrad.01,1,0.602705,-0.002206623800196,-0.010706377215531,-0.010706377215531,0.0,-0.0031658151977231,0 days 00:04:25.077241
182,RedGrid25,1,0.705916,-0.0734449552460066,-0.1417358539485108,-0.1417358539485108,-0.0765117000995743,-0.0696404573386382,0 days 00:14:23.752881
183,RedGrid5,1,0.705916,-0.0734449552460066,-0.1417358539485108,-0.1417358539485108,-0.0765117000995743,-0.0696404573386382,0 days 00:14:11.195021
184,RedGrid75,1,0.70166,-0.01800199819275,-0.1087993361295946,-0.1087993361295946,-0.0002817916537204,-0.0250093137915454,0 days 00:14:14.219481
185,ExpGrad.1,0,0.705869,-0.0828185574784492,-0.1002725365754509,-0.1002725365754509,-0.0735188678489425,-0.0726502033618015,0 days 00:03:05.730960
186,ExpGrad.01,0,0.688869,-0.0156558761608418,-0.0214608884298377,-0.0214608884298377,-0.0138576259321966,-0.0115601527444428,0 days 00:08:33.541057
187,RedGrid25,0,0.693262,-0.0355139865306106,-0.0418656874351035,-0.0391526640865781,-0.0182098744139399,-0.0418656874351035,0 days 00:13:34.657660
188,RedGrid5,0,0.693262,-0.0355139865306106,-0.0418656874351035,-0.0391526640865781,-0.0182098744139399,-0.0418656874351035,0 days 00:13:39.697080
189,RedGrid75,0,0.693262,-0.0355139865306106,-0.0418656874351035,-0.0391526640865781,-0.0182098744139399,-0.0418656874351035,0 days 00:13:26.955642
190,ExpGrad.1,2,0.718312,-0.0639129714379226,-0.0978546008953283,-0.0978546008953283,-0.0418222196148888,-0.0483574470243947,0 days 00:03:22.593929
191,ExpGrad.01,2,0.627812,-0.0128842196125642,-0.0173266894064118,-0.0173266894064118,-0.0116732714720972,-0.0097362342735904,0 days 00:03:49.187798
192,RedGrid25,2,0.705603,-0.0576402100288244,-0.0834265744254098,-0.0834265744254098,-0.0407671519633903,-0.0458818992487778,0 days 00:12:19.673651
193,RedGrid5,2,0.705603,-0.0576402100288244,-0.0834265744254098,-0.0834265744254098,-0.0407671519633903,-0.0458818992487778,0 days 00:12:25.477102
194,RedGrid75,2,0.652993,-0.0188890919494463,-0.0438027053469017,-0.0215919635115736,-0.0438027053469017,0.0,0 days 00:12:49.270189
195,ExpGrad.1,1,0.710952,-0.0324566929563506,-0.106082206566053,-0.106082206566053,-0.0256300530234191,-0.0339829371392242,0 days 00:02:53.682430
196,ExpGrad.01,1,0.600783,-0.000181325506445,-0.0093555192950268,-0.0093555192950268,0.0,0.0,0 days 00:02:41.112427
197,RedGrid25,1,0.696095,-0.0016447244078902,-0.084859826037104,-0.084859826037104,0.0,0.0,0 days 00:11:36.001831
198,RedGrid5,1,0.696095,-0.0016447244078902,-0.084859826037104,-0.084859826037104,0.0,0.0,0 days 00:11:40.312327
199,RedGrid75,1,0.686597,-0.0011302945686048,-0.0583177339634251,-0.0583177339634251,0.0,0.0,0 days 00:11:38.546926
200,ExpGrad.1,0,0.70704,-0.0792838147236611,-0.0965425166652285,-0.0965425166652285,-0.0691309623493607,-0.069777020482561,0 days 00:02:36.681855
201,ExpGrad.01,0,0.688201,-0.0166772196857088,-0.0215057373797875,-0.0215057373797875,-0.0148312140547747,-0.0134667409321078,0 days 00:04:52.809969
202,RedGrid25,0,0.683347,-0.1166046483175485,-0.1507360671835416,-0.1507360671835416,-0.0978483517969249,-0.0970713787255858,0 days 00:09:37.739134
203,RedGrid5,0,0.683347,-0.1166046483175485,-0.1507360671835416,-0.1507360671835416,-0.0978483517969249,-0.0970713787255858,0 days 00:09:36.498513
204,RedGrid75,0,0.683347,-0.1166046483175485,-0.1507360671835416,-0.1507360671835416,-0.0978483517969249,-0.0970713787255858,0 days 00:09:37.097645
205,ExpGrad.1,0,0.70705,-0.0836462488417006,-0.101706753288754,-0.101706753288754,-0.0743520637023179,-0.0729588344199599,0 days 00:03:43.456086
206,ExpGrad.01,0,0.686672,-0.0142638268283306,-0.0201386084849038,-0.0201386084849038,-0.0128511438996167,-0.0098937775139514,0 days 00:06:31.344599
207,RedGrid25,0,0.687786,-0.0820852593032472,-0.1151960746055743,-0.1151960746055743,-0.0074756588575882,-0.0944343171360573,0 days 00:14:11.571469
208,RedGrid5,0,0.687786,-0.0820852593032472,-0.1151960746055743,-0.1151960746055743,-0.0074756588575882,-0.0944343171360573,0 days 00:14:25.729934
209,RedGrid75,0,0.664375,-0.053858439030651,-0.1117060268539852,-0.1117060268539852,0.0,-0.0329925783068336,0 days 00:14:40.810071
210,ExpGrad.1,2,0.709827,-0.063031625228343,-0.096079229943487,-0.096079229943487,-0.0577230669056237,-0.0371773072527319,0 days 00:02:13.649744
211,ExpGrad.01,2,0.6296,-0.0071741878647941,-0.013078833559735,-0.013078833559735,-0.0100418010591965,0.0,0 days 00:04:28.070743
212,RedGrid25,2,0.719663,-0.0857142982120794,-0.0972008486192909,-0.0972008486192909,-0.0894676250734084,-0.0729799492567782,0 days 00:11:12.327872
213,RedGrid5,2,0.719663,-0.0857142982120794,-0.0972008486192909,-0.0972008486192909,-0.0894676250734084,-0.0729799492567782,0 days 00:11:11.327851
214,RedGrid75,2,0.669928,-0.0230519055746977,-0.066298997053504,-0.066298997053504,0.0,0.0,0 days 00:11:10.698743
215,ExpGrad.1,1,0.710769,-0.0230402180800631,-0.1190693465063338,-0.1190693465063338,-0.0072046145495644,-0.0288023565061662,0 days 00:02:29.618760
216,ExpGrad.01,1,0.629146,-0.011097585977139,-0.0365889821402374,-0.0365889821402374,-0.0107249765856842,-0.0105142937134496,0 days 00:04:06.797213
217,RedGrid25,1,0.699094,-0.0141864727876731,-0.1146217052282572,-0.1146217052282572,-0.0066973250174745,-0.015209052964573,0 days 00:09:41.485953
218,RedGrid5,1,0.699094,-0.0141864727876731,-0.1146217052282572,-0.1146217052282572,-0.0066973250174745,-0.015209052964573,0 days 00:09:42.014487
219,RedGrid75,1,0.699094,-0.0141864727876731,-0.1146217052282572,-0.1146217052282572,-0.0066973250174745,-0.015209052964573,0 days 00:09:26.248488
220,ExpGrad.1,1,0.708508,-0.0204522709493567,-0.1023485377541487,-0.1023485377541487,-0.0148857752830146,-0.0209982304307236,0 days 00:02:55.279705
221,ExpGrad.01,1,0.582455,-6.029781533635464e-05,-0.0030809868555958,-0.0030809868555958,0.0,0.0,0 days 00:03:45.452402
222,RedGrid25,1,0.707674,-0.0634163395767867,-0.1326034310021412,-0.1326034310021412,-0.0672255191521494,-0.059156452877676,0 days 00:14:08.697817
223,RedGrid5,1,0.698501,-0.0017987574667677,-0.0919096003827373,-0.0919096003827373,0.0,0.0,0 days 00:14:06.235339
224,RedGrid75,1,0.698501,-0.0017987574667677,-0.0919096003827373,-0.0919096003827373,0.0,0.0,0 days 00:14:09.924419
225,ExpGrad.1,1,0.711425,-0.0395263537375495,-0.112021298371076,-0.112021298371076,-0.035833441894559,-0.0393252666652647,0 days 00:02:30.530808
226,ExpGrad.01,1,0.595261,-0.000683914037639,-0.0049035177608546,-0.0049035177608546,-0.0009275506048213,-0.0004191275105028,0 days 00:03:41.663747
227,RedGrid25,1,0.691406,-0.0016153437030289,-0.0827773053836432,-0.0827773053836432,0.0,0.0,0 days 00:10:51.834127
228,RedGrid5,1,0.691406,-0.0016153437030289,-0.0827773053836432,-0.0827773053836432,0.0,0.0,0 days 00:10:50.906565
229,RedGrid75,1,0.691406,-0.0016153437030289,-0.0827773053836432,-0.0827773053836432,0.0,0.0,0 days 00:10:50.856633
230,ExpGrad.1,1,0.709937,-0.0237571801515264,-0.1096127926158866,-0.1096127926158866,-0.0330625763714903,-0.0159430030019661,0 days 00:03:08.082008
231,ExpGrad.01,1,0.590055,-0.01298177269641,-0.0188787506631297,-0.0188787506631297,-0.0150057822892035,-0.0116779355418536,0 days 00:03:43.574986
232,RedGrid25,1,0.707278,-0.0729703217828445,-0.1440155342126636,-0.1440155342126636,-0.0870536047330797,-0.0629683239757066,0 days 00:14:31.213923
233,RedGrid5,1,0.699803,-0.0018977293480225,-0.0970923906564131,-0.0970923906564131,0.0,0.0,0 days 00:15:01.050093
234,RedGrid75,1,0.699803,-0.0018977293480225,-0.0970923906564131,-0.0970923906564131,0.0,0.0,0 days 00:15:00.652002
235,ExpGrad.1,0,0.705746,-0.0820501943610263,-0.0998353283020345,-0.0998353283020345,-0.0731463280119292,-0.0714028735184986,0 days 00:02:30.430343
236,ExpGrad.01,0,0.687347,-0.0137450269269553,-0.019165030891126,-0.019165030891126,-0.0108916434907757,-0.0105775998478649,0 days 00:04:48.801371
237,RedGrid25,0,0.682518,-0.1128505228214541,-0.1481043975344661,-0.1481043975344661,-0.095971744781892,-0.0913194576637497,0 days 00:09:11.412763
238,RedGrid5,0,0.682518,-0.1128505228214541,-0.1481043975344661,-0.1481043975344661,-0.095971744781892,-0.0913194576637497,0 days 00:09:08.425575
239,RedGrid75,0,0.682518,-0.1128505228214541,-0.1481043975344661,-0.1481043975344661,-0.095971744781892,-0.0913194576637497,0 days 00:09:11.202568
240,ExpGrad.1,2,0.715536,-0.0591210809349281,-0.0931015027490433,-0.0931015027490433,-0.0473455672632102,-0.0368631782481257,0 days 00:02:30.128483
241,ExpGrad.01,2,0.621713,-0.0054219708608434,-0.0092036510709954,-0.0051993036899491,0.0,-0.0092036510709954,0 days 00:03:48.475409
242,RedGrid25,2,0.698985,-0.0555957477211677,-0.0740518548491338,-0.0740518548491338,-0.057594708797918,-0.0379563260335384,0 days 00:11:15.509074
243,RedGrid5,2,0.673469,-0.0303173895295483,-0.0511187246710745,-0.049052318250894,-0.0511187246710745,0.0,0 days 00:11:18.385995
244,RedGrid75,2,0.673469,-0.0303173895295483,-0.0511187246710745,-0.049052318250894,-0.0511187246710745,0.0,0 days 00:11:09.983750
245,ExpGrad.1,0,0.705855,-0.0838084528493553,-0.1021619374431409,-0.1021619374431409,-0.0748419899157947,-0.0727255304039947,0 days 00:03:32.348664
246,ExpGrad.01,0,0.685154,-0.0136714498875134,-0.0179993849525043,-0.0179993849525043,-0.013231441301357,-0.0101310996934077,0 days 00:07:22.208547
247,RedGrid25,0,0.690059,-0.0207526180296273,-0.0263851938593079,-0.0263851938593079,-0.0085503095091332,-0.0225828987611453,0 days 00:16:31.908608
248,RedGrid5,0,0.690059,-0.0207526180296273,-0.0263851938593079,-0.0263851938593079,-0.0085503095091332,-0.0225828987611453,0 days 00:16:29.159800
249,RedGrid75,0,0.690059,-0.0207526180296273,-0.0263851938593079,-0.0263851938593079,-0.0085503095091332,-0.0225828987611453,0 days 00:16:29.240478
250,ExpGrad.1,2,0.682929,-0.045229454784127,-0.0684464863380798,-0.0684464863380798,-0.0211462986587276,-0.0409077301163195,0 days 00:04:21.306771
251,ExpGrad.01,2,0.626119,-0.0043012817829971,-0.0124487443908423,-0.0124487443908423,0.0,0.0,0 days 00:04:47.857526
252,RedGrid25,2,0.672526,-0.0310680006417085,-0.051348269982858,-0.0458460782552685,-0.051348269982858,-0.004423573030011,0 days 00:14:03.984411
253,RedGrid5,2,0.657352,-0.0130586220149711,-0.0377941868871767,-0.0377941868871767,0.0,0.0,0 days 00:14:02.330561
254,RedGrid75,2,0.640272,-0.0059872876936795,-0.0173283727626692,-0.0173283727626692,0.0,0.0,0 days 00:13:59.484912
255,ExpGrad.1,0,0.70698,-0.0841597377215627,-0.1019250503775933,-0.1019250503775933,-0.0741679590847439,-0.0740671954365655,0 days 00:03:46.328376
256,ExpGrad.01,0,0.684668,-0.0137950388003585,-0.0166623054043011,-0.0166623054043011,-0.009083522243804,-0.0138785587205498,0 days 00:07:03.877470
257,RedGrid25,0,0.683206,-0.1144767407510954,-0.1482035818888774,-0.1482035818888774,-0.094062419421205,-0.0961150429899273,0 days 00:15:05.837799
258,RedGrid5,0,0.683206,-0.1144767407510954,-0.1482035818888774,-0.1482035818888774,-0.094062419421205,-0.0961150429899273,0 days 00:15:26.692528
259,RedGrid75,0,0.683206,-0.1144767407510954,-0.1482035818888774,-0.1482035818888774,-0.094062419421205,-0.0961150429899273,0 days 00:15:34.400087
260,ExpGrad.1,2,0.710951,-0.0586927640082418,-0.0953388141151685,-0.0953388141151685,-0.0484113705011348,-0.0331007660779589,0 days 00:03:18.436285
261,ExpGrad.01,2,0.599795,-0.0063824393813896,-0.0120415543948877,-0.0120415543948877,-0.0084322908672954,0.0,0 days 00:03:25.128573
262,RedGrid25,2,0.680359,-0.0214395461852324,-0.0544527584595424,-0.0544527584595424,0.0,-0.0065206085356659,0 days 00:13:01.364657
263,RedGrid5,2,0.680359,-0.0214395461852324,-0.0544527584595424,-0.0544527584595424,0.0,-0.0065206085356659,0 days 00:12:07.696416
264,RedGrid75,2,0.680359,-0.0214395461852324,-0.0544527584595424,-0.0544527584595424,0.0,-0.0065206085356659,0 days 00:11:28.437786
265,ExpGrad.1,1,0.711809,-0.0573646172523645,-0.1386944196033156,-0.1386944196033156,-0.0587774450017607,-0.0540263949547507,0 days 00:02:37.373957
266,ExpGrad.01,1,0.60117,-0.0055412289340181,-0.0274321804443161,-0.0274321804443161,-0.0143158314195689,0.0,0 days 00:03:24.201197
267,RedGrid25,1,0.705312,-0.0686928212034748,-0.1519893162410445,-0.1519893162410445,-0.0733012240456462,-0.0635253725077618,0 days 00:11:20.397990
268,RedGrid5,1,0.700655,-0.010254187858291,-0.1137398229211095,-0.1137398229211095,0.0,-0.0126721921743037,0 days 00:11:19.721758
269,RedGrid75,1,0.700655,-0.010254187858291,-0.1137398229211095,-0.1137398229211095,0.0,-0.0126721921743037,0 days 00:11:51.072891
270,ExpGrad.1,2,0.708042,-0.046115215082406,-0.0848252684435168,-0.0848252684435168,-0.0287716602440836,-0.0232668092293331,0 days 00:02:16.744315
271,ExpGrad.01,2,0.624297,-0.0026489921933933,-0.0076114949163098,-0.0076114949163098,0.0,0.0,0 days 00:04:36.251990
272,RedGrid25,2,0.702918,-0.0587077764509663,-0.0816019919452648,-0.0816019919452648,-0.0568732125901221,-0.0396513079870775,0 days 00:11:50.243611
273,RedGrid5,2,0.702918,-0.0587077764509663,-0.0816019919452648,-0.0816019919452648,-0.0568732125901221,-0.0396513079870775,0 days 00:11:57.141320
274,RedGrid75,2,0.665963,-0.0190837680421486,-0.0548344399802773,-0.0548344399802773,0.0,0.0,0 days 00:12:19.547542
275,ExpGrad.1,1,0.712301,-0.0407500559712319,-0.1241071759144745,-0.1241071759144745,-0.031885110061899,-0.0430708412911533,0 days 00:02:51.516916
276,ExpGrad.01,1,0.587465,-0.0001537443302059,-0.0078589477549587,-0.0078589477549587,0.0,0.0,0 days 00:03:22.979078
277,RedGrid25,1,0.708505,-0.0705394423953973,-0.1406232139861636,-0.1406232139861636,-0.0745704548260104,-0.0661374423503089,0 days 00:13:48.858617
278,RedGrid5,1,0.708505,-0.0705394423953973,-0.1406232139861636,-0.1406232139861636,-0.0745704548260104,-0.0661374423503089,0 days 00:13:39.607139
279,RedGrid75,1,0.708505,-0.0705394423953973,-0.1406232139861636,-0.1406232139861636,-0.0745704548260104,-0.0661374423503089,0 days 00:13:47.359971
280,ExpGrad.1,0,0.706982,-0.0846328635795133,-0.1025143407596326,-0.1025143407596326,-0.0747787021333692,-0.0743843896675793,0 days 00:03:53.692815
281,ExpGrad.01,0,0.689065,-0.0134079572060309,-0.018789108572454,-0.018789108572454,-0.011028448618077,-0.0099994309344317,0 days 00:10:19.828293
282,RedGrid25,0,0.686371,-0.1234838313995466,-0.1537744703901606,-0.1537744703901606,-0.1002900641020106,-0.1097225873916736,0 days 00:15:02.391271
283,RedGrid5,0,0.686371,-0.1234838313995466,-0.1537744703901606,-0.1537744703901606,-0.1002900641020106,-0.1097225873916736,0 days 00:15:03.960483
284,RedGrid75,0,0.686371,-0.1234838313995466,-0.1537744703901606,-0.1537744703901606,-0.1002900641020106,-0.1097225873916736,0 days 00:15:00.367932
285,ExpGrad.1,2,0.71895,-0.068535461841421,-0.0962438959121946,-0.0962438959121946,-0.0744589888155322,-0.0401162764280706,0 days 00:02:42.262157
286,ExpGrad.01,2,0.615983,-0.007271275457301,-0.010567820747673,-0.010567820747673,-0.0025620743718078,-0.007507895584205,0 days 00:03:54.283596
287,RedGrid25,2,0.714741,-0.0645254021519824,-0.0949047659930727,-0.0949047659930727,-0.0922310317793314,-0.0191929959104029,0 days 00:14:09.801409
288,RedGrid5,2,0.691577,-0.0425426961248575,-0.0795335848222767,-0.0619028385961815,-0.0795335848222767,-0.0007333969870617,0 days 00:13:52.650612
289,RedGrid75,2,0.691577,-0.0425426961248575,-0.0795335848222767,-0.0619028385961815,-0.0795335848222767,-0.0007333969870617,0 days 00:14:00.153680
290,ExpGrad.1,0,0.706398,-0.0776252739691967,-0.0959007318765701,-0.0959007318765701,-0.0656036828534114,-0.0682469766156561,0 days 00:03:25.021462
291,ExpGrad.01,0,0.68734,-0.0154452705941226,-0.0199654461084822,-0.0199654461084822,-0.0169828586842926,-0.0106239164607329,0 days 00:06:43.510607
292,RedGrid25,0,0.691346,-0.0232664092188994,-0.0297194409612836,-0.0297194409612836,-0.0078482564720593,-0.0261516587333322,0 days 00:13:20.809125
293,RedGrid5,0,0.691346,-0.0232664092188994,-0.0297194409612836,-0.0297194409612836,-0.0078482564720593,-0.0261516587333322,0 days 00:13:29.956010
294,RedGrid75,0,0.691346,-0.0232664092188994,-0.0297194409612836,-0.0297194409612836,-0.0078482564720593,-0.0261516587333322,0 days 00:13:31.535834
295,ExpGrad.1,0,0.706619,-0.0783890016568694,-0.0960133585580902,-0.0960133585580902,-0.0679770014726132,-0.0686864579389898,0 days 00:03:43.788921
296,ExpGrad.01,0,0.686726,-0.0123683562711925,-0.0177432801467724,-0.0177432801467724,-0.0087613569629556,-0.0096482548983327,0 days 00:06:11.084283
297,RedGrid25,0,0.686319,-0.1221640249657598,-0.1514107664135519,-0.1514107664135519,-0.1017469422853376,-0.1078004030982926,0 days 00:13:05.107136
298,RedGrid5,0,0.686319,-0.1221640249657598,-0.1514107664135519,-0.1514107664135519,-0.1017469422853376,-0.1078004030982926,0 days 00:13:01.520026
299,RedGrid75,0,0.686319,-0.1221640249657598,-0.1514107664135519,-0.1514107664135519,-0.1017469422853376,-0.1078004030982926,0 days 00:12:59.118028
300,ExpGrad.1,0,0.706825,-0.0793912073622616,-0.0970612705652197,-0.0970612705652197,-0.0697299455060866,-0.069248454001656,0 days 00:03:16.063358
301,ExpGrad.01,0,0.688817,-0.0137614932766501,-0.0188744140355812,-0.0188744140355812,-0.0164962235453186,-0.0077614742546305,0 days 00:06:16.062788
302,RedGrid25,0,0.691105,-0.0241561501062171,-0.0290656215110028,-0.0290656215110028,-0.0130942921693345,-0.0259813596879464,0 days 00:12:59.610544
303,RedGrid5,0,0.691105,-0.0241561501062171,-0.0290656215110028,-0.0290656215110028,-0.0130942921693345,-0.0259813596879464,0 days 00:12:45.128260
304,RedGrid75,0,0.691105,-0.0241561501062171,-0.0290656215110028,-0.0290656215110028,-0.0130942921693345,-0.0259813596879464,0 days 00:13:08.721417
305,ExpGrad.1,2,0.708449,-0.0437091441792179,-0.0790924881025307,-0.0790924881025307,-0.0188482958714698,-0.0286861388931448,0 days 00:03:09.310405
306,ExpGrad.01,2,0.635492,-0.0059239641778144,-0.0105457350635177,-0.0086214178200971,-0.0105457350635177,-0.0004696032620709,0 days 00:05:43.375770
307,RedGrid25,2,0.701711,-0.0420386916268991,-0.0750348761317362,-0.0750348761317362,0.0,-0.0404962495214388,0 days 00:13:58.841031
308,RedGrid5,2,0.701711,-0.0420386916268991,-0.0750348761317362,-0.0750348761317362,0.0,-0.0404962495214388,0 days 00:13:59.085803
309,RedGrid75,2,0.668963,-0.0270915491426184,-0.0573761798383127,-0.0350399305839341,-0.0573761798383127,0.0,0 days 00:14:00.507336
310,ExpGrad.1,1,0.709694,-0.0185097295855208,-0.1119029777143116,-0.1119029777143116,-0.0090734244304602,-0.0208114407732377,0 days 00:03:00.573496
311,ExpGrad.01,1,0.600164,-0.0022467183450225,-0.023444030569018,-0.023444030569018,-0.0051103908771471,0.0,0 days 00:03:37.519591
312,RedGrid25,1,0.699539,-0.0020252416260513,-0.1026803843192485,-0.1026803843192485,0.0,0.0,0 days 00:12:58.563669
313,RedGrid5,1,0.699539,-0.0020252416260513,-0.1026803843192485,-0.1026803843192485,0.0,0.0,0 days 00:13:17.075033
314,RedGrid75,1,0.699539,-0.0020252416260513,-0.1026803843192485,-0.1026803843192485,0.0,0.0,0 days 00:12:00.185263
315,ExpGrad.1,2,0.703402,-0.0456351812277208,-0.0735528817258442,-0.0735528817258442,-0.02864513348643,-0.032018635849401,0 days 00:03:19.295263
316,ExpGrad.01,2,0.615167,-0.0051798896792482,-0.0099646071129809,-0.0073813620882203,-0.0099646071129809,0.0,0 days 00:05:05.434878
317,RedGrid25,2,0.719491,-0.0773556130033315,-0.0907957823795467,-0.0845183030875146,-0.0907957823795467,-0.0619286449120765,0 days 00:14:00.988881
318,RedGrid5,2,0.67288,-0.0313753273858324,-0.0655718257179365,-0.0361246327672595,-0.0655718257179365,-0.0041941271979688,0 days 00:14:01.235986
319,RedGrid75,2,0.659002,-0.0116153104314062,-0.0332760529879331,-0.0332760529879331,0.0,0.0,0 days 00:13:58.320027
320,ExpGrad.1,0,0.707512,-0.0793798464103407,-0.0979432650877079,-0.0979432650877079,-0.0690253003337045,-0.0688425755041726,0 days 00:03:23.201558
321,ExpGrad.01,0,0.684976,-0.0109490253902992,-0.0170200805800975,-0.0170200805800975,-0.0101731892478894,-0.0060614969722357,0 days 00:06:26.656313
322,RedGrid25,0,0.694637,-0.0351215512203507,-0.0406718578153486,-0.0397462932273964,-0.0177348480211303,-0.0406718578153486,0 days 00:13:05.244992
323,RedGrid5,0,0.694637,-0.0351215512203507,-0.0406718578153486,-0.0397462932273964,-0.0177348480211303,-0.0406718578153486,0 days 00:13:06.709174
324,RedGrid75,0,0.694637,-0.0351215512203507,-0.0406718578153486,-0.0397462932273964,-0.0177348480211303,-0.0406718578153486,0 days 00:12:59.794754
325,ExpGrad.1,2,0.702033,-0.0472679018706904,-0.0837132752054463,-0.0837132752054463,-0.0244963081365682,-0.0298213243017959,0 days 00:03:33.914159
326,ExpGrad.01,2,0.611612,-0.0017526819180876,-0.0050191533242232,-0.0050191533242232,0.0,0.0,0 days 00:03:28.532597
327,RedGrid25,2,0.730101,-0.0981061478854501,-0.1248532102137592,-0.1248532102137592,-0.103236783864238,-0.0709802867212153,0 days 00:12:24.978008
328,RedGrid5,2,0.691098,-0.0464516045277751,-0.1061083093463355,-0.1061083093463355,-0.0045345801563596,-0.0209377820212587,0 days 00:12:24.430051
329,RedGrid75,2,0.621766,-0.0167640299817776,-0.0254358585910639,-0.0019029993322851,-0.0236736183306743,-0.0254358585910639,0 days 00:12:20.847080
330,ExpGrad.1,1,0.713076,-0.0542409270134101,-0.1281477575219628,-0.1281477575219628,-0.0554702460954805,-0.0512901460526742,0 days 00:02:43.481752
331,ExpGrad.01,1,0.596174,-0.0041558232047235,-0.0096850151162284,-0.0096850151162284,0.0,-0.006277131161378,0 days 00:05:14.874498
332,RedGrid25,1,0.707744,-0.0696876956092714,-0.1416980564728959,-0.1416980564728959,-0.0794337513554144,-0.0620994480779327,0 days 00:11:43.147819
333,RedGrid5,1,0.707744,-0.0696876956092714,-0.1416980564728959,-0.1416980564728959,-0.0794337513554144,-0.0620994480779327,0 days 00:11:56.452061
334,RedGrid75,1,0.707744,-0.0696876956092714,-0.1416980564728959,-0.1416980564728959,-0.0794337513554144,-0.0620994480779327,0 days 00:11:48.652629
335,ExpGrad.1,0,0.706666,-0.0832622369729889,-0.1014154258516998,-0.1014154258516998,-0.0740600139203018,-0.072388044269202,0 days 00:02:30.007651
336,ExpGrad.01,0,0.684736,-0.0109747473148345,-0.0168343164362508,-0.0168343164362508,-0.0082164349052098,-0.0073476939361024,0 days 00:05:04.209516
337,RedGrid25,0,0.69407,-0.0387343137909656,-0.0442784746057854,-0.0415421201135202,-0.0242196616907226,-0.0442784746057854,0 days 00:10:06.415492
338,RedGrid5,0,0.69407,-0.0387343137909656,-0.0442784746057854,-0.0415421201135202,-0.0242196616907226,-0.0442784746057854,0 days 00:10:05.709003
339,RedGrid75,0,0.69407,-0.0387343137909656,-0.0442784746057854,-0.0415421201135202,-0.0242196616907226,-0.0442784746057854,0 days 00:10:06.521040
340,ExpGrad.1,1,0.711392,-0.0335182201823512,-0.111772945258016,-0.111772945258016,-0.0320270867830455,-0.031899428133459,0 days 00:02:54.199041
341,ExpGrad.01,1,0.613251,-0.0013422610731228,-0.0212350268005048,-0.0212350268005048,0.0,-0.0014640314596269,0 days 00:03:52.162770
342,RedGrid25,1,0.697773,-0.0018432880534069,-0.0935269791280623,-0.0935269791280623,0.0,0.0,0 days 00:11:08.251443
343,RedGrid5,1,0.697773,-0.0018432880534069,-0.0935269791280623,-0.0935269791280623,0.0,0.0,0 days 00:11:08.860930
344,RedGrid75,1,0.697773,-0.0018432880534069,-0.0935269791280623,-0.0935269791280623,0.0,0.0,0 days 00:11:06.925521
345,ExpGrad.1,0,0.706914,-0.0791943105758754,-0.0966629854850318,-0.0966629854850318,-0.0691974979677927,-0.0693687256195515,0 days 00:03:50.041936
346,ExpGrad.01,0,0.687374,-0.0148197391152528,-0.0197510635109965,-0.0197510635109965,-0.0142956976458513,-0.0107700578349659,0 days 00:09:18.405665
347,RedGrid25,0,0.687119,-0.0802965059802919,-0.1128806811245699,-0.1128806811245699,-0.0072322476141866,-0.0921839839262456,0 days 00:14:07.458838
348,RedGrid5,0,0.687119,-0.0802965059802919,-0.1128806811245699,-0.1128806811245699,-0.0072322476141866,-0.0921839839262456,0 days 00:14:08.131024
349,RedGrid75,0,0.664141,-0.0553271370367448,-0.1125812501985639,-0.1125812501985639,-0.0006438496163704,-0.0352936364407342,0 days 00:14:06.651927
350,ExpGrad.1,2,0.696558,-0.0452472686195102,-0.0810133948681193,-0.0810133948681193,0.0,-0.0433559654075501,0 days 00:03:49.539261
351,ExpGrad.01,2,0.603705,-0.0069587108447564,-0.0122716472988774,-0.0122716472988774,0.0,-0.0068370571263651,0 days 00:04:11.553900
352,RedGrid25,2,0.70146,-0.0487013502034886,-0.089458651939795,-0.089458651939795,0.0,-0.0446268185933416,0 days 00:14:02.353569
353,RedGrid5,2,0.671933,-0.0221362172357374,-0.0631546344008853,-0.0631546344008853,0.0,0.0,0 days 00:13:42.940980
354,RedGrid75,2,0.63326,-0.0105147664443008,-0.0284111452664517,-0.0284111452664517,-0.0021334074582493,0.0,0 days 00:14:12.952872
355,ExpGrad.1,1,0.711108,-0.0290401568704511,-0.1023321809560789,-0.1023321809560789,-0.0334634260534024,-0.0243400551638325,0 days 00:04:37.659095
356,ExpGrad.01,1,0.569656,-5.94153743904117e-06,-0.0003049105186143,-0.0003049105186143,0.0,0.0,0 days 00:03:33.704026
357,RedGrid25,1,0.705717,-0.0568276704458323,-0.1282128265393311,-0.1282128265393311,-0.0544022962827089,-0.0559643404342774,0 days 00:14:42.840770
358,RedGrid5,1,0.705717,-0.0568276704458323,-0.1282128265393311,-0.1282128265393311,-0.0544022962827089,-0.0559643404342774,0 days 00:14:40.954734
359,RedGrid75,1,0.705717,-0.0568276704458323,-0.1282128265393311,-0.1282128265393311,-0.0544022962827089,-0.0559643404342774,0 days 00:14:36.790813
360,ExpGrad.1,0,0.706468,-0.0815833983419467,-0.0988804865285242,-0.0988804865285242,-0.0719944607902565,-0.0717117037079378,0 days 00:03:57.880602
361,ExpGrad.01,0,0.689641,-0.01073948509989,-0.0175556302762354,-0.0175556302762354,-0.006310124630556,-0.0072092552604178,0 days 00:11:28.835386
362,RedGrid25,0,0.691544,-0.0216045419201341,-0.0276720203070458,-0.0276720203070458,-0.0063524383608387,-0.0247160230106706,0 days 00:16:18.394470
363,RedGrid5,0,0.691544,-0.0216045419201341,-0.0276720203070458,-0.0276720203070458,-0.0063524383608387,-0.0247160230106706,0 days 00:16:13.920423
364,RedGrid75,0,0.691544,-0.0216045419201341,-0.0276720203070458,-0.0276720203070458,-0.0063524383608387,-0.0247160230106706,0 days 00:15:53.849026
365,ExpGrad.1,2,0.724857,-0.0818936235933264,-0.11872689019783,-0.11872689019783,-0.0636250133891714,-0.0613130334459899,0 days 00:02:54.208072
366,ExpGrad.01,2,0.63433,-0.0098573864311366,-0.0224158740118604,-0.0224158740118604,-0.0035015300045251,-0.0029254292522146,0 days 00:05:09.218016
367,RedGrid25,2,0.716111,-0.073763399057362,-0.1119933735296788,-0.1119933735296788,-0.0622809468426458,-0.0473942583308206,0 days 00:10:55.187406
368,RedGrid5,2,0.679636,-0.03834352355196,-0.0641793515565546,-0.0641793515565546,0.0,-0.0410031829508074,0 days 00:11:03.347144
369,RedGrid75,2,0.662914,-0.0167311505833415,-0.0480878160417514,-0.0480878160417514,0.0,0.0,0 days 00:10:54.439057
370,ExpGrad.1,2,0.713277,-0.0566117458397104,-0.1002047546328739,-0.1002047546328739,-0.0378002072619489,-0.0306615195245646,0 days 00:03:27.428324
371,ExpGrad.01,2,0.633876,-0.0046752840587884,-0.0117504305746421,-0.0117504305746421,-0.0023245937089589,0.0,0 days 00:05:15.817079
372,RedGrid25,2,0.725594,-0.0830314523677031,-0.1120245318811553,-0.1120245318811553,-0.0861062798113957,-0.0554863314817817,0 days 00:14:49.441948
373,RedGrid5,2,0.656091,-0.0206556673770451,-0.0596154778798797,-0.0596154778798797,0.0,0.0,0 days 00:14:55.779594
374,RedGrid75,2,0.656091,-0.0206556673770451,-0.0596154778798797,-0.0596154778798797,0.0,0.0,0 days 00:14:42.939510
375,ExpGrad.1,1,0.711134,-0.0278049085907625,-0.107259847804944,-0.107259847804944,-0.0239829929740824,-0.0274410360635775,0 days 00:02:52.785377
376,ExpGrad.01,1,0.599419,-0.0002845709930179,-0.0144734413058345,-0.0144734413058345,0.0,0.0,0 days 00:04:00.858803
377,RedGrid25,1,0.699457,-0.002427363373864,-0.1013085579277037,-0.1013085579277037,0.0,-0.0006893343497414,0 days 00:11:54.831928
378,RedGrid5,1,0.699457,-0.002427363373864,-0.1013085579277037,-0.1013085579277037,0.0,-0.0006893343497414,0 days 00:11:52.538718
379,RedGrid75,1,0.699457,-0.002427363373864,-0.1013085579277037,-0.1013085579277037,0.0,-0.0006893343497414,0 days 00:11:49.929373
380,ExpGrad.1,0,0.706583,-0.0820141935183921,-0.0994665632815202,-0.0994665632815202,-0.0724073916977114,-0.0720046859464647,0 days 00:03:21.980741
381,ExpGrad.01,0,0.686112,-0.0128710831924301,-0.0191371317264564,-0.0191371317264564,-0.0066429781436634,-0.0108152475225347,0 days 00:06:28.330515
382,RedGrid25,0,0.690944,-0.0218420325198181,-0.0279935408328563,-0.0279935408328563,-0.0084079112185804,-0.0238748577027702,0 days 00:15:22.169538
383,RedGrid5,0,0.690944,-0.0218420325198181,-0.0279935408328563,-0.0279935408328563,-0.0084079112185804,-0.0238748577027702,0 days 00:15:27.253028
384,RedGrid75,0,0.690944,-0.0218420325198181,-0.0279935408328563,-0.0279935408328563,-0.0084079112185804,-0.0238748577027702,0 days 00:15:41.638967
385,ExpGrad.1,1,0.711708,-0.0365871938524452,-0.117004375135856,-0.117004375135856,-0.0386244121583588,-0.0330021309626451,0 days 00:01:31.812659
386,ExpGrad.01,1,0.60835,-0.0002759989018879,-0.0098327331518907,-0.0098327331518907,-0.0002468377093687,0.0,0 days 00:02:48.331174
387,RedGrid25,1,0.705161,-0.0633423557528785,-0.1403912552554457,-0.1403912552554457,-0.0663341582979991,-0.0593322299755627,0 days 00:08:31.373750
388,RedGrid5,1,0.699931,-0.0083583819371545,-0.1023235162413084,-0.1023235162413084,0.0,-0.0101094683608975,0 days 00:08:32.793757
389,RedGrid75,1,0.699931,-0.0083583819371545,-0.1023235162413084,-0.1023235162413084,0.0,-0.0101094683608975,0 days 00:08:33.173604
390,ExpGrad.1,0,0.705817,-0.0773778021441304,-0.0966169427971168,-0.0966169427971168,-0.0642635755881328,-0.0677101521399783,0 days 00:04:01.141086
391,ExpGrad.01,0,0.684996,-0.0120722276363856,-0.016777055492857,-0.016777055492857,-0.0093319455975461,-0.0094497691006464,0 days 00:07:18.453826
392,RedGrid25,0,0.682411,-0.1142209083938224,-0.1503359545849297,-0.1503359545849297,-0.0943944207087147,-0.0934217677501432,0 days 00:16:14.077198
393,RedGrid5,0,0.682411,-0.1142209083938224,-0.1503359545849297,-0.1503359545849297,-0.0943944207087147,-0.0934217677501432,0 days 00:16:03.728669
394,RedGrid75,0,0.682411,-0.1142209083938224,-0.1503359545849297,-0.1503359545849297,-0.0943944207087147,-0.0934217677501432,0 days 00:16:03.311941
395,ExpGrad.1,1,0.711673,-0.0414562206231893,-0.1209812253216335,-0.1209812253216335,-0.0390258511558676,-0.0403201946561073,0 days 00:03:17.266157
396,ExpGrad.01,1,0.591371,-0.0012368362093554,-0.0245861863612128,-0.0245861863612128,-2.594321753074391e-05,-0.0011777626961168,0 days 00:04:15.094201
397,RedGrid25,1,0.698668,-0.046664120458767,-0.1175026668131012,-0.1175026668131012,0.0,-0.0702120952257134,0 days 00:14:35.136631
398,RedGrid5,1,0.683299,-0.0008976530199988,-0.0456160782279674,-0.0456160782279674,0.0,0.0,0 days 00:14:16.493277
399,RedGrid75,1,0.683299,-0.0008976530199988,-0.0456160782279674,-0.0456160782279674,0.0,0.0,0 days 00:14:15.383017
400,ExpGrad.1,2,0.71041,-0.0620527797952948,-0.0977709334247075,-0.0977709334247075,-0.0518333218390091,-0.0371159350815365,0 days 00:02:41.643223
401,ExpGrad.01,2,0.616254,-0.0033098426662454,-0.0070428851046639,-0.0041647138209739,-0.0070428851046639,0.0,0 days 00:05:49.481448
402,RedGrid25,2,0.730619,-0.0944031677594737,-0.1219359837397781,-0.1219359837397781,-0.1009269476979977,-0.0653583254271162,0 days 00:13:35.014169
403,RedGrid5,2,0.670654,-0.018918020316985,-0.0545400941984297,-0.0545400941984297,0.0,0.0,0 days 00:13:33.790559
404,RedGrid75,2,0.670654,-0.018918020316985,-0.0545400941984297,-0.0545400941984297,0.0,0.0,0 days 00:13:33.990962
405,ExpGrad.1,0,0.707345,-0.0824234315859653,-0.0992853158671955,-0.0992853158671955,-0.0727455434018717,-0.0729984508314828,0 days 00:03:10.024903
406,ExpGrad.01,0,0.687701,-0.0086944103061867,-0.0133854290330932,-0.0133854290330932,-0.00631238876546,-0.0059006022854889,0 days 00:06:36.972820
407,RedGrid25,0,0.683071,-0.1136519669146061,-0.1475515123065505,-0.1475515123065505,-0.093009280498738,-0.0953600386494318,0 days 00:12:33.368327
408,RedGrid5,0,0.683071,-0.1136519669146061,-0.1475515123065505,-0.1475515123065505,-0.093009280498738,-0.0953600386494318,0 days 00:12:41.368918
409,RedGrid75,0,0.683071,-0.1136519669146061,-0.1475515123065505,-0.1475515123065505,-0.093009280498738,-0.0953600386494318,0 days 00:12:37.310217
410,ExpGrad.1,1,0.709781,-0.0254525867113063,-0.1081226365930185,-0.1081226365930185,-0.0053013795352943,-0.0340351380736462,0 days 00:01:24.142615
411,ExpGrad.01,1,0.564345,-0.0028681218195689,-0.0044366927634438,-0.0033747536393362,0.0,-0.0044366927634438,0 days 00:01:53.202776
412,RedGrid25,1,0.700225,-0.0110307098284161,-0.1073182781225856,-0.1073182781225856,0.0,-0.0141559463265983,0 days 00:08:06.990049
413,RedGrid5,1,0.700225,-0.0110307098284161,-0.1073182781225856,-0.1073182781225856,0.0,-0.0141559463265983,0 days 00:08:08.629872
414,RedGrid75,1,0.700225,-0.0110307098284161,-0.1073182781225856,-0.1073182781225856,0.0,-0.0141559463265983,0 days 00:07:55.776912
415,ExpGrad.1,0,0.706738,-0.0821650127867829,-0.0997411557678654,-0.0997411557678654,-0.0741928632506772,-0.0711423987125438,0 days 00:04:03.209410
416,ExpGrad.01,0,0.686142,-0.0120741305217287,-0.0178797683312469,-0.0178797683312469,-0.0107340922422876,-0.0077175540385129,0 days 00:09:35.910388
417,RedGrid25,0,0.686059,-0.1227670401301391,-0.1521221399464373,-0.1521221399464373,-0.1006502678933943,-0.109228169895142,0 days 00:16:31.955393
418,RedGrid5,0,0.686059,-0.1227670401301391,-0.1521221399464373,-0.1521221399464373,-0.1006502678933943,-0.109228169895142,0 days 00:16:16.105188
419,RedGrid75,0,0.686059,-0.1227670401301391,-0.1521221399464373,-0.1521221399464373,-0.1006502678933943,-0.109228169895142,0 days 00:16:14.270250
420,ExpGrad.1,2,0.719313,-0.0684579723723966,-0.0934274036962934,-0.0934274036962934,-0.0740468927355261,-0.0428608608406503,0 days 00:04:00.011579
421,ExpGrad.01,2,0.626896,-0.0058637627017447,-0.0100148099236743,-0.0094492739697073,-0.0100148099236743,0.0,0 days 00:03:28.929567
422,RedGrid25,2,0.715432,-0.0718779232947649,-0.0857126470606954,-0.0857126470606954,-0.0816336921836646,-0.0533439283530357,0 days 00:12:22.569585
423,RedGrid5,2,0.702902,-0.0557431138218003,-0.0821119278052548,-0.0757593686573663,-0.0821119278052548,-0.0209203373894252,0 days 00:12:20.851784
424,RedGrid75,2,0.649652,-0.0192330284434713,-0.0523119252067129,-0.016521845321289,-0.0523119252067129,0.0,0 days 00:12:03.768582
425,ExpGrad.1,0,0.706606,-0.0785501485015342,-0.0974119198986311,-0.0974119198986311,-0.0672576030067546,-0.0682242410108868,0 days 00:03:35.942608
426,ExpGrad.01,0,0.686491,-0.0159393801341797,-0.0204909372947229,-0.0204909372947229,-0.0153419042222505,-0.0122731708674203,0 days 00:08:39.438690
427,RedGrid25,0,0.683278,-0.1144803304817161,-0.1503533949143063,-0.1503533949143063,-0.0957835395074313,-0.093306708389473,0 days 00:15:33.573140
428,RedGrid5,0,0.683278,-0.1144803304817161,-0.1503533949143063,-0.1503533949143063,-0.0957835395074313,-0.093306708389473,0 days 00:15:25.701735
429,RedGrid75,0,0.683278,-0.1144803304817161,-0.1503533949143063,-0.1503533949143063,-0.0957835395074313,-0.093306708389473,0 days 00:15:27.018328
430,ExpGrad.1,2,0.6975,-0.0516519794321317,-0.0860243099837937,-0.0860243099837937,-0.0101603960620449,-0.0483779636054811,0 days 00:04:14.243162
431,ExpGrad.01,2,0.619294,-0.0037713629296826,-0.0107631633219739,-0.0107631633219739,0.0,0.0,0 days 00:04:58.082561
432,RedGrid25,2,0.721288,-0.109146478875718,-0.1206396958050062,-0.1206396958050062,-0.1119323883522562,-0.096970334778314,0 days 00:13:46.308509
433,RedGrid5,2,0.660074,-0.0163898577776993,-0.0467753221777956,-0.0467753221777956,0.0,0.0,0 days 00:13:48.874238
434,RedGrid75,2,0.660074,-0.0163898577776993,-0.0467753221777956,-0.0467753221777956,0.0,0.0,0 days 00:13:41.033175
435,ExpGrad.1,2,0.710048,-0.0498635629209707,-0.091412522272925,-0.091412522272925,-0.0235905844249229,-0.0308693378767628,0 days 00:03:04.148150
436,ExpGrad.01,2,0.63099,-0.0047557495779129,-0.0137847370326763,-0.0137847370326763,0.0,0.0,0 days 00:04:58.648949
437,RedGrid25,2,0.675972,-0.0324037517026386,-0.0530742399064671,-0.0530742399064671,0.0,-0.0356882782342876,0 days 00:13:19.774073
438,RedGrid5,2,0.675972,-0.0324037517026386,-0.0530742399064671,-0.0530742399064671,0.0,-0.0356882782342876,0 days 00:13:24.067427
439,RedGrid75,2,0.675972,-0.0324037517026386,-0.0530742399064671,-0.0530742399064671,0.0,-0.0356882782342876,0 days 00:13:27.323466
440,ExpGrad.1,1,0.709822,-0.0232876840027982,-0.1085862298834227,-0.1085862298834227,-0.0071211396067281,-0.0295669352963935,0 days 00:03:28.053517
441,ExpGrad.01,1,0.577361,-0.00324718622785,-0.0116437926152109,-0.0116437926152109,0.0,-0.0047793427194977,0 days 00:06:39.334018
442,RedGrid25,1,0.700419,-0.0103419449185794,-0.1049999448556356,-0.1049999448556356,0.0,-0.0131156142652438,0 days 00:14:26.668386
443,RedGrid5,1,0.700419,-0.0103419449185794,-0.1049999448556356,-0.1049999448556356,0.0,-0.0131156142652438,0 days 00:14:20.601200
444,RedGrid75,1,0.700419,-0.0103419449185794,-0.1049999448556356,-0.1049999448556356,0.0,-0.0131156142652438,0 days 00:13:38.729108
445,ExpGrad.1,2,0.710183,-0.0567401323498785,-0.0962800566979669,-0.0962800566979669,-0.0475521266012064,-0.027507586414607,0 days 00:03:52.342623
446,ExpGrad.01,2,0.635504,-0.0094016642911828,-0.0239862129902116,-0.0239862129902116,0.0,-0.0026626469186871,0 days 00:04:18.248508
447,RedGrid25,2,0.706144,-0.0622944885746926,-0.115893134443161,-0.115893134443161,-0.0093189951624967,-0.0499189442300301,0 days 00:14:03.652909
448,RedGrid5,2,0.678925,-0.0402061979272425,-0.0665219279924189,-0.0665219279924189,0.0,-0.0436774359543981,0 days 00:14:32.931591
449,RedGrid75,2,0.676645,-0.0381729111539268,-0.0646078789084584,-0.0646078789084584,0.0,-0.0401699384653263,0 days 00:14:19.268294
450,ExpGrad.1,0,0.706785,-0.085998655183066,-0.103270892755766,-0.103270892755766,-0.0771707232419254,-0.0757119877155187,0 days 00:03:35.334030
451,ExpGrad.01,0,0.687337,-0.0140385031098518,-0.0197014150428469,-0.0197014150428469,-0.0113405981568027,-0.0105569619974249,0 days 00:07:48.302843
452,RedGrid25,0,0.691555,-0.0253174899441414,-0.0298191644853866,-0.0298191644853866,-0.0130749366470148,-0.0281495205143614,0 days 00:16:23.381468
453,RedGrid5,0,0.691555,-0.0253174899441414,-0.0298191644853866,-0.0298191644853866,-0.0130749366470148,-0.0281495205143614,0 days 00:16:39.672147
454,RedGrid75,0,0.691555,-0.0253174899441414,-0.0298191644853866,-0.0298191644853866,-0.0130749366470148,-0.0281495205143614,0 days 00:16:39.961758
455,ExpGrad.1,2,0.706435,-0.0498431386773785,-0.0745788366218812,-0.0745788366218812,-0.0497021020285768,-0.0281561745574052,0 days 00:03:35.294980
456,ExpGrad.01,2,0.626021,-0.0080189077500133,-0.0127755043745808,-0.0060263649606374,-0.0127755043745808,-0.0066328156730969,0 days 00:05:32.237949
457,RedGrid25,2,0.703347,-0.0573054596185844,-0.0793576956387472,-0.0735931095150146,-0.0793576956387472,-0.0284039621094078,0 days 00:14:53.479373
458,RedGrid5,2,0.656967,-0.0123431514604156,-0.0356168056038307,-0.0356168056038307,0.0,0.0,0 days 00:14:53.141037
459,RedGrid75,2,0.656967,-0.0123431514604156,-0.0356168056038307,-0.0356168056038307,0.0,0.0,0 days 00:14:32.800354
460,ExpGrad.1,1,0.711205,-0.0377942863158625,-0.1169709796626711,-0.1169709796626711,-0.0377764706798122,-0.0353458661773075,0 days 00:02:52.477966
461,ExpGrad.01,1,0.584779,-0.0070033895247869,-0.0203922267679861,-0.0203922267679861,0.0,-0.0104817886245045,0 days 00:01:59.715589
462,RedGrid25,1,0.704832,-0.0705753975246952,-0.1443584974983934,-0.1443584974983934,-0.074996255770288,-0.0658263992920635,0 days 00:12:28.946695
463,RedGrid5,1,0.704832,-0.0705753975246952,-0.1443584974983934,-0.1443584974983934,-0.074996255770288,-0.0658263992920635,0 days 00:12:25.878546
464,RedGrid75,1,0.700534,-0.0144062522593079,-0.11503320652883,-0.11503320652883,0.0,-0.0192922526624096,0 days 00:12:26.046454
465,ExpGrad.1,2,0.699185,-0.044137537992197,-0.0803462109116627,-0.0803462109116627,-0.0193397520400485,-0.0282614859990539,0 days 00:02:30.279062
466,ExpGrad.01,2,0.624939,-0.0077301632652453,-0.0145279906615448,-0.0145279906615448,-0.0034329912695244,-0.0045093548670839,0 days 00:02:10.238172
467,RedGrid25,2,0.709143,-0.0612069723272834,-0.0953035340327956,-0.0953035340327956,-0.0325393836085377,-0.0498207600986512,0 days 00:08:00.962157
468,RedGrid5,2,0.709143,-0.0612069723272834,-0.0953035340327956,-0.0953035340327956,-0.0325393836085377,-0.0498207600986512,0 days 00:08:07.303743
469,RedGrid75,2,0.639771,-0.0165719573837744,-0.0427584240534787,-0.0154778065303408,-0.0427584240534787,0.0,0 days 00:08:00.756724
470,ExpGrad.1,2,0.71248,-0.0604330691172455,-0.0897799423269699,-0.0897799423269699,-0.0414360782129478,-0.0469430557152792,0 days 00:06:21.086500
471,ExpGrad.01,2,0.618194,-0.0033953670734968,-0.0074695374185915,-0.0074695374185915,-0.0030343126252139,0.0,0 days 00:03:45.545111
472,RedGrid25,2,0.719332,-0.0857694401932078,-0.101269875331767,-0.0919362804214129,-0.101269875331767,-0.0698963860374993,0 days 00:14:49.263115
473,RedGrid5,2,0.659994,-0.0160488376594833,-0.0460530973554922,-0.0460530973554922,0.0,0.0,0 days 00:14:52.592351
474,RedGrid75,2,0.659994,-0.0160488376594833,-0.0460530973554922,-0.0460530973554922,0.0,0.0,0 days 00:15:13.400128
475,ExpGrad.1,0,0.705426,-0.0771452567613281,-0.0942970353268775,-0.0942970353268775,-0.0669368123360636,-0.0677497908909657,0 days 00:03:34.714105
476,ExpGrad.01,0,0.686376,-0.0150698195126839,-0.0194183721006245,-0.0194183721006245,-0.0156593759693243,-0.0109242277553585,0 days 00:06:30.151610
477,RedGrid25,0,0.684693,-0.0760271245051507,-0.1076651381064539,-0.1076651381064539,0.0,-0.0904383427410321,0 days 00:14:38.019186
478,RedGrid5,0,0.684693,-0.0760271245051507,-0.1076651381064539,-0.1076651381064539,0.0,-0.0904383427410321,0 days 00:14:38.135866
479,RedGrid75,0,0.661591,-0.0487502022988301,-0.1059769920167761,-0.1059769920167761,0.0,-0.0255545762666923,0 days 00:14:39.658473
480,ExpGrad.1,0,0.706869,-0.0817750383015318,-0.0982056361893822,-0.0982056361893822,-0.0730208482140473,-0.0722113700564346,0 days 00:03:58.723473
481,ExpGrad.01,0,0.685922,-0.010436215473654,-0.0143761484136418,-0.0143761484136418,-0.0051160888550002,-0.0099270416594422,0 days 00:08:27.169956
482,RedGrid25,0,0.687493,-0.0782881587327153,-0.1088314069000511,-0.1088314069000511,-0.0046028743455377,-0.0923112501016076,0 days 00:14:34.074040
483,RedGrid5,0,0.687493,-0.0782881587327153,-0.1088314069000511,-0.1088314069000511,-0.0046028743455377,-0.0923112501016076,0 days 00:14:35.156722
484,RedGrid75,0,0.664006,-0.0522530128316417,-0.1081463384275202,-0.1081463384275202,0.0,-0.0321676788989648,0 days 00:14:22.892737
485,ExpGrad.1,2,0.710906,-0.0606370972278381,-0.091251817164207,-0.091251817164207,-0.0283841269787543,-0.0552398079898465,0 days 00:01:51.099577
486,ExpGrad.01,2,0.634778,-0.0133557029435107,-0.0177835782458569,-0.0177835782458569,-0.0150748438814644,-0.0083179794531209,0 days 00:02:08.494436
487,RedGrid25,2,0.691829,-0.0456623154930422,-0.0738892317806478,-0.0738892317806478,0.0,-0.0513054199549372,0 days 00:08:12.957687
488,RedGrid5,2,0.691829,-0.0456623154930422,-0.0738892317806478,-0.0738892317806478,0.0,-0.0513054199549372,0 days 00:08:13.303042
489,RedGrid75,2,0.691829,-0.0456623154930422,-0.0738892317806478,-0.0738892317806478,0.0,-0.0513054199549372,0 days 00:08:11.527175
490,ExpGrad.1,1,0.709696,-0.0172354369610453,-0.1020055411445207,-0.1020055411445207,-0.0074303627317999,-0.0200596273843434,0 days 00:02:07.608892
491,ExpGrad.01,1,0.598591,-3.542205408662338e-05,-0.0018203797295467,-0.0018203797295467,0.0,0.0,0 days 00:01:58.337991
492,RedGrid25,1,0.699023,-0.0459086877237606,-0.1115174668676873,-0.1115174668676873,0.0,-0.0693538641978113,0 days 00:08:01.616137
493,RedGrid5,1,0.683708,-0.0008957823459182,-0.0460352756677466,-0.0460352756677466,0.0,0.0,0 days 00:08:06.149432
494,RedGrid75,1,0.683708,-0.0008957823459182,-0.0460352756677466,-0.0460352756677466,0.0,0.0,0 days 00:08:04.081019
495,ExpGrad.1,1,0.711782,-0.0345605275193412,-0.1171705621640728,-0.1171705621640728,-0.0330743413400117,-0.0328155743469457,0 days 00:03:50.068848
496,ExpGrad.01,1,0.583181,-0.0030753126032096,-0.0088552495262807,-0.0088552495262807,0.0,-0.0045949666847434,0 days 00:03:55.612047
497,RedGrid25,1,0.706711,-0.0624233140013414,-0.1363184834760048,-0.1363184834760048,-0.0618069107081102,-0.0604684910482117,0 days 00:13:49.091165
498,RedGrid5,1,0.69632,-0.0019389330849969,-0.0988468698060837,-0.0988468698060837,0.0,0.0,0 days 00:13:36.798678
499,RedGrid75,1,0.69632,-0.0019389330849969,-0.0988468698060837,-0.0988468698060837,0.0,0.0,0 days 00:13:50.979181
500,ExpGrad.1,2,0.692638,-0.0440784971759393,-0.0809074340077199,-0.0809074340077199,-0.0246298875630957,-0.0243466351386982,0 days 00:02:52.281263
501,ExpGrad.01,2,0.622161,-0.0058703631540986,-0.0105766073441438,-0.0105766073441438,0.0,-0.0056179306806839,0 days 00:03:39.821654
502,RedGrid25,2,0.701175,-0.0427225683023726,-0.0905507577112424,-0.0905507577112424,-0.0110252684123204,-0.0214145174798485,0 days 00:11:28.678157
503,RedGrid5,2,0.664607,-0.0177493463182572,-0.0510699287114929,-0.0510699287114929,0.0,0.0,0 days 00:11:25.228382
504,RedGrid75,2,0.664607,-0.0177493463182572,-0.0510699287114929,-0.0510699287114929,0.0,0.0,0 days 00:11:25.598581
505,ExpGrad.1,1,0.71139,-0.0489309587420392,-0.1162432673867066,-0.1162432673867066,-0.0617428636125408,-0.0397746697364537,0 days 00:02:12.286084
506,ExpGrad.01,1,0.610554,-0.0032456059639311,-0.0085844569109121,-0.0049848094080451,-0.0085844569109121,-0.0002370250511756,0 days 00:04:18.396524
507,RedGrid25,1,0.690015,-0.0012515027211088,-0.0646446303618593,-0.0646446303618593,0.0,0.0,0 days 00:11:36.863122
508,RedGrid5,1,0.690015,-0.0012515027211088,-0.0646446303618593,-0.0646446303618593,0.0,0.0,0 days 00:11:39.819882
509,RedGrid75,1,0.685639,-0.0008626377977351,-0.0445583542330192,-0.0445583542330192,0.0,0.0,0 days 00:11:29.985993
510,ExpGrad.1,1,0.712123,-0.0466320719038149,-0.1113405467834885,-0.1113405467834885,-0.0491257801371259,-0.0432285679255246,0 days 00:01:55.488299
511,ExpGrad.01,1,0.591225,-0.0001532282943053,-0.0077633895485142,-0.0077633895485142,0.0,0.0,0 days 00:02:17.688321
512,RedGrid25,1,0.705396,-0.0634706738714888,-0.1238719574160534,-0.1238719574160534,-0.0563901130227394,-0.0654992273758499,0 days 00:08:18.601992
513,RedGrid5,1,0.705396,-0.0634706738714888,-0.1238719574160534,-0.1238719574160534,-0.0563901130227394,-0.0654992273758499,0 days 00:08:25.644242
514,RedGrid75,1,0.705396,-0.0634706738714888,-0.1238719574160534,-0.1238719574160534,-0.0563901130227394,-0.0654992273758499,0 days 00:08:19.787190
515,ExpGrad.1,2,0.710372,-0.0653508553893502,-0.0978835913643474,-0.0978835913643474,-0.0439501950790021,-0.0502628629205232,0 days 00:01:28.963070
516,ExpGrad.01,2,0.630775,-0.0128602375504129,-0.0203521000239308,-0.0203521000239308,-0.0067917132869728,-0.0101502398826959,0 days 00:03:23.998909
517,RedGrid25,2,0.716241,-0.0678069599247897,-0.1030499079908618,-0.1030499079908618,-0.0863169064987351,-0.023505006139842,0 days 00:07:56.720367
518,RedGrid5,2,0.711969,-0.0623437508059354,-0.0982570351027486,-0.0982570351027486,-0.0770950301874923,-0.0199555571091128,0 days 00:07:55.020870
519,RedGrid75,2,0.640197,-0.0151287088949352,-0.0272576813977875,-0.0272576813977875,-0.0213230633938159,0.0,0 days 00:07:53.283979
520,ExpGrad.1,2,0.719644,-0.0640664250415225,-0.0917425227959121,-0.0917425227959121,-0.0551980996033282,-0.0454388259112223,0 days 00:03:16.510545
521,ExpGrad.01,2,0.624648,-0.0108041586651758,-0.0126095706707577,-0.0096500211111454,-0.0096076524887579,-0.0126095706707577,0 days 00:05:29.965163
522,RedGrid25,2,0.727246,-0.0966283476268986,-0.121536015468574,-0.121536015468574,-0.106319326077203,-0.0682586904284509,0 days 00:13:29.883954
523,RedGrid5,2,0.659455,-0.0154614581144979,-0.0420183657539365,-0.0420183657539365,0.0,-0.0021523693935799,0 days 00:13:21.508940
524,RedGrid75,2,0.659455,-0.0154614581144979,-0.0420183657539365,-0.0420183657539365,0.0,-0.0021523693935799,0 days 00:13:08.546428
525,ExpGrad.1,0,0.706056,-0.0807369983814649,-0.0978728327885973,-0.0978728327885973,-0.0729820885347672,-0.0699572591279293,0 days 00:02:30.777331
526,ExpGrad.01,0,0.686704,-0.0162388025104248,-0.0208784423121358,-0.0208784423121358,-0.0178529313236827,-0.0112614727898106,0 days 00:04:43.316016
527,RedGrid25,0,0.681594,-0.1155023323496214,-0.1494649652592192,-0.1494649652592192,-0.0970331733337004,-0.0958552057385216,0 days 00:08:44.358039
528,RedGrid5,0,0.681594,-0.1155023323496214,-0.1494649652592192,-0.1494649652592192,-0.0970331733337004,-0.0958552057385216,0 days 00:08:42.031902
529,RedGrid75,0,0.681594,-0.1155023323496214,-0.1494649652592192,-0.1494649652592192,-0.0970331733337004,-0.0958552057385216,0 days 00:08:42.122577
530,ExpGrad.1,2,0.714671,-0.06385222735851,-0.1003695833895686,-0.1003695833895686,-0.0391895575828589,-0.0473108924105091,0 days 00:03:05.480631
531,ExpGrad.01,2,0.616019,-0.0065277847044979,-0.0145915745145587,-0.0145915745145587,-0.0053581090963286,0.0,0 days 00:03:55.218184
532,RedGrid25,2,0.718979,-0.0827193456327163,-0.0985715027191556,-0.0985715027191556,-0.0889906214258945,-0.0641244250753904,0 days 00:14:41.854396
533,RedGrid5,2,0.674593,-0.0301561070182668,-0.0468481918529635,-0.0468481918529635,0.0,-0.0352905084448457,0 days 00:14:41.550415
534,RedGrid75,2,0.674593,-0.0301561070182668,-0.0468481918529635,-0.0468481918529635,0.0,-0.0352905084448457,0 days 00:14:42.597033
535,ExpGrad.1,2,0.708324,-0.0536770783686638,-0.0823568043079958,-0.0823568043079958,-0.0591382373300909,-0.0243340683200443,0 days 00:05:51.213470
536,ExpGrad.01,2,0.624194,-0.0048673711130968,-0.00960656945374,-0.00960656945374,-0.0027971840856972,-0.0019921096594626,0 days 00:06:11.250299
537,RedGrid25,2,0.725822,-0.0904982724327205,-0.1111495279981726,-0.1111495279981726,-0.0875781196304179,-0.0739188559722,0 days 00:14:09.037043
538,RedGrid5,2,0.702073,-0.0531136519730466,-0.075860826374486,-0.075860826374486,-0.0744282601012913,-0.0185651929637302,0 days 00:13:50.225840
539,RedGrid75,2,0.672817,-0.0304917152330775,-0.058623295477698,-0.0427920009003385,-0.058623295477698,-0.0007852216299644,0 days 00:13:52.935516
540,ExpGrad.1,0,0.706075,-0.0760421223622339,-0.0938243172681996,-0.0938243172681996,-0.0650970502702884,-0.066469304169797,0 days 00:03:45.409989
541,ExpGrad.01,0,0.686346,-0.0091617313550388,-0.0133535559376101,-0.0133535559376101,-0.0083050562414975,-0.0059525905893575,0 days 00:06:38.618839
542,RedGrid25,0,0.686917,-0.0763014383526296,-0.1076286667990458,-0.1076286667990458,-0.0020019900719241,-0.0898445398538568,0 days 00:14:03.134462
543,RedGrid5,0,0.686917,-0.0763014383526296,-0.1076286667990458,-0.1076286667990458,-0.0020019900719241,-0.0898445398538568,0 days 00:14:12.233321
544,RedGrid75,0,0.664828,-0.0521509936222354,-0.1089104230405646,-0.1089104230405646,0.0,-0.0311099793211666,0 days 00:14:19.890094
545,ExpGrad.1,0,0.706733,-0.0826711772168291,-0.1001499822495597,-0.1001499822495597,-0.0752819755778343,-0.0714220273457459,0 days 00:03:53.367597
546,ExpGrad.01,0,0.684905,-0.0126282224673638,-0.0183126574785031,-0.0183126574785031,-0.0104089147756084,-0.0088680328871312,0 days 00:07:26.237409
547,RedGrid25,0,0.686932,-0.083904031749262,-0.1152825900791305,-0.1152825900791305,-0.0123440557825719,-0.0959823290676804,0 days 00:14:31.312110
548,RedGrid5,0,0.686932,-0.083904031749262,-0.1152825900791305,-0.1152825900791305,-0.0123440557825719,-0.0959823290676804,0 days 00:14:31.944696
549,RedGrid75,0,0.664685,-0.0548082605190491,-0.1119894640137284,-0.1119894640137284,-0.0010558713338434,-0.0343826475554669,0 days 00:14:37.274953
550,ExpGrad.1,1,0.706654,-0.0095823514983699,-0.0917399402804364,-0.0917399402804364,0.0,-0.0123479534327644,0 days 00:05:29.933230
551,ExpGrad.01,1,0.589599,-0.0003658998536453,-0.001522186029926,-0.001522186029926,0.0,-0.0005331972291489,0 days 00:04:49.268107
552,RedGrid25,1,0.706208,-0.0341801615317038,-0.11265700455429,-0.11265700455429,-0.0265189196031965,-0.0359929493564525,0 days 00:13:03.803208
553,RedGrid5,1,0.706208,-0.0341801615317038,-0.11265700455429,-0.11265700455429,-0.0265189196031965,-0.0359929493564525,0 days 00:12:54.819063
554,RedGrid75,1,0.684033,-0.0009462950531844,-0.0482130023734084,-0.0482130023734084,0.0,0.0,0 days 00:13:10.575110
555,ExpGrad.1,1,0.711033,-0.0376664085502482,-0.1032981501803128,-0.1032981501803128,-0.0365124781416402,-0.0362815694273674,0 days 00:02:00.754728
556,ExpGrad.01,1,0.608811,-0.0002816733691768,-0.0144736567328051,-0.0144736567328051,0.0,0.0,0 days 00:02:39.047811
557,RedGrid25,1,0.700189,-0.012288419240572,-0.100859197258695,-0.100859197258695,0.0,-0.0163538308764086,0 days 00:09:28.100039
558,RedGrid5,1,0.700189,-0.012288419240572,-0.100859197258695,-0.100859197258695,0.0,-0.0163538308764086,0 days 00:09:25.413384
559,RedGrid75,1,0.700189,-0.012288419240572,-0.100859197258695,-0.100859197258695,0.0,-0.0163538308764086,0 days 00:09:27.130438
560,ExpGrad.1,0,0.707166,-0.0819209667273702,-0.0982986508217278,-0.0982986508217278,-0.0736648709783432,-0.0721816943287874,0 days 00:03:26.874743
561,ExpGrad.01,0,0.684969,-0.0144447520993415,-0.0174112212759094,-0.0174112212759094,-0.0122905906547566,-0.0130453458252477,0 days 00:05:26.428740
562,RedGrid25,0,0.683138,-0.114880101664394,-0.1495875325252591,-0.1495875325252591,-0.0948312236456534,-0.0956537710305374,0 days 00:13:02.637705
563,RedGrid5,0,0.683138,-0.114880101664394,-0.1495875325252591,-0.1495875325252591,-0.0948312236456534,-0.0956537710305374,0 days 00:13:02.317037
564,RedGrid75,0,0.683138,-0.114880101664394,-0.1495875325252591,-0.1495875325252591,-0.0948312236456534,-0.0956537710305374,0 days 00:13:02.131043
565,ExpGrad.1,2,0.70598,-0.0493274338353806,-0.0839071489514771,-0.0839071489514771,-0.0384632847176408,-0.0254323359038277,0 days 00:03:53.423357
566,ExpGrad.01,2,0.624932,-0.0045028187821879,-0.0072902903896587,-0.0072902903896587,-0.0004914855013084,-0.0046453844697775,0 days 00:04:56.596144
567,RedGrid25,2,0.712385,-0.0616588424878742,-0.0988553921136404,-0.0988553921136404,-0.0650280570870434,-0.0260223336742921,0 days 00:13:50.048521
568,RedGrid5,2,0.689039,-0.0388126648541266,-0.0929019362699856,-0.0929019362699856,0.0,-0.0158316835553271,0 days 00:13:49.469437
569,RedGrid75,2,0.689039,-0.0388126648541266,-0.0929019362699856,-0.0929019362699856,0.0,-0.0158316835553271,0 days 00:13:49.027760
570,ExpGrad.1,0,0.707298,-0.0847796341277463,-0.1026787077117271,-0.1026787077117271,-0.075404122481493,-0.0742224482379912,0 days 00:03:20.226609
571,ExpGrad.01,0,0.68845,-0.015654425903685,-0.0206402620088916,-0.0206402620088916,-0.0123834360444592,-0.0130782255770446,0 days 00:06:18.678654
572,RedGrid25,0,0.6918,-0.0262223569504496,-0.031504121302583,-0.031504121302583,-0.0127018596953231,-0.0290519753097451,0 days 00:12:53.435564
573,RedGrid5,0,0.6918,-0.0262223569504496,-0.031504121302583,-0.031504121302583,-0.0127018596953231,-0.0290519753097451,0 days 00:12:50.315002
574,RedGrid75,0,0.6918,-0.0262223569504496,-0.031504121302583,-0.031504121302583,-0.0127018596953231,-0.0290519753097451,0 days 00:12:55.950590
575,ExpGrad.1,2,0.714305,-0.0568450844015176,-0.0898236149949023,-0.0898236149949023,-0.0362446378721937,-0.0403908179815561,0 days 00:02:49.867044
576,ExpGrad.01,2,0.622683,-0.0022355098822169,-0.0038500872938744,-0.0038500872938744,-0.0033459970869571,0.0,0 days 00:04:21.025623
577,RedGrid25,2,0.720342,-0.0727459974159986,-0.0824624110244559,-0.0824624110244559,-0.0747687791117507,-0.0624374541701061,0 days 00:12:23.734070
578,RedGrid5,2,0.668701,-0.028842430364005,-0.042687259259842,-0.042687259259842,0.0,-0.0355616573496043,0 days 00:12:33.196661
579,RedGrid75,2,0.630786,-0.0042830756407965,-0.0120762320418997,-0.0120762320418997,0.0,0.0,0 days 00:12:35.915990
580,ExpGrad.1,0,0.707267,-0.0822897403727356,-0.0989510190172933,-0.0989510190172933,-0.0735029384498131,-0.0725252498927673,0 days 00:02:17.358278
581,ExpGrad.01,0,0.685989,-0.0107114944881741,-0.015171713606953,-0.015171713606953,-0.0087076062234364,-0.0079043725320011,0 days 00:05:47.822301
582,RedGrid25,0,0.686864,-0.123329663094763,-0.1520999453697177,-0.1520999453697177,-0.1017740821260388,-0.1100081595914671,0 days 00:09:22.960914
583,RedGrid5,0,0.686864,-0.123329663094763,-0.1520999453697177,-0.1520999453697177,-0.1017740821260388,-0.1100081595914671,0 days 00:09:11.427081
584,RedGrid75,0,0.668252,-0.0514935529775358,-0.1076123131157625,-0.1076123131157625,0.0,-0.0307481119342406,0 days 00:09:00.755288
585,ExpGrad.1,2,0.704962,-0.0602960354096066,-0.0886935088172152,-0.0886935088172152,-0.0508431296679864,-0.0413911384943234,0 days 00:02:37.710986
586,ExpGrad.01,2,0.637113,-0.0149240529268962,-0.018603080820556,-0.018603080820556,-0.0094359666220957,-0.0153381162161587,0 days 00:09:00.938654
587,RedGrid25,2,0.72154,-0.0721391667661622,-0.1125734537774605,-0.1125734537774605,-0.0652683420885364,-0.0407960212917491,0 days 00:13:50.187714
588,RedGrid5,2,0.67245,-0.0373085995010516,-0.0656420665256104,-0.046666078835918,-0.0656420665256104,-0.0099585794911514,0 days 00:14:35.532282
589,RedGrid75,2,0.67245,-0.0373085995010516,-0.0656420665256104,-0.046666078835918,-0.0656420665256104,-0.0099585794911514,0 days 00:14:29.779972
590,ExpGrad.1,0,0.70675,-0.081539731855668,-0.0992927113586958,-0.0992927113586958,-0.073684357825248,-0.0703123480311253,0 days 00:03:14.629656
591,ExpGrad.01,0,0.68755,-0.0136790365804066,-0.0196490874241117,-0.0196490874241117,-0.0111851785606569,-0.0098216047561758,0 days 00:08:25.624730
592,RedGrid25,0,0.68316,-0.1159914652128017,-0.1507269208386618,-0.1507269208386618,-0.0992389328082441,-0.0947896892965727,0 days 00:15:20.442410
593,RedGrid5,0,0.68316,-0.1159914652128017,-0.1507269208386618,-0.1507269208386618,-0.0992389328082441,-0.0947896892965727,0 days 00:15:22.367131
594,RedGrid75,0,0.68316,-0.1159914652128017,-0.1507269208386618,-0.1507269208386618,-0.0992389328082441,-0.0947896892965727,0 days 00:15:18.940905
595,ExpGrad.1,2,0.684709,-0.0322285534004574,-0.0588639785317698,-0.0588639785317698,-0.0085348992972263,-0.0243350102697637,0 days 00:03:06.619011
596,ExpGrad.01,2,0.620111,-0.0041179105131782,-0.0118177250606695,-0.0118177250606695,0.0,0.0,0 days 00:06:00.507999
597,RedGrid25,2,0.729155,-0.0944404718978752,-0.1202095659250118,-0.1202095659250118,-0.0923940386207147,-0.0727710293268499,0 days 00:14:07.066609
598,RedGrid5,2,0.658541,-0.0183102539809593,-0.0525474137054518,-0.0525474137054518,0.0,0.0,0 days 00:14:07.518218
599,RedGrid75,2,0.658541,-0.0183102539809593,-0.0525474137054518,-0.0525474137054518,0.0,0.0,0 days 00:14:01.001503
600,ExpGrad.1,2,0.693337,-0.0335145359401387,-0.0662132723304964,-0.0662132723304964,-0.0181900722790841,-0.0142341293475402,0 days 00:03:28.319723
601,ExpGrad.01,2,0.613271,-0.0024314885949673,-0.0069224291732217,-0.0069224291732217,0.0,0.0,0 days 00:04:32.361270
602,RedGrid25,2,0.703311,-0.0577939331941078,-0.0845318779626865,-0.0773357705488962,-0.0845318779626865,-0.0224849203550619,0 days 00:13:04.977086
603,RedGrid5,2,0.678207,-0.0272457701166832,-0.0678130296887782,-0.0678130296887782,0.0,-0.0087817605376881,0 days 00:13:19.530841
604,RedGrid75,2,0.654234,-0.0126564543314451,-0.0360328273284467,-0.0360328273284467,0.0,0.0,0 days 00:13:45.818714
605,ExpGrad.1,1,0.711898,-0.0351800880515719,-0.1130445971869249,-0.1130445971869249,-0.0209353143609255,-0.0406397442940057,0 days 00:03:00.376661
606,ExpGrad.01,1,0.6015,-0.0067801508649018,-0.0248033119121738,-0.0248033119121738,0.0,-0.0099724207345406,0 days 00:03:10.891314
607,RedGrid25,1,0.706173,-0.0662169921276739,-0.1296672025380909,-0.1296672025380909,-0.0651599330216909,-0.0648239317961589,0 days 00:11:51.399155
608,RedGrid5,1,0.706173,-0.0662169921276739,-0.1296672025380909,-0.1296672025380909,-0.0651599330216909,-0.0648239317961589,0 days 00:11:50.346856
609,RedGrid75,1,0.697609,-0.0058701253396367,-0.087632236787733,-0.087632236787733,0.0,-0.0065711403335894,0 days 00:12:28.346714
610,ExpGrad.1,0,0.70655,-0.0829326656471122,-0.1000345784880791,-0.1000345784880791,-0.0727116393100817,-0.0735702364585657,0 days 00:03:48.659727
611,ExpGrad.01,0,0.686396,-0.011605968972838,-0.0169830728125938,-0.0169830728125938,-0.0056776962634182,-0.0101632632097389,0 days 00:07:51.976527
612,RedGrid25,0,0.690754,-0.0233131453899307,-0.02902255680827,-0.02902255680827,-0.0077051838596869,-0.0269308517063989,0 days 00:16:28.433109
613,RedGrid5,0,0.690754,-0.0233131453899307,-0.02902255680827,-0.02902255680827,-0.0077051838596869,-0.0269308517063989,0 days 00:16:16.929508
614,RedGrid75,0,0.690754,-0.0233131453899307,-0.02902255680827,-0.02902255680827,-0.0077051838596869,-0.0269308517063989,0 days 00:16:40.107027
615,ExpGrad.1,1,0.71328,-0.0536400029139914,-0.1264942448964955,-0.1264942448964955,-0.0578942140140535,-0.0490547672434216,0 days 00:02:11.334981
616,ExpGrad.01,1,0.587573,-0.0113438563087775,-0.0200104025339771,-0.0200104025339771,-0.0139311071988997,-0.009648198196722,0 days 00:02:18.542881
617,RedGrid25,1,0.706887,-0.066943195592309,-0.139287225975544,-0.139287225975544,-0.0745102328051611,-0.0605426990274722,0 days 00:09:35.289826
618,RedGrid5,1,0.706887,-0.066943195592309,-0.139287225975544,-0.139287225975544,-0.0745102328051611,-0.0605426990274722,0 days 00:09:38.428240
619,RedGrid75,1,0.706887,-0.066943195592309,-0.139287225975544,-0.139287225975544,-0.0745102328051611,-0.0605426990274722,0 days 00:09:35.814731
620,ExpGrad.1,1,0.709137,-0.0367908742319841,-0.1089248026685408,-0.1089248026685408,-0.0552978252893725,-0.0243438493025234,0 days 00:02:34.069206
621,ExpGrad.01,1,0.589133,-0.0104537133988859,-0.0132983811197481,-0.0042283847315597,-0.0132983811197481,-0.0090691058550996,0 days 00:03:26.084689
622,RedGrid25,1,0.701098,-0.0093898367986831,-0.0993052930089382,-0.0993052930089382,0.0,-0.0118423134512062,0 days 00:12:12.189538
623,RedGrid5,1,0.701098,-0.0093898367986831,-0.0993052930089382,-0.0993052930089382,0.0,-0.0118423134512062,0 days 00:12:02.144772
624,RedGrid75,1,0.701098,-0.0093898367986831,-0.0993052930089382,-0.0993052930089382,0.0,-0.0118423134512062,0 days 00:12:03.491790
625,ExpGrad.1,1,0.712119,-0.0344025424466236,-0.1175744002780936,-0.1175744002780936,-0.0402355067561938,-0.0285915799981274,0 days 00:02:42.499255
626,ExpGrad.01,1,0.593372,-0.0047557035998172,-0.0112882445168316,-0.0112882445168316,-0.001946316613468,-0.0061007482108694,0 days 00:03:10.385753
627,RedGrid25,1,0.700001,-0.0092150266310086,-0.1098643207874284,-0.1098643207874284,0.0,-0.011155000913928,0 days 00:11:38.054645
628,RedGrid5,1,0.700001,-0.0092150266310086,-0.1098643207874284,-0.1098643207874284,0.0,-0.011155000913928,0 days 00:11:37.648956
629,RedGrid75,1,0.700001,-0.0092150266310086,-0.1098643207874284,-0.1098643207874284,0.0,-0.011155000913928,0 days 00:11:37.563699
630,ExpGrad.1,1,0.709358,-0.0230512625339648,-0.1109388113108099,-0.1109388113108099,-0.0288601390597946,-0.0171037960391954,0 days 00:02:42.604642
631,ExpGrad.01,1,0.58213,-0.0012393100911262,-0.0094033132162993,-0.0094033132162993,-0.0015291090454189,-0.0008248523215539,0 days 00:02:03.814776
632,RedGrid25,1,0.708057,-0.0606540789183686,-0.1375698475799929,-0.1375698475799929,-0.0611755811980367,-0.0579696806077416,0 days 00:11:50.001678
633,RedGrid5,1,0.708057,-0.0606540789183686,-0.1375698475799929,-0.1375698475799929,-0.0611755811980367,-0.0579696806077416,0 days 00:12:00.271734
634,RedGrid75,1,0.692734,-0.0014068842110718,-0.0715149606340002,-0.0715149606340002,0.0,0.0,0 days 00:11:55.994250
635,ExpGrad.1,2,0.713417,-0.0658921886004187,-0.0968505803036186,-0.0968505803036186,-0.0845897665336434,-0.0259774884939668,0 days 00:03:05.541758
636,ExpGrad.01,2,0.61177,-0.0073926577967612,-0.0241113760010784,-0.0033077716756539,-0.0241113760010784,0.0,0 days 00:08:39.568950
637,RedGrid25,2,0.730638,-0.0952328120955474,-0.1171244353912193,-0.1171244353912193,-0.1064150476528267,-0.0683535544619537,0 days 00:14:22.302349
638,RedGrid5,2,0.709006,-0.0593056245313999,-0.1019062535712473,-0.1019062535712473,-0.0857140047799717,-0.0039323002968409,0 days 00:14:27.296281
639,RedGrid75,2,0.709006,-0.0593056245313999,-0.1019062535712473,-0.1019062535712473,-0.0857140047799717,-0.0039323002968409,0 days 00:14:11.827494
640,ExpGrad.1,2,0.708701,-0.0636315434103351,-0.0962343734301252,-0.0962343734301252,-0.051190627485629,-0.0428290286635977,0 days 00:02:42.484968
641,ExpGrad.01,2,0.625539,-0.0081155456610957,-0.0185472214310903,-0.0185472214310903,-0.0063009875692402,0.0,0 days 00:05:48.681754
642,RedGrid25,2,0.722685,-0.0863094410217681,-0.1050121499684194,-0.1050121499684194,-0.0836331990247913,-0.0713704522096396,0 days 00:13:39.236041
643,RedGrid5,2,0.685772,-0.0303969320338563,-0.0740675401298104,-0.0740675401298104,0.0,-0.0117857882379539,0 days 00:13:21.035313
644,RedGrid75,2,0.66544,-0.0207513882054362,-0.059552514816342,-0.059552514816342,0.0,0.0,0 days 00:13:30.663514
645,ExpGrad.1,2,0.701886,-0.0481617110166024,-0.0834557301839998,-0.0834557301839998,-0.010141624566699,-0.0421649378227222,0 days 00:02:43.019127
646,ExpGrad.01,2,0.630096,-0.0098253103091413,-0.0125080685749527,-0.0125080685749527,-0.0043134136414792,-0.0111270154190107,0 days 00:04:46.834449
647,RedGrid25,2,0.726805,-0.0873650695415523,-0.1174081615148107,-0.1174081615148107,-0.0902751568245913,-0.0586158159208503,0 days 00:14:08.454660
648,RedGrid5,2,0.693349,-0.0450860237305537,-0.0820573396412669,-0.0820573396412669,0.0,-0.0423295365832382,0 days 00:14:10.474684
649,RedGrid75,2,0.64409,-0.0105754815591454,-0.0285320197294299,-0.0285320197294299,0.0,-0.0016471356613314,0 days 00:14:06.507718
650,ExpGrad.1,2,0.687962,-0.0553834904380646,-0.0897800517466247,-0.0897800517466247,-0.0454207868087316,-0.0308999951698613,0 days 00:01:56.909947
651,ExpGrad.01,2,0.606423,-0.0062915773547047,-0.0114097867219697,-0.0114097867219697,-0.0087688056539094,0.0,0 days 00:02:22.362332
652,RedGrid25,2,0.726164,-0.1010149094837306,-0.1304866962644073,-0.1304866962644073,-0.1050781206099505,-0.0716096983130785,0 days 00:10:52.778528
653,RedGrid5,2,0.71616,-0.0741483842950268,-0.1084358613590523,-0.1084358613590523,-0.1009560575800274,-0.0251697893731711,0 days 00:10:27.172954
654,RedGrid75,2,0.642797,-0.0252083779692258,-0.0447990936286418,-0.0221934699905052,0.0,-0.0447990936286418,0 days 00:10:20.166567
655,ExpGrad.1,0,0.70666,-0.0744616410894789,-0.0928354091937752,-0.0928354091937752,-0.0609042726888945,-0.0658802883375229,0 days 00:02:32.579316
656,ExpGrad.01,0,0.686019,-0.0146432170231295,-0.0195134440933374,-0.0195134440933374,-0.0145355443776605,-0.01043663044063,0 days 00:04:15.562339
657,RedGrid25,0,0.691301,-0.0244986102994958,-0.0297226398225988,-0.0297226398225988,-0.0111755606667063,-0.0273064081653812,0 days 00:09:35.283793
658,RedGrid5,0,0.691301,-0.0244986102994958,-0.0297226398225988,-0.0297226398225988,-0.0111755606667063,-0.0273064081653812,0 days 00:09:31.772239
659,RedGrid75,0,0.691301,-0.0244986102994958,-0.0297226398225988,-0.0297226398225988,-0.0111755606667063,-0.0273064081653812,0 days 00:09:30.431839
660,ExpGrad.1,0,0.707304,-0.0830285996009232,-0.1003584991881814,-0.1003584991881814,-0.0741008858217708,-0.0727466819773787,0 days 00:02:32.406484
661,ExpGrad.01,0,0.684433,-0.0110063037736971,-0.0170123832891357,-0.0170123832891357,-0.0074300712842548,-0.0077094601658458,0 days 00:03:43.641804
662,RedGrid25,0,0.683057,-0.1132138408263554,-0.1488827255050848,-0.1488827255050848,-0.0925792076535579,-0.0933006362737551,0 days 00:08:36.301147
663,RedGrid5,0,0.683057,-0.1132138408263554,-0.1488827255050848,-0.1488827255050848,-0.0925792076535579,-0.0933006362737551,0 days 00:08:34.725901
664,RedGrid75,0,0.683057,-0.1132138408263554,-0.1488827255050848,-0.1488827255050848,-0.0925792076535579,-0.0933006362737551,0 days 00:08:34.184083
665,ExpGrad.1,2,0.665815,-0.049687452319815,-0.0626570615340282,-0.0602917794674213,-0.0626570615340282,-0.0316990249881931,0 days 00:01:40.833487
666,ExpGrad.01,2,0.616544,-0.0097752617827262,-0.017289337922584,-0.0105327286985577,-0.017289337922584,-0.0041359183028105,0 days 00:03:08.748845
667,RedGrid25,2,0.680003,-0.0421465048400893,-0.0662121469435804,-0.049716619500608,-0.0662121469435804,-0.0195176827020256,0 days 00:08:09.527108
668,RedGrid5,2,0.680003,-0.0421465048400893,-0.0662121469435804,-0.049716619500608,-0.0662121469435804,-0.0195176827020256,0 days 00:08:13.962753
669,RedGrid75,2,0.680003,-0.0421465048400893,-0.0662121469435804,-0.049716619500608,-0.0662121469435804,-0.0195176827020256,0 days 00:08:08.243294
670,ExpGrad.1,0,0.706492,-0.0783225045665279,-0.0963508520088773,-0.0963508520088773,-0.068759423093036,-0.0677862151648276,0 days 00:03:53.431402
671,ExpGrad.01,0,0.686536,-0.0111971183400266,-0.0164859511436701,-0.0164859511436701,-0.0111287965357165,-0.006582294710883,0 days 00:08:46.802972
672,RedGrid25,0,0.690377,-0.0185178318962341,-0.0249332177525182,-0.0249332177525182,-0.0055922207368005,-0.0200701363177907,0 days 00:16:25.252789
673,RedGrid5,0,0.690377,-0.0185178318962341,-0.0249332177525182,-0.0249332177525182,-0.0055922207368005,-0.0200701363177907,0 days 00:16:41.102646
674,RedGrid75,0,0.690377,-0.0185178318962341,-0.0249332177525182,-0.0249332177525182,-0.0055922207368005,-0.0200701363177907,0 days 00:16:45.605312
675,ExpGrad.1,2,0.691688,-0.0490151368029658,-0.0722772064328213,-0.0722772064328213,-0.0367521981635514,-0.0365400357493459,0 days 00:02:41.597182
676,ExpGrad.01,2,0.615554,-0.0021768577703602,-0.0051641416323226,-0.0051641416323226,-0.0014754770228693,0.0,0 days 00:04:20.788389
677,RedGrid25,2,0.721478,-0.0798011243643442,-0.1110323795642025,-0.1110323795642025,-0.0658103641209588,-0.0614245332638004,0 days 00:14:23.250468
678,RedGrid5,2,0.671961,-0.0201266382213576,-0.0579114318301131,-0.0579114318301131,0.0,0.0,0 days 00:14:19.680242
679,RedGrid75,2,0.671961,-0.0201266382213576,-0.0579114318301131,-0.0579114318301131,0.0,0.0,0 days 00:14:31.584588
680,ExpGrad.1,2,0.716164,-0.0672911848633859,-0.0941588165911921,-0.0941588165911921,-0.0608021165194207,-0.0478531915968681,0 days 00:02:25.514313
681,ExpGrad.01,2,0.617323,-0.0014672665162107,-0.0039218872536944,-0.0039218872536944,-0.0004102998151553,0.0,0 days 00:03:18.930489
682,RedGrid25,2,0.721397,-0.0807845914169879,-0.1125967188961256,-0.1125967188961256,-0.0715910451912504,-0.0587735339329631,0 days 00:13:41.823065
683,RedGrid5,2,0.721397,-0.0807845914169879,-0.1125967188961256,-0.1125967188961256,-0.0715910451912504,-0.0587735339329631,0 days 00:13:43.315843
684,RedGrid75,2,0.628857,-0.0062824108851839,-0.0134692419339324,-0.0079837827862207,-0.0134692419339324,0.0,0 days 00:13:42.860582
685,ExpGrad.1,0,0.706958,-0.083021220009666,-0.1012218165293499,-0.1012218165293499,-0.0741302275916035,-0.0719526439588458,0 days 00:03:27.651539
686,ExpGrad.01,0,0.685502,-0.0100878529368631,-0.0147463329234601,-0.0147463329234601,-0.0058945032508674,-0.0083148249250694,0 days 00:07:55.847341
687,RedGrid25,0,0.694675,-0.0349244292931054,-0.0398928051903567,-0.0390756847521084,-0.0193407754240984,-0.0398928051903567,0 days 00:13:07.020425
688,RedGrid5,0,0.694675,-0.0349244292931054,-0.0398928051903567,-0.0390756847521084,-0.0193407754240984,-0.0398928051903567,0 days 00:13:15.658835
689,RedGrid75,0,0.694675,-0.0349244292931054,-0.0398928051903567,-0.0390756847521084,-0.0193407754240984,-0.0398928051903567,0 days 00:13:04.690836
690,ExpGrad.1,1,0.711335,-0.0357836874013684,-0.1088543616892757,-0.1088543616892757,-0.0330937608332528,-0.0349754715736532,0 days 00:04:28.907359
691,ExpGrad.01,1,0.606856,-0.0043597022639964,-0.0147463677062945,-0.0147463677062945,0.0,-0.0064472115191187,0 days 00:06:18.876604
692,RedGrid25,1,0.706399,-0.0684446516114732,-0.1365862344425495,-0.1365862344425495,-0.0774191249658365,-0.061332444590558,0 days 00:15:05.802136
693,RedGrid5,1,0.699141,-0.001934088215864,-0.0974990698674668,-0.0974990698674668,0.0,0.0,0 days 00:15:12.274404
694,RedGrid75,1,0.699141,-0.001934088215864,-0.0974990698674668,-0.0974990698674668,0.0,0.0,0 days 00:14:57.688612
695,ExpGrad.1,1,0.712141,-0.0383945308505568,-0.1145546796746658,-0.1145546796746658,-0.0439767273253549,-0.0329851171998915,0 days 00:02:40.131505
696,ExpGrad.01,1,0.605195,-0.0003782991735692,-0.0196126581329207,-0.0196126581329207,0.0,0.0,0 days 00:03:19.983771
697,RedGrid25,1,0.70743,-0.0710033090222224,-0.1386254703778603,-0.1386254703778603,-0.0830226563520667,-0.0622982965023172,0 days 00:11:59.152963
698,RedGrid5,1,0.700298,-0.0018771270733914,-0.0973183504873115,-0.0973183504873115,0.0,0.0,0 days 00:11:56.130928
699,RedGrid75,1,0.700298,-0.0018771270733914,-0.0973183504873115,-0.0973183504873115,0.0,0.0,0 days 00:11:58.254654
700,ExpGrad.1,2,0.71036,-0.050863054618646,-0.0837724841820204,-0.0837724841820204,-0.033669405806761,-0.0329595497406272,0 days 00:04:23.811212
701,ExpGrad.01,2,0.623014,-0.0081422296602575,-0.0152449114477109,-0.0152449114477109,0.0,-0.0072307194837634,0 days 00:03:46.241064
702,RedGrid25,2,0.710287,-0.0659670643879433,-0.0787338193535683,-0.0787338193535683,-0.0687903195087509,-0.0526965499018779,0 days 00:13:45.677085
703,RedGrid5,2,0.681035,-0.0286669722269683,-0.0710876467315542,-0.0710876467315542,0.0,-0.0099226415720667,0 days 00:14:06.893307
704,RedGrid75,2,0.681035,-0.0286669722269683,-0.0710876467315542,-0.0710876467315542,0.0,-0.0099226415720667,0 days 00:14:40.556039
705,ExpGrad.1,1,0.710833,-0.0298048715239582,-0.1113174306923794,-0.1113174306923794,-0.0189547260054535,-0.0333327111922098,0 days 00:02:56.247006
706,ExpGrad.01,1,0.605597,-0.0061893078134771,-0.0122383147370647,-0.0122383147370647,0.0,-0.0094285920308614,0 days 00:04:08.780428
707,RedGrid25,1,0.699745,-0.009017608102446,-0.1061021438369643,-0.1061021438369643,0.0,-0.0110597069162405,0 days 00:11:26.780915
708,RedGrid5,1,0.699745,-0.009017608102446,-0.1061021438369643,-0.1061021438369643,0.0,-0.0110597069162405,0 days 00:11:25.599845
709,RedGrid75,1,0.699745,-0.009017608102446,-0.1061021438369643,-0.1061021438369643,0.0,-0.0110597069162405,0 days 00:11:23.317907
710,ExpGrad.1,2,0.694843,-0.0420049180086029,-0.0754008412947052,-0.0754008412947052,-0.02124419871582,-0.0261742943529941,0 days 00:02:57.355237
711,ExpGrad.01,2,0.613234,-0.0050893545256271,-0.0146176940532382,-0.0146176940532382,0.0,0.0,0 days 00:05:13.918549
712,RedGrid25,2,0.726524,-0.0936663360398439,-0.1296890958605147,-0.1296890958605147,-0.0934962755032848,-0.0613307229884805,0 days 00:14:06.405054
713,RedGrid5,2,0.686688,-0.0314566035302435,-0.078423076757609,-0.078423076757609,0.0,-0.0107447620815524,0 days 00:14:07.681217
714,RedGrid75,2,0.647522,-0.0106669239591998,-0.0306376437600454,-0.0306376437600454,0.0,0.0,0 days 00:14:05.873101
715,ExpGrad.1,1,0.710282,-0.0226683544132359,-0.1052443370895886,-0.1052443370895886,-0.0264894304883192,-0.0179926146091663,0 days 00:02:32.173199
716,ExpGrad.01,1,0.615119,-0.000285830279776,-0.0145541668132467,-0.0145541668132467,0.0,0.0,0 days 00:03:40.421459
717,RedGrid25,1,0.706339,-0.0599852315981574,-0.1320901990986905,-0.1320901990986905,-0.0568134387244185,-0.0594940299245673,0 days 00:11:03.364803
718,RedGrid5,1,0.706339,-0.0599852315981574,-0.1320901990986905,-0.1320901990986905,-0.0568134387244185,-0.0594940299245673,0 days 00:11:00.187065
719,RedGrid75,1,0.682895,-0.0008002807070238,-0.0407494227573575,-0.0407494227573575,0.0,0.0,0 days 00:11:02.594322
720,ExpGrad.1,1,0.709447,-0.0293921301143014,-0.1080149188029915,-0.1080149188029915,-0.0355037037717437,-0.0235669584976251,0 days 00:02:52.802705
721,ExpGrad.01,1,0.604707,-0.010724813861571,-0.0177966860201224,-0.0161167213952209,-0.0177966860201224,-0.0066421487817727,0 days 00:04:45.152444
722,RedGrid25,1,0.707659,-0.0633013321594222,-0.131336378828378,-0.131336378828378,-0.0698510065464077,-0.0575624121798611,0 days 00:12:35.361802
723,RedGrid5,1,0.699976,-0.0019085842544231,-0.097393135219119,-0.097393135219119,0.0,0.0,0 days 00:12:49.241903
724,RedGrid75,1,0.699976,-0.0019085842544231,-0.097393135219119,-0.097393135219119,0.0,0.0,0 days 00:13:03.349424
725,ExpGrad.1,0,0.706569,-0.078308988357642,-0.0972817997183568,-0.0972817997183568,-0.0659578717371789,-0.0684933341151887,0 days 00:03:58.308087
726,ExpGrad.01,0,0.689435,-0.0130637739430902,-0.0197019298465559,-0.0197019298465559,-0.0117537392764709,-0.0079558413418758,0 days 00:09:03.864273
727,RedGrid25,0,0.686896,-0.0794081073134442,-0.1132969439651443,-0.1132969439651443,-0.0030969485703729,-0.0920268493752167,0 days 00:14:51.132442
728,RedGrid5,0,0.686896,-0.0794081073134442,-0.1132969439651443,-0.1132969439651443,-0.0030969485703729,-0.0920268493752167,0 days 00:14:47.195511
729,RedGrid75,0,0.66401,-0.0506136907446335,-0.1068676594858542,-0.1068676594858542,0.0,-0.0292875368771132,0 days 00:14:41.998965
730,ExpGrad.1,0,0.706615,-0.0832391196213674,-0.1005809501673398,-0.1005809501673398,-0.0745843299739529,-0.0728394840257293,0 days 00:03:44.614692
731,ExpGrad.01,0,0.684672,-0.0137735279754364,-0.019641515771165,-0.019641515771165,-0.0086464345295672,-0.0114731768026609,0 days 00:06:06.613789
732,RedGrid25,0,0.683008,-0.1146455026509066,-0.1498770566610895,-0.1498770566610895,-0.0948970483050019,-0.0947179050912248,0 days 00:15:35.117472
733,RedGrid5,0,0.683008,-0.1146455026509066,-0.1498770566610895,-0.1498770566610895,-0.0948970483050019,-0.0947179050912248,0 days 00:15:27.659759
734,RedGrid75,0,0.683008,-0.1146455026509066,-0.1498770566610895,-0.1498770566610895,-0.0948970483050019,-0.0947179050912248,0 days 00:15:24.197736
735,ExpGrad.1,1,0.712192,-0.0498219563823091,-0.1300722749419144,-0.1300722749419144,-0.0500338342261722,-0.0472130519824511,0 days 00:02:42.899266
736,ExpGrad.01,1,0.598064,-0.0021448257309448,-0.0175529068269988,-0.0175529068269988,-0.0051692880450884,0.0,0 days 00:03:14.979431
737,RedGrid25,1,0.705533,-0.0651140360847284,-0.1414209667423254,-0.1414209667423254,-0.0631631679499823,-0.0638191589795722,0 days 00:11:22.432544
738,RedGrid5,1,0.700281,-0.0101799423292985,-0.1026820633655822,-0.1026820633655822,0.0,-0.0129159351893157,0 days 00:11:24.632879
739,RedGrid75,1,0.700281,-0.0101799423292985,-0.1026820633655822,-0.1026820633655822,0.0,-0.0129159351893157,0 days 00:11:13.570225
740,ExpGrad.1,2,0.69937,-0.0409137333874685,-0.0783596213494881,-0.0783596213494881,-0.0408282291688982,-0.007893804642468,0 days 00:02:52.166818
741,ExpGrad.01,2,0.622468,-0.002970981040714,-0.0085853478542299,-0.0085853478542299,0.0,0.0,0 days 00:05:49.127830
742,RedGrid25,2,0.707437,-0.0596370170537187,-0.092553437978458,-0.092553437978458,-0.0919715251282335,-0.0089205805683907,0 days 00:11:20.086544
743,RedGrid5,2,0.679793,-0.0339184083560241,-0.0567567477182837,-0.0567567477182837,0.0,-0.0364449238770995,0 days 00:11:19.859920
744,RedGrid75,2,0.657311,-0.0121050525372605,-0.0349803938166946,-0.0349803938166946,0.0,0.0,0 days 00:11:11.831087
745,ExpGrad.1,1,0.711932,-0.041624293058701,-0.1256554106744258,-0.1256554106744258,-0.0334099388259861,-0.0435190824095713,0 days 00:03:48.599590
746,ExpGrad.01,1,0.59357,-0.0002291927826333,-0.0115060013549199,-0.0115060013549199,0.0,0.0,0 days 00:03:18.250452
747,RedGrid25,1,0.7072,-0.0604908453248244,-0.1378438158830331,-0.1378438158830331,-0.0576747315893801,-0.0596074944323706,0 days 00:13:33.353830
748,RedGrid5,1,0.7072,-0.0604908453248244,-0.1378438158830331,-0.1378438158830331,-0.0576747315893801,-0.0596074944323706,0 days 00:13:26.015742
749,RedGrid75,1,0.7072,-0.0604908453248244,-0.1378438158830331,-0.1378438158830331,-0.0576747315893801,-0.0596074944323706,0 days 00:13:36.319979
750,ExpGrad.1,1,0.709453,-0.0252674546423685,-0.1062648230829845,-0.1062648230829845,-0.027692244401452,-0.0214295460819743,0 days 00:02:42.159857
751,ExpGrad.01,1,0.609523,-0.0046935380559039,-0.0215863908550347,-0.0215863908550347,-0.0025190846388934,-0.005372367404194,0 days 00:04:29.096054
752,RedGrid25,1,0.704201,-0.0632150489527083,-0.135540043061357,-0.135540043061357,-0.0672141834372248,-0.0587758434757663,0 days 00:14:42.508463
753,RedGrid5,1,0.699364,-0.0077939387414812,-0.1053800307792254,-0.1053800307792254,0.0,-0.0090841216303058,0 days 00:14:51.165306
754,RedGrid75,1,0.699364,-0.0077939387414812,-0.1053800307792254,-0.1053800307792254,0.0,-0.0090841216303058,0 days 00:14:33.755370
755,ExpGrad.1,0,0.707106,-0.0753688804932821,-0.0939223562423224,-0.0939223562423224,-0.0634012990572774,-0.0657072612981635,0 days 00:03:28.683829
756,ExpGrad.01,0,0.686304,-0.0113214053609821,-0.0166956438851522,-0.0166956438851522,-0.006035168503861,-0.0095306747383607,0 days 00:07:07.919218
757,RedGrid25,0,0.686242,-0.1198197597626527,-0.150111826045648,-0.150111826045648,-0.0977564849041767,-0.1054432731304555,0 days 00:15:39.877743
758,RedGrid5,0,0.686242,-0.1198197597626527,-0.150111826045648,-0.150111826045648,-0.0977564849041767,-0.1054432731304555,0 days 00:15:34.296611
759,RedGrid75,0,0.686242,-0.1198197597626527,-0.150111826045648,-0.150111826045648,-0.0977564849041767,-0.1054432731304555,0 days 00:15:28.330831
760,ExpGrad.1,2,0.700843,-0.0548856813554017,-0.0932860493712833,-0.0932860493712833,-0.0192191389780097,-0.0441736987435511,0 days 00:02:49.614713
761,ExpGrad.01,2,0.613846,-0.0064833855932434,-0.018530815185079,-0.018530815185079,0.0,0.0,0 days 00:04:29.515265
762,RedGrid25,2,0.701215,-0.0565265027892172,-0.0830397308352141,-0.0830397308352141,-0.0727919348728958,-0.0219990226874911,0 days 00:13:19.982519
763,RedGrid5,2,0.674067,-0.0238159059170146,-0.0655679761441118,-0.0655679761441118,0.0,-0.0022404369305883,0 days 00:13:21.084162
764,RedGrid75,2,0.674067,-0.0238159059170146,-0.0655679761441118,-0.0655679761441118,0.0,-0.0022404369305883,0 days 00:13:23.274069
765,ExpGrad.1,0,0.707054,-0.0822754526162633,-0.09932638963198,-0.09932638963198,-0.0741215702193915,-0.0718249786697764,0 days 00:03:53.812983
766,ExpGrad.01,0,0.686231,-0.0151840925920328,-0.020932826841355,-0.020932826841355,-0.0154018653453731,-0.0100250245893603,0 days 00:06:13.720369
767,RedGrid25,0,0.683281,-0.1161896117889002,-0.1509180590268612,-0.1509180590268612,-0.0956711998127078,-0.0970608534166499,0 days 00:15:52.741079
768,RedGrid5,0,0.683281,-0.1161896117889002,-0.1509180590268612,-0.1509180590268612,-0.0956711998127078,-0.0970608534166499,0 days 00:15:43.588167
769,RedGrid75,0,0.683281,-0.1161896117889002,-0.1509180590268612,-0.1509180590268612,-0.0956711998127078,-0.0970608534166499,0 days 00:15:46.202978
770,ExpGrad.1,0,0.706901,-0.0756988339093664,-0.0934020970357911,-0.0934020970357911,-0.0629763883322501,-0.067214227213475,0 days 00:03:43.212437
771,ExpGrad.01,0,0.685862,-0.0116122913043057,-0.0161655705505883,-0.0161655705505883,-0.0061248112426711,-0.0106523855218794,0 days 00:07:21.618590
772,RedGrid25,0,0.686286,-0.123596242246767,-0.1529099403095885,-0.1529099403095885,-0.0997361442140895,-0.1110886917872295,0 days 00:15:10.720042
773,RedGrid5,0,0.686286,-0.123596242246767,-0.1529099403095885,-0.1529099403095885,-0.0997361442140895,-0.1110886917872295,0 days 00:15:30.252465
774,RedGrid75,0,0.667928,-0.0519501755470265,-0.1083622634206379,-0.1083622634206379,0.0,-0.0312092564635886,0 days 00:15:41.641988
775,ExpGrad.1,0,0.707313,-0.0795994086599139,-0.0968178159554815,-0.0968178159554815,-0.0701198272291883,-0.0697128010948329,0 days 00:03:21.046237
776,ExpGrad.01,0,0.687753,-0.0119158008472127,-0.0172730774300832,-0.0172730774300832,-0.0093576708281808,-0.0086232867362682,0 days 00:07:36.552179
777,RedGrid25,0,0.682849,-0.112394339954576,-0.147403084308491,-0.147403084308491,-0.0930569871890223,-0.0923277474531572,0 days 00:12:45.890223
778,RedGrid5,0,0.682849,-0.112394339954576,-0.147403084308491,-0.147403084308491,-0.0930569871890223,-0.0923277474531572,0 days 00:12:32.185935
779,RedGrid75,0,0.682849,-0.112394339954576,-0.147403084308491,-0.147403084308491,-0.0930569871890223,-0.0923277474531572,0 days 00:12:42.223450
780,ExpGrad.1,1,0.711179,-0.0425734154775911,-0.1225327013379352,-0.1225327013379352,-0.0515139648616883,-0.0351239870062406,0 days 00:01:42.205600
781,ExpGrad.01,1,0.589253,-0.0001792041028125,-0.0090586414161625,-0.0090586414161625,0.0,0.0,0 days 00:02:31.635214
782,RedGrid25,1,0.705439,-0.0621577252714737,-0.1416647023676486,-0.1416647023676486,-0.0619219955365553,-0.0597962410243799,0 days 00:09:32.692628
783,RedGrid5,1,0.705439,-0.0621577252714737,-0.1416647023676486,-0.1416647023676486,-0.0619219955365553,-0.0597962410243799,0 days 00:09:31.431796
784,RedGrid75,1,0.705439,-0.0621577252714737,-0.1416647023676486,-0.1416647023676486,-0.0619219955365553,-0.0597962410243799,0 days 00:09:37.006274
785,ExpGrad.1,2,0.71138,-0.0559056840712666,-0.0918730446593736,-0.0918730446593736,-0.0464276332803699,-0.0300117016910843,0 days 00:03:47.029872
786,ExpGrad.01,2,0.633907,-0.0156101111573549,-0.0167170526151139,-0.0147598718931867,-0.0150926877237699,-0.0167170526151139,0 days 00:05:45.128061
787,RedGrid25,2,0.725698,-0.0785180387109922,-0.1074244213467825,-0.1074244213467825,-0.0770310270658372,-0.0536163475786642,0 days 00:14:37.191798
788,RedGrid5,2,0.706166,-0.0500665121559979,-0.0878702574662633,-0.0878702574662633,-0.0483539620988328,-0.0173451643343164,0 days 00:14:35.107070
789,RedGrid75,2,0.639689,-0.0269655443789324,-0.0432778714353473,-0.0135768110183172,-0.0432778714353473,-0.0280729199075263,0 days 00:14:27.973062
790,ExpGrad.1,0,0.707217,-0.0830609010102612,-0.0998649382553279,-0.0998649382553279,-0.0739929598585517,-0.0733229713630158,0 days 00:04:18.105057
791,ExpGrad.01,0,0.684747,-0.0114446313475756,-0.0161730834983028,-0.0161730834983028,-0.0093135300900183,-0.0084714881883071,0 days 00:09:16.218730
792,RedGrid25,0,0.6854,-0.0782676603841102,-0.111101968352562,-0.111101968352562,0.0,-0.0927912730484143,0 days 00:15:43.160744
793,RedGrid5,0,0.662986,-0.0491745398562935,-0.1055964590887257,-0.1055964590887257,0.0,-0.0268552774247965,0 days 00:15:44.683944
794,RedGrid75,0,0.662986,-0.0491745398562935,-0.1055964590887257,-0.1055964590887257,0.0,-0.0268552774247965,0 days 00:15:46.136870
795,ExpGrad.1,1,0.710109,-0.028684050156171,-0.1077838104217779,-0.1077838104217779,-0.0325766886682075,-0.0240685251142912,0 days 00:02:59.336845
796,ExpGrad.01,1,0.59747,-0.0037918746101631,-0.0149311118039028,-0.0149311118039028,0.0,-0.005539195630758,0 days 00:07:04.860743
797,RedGrid25,1,0.70663,-0.0535606879635375,-0.131644914561441,-0.131644914561441,-0.0490212515110973,-0.0536344135110863,0 days 00:13:37.968376
798,RedGrid5,1,0.695834,-0.0017183825071818,-0.0873056037752877,-0.0873056037752877,0.0,0.0,0 days 00:13:38.655163
799,RedGrid75,1,0.695834,-0.0017183825071818,-0.0873056037752877,-0.0873056037752877,0.0,0.0,0 days 00:13:39.433801
800,ExpGrad.1,2,0.703051,-0.0457746135933253,-0.0858947548858813,-0.0858947548858813,-0.0233692756138496,-0.0254638764229302,0 days 00:03:28.813790
801,ExpGrad.01,2,0.620919,-0.0097213773275638,-0.0138491440758965,-0.0109471740597006,-0.0138491440758965,-0.0058937625232506,0 days 00:05:08.870100
802,RedGrid25,2,0.694198,-0.0381468811347102,-0.0685615067347473,-0.0685615067347473,0.0,-0.0368522233701612,0 days 00:13:23.356150
803,RedGrid5,2,0.660746,-0.015845428203929,-0.0459054293323255,-0.0459054293323255,0.0,0.0,0 days 00:13:23.243776
804,RedGrid75,2,0.660746,-0.015845428203929,-0.0459054293323255,-0.0459054293323255,0.0,0.0,0 days 00:13:29.624778
805,ExpGrad.1,1,0.711423,-0.0405001879180077,-0.1087637988656849,-0.1087637988656849,-0.0394625127496148,-0.0389780788832001,0 days 00:02:33.553144
806,ExpGrad.01,1,0.578951,-0.0022103643429835,-0.013116074928688,-0.013116074928688,0.0,-0.0030948574215647,0 days 00:03:24.592672
807,RedGrid25,1,0.704469,-0.0677395487486791,-0.1288809822652847,-0.1288809822652847,-0.071391177993713,-0.0638496375246504,0 days 00:13:31.668046
808,RedGrid5,1,0.704469,-0.0677395487486791,-0.1288809822652847,-0.1288809822652847,-0.071391177993713,-0.0638496375246504,0 days 00:13:35.861956
809,RedGrid75,1,0.704469,-0.0677395487486791,-0.1288809822652847,-0.1288809822652847,-0.071391177993713,-0.0638496375246504,0 days 00:13:36.613182
810,ExpGrad.1,1,0.712997,-0.0520287943797731,-0.1233501027498741,-0.1233501027498741,-0.0507227544830666,-0.0505256384399408,0 days 00:01:59.293498
811,ExpGrad.01,1,0.586421,-0.0064117480692941,-0.0113491573897344,-0.0110667012269809,-0.0113491573897344,-0.003526886688808,0 days 00:02:57.873230
812,RedGrid25,1,0.708011,-0.0698063274540015,-0.137329803774415,-0.137329803774415,-0.0770388378269669,-0.063684294254571,0 days 00:09:28.416520
813,RedGrid5,1,0.708011,-0.0698063274540015,-0.137329803774415,-0.137329803774415,-0.0770388378269669,-0.063684294254571,0 days 00:09:28.548670
814,RedGrid75,1,0.700494,-0.001935633193421,-0.098285689856386,-0.098285689856386,0.0,0.0,0 days 00:09:31.654667
815,ExpGrad.1,2,0.709526,-0.055154386100321,-0.0932490941450903,-0.0932490941450903,-0.0249640571820723,-0.0411058387340274,0 days 00:02:11.094014
816,ExpGrad.01,2,0.628341,-0.0051806793113577,-0.0119431927783263,-0.0119431927783263,0.0,-0.0025673893456173,0 days 00:03:42.738833
817,RedGrid25,2,0.729968,-0.0943047782928308,-0.1248296947308092,-0.1248296947308092,-0.0987113176080789,-0.0639336207128024,0 days 00:10:50.481544
818,RedGrid5,2,0.684041,-0.0283569918676255,-0.0762424571435393,-0.0762424571435393,0.0,-0.0042863146784851,0 days 00:10:49.470155
819,RedGrid75,2,0.684041,-0.0283569918676255,-0.0762424571435393,-0.0762424571435393,0.0,-0.0042863146784851,0 days 00:10:48.334076
820,ExpGrad.1,1,0.711199,-0.0429030529775616,-0.1248698554271207,-0.1248698554271207,-0.0434697474101998,-0.0400622687310083,0 days 00:04:10.702305
821,ExpGrad.01,1,0.589097,-0.0002071575222536,-0.0106281456849937,-0.0106281456849937,0.0,0.0,0 days 00:03:16.307358
822,RedGrid25,1,0.707312,-0.0700750623844637,-0.1414148054130206,-0.1414148054130206,-0.0811135078820212,-0.0617858119911866,0 days 00:14:05.398880
823,RedGrid5,1,0.707312,-0.0700750623844637,-0.1414148054130206,-0.1414148054130206,-0.0811135078820212,-0.0617858119911866,0 days 00:14:00.841684
824,RedGrid75,1,0.707312,-0.0700750623844637,-0.1414148054130206,-0.1414148054130206,-0.0811135078820212,-0.0617858119911866,0 days 00:14:04.409431
825,ExpGrad.1,0,0.706663,-0.0833703804985465,-0.1011819306564751,-0.1011819306564751,-0.0743841965853302,-0.0726911595489021,0 days 00:03:25.975553
826,ExpGrad.01,0,0.68699,-0.0118943884049193,-0.0167684474691831,-0.0167684474691831,-0.0064871467818159,-0.0105985898954675,0 days 00:09:15.667642
827,RedGrid25,0,0.68522,-0.0771982193475626,-0.1092174923653386,-0.1092174923653386,0.0,-0.0916785223379463,0 days 00:12:28.695611
828,RedGrid5,0,0.665279,-0.0554470097220936,-0.1123744968686422,-0.1123744968686422,-0.0017903365093842,-0.0350723179136819,0 days 00:11:43.354736
829,RedGrid75,0,0.665279,-0.0554470097220936,-0.1123744968686422,-0.1123744968686422,-0.0017903365093842,-0.0350723179136819,0 days 00:11:49.820490
830,ExpGrad.1,2,0.709956,-0.0640929395449809,-0.0980440450734154,-0.0980440450734154,-0.0410178362071916,-0.0491971888184399,0 days 00:03:09.840811
831,ExpGrad.01,2,0.623333,-0.0107186202329198,-0.0128474316184219,-0.0128474316184219,-0.0084906815669343,-0.0103127386438499,0 days 00:03:56.223194
832,RedGrid25,2,0.721562,-0.0867424590495184,-0.0978700346495703,-0.0978700346495703,-0.0926909330015596,-0.072724760834143,0 days 00:13:45.097237
833,RedGrid5,2,0.721562,-0.0867424590495184,-0.0978700346495703,-0.0978700346495703,-0.0926909330015596,-0.072724760834143,0 days 00:14:05.712074
834,RedGrid75,2,0.704353,-0.0580902143227768,-0.0815282021656338,-0.0815282021656338,-0.0779304672085219,-0.0236215281932242,0 days 00:14:01.077165
835,ExpGrad.1,1,0.711647,-0.041228567695682,-0.1296717357745138,-0.1296717357745138,-0.035395670219039,-0.04167257121189,0 days 00:02:43.189072
836,ExpGrad.01,1,0.614193,-0.0128543150191423,-0.0224912767512837,-0.0224912767512837,-0.015633957749118,-0.0110143777363621,0 days 00:03:59.433309
837,RedGrid25,1,0.698912,-0.0468685467018098,-0.1271131394287779,-0.1271131394287779,0.0,-0.070259545194135,0 days 00:12:00.659113
838,RedGrid5,1,0.685373,-0.0012180095724975,-0.0613696807566533,-0.0613696807566533,0.0,0.0,0 days 00:11:52.226161
839,RedGrid75,1,0.685373,-0.0012180095724975,-0.0613696807566533,-0.0613696807566533,0.0,0.0,0 days 00:11:55.145200
840,ExpGrad.1,0,0.706639,-0.0810076100014069,-0.0997083326941884,-0.0997083326941884,-0.0697544857638756,-0.070782362314207,0 days 00:03:31.264254
841,ExpGrad.01,0,0.685013,-0.0154732398793283,-0.0201283842403261,-0.0201283842403261,-0.0112604690327633,-0.0137103160521907,0 days 00:06:47.313663
842,RedGrid25,0,0.686157,-0.123098551443195,-0.1524359852696488,-0.1524359852696488,-0.1015143123718179,-0.1092360321415228,0 days 00:15:27.657675
843,RedGrid5,0,0.686157,-0.123098551443195,-0.1524359852696488,-0.1524359852696488,-0.1015143123718179,-0.1092360321415228,0 days 00:15:22.927194
844,RedGrid75,0,0.668089,-0.0517061763450617,-0.1090359912366869,-0.1090359912366869,0.0,-0.0298977589221253,0 days 00:15:26.200680
845,ExpGrad.1,2,0.711713,-0.0622999155225026,-0.0992676372408281,-0.0992676372408281,-0.0256948954198721,-0.0531804910402929,0 days 00:03:00.281905
846,ExpGrad.01,2,0.617542,-0.0074405651288988,-0.012223327417081,-0.012223327417081,0.0,-0.0080834799823023,0 days 00:04:49.865686
847,RedGrid25,2,0.700201,-0.0495404241576411,-0.0871265313003185,-0.0871265313003185,0.0,-0.048573161512624,0 days 00:14:19.541362
848,RedGrid5,2,0.676648,-0.033423146334599,-0.0538622374325702,-0.0538622374325702,0.0,-0.0372663948113073,0 days 00:14:24.075366
849,RedGrid75,2,0.676648,-0.033423146334599,-0.0538622374325702,-0.0538622374325702,0.0,-0.0372663948113073,0 days 00:14:18.607134
850,ExpGrad.1,1,0.711351,-0.0443507155944412,-0.1138338460343285,-0.1138338460343285,-0.056616351581868,-0.0354222463211287,0 days 00:03:00.864976
851,ExpGrad.01,1,0.595923,-5.8676769409566514e-05,-0.003025472890812,-0.003025472890812,0.0,0.0,0 days 00:03:07.121651
852,RedGrid25,1,0.699456,-0.0447869332356779,-0.1187671868833218,-0.1187671868833218,0.0,-0.0673180194701307,0 days 00:12:35.671934
853,RedGrid5,1,0.68317,-0.0008366315975665,-0.043138131896228,-0.043138131896228,0.0,0.0,0 days 00:12:30.169881
854,RedGrid75,1,0.68317,-0.0008366315975665,-0.043138131896228,-0.043138131896228,0.0,0.0,0 days 00:12:30.348656
855,ExpGrad.1,2,0.707637,-0.0552789834367176,-0.0847975950619132,-0.0847975950619132,-0.0715073166763687,-0.0183430389731354,0 days 00:02:45.195744
856,ExpGrad.01,2,0.612839,-0.0057201395488705,-0.0074059908557918,-0.0074059908557918,-0.0052982585163746,-0.0045021990019147,0 days 00:03:37.148127
857,RedGrid25,2,0.720487,-0.0852266727801258,-0.0939492840099292,-0.0939492840099292,-0.0934876152696714,-0.0720214674514722,0 days 00:12:48.192628
858,RedGrid5,2,0.693265,-0.043088520884286,-0.0712085304451418,-0.0683066861719219,-0.0712085304451418,-0.0021101298817599,0 days 00:12:49.386536
859,RedGrid75,2,0.668924,-0.0249670908513172,-0.0541187010722754,-0.0541187010722754,0.0,-0.0155881338598439,0 days 00:12:55.791009
860,ExpGrad.1,1,0.71201,-0.0344952010150559,-0.1239908609815653,-0.1239908609815653,-0.0302110536253907,-0.0341426822193764,0 days 00:02:46.185985
861,ExpGrad.01,1,0.594571,-0.0023178328758354,-0.0156265357376074,-0.0156265357376074,-0.0014244759737762,-0.0024076823294508,0 days 00:03:05.701909
862,RedGrid25,1,0.699341,-0.0020262629608155,-0.1052941651724168,-0.1052941651724168,0.0,0.0,0 days 00:12:52.089087
863,RedGrid5,1,0.699341,-0.0020262629608155,-0.1052941651724168,-0.1052941651724168,0.0,0.0,0 days 00:13:10.093947
864,RedGrid75,1,0.699341,-0.0020262629608155,-0.1052941651724168,-0.1052941651724168,0.0,0.0,0 days 00:12:06.820108
865,ExpGrad.1,1,0.709614,-0.0165375265424871,-0.0996233434752721,-0.0996233434752721,-0.0208264981314627,-0.0115655053519949,0 days 00:03:18.745149
866,ExpGrad.01,1,0.573127,0.0,0.0,0.0,0.0,0.0,0 days 00:02:47.808489
867,RedGrid25,1,0.704922,-0.0664616815199593,-0.1346320071984329,-0.1346320071984329,-0.0683114507273008,-0.0633057639339346,0 days 00:11:27.472721
868,RedGrid5,1,0.700803,-0.0127184722988185,-0.1050296502872246,-0.1050296502872246,0.0,-0.0168674163210317,0 days 00:11:29.492860
869,RedGrid75,1,0.700803,-0.0127184722988185,-0.1050296502872246,-0.1050296502872246,0.0,-0.0168674163210317,0 days 00:11:15.616637
870,ExpGrad.1,1,0.709025,-0.0190263096010035,-0.1052856425084911,-0.1052856425084911,-0.0092443375862464,-0.0218451532751816,0 days 00:02:26.972826
871,ExpGrad.01,1,0.596912,-0.0001736364076446,-0.009069112848268,-0.009069112848268,0.0,0.0,0 days 00:04:11.736682
872,RedGrid25,1,0.699442,-0.0082599230508418,-0.1137291961522369,-0.1137291961522369,0.0,-0.0096490568159294,0 days 00:13:56.099944
873,RedGrid5,1,0.699442,-0.0082599230508418,-0.1137291961522369,-0.1137291961522369,0.0,-0.0096490568159294,0 days 00:13:43.713040
874,RedGrid75,1,0.699442,-0.0082599230508418,-0.1137291961522369,-0.1137291961522369,0.0,-0.0096490568159294,0 days 00:13:45.083873
875,ExpGrad.1,2,0.705518,-0.0493662755594686,-0.0834538202983924,-0.0834538202983924,-0.0241605423105587,-0.0358705835351166,0 days 00:02:20.310680
876,ExpGrad.01,2,0.622236,-0.0042536595444253,-0.0090297108959724,-0.0090297108959724,-0.0042462177819368,0.0,0 days 00:04:15.859719
877,RedGrid25,2,0.728069,-0.0881918030864825,-0.1202056019101902,-0.1202056019101902,-0.0763423922699138,-0.0675905232736026,0 days 00:10:33.239697
878,RedGrid5,2,0.693662,-0.0592524041434795,-0.0705808647115367,-0.0632770824491196,-0.0705808647115367,-0.048068620656753,0 days 00:10:25.364800
879,RedGrid75,2,0.693662,-0.0592524041434795,-0.0705808647115367,-0.0632770824491196,-0.0705808647115367,-0.048068620656753,0 days 00:10:19.636967
880,ExpGrad.1,0,0.706182,-0.0854138403874359,-0.102667059165719,-0.102667059165719,-0.0771694863097138,-0.0748777410743715,0 days 00:03:36.595154
881,ExpGrad.01,0,0.686259,-0.0173444882336777,-0.0237443159283377,-0.0237443159283377,-0.0143674285234991,-0.0133913130919756,0 days 00:08:18.260191
882,RedGrid25,0,0.682205,-0.1193328122758724,-0.1538842847196001,-0.1538842847196001,-0.099027856247967,-0.1003379972378807,0 days 00:16:13.337842
883,RedGrid5,0,0.682205,-0.1193328122758724,-0.1538842847196001,-0.1538842847196001,-0.099027856247967,-0.1003379972378807,0 days 00:15:52.543150
884,RedGrid75,0,0.682205,-0.1193328122758724,-0.1538842847196001,-0.1538842847196001,-0.099027856247967,-0.1003379972378807,0 days 00:16:09.785856
885,ExpGrad.1,2,0.692579,-0.0442379273936197,-0.0772874797778482,-0.0772874797778482,-0.027479821914585,-0.0261230490932937,0 days 00:02:13.674940
886,ExpGrad.01,2,0.6088,-0.0040791504930127,-0.0059973686697606,-0.0014446633771172,-0.0046972602807249,-0.0059973686697606,0 days 00:03:44.032859
887,RedGrid25,2,0.730761,-0.0989190901756024,-0.1223773149747565,-0.1223773149747565,-0.1048211653171722,-0.0743025938582397,0 days 00:12:17.572091
888,RedGrid5,2,0.649891,-0.0204794533627093,-0.045031017962461,-0.0253005363188655,-0.045031017962461,0.0,0 days 00:12:20.505014
889,RedGrid75,2,0.649891,-0.0204794533627093,-0.045031017962461,-0.0253005363188655,-0.045031017962461,0.0,0 days 00:12:24.282994
890,ExpGrad.1,0,0.70786,-0.0817043516076555,-0.0988597156530208,-0.0988597156530208,-0.071595858921069,-0.0722996191434781,0 days 00:03:53.677846
891,ExpGrad.01,0,0.687479,-0.0132383609847571,-0.0191349694065748,-0.0191349694065748,-0.0081600789255159,-0.0108910434423633,0 days 00:07:00.352492
892,RedGrid25,0,0.683531,-0.1139945420220248,-0.1479814649761273,-0.1479814649761273,-0.09514026393715,-0.0947157279087178,0 days 00:15:40.045367
893,RedGrid5,0,0.683531,-0.1139945420220248,-0.1479814649761273,-0.1479814649761273,-0.09514026393715,-0.0947157279087178,0 days 00:15:28.996380
894,RedGrid75,0,0.683531,-0.1139945420220248,-0.1479814649761273,-0.1479814649761273,-0.09514026393715,-0.0947157279087178,0 days 00:15:34.978477
895,ExpGrad.1,1,0.708297,-0.0284816456840002,-0.1008719777323353,-0.1008719777323353,-0.0306078022066347,-0.0250637232514844,0 days 00:02:55.765532
896,ExpGrad.01,1,0.594855,-0.0074822207676554,-0.013849662913664,-0.0095075386470338,-0.013849662913664,-0.0038933046451474,0 days 00:04:34.549038
897,RedGrid25,1,0.700062,-0.0463182375682893,-0.117769992944394,-0.117769992944394,0.0,-0.069757437400139,0 days 00:13:21.508229
898,RedGrid5,1,0.695051,-0.0449529452961072,-0.114270269068754,-0.114270269068754,0.0,-0.0677021189591743,0 days 00:13:20.460710
899,RedGrid75,1,0.67691,-0.0287541289251266,-0.0731556249845031,-0.0731556249845031,0.0,-0.0433036857503922,0 days 00:13:18.167387
900,ExpGrad.1,2,0.700345,-0.0440323110125352,-0.0770676512953288,-0.0770676512953288,-0.0375375938098064,-0.0187937557428674,0 days 00:02:28.864056
901,ExpGrad.01,2,0.623731,-0.0076897970423539,-0.0116416850436239,-0.0116416850436239,0.0,-0.0093517859939217,0 days 00:04:17.141325
902,RedGrid25,2,0.718708,-0.0737364861312877,-0.1068833719069896,-0.1068833719069896,-0.0875195709817147,-0.0346663507563197,0 days 00:11:13.300747
903,RedGrid5,2,0.680219,-0.0287263016272571,-0.0760873991554865,-0.0760873991554865,0.0,-0.0056904122526956,0 days 00:11:19.281793
904,RedGrid75,2,0.65605,-0.0130276176362215,-0.0373828723813608,-0.0373828723813608,0.0,0.0,0 days 00:11:13.159077
905,ExpGrad.1,0,0.706727,-0.0806834687686905,-0.0981421915285033,-0.0981421915285033,-0.0711448662099489,-0.0706387690092377,0 days 00:03:24.274728
906,ExpGrad.01,0,0.684883,-0.0126115036434311,-0.0164031632192063,-0.0164031632192063,-0.0140867246371223,-0.0084693544212196,0 days 00:05:28.662409
907,RedGrid25,0,0.683089,-0.1139125702315376,-0.1486561265624708,-0.1486561265624708,-0.0961425667416723,-0.0932531187969214,0 days 00:12:55.196246
908,RedGrid5,0,0.683089,-0.1139125702315376,-0.1486561265624708,-0.1486561265624708,-0.0961425667416723,-0.0932531187969214,0 days 00:12:31.918087
909,RedGrid75,0,0.683089,-0.1139125702315376,-0.1486561265624708,-0.1486561265624708,-0.0961425667416723,-0.0932531187969214,0 days 00:13:23.353552
910,ExpGrad.1,0,0.706364,-0.0815235761169658,-0.0984518993299049,-0.0984518993299049,-0.0730826454506172,-0.0713297181810097,0 days 00:03:52.332810
911,ExpGrad.01,0,0.686782,-0.0132241427771261,-0.0184213907244615,-0.0184213907244615,-0.0095449262431271,-0.0106958128165606,0 days 00:06:52.103147
912,RedGrid25,0,0.682797,-0.1154975878452369,-0.1499758331007771,-0.1499758331007771,-0.0971703535097741,-0.095363267074888,0 days 00:15:55.320449
913,RedGrid5,0,0.682797,-0.1154975878452369,-0.1499758331007771,-0.1499758331007771,-0.0971703535097741,-0.095363267074888,0 days 00:15:48.401400
914,RedGrid75,0,0.682797,-0.1154975878452369,-0.1499758331007771,-0.1499758331007771,-0.0971703535097741,-0.095363267074888,0 days 00:15:45.294450
915,ExpGrad.1,2,0.704617,-0.0509989538456981,-0.0766598305049323,-0.0766598305049323,-0.065037546921008,-0.0184823608359416,0 days 00:02:58.080102
916,ExpGrad.01,2,0.628265,-0.0058078432601642,-0.0109632139627183,-0.0109632139627183,-0.0075467824057224,0.0,0 days 00:04:54.547890
917,RedGrid25,2,0.728592,-0.0897035008283542,-0.1082792996833335,-0.1082792996833335,-0.10383248625714,-0.0635062786789251,0 days 00:14:35.296051
918,RedGrid5,2,0.717705,-0.0648944611536605,-0.1034874344033567,-0.1034874344033567,-0.0705591607923644,-0.0263455009055732,0 days 00:14:35.218454
919,RedGrid75,2,0.662004,-0.0161451290901818,-0.0397595750684263,-0.0397595750684263,0.0,-0.0057023040953658,0 days 00:14:33.181335
920,ExpGrad.1,2,0.690017,-0.0344401913351336,-0.0702909749470971,-0.0702909749470971,-0.0090319739812111,-0.0196452140019616,0 days 00:02:45.581185
921,ExpGrad.01,2,0.630341,-0.0062448875719051,-0.0120864576723042,-0.0120864576723042,0.0,-0.0052347014279433,0 days 00:04:07.442594
922,RedGrid25,2,0.711336,-0.0538407335322204,-0.0843456554866444,-0.0843456554866444,-0.0699092703299572,-0.0161749358149179,0 days 00:13:42.029742
923,RedGrid5,2,0.646585,-0.0104350126714248,-0.0300880849277769,-0.0300880849277769,0.0,0.0,0 days 00:13:48.386900
924,RedGrid75,2,0.646585,-0.0104350126714248,-0.0300880849277769,-0.0300880849277769,0.0,0.0,0 days 00:13:55.570942
925,ExpGrad.1,2,0.718636,-0.0727524969657279,-0.1128910022610809,-0.1128910022610809,-0.0533790129038662,-0.0502455855021837,0 days 00:03:01.125191
926,ExpGrad.01,2,0.619105,-0.0061003443749328,-0.0106191669162333,-0.0076282957254352,-0.0106191669162333,-0.0017544087835931,0 days 00:04:18.217718
927,RedGrid25,2,0.696393,-0.0448601690613692,-0.0770166521919409,-0.0770166521919409,-0.0641809347559686,-0.0037010031688259,0 days 00:13:24.009985
928,RedGrid5,2,0.691607,-0.0406102724729261,-0.0710462870179214,-0.0710462870179214,-0.0613878790668188,0.0,0 days 00:13:18.081443
929,RedGrid75,2,0.691607,-0.0406102724729261,-0.0710462870179214,-0.0710462870179214,-0.0613878790668188,0.0,0 days 00:13:31.143996
930,ExpGrad.1,2,0.722474,-0.0723855670276987,-0.1072240754526591,-0.1072240754526591,-0.0631312329811679,-0.0470828190015657,0 days 00:02:42.888338
931,ExpGrad.01,2,0.630086,-0.0077110517045475,-0.009708287425644,-0.0049236894069156,-0.009708287425644,-0.0088973272667593,0 days 00:06:08.837805
932,RedGrid25,2,0.711883,-0.0681668691282201,-0.091624559279343,-0.091624559279343,-0.0570495885210879,-0.0543883140575259,0 days 00:14:16.969588
933,RedGrid5,2,0.683194,-0.0308215744214487,-0.0523185607629467,-0.0523185607629467,-0.0479166922050698,0.0,0 days 00:14:02.479435
934,RedGrid75,2,0.658499,-0.0163549317652804,-0.0364175916472673,-0.0364175916472673,-0.0137002434147234,0.0,0 days 00:14:25.560542
935,ExpGrad.1,0,0.707178,-0.0825535890863425,-0.1004869705626864,-0.1004869705626864,-0.073092538844721,-0.0720568538824177,0 days 00:04:02.737141
936,ExpGrad.01,0,0.688513,-0.0109263430890059,-0.0166562797292655,-0.0166562797292655,-0.0085649695312925,-0.0072074652035265,0 days 00:10:03.245426
937,RedGrid25,0,0.682577,-0.1131340343413857,-0.1487986087135963,-0.1487986087135963,-0.0916208334192905,-0.0937475326684547,0 days 00:16:17.346173
938,RedGrid5,0,0.682577,-0.1131340343413857,-0.1487986087135963,-0.1487986087135963,-0.0916208334192905,-0.0937475326684547,0 days 00:16:06.525905
939,RedGrid75,0,0.682577,-0.1131340343413857,-0.1487986087135963,-0.1487986087135963,-0.0916208334192905,-0.0937475326684547,0 days 00:16:21.775593
940,ExpGrad.1,2,0.707287,-0.0518906295753229,-0.082199325032571,-0.082199325032571,-0.0414302819160462,-0.0321098710362675,0 days 00:02:56.257461
941,ExpGrad.01,2,0.62924,-0.0111155348984252,-0.0154529399824193,-0.0154529399824193,-0.0109428571383031,-0.0073944593975689,0 days 00:04:32.742991
942,RedGrid25,2,0.719781,-0.0814676142972871,-0.0947085497017462,-0.0947085497017462,-0.0882491397836966,-0.0651946273979462,0 days 00:13:18.881720
943,RedGrid5,2,0.664924,-0.0262522834900428,-0.0413982414508757,-0.0413982414508757,0.0,-0.0305022763206342,0 days 00:13:22.093233
944,RedGrid75,2,0.664924,-0.0262522834900428,-0.0413982414508757,-0.0413982414508757,0.0,-0.0305022763206342,0 days 00:13:25.722878
945,ExpGrad.1,2,0.714189,-0.0628780950199233,-0.0909923940528685,-0.0909923940528685,-0.0225368876117812,-0.0648803909922274,0 days 00:04:56.153837
946,ExpGrad.01,2,0.627692,-0.0084919462046831,-0.015832240864473,-0.015832240864473,0.0,-0.0076510094484175,0 days 00:07:20.692332
947,RedGrid25,2,0.718905,-0.0833558440945221,-0.112167529621402,-0.112167529621402,-0.0688307333896251,-0.0674868132570794,0 days 00:15:41.582243
948,RedGrid5,2,0.676906,-0.035729640360354,-0.0545641741075842,-0.0545641741075842,0.0,-0.0428876814493153,0 days 00:15:09.896529
949,RedGrid75,2,0.676906,-0.035729640360354,-0.0545641741075842,-0.0545641741075842,0.0,-0.0428876814493153,0 days 00:14:38.449814
950,ExpGrad.1,1,0.709218,-0.0167688040658736,-0.1071474131433771,-0.1071474131433771,-0.0033714056381453,-0.0214009021239223,0 days 00:02:34.090565
951,ExpGrad.01,1,0.597686,-0.0143112620300136,-0.0182087065019991,-0.0182087065019991,-0.0131102563172564,-0.0148558753806099,0 days 00:03:37.668235
952,RedGrid25,1,0.701414,-0.0092510097349818,-0.1090367050315134,-0.1090367050315134,0.0,-0.0112993962193407,0 days 00:12:10.891713
953,RedGrid5,1,0.701414,-0.0092510097349818,-0.1090367050315134,-0.1090367050315134,0.0,-0.0112993962193407,0 days 00:12:11.238892
954,RedGrid75,1,0.701414,-0.0092510097349818,-0.1090367050315134,-0.1090367050315134,0.0,-0.0112993962193407,0 days 00:12:17.547841
955,ExpGrad.1,1,0.711306,-0.0369574818689994,-0.1192715792647831,-0.1192715792647831,-0.0273463520540643,-0.039712462829466,0 days 00:03:18.757274
956,ExpGrad.01,1,0.608478,-0.011688313502597,-0.0273023890499943,-0.0273023890499943,-0.0143661976488849,-0.0097140290044934,0 days 00:04:16.700207
957,RedGrid25,1,0.699192,-0.0125473120827663,-0.1063790656983993,-0.1063790656983993,0.0,-0.0165705652985898,0 days 00:14:27.919884
958,RedGrid5,1,0.699192,-0.0125473120827663,-0.1063790656983993,-0.1063790656983993,0.0,-0.0165705652985898,0 days 00:14:34.064452
959,RedGrid75,1,0.699192,-0.0125473120827663,-0.1063790656983993,-0.1063790656983993,0.0,-0.0165705652985898,0 days 00:14:27.666111
960,ExpGrad.1,0,0.707066,-0.0812496134050471,-0.0985033233020665,-0.0985033233020665,-0.0722512004245912,-0.0711316792704729,0 days 00:03:19.510226
961,ExpGrad.01,0,0.690268,-0.0163506473325516,-0.0216959819839238,-0.0216959819839238,-0.014876941082878,-0.0124882656188172,0 days 00:08:18.938381
962,RedGrid25,0,0.694219,-0.057727825223879,-0.0841984649181046,-0.0518461854621825,-0.0841984649181046,-0.0482156853892172,0 days 00:14:53.566554
963,RedGrid5,0,0.694219,-0.057727825223879,-0.0841984649181046,-0.0518461854621825,-0.0841984649181046,-0.0482156853892172,0 days 00:14:45.403700
964,RedGrid75,0,0.694219,-0.057727825223879,-0.0841984649181046,-0.0518461854621825,-0.0841984649181046,-0.0482156853892172,0 days 00:14:45.013619
965,ExpGrad.1,0,0.706325,-0.082055361720625,-0.0988643260300855,-0.0988643260300855,-0.0733201719078666,-0.0721247343148779,0 days 00:03:47.422951
966,ExpGrad.01,0,0.687615,-0.0114346010064519,-0.0168075573138906,-0.0168075573138906,-0.0101771246176093,-0.0074094059352556,0 days 00:07:32.321813
967,RedGrid25,0,0.683329,-0.1151602206587653,-0.148072292227166,-0.148072292227166,-0.0983841366108212,-0.0955344177260727,0 days 00:15:27.360717
968,RedGrid5,0,0.683329,-0.1151602206587653,-0.148072292227166,-0.148072292227166,-0.0983841366108212,-0.0955344177260727,0 days 00:15:15.300906
969,RedGrid75,0,0.683329,-0.1151602206587653,-0.148072292227166,-0.148072292227166,-0.0983841366108212,-0.0955344177260727,0 days 00:15:25.842097
970,ExpGrad.1,1,0.711814,-0.0424399372246213,-0.1181657871292265,-0.1181657871292265,-0.0376714260115716,-0.0427166817208799,0 days 00:02:32.403857
971,ExpGrad.01,1,0.582384,-0.0020124554938347,-0.0071644336818499,-0.0071644336818499,0.0,-0.0029660541729525,0 days 00:02:20.663988
972,RedGrid25,1,0.706512,-0.0631993587406326,-0.1365544469975421,-0.1365544469975421,-0.0710408446860468,-0.0565671526491503,0 days 00:13:05.866566
973,RedGrid5,1,0.697114,-0.0018277296004898,-0.0928012504637504,-0.0928012504637504,0.0,0.0,0 days 00:13:06.785748
974,RedGrid75,1,0.697114,-0.0018277296004898,-0.0928012504637504,-0.0928012504637504,0.0,0.0,0 days 00:13:04.108782
975,ExpGrad.1,0,0.706649,-0.0821427401857102,-0.0995482053983926,-0.0995482053983926,-0.0727778398471608,-0.0720661007937439,0 days 00:04:00.248043
976,ExpGrad.01,0,0.688229,-0.0124083340269558,-0.018418652724942,-0.018418652724942,-0.0104253235257149,-0.008236843498383,0 days 00:07:14.288113
977,RedGrid25,0,0.691123,-0.0228410275579129,-0.029052165999027,-0.029052165999027,-0.0072232427063769,-0.0260358270233997,0 days 00:16:26.782437
978,RedGrid5,0,0.691123,-0.0228410275579129,-0.029052165999027,-0.029052165999027,-0.0072232427063769,-0.0260358270233997,0 days 00:16:22.714505
979,RedGrid75,0,0.691123,-0.0228410275579129,-0.029052165999027,-0.029052165999027,-0.0072232427063769,-0.0260358270233997,0 days 00:16:12.582528
980,ExpGrad.1,2,0.715664,-0.0701854502799462,-0.0938335686344584,-0.0938335686344584,-0.0553823702850111,-0.0588200869553758,0 days 00:02:38.251818
981,ExpGrad.01,2,0.622629,-0.0139409482257259,-0.0160961229796014,-0.0104218079311736,-0.0154419140503715,-0.0160961229796014,0 days 00:02:43.137279
982,RedGrid25,2,0.730986,-0.0971067600575222,-0.1156300082034545,-0.1156300082034545,-0.1053273767309425,-0.075109235653887,0 days 00:10:58.428392
983,RedGrid5,2,0.676842,-0.0344884112098102,-0.0473031062454967,-0.0456448831370742,0.0,-0.0473031062454967,0 days 00:11:12.462365
984,RedGrid75,2,0.676842,-0.0344884112098102,-0.0473031062454967,-0.0456448831370742,0.0,-0.0473031062454967,0 days 00:11:14.334146
985,ExpGrad.1,2,0.716216,-0.0570995615226709,-0.0855115934078373,-0.0855115934078373,-0.0508481670975433,-0.036092873147171,0 days 00:02:38.538578
986,ExpGrad.01,2,0.624292,-0.0085746794407945,-0.0178309230051116,-0.011322189769942,-0.0178309230051116,0.0,0 days 00:04:24.222133
987,RedGrid25,2,0.720653,-0.0735283508131227,-0.0931137669065615,-0.0931137669065615,-0.0773934049140655,-0.0536234607511783,0 days 00:12:01.863785
988,RedGrid5,2,0.707742,-0.0518027731879402,-0.0926270372303619,-0.0926270372303619,-0.0415576315980332,-0.0224568966646278,0 days 00:12:00.324709
989,RedGrid75,2,0.646754,-0.0151850552101803,-0.038952392382857,-0.0145229835867268,-0.038952392382857,0.0,0 days 00:11:58.359875
990,ExpGrad.1,0,0.706458,-0.0765505450679301,-0.0953954102248866,-0.0953954102248866,-0.0646466211792468,-0.0666152937411257,0 days 00:04:01.393053
991,ExpGrad.01,0,0.686316,-0.0131975828692839,-0.0180183251234858,-0.0180183251234858,-0.0144643585123407,-0.0082666556362728,0 days 00:08:10.826465
992,RedGrid25,0,0.694449,-0.0350179269189727,-0.0404581719997458,-0.039191655612085,-0.0185928151077567,-0.0404581719997458,0 days 00:16:52.133415
993,RedGrid5,0,0.694449,-0.0350179269189727,-0.0404581719997458,-0.039191655612085,-0.0185928151077567,-0.0404581719997458,0 days 00:16:48.855966
994,RedGrid75,0,0.694449,-0.0350179269189727,-0.0404581719997458,-0.039191655612085,-0.0185928151077567,-0.0404581719997458,0 days 00:16:32.321731
995,ExpGrad.1,2,0.724558,-0.0788289739929128,-0.0976494522729104,-0.0976494522729104,-0.09597112136669,-0.0504264295673141,0 days 00:02:58.190119
996,ExpGrad.01,2,0.616366,-0.0133210881427368,-0.0157372489113689,-0.0135616628723581,-0.0093995000012734,-0.0157372489113689,0 days 00:04:40.399094
997,RedGrid25,2,0.730528,-0.0995915911700815,-0.1164631712314587,-0.1155789602177022,-0.1164631712314587,-0.0739141871911044,0 days 00:13:53.932856
998,RedGrid5,2,0.701374,-0.0500109152737361,-0.074454287401705,-0.074454287401705,-0.0641435244636005,-0.0185801765934889,0 days 00:14:17.958986
999,RedGrid75,2,0.701374,-0.0500109152737361,-0.074454287401705,-0.074454287401705,-0.0641435244636005,-0.0185801765934889,0 days 00:14:07.824461
1000,ExpGrad.1,0,0.707066,-0.0840376144131492,-0.1015143482458749,-0.1015143482458749,-0.0746137101356474,-0.0739197146229634,0 days 00:03:13.978477
1001,ExpGrad.01,0,0.685507,-0.0113903428191272,-0.0168915126839419,-0.0168915126839419,-0.0081349004368959,-0.0083649229730586,0 days 00:06:16.379203
1002,RedGrid25,0,0.683951,-0.1139909351307516,-0.1488769279556836,-0.1488769279556836,-0.0952059422250728,-0.0937796239985536,0 days 00:13:07.426619
1003,RedGrid5,0,0.683951,-0.1139909351307516,-0.1488769279556836,-0.1488769279556836,-0.0952059422250728,-0.0937796239985536,0 days 00:13:30.489820
1004,RedGrid75,0,0.683951,-0.1139909351307516,-0.1488769279556836,-0.1488769279556836,-0.0952059422250728,-0.0937796239985536,0 days 00:13:14.516340
1005,ExpGrad.1,1,0.710363,-0.0272312003732787,-0.1155047729742463,-0.1155047729742463,-0.0290043076773359,-0.0235728466141006,0 days 00:03:48.264372
1006,ExpGrad.01,1,0.592222,-0.0005659513574745,-0.0020363768642003,-0.0020363768642003,0.0,-0.0008347911755898,0 days 00:03:35.367789
1007,RedGrid25,1,0.693731,-0.0014824197673846,-0.0774526437011534,-0.0774526437011534,0.0,0.0,0 days 00:13:42.732456
1008,RedGrid5,1,0.693731,-0.0014824197673846,-0.0774526437011534,-0.0774526437011534,0.0,0.0,0 days 00:13:38.792547
1009,RedGrid75,1,0.693731,-0.0014824197673846,-0.0774526437011534,-0.0774526437011534,0.0,0.0,0 days 00:13:39.127291
1010,ExpGrad.1,2,0.705468,-0.0512245710345646,-0.0760897229061184,-0.0760897229061184,-0.0347649056193791,-0.0400591705369758,0 days 00:04:08.881569
1011,ExpGrad.01,2,0.613927,-0.0038895713192898,-0.0075718261512268,-0.0054335728059587,-0.0075718261512268,0.0,0 days 00:04:32.479096
1012,RedGrid25,2,0.714728,-0.0702315890697136,-0.1063459609129436,-0.1063459609129436,-0.0852177904161441,-0.0275902078032806,0 days 00:12:29.049514
1013,RedGrid5,2,0.706815,-0.0573069119546326,-0.0936784248326429,-0.0912342909878624,-0.0936784248326429,-0.0021013539792787,0 days 00:12:28.635727
1014,RedGrid75,2,0.629555,-0.0220362855906465,-0.0360429817820409,-0.0231104200435607,0.0,-0.0360429817820409,0 days 00:13:10.616225
1015,ExpGrad.1,1,0.710524,-0.0300447864425861,-0.1051209829256271,-0.1051209829256271,-0.040241753248945,-0.0220789605738781,0 days 00:03:15.848804
1016,ExpGrad.01,1,0.58115,-0.0020334010654445,-0.0025917045251187,0.0,-0.0011392762179472,-0.0025917045251187,0 days 00:03:39.298721
1017,RedGrid25,1,0.705452,-0.064789767538507,-0.1329310819659819,-0.1329310819659819,-0.0722781528037802,-0.0585390974742815,0 days 00:14:02.961920
1018,RedGrid5,1,0.701795,-0.0075255835149494,-0.093860113430746,-0.093860113430746,0.0,-0.0090372283017436,0 days 00:13:50.116002
1019,RedGrid75,1,0.701795,-0.0075255835149494,-0.093860113430746,-0.093860113430746,0.0,-0.0090372283017436,0 days 00:13:50.895770
1020,ExpGrad.1,0,0.706664,-0.0825414161963784,-0.099177379921806,-0.099177379921806,-0.0749527946522936,-0.0721045663294193,0 days 00:03:32.271641
1021,ExpGrad.01,0,0.686588,-0.0107174826638412,-0.0157385457468117,-0.0157385457468117,-0.0084724618654969,-0.0075424119617464,0 days 00:05:21.600208
1022,RedGrid25,0,0.68561,-0.1217817606005647,-0.1522114822959313,-0.1522114822959313,-0.0992538104783509,-0.1074597830153416,0 days 00:13:30.044723
1023,RedGrid5,0,0.68561,-0.1217817606005647,-0.1522114822959313,-0.1522114822959313,-0.0992538104783509,-0.1074597830153416,0 days 00:13:13.332007
1024,RedGrid75,0,0.68561,-0.1217817606005647,-0.1522114822959313,-0.1522114822959313,-0.0992538104783509,-0.1074597830153416,0 days 00:13:20.594351
1025,ExpGrad.1,0,0.706055,-0.0832790056690453,-0.1004155792446808,-0.1004155792446808,-0.0753309982434867,-0.0726647909307055,0 days 00:03:50.092595
1026,ExpGrad.01,0,0.689918,-0.0120115066590868,-0.0187016817638653,-0.0187016817638653,-0.0094238946549987,-0.0075826483502041,0 days 00:10:00.594158
1027,RedGrid25,0,0.685792,-0.1235412933492037,-0.1534142882747839,-0.1534142882747839,-0.0998437922516642,-0.1104822775030555,0 days 00:15:11.504894
1028,RedGrid5,0,0.685792,-0.1235412933492037,-0.1534142882747839,-0.1534142882747839,-0.0998437922516642,-0.1104822775030555,0 days 00:15:02.273007
1029,RedGrid75,0,0.685792,-0.1235412933492037,-0.1534142882747839,-0.1534142882747839,-0.0998437922516642,-0.1104822775030555,0 days 00:14:54.386514
1030,ExpGrad.1,1,0.710379,-0.0191444352629564,-0.1130870136995134,-0.1130870136995134,-0.00948818614426,-0.0215792664010455,0 days 00:03:46.406995
1031,ExpGrad.01,1,0.609825,-0.0040610265111087,-0.0260493019694373,-0.0260493019694373,-0.0038332522690316,-0.003509139882812,0 days 00:04:31.403197
1032,RedGrid25,1,0.700683,-0.0093318264414569,-0.1150143871134466,-0.1150143871134466,-0.009614311040751,-0.0059191081158526,0 days 00:12:01.593356
1033,RedGrid5,1,0.700683,-0.0093318264414569,-0.1150143871134466,-0.1150143871134466,-0.009614311040751,-0.0059191081158526,0 days 00:12:13.300619
1034,RedGrid75,1,0.700683,-0.0093318264414569,-0.1150143871134466,-0.1150143871134466,-0.009614311040751,-0.0059191081158526,0 days 00:12:00.976439
1035,ExpGrad.1,0,0.706654,-0.0784518010739515,-0.0961122485445726,-0.0961122485445726,-0.067823321925949,-0.0688083636030941,0 days 00:03:37.933012
1036,ExpGrad.01,0,0.68798,-0.0126142011164958,-0.0178595382133933,-0.0178595382133933,-0.0091819529973429,-0.0099022855023729,0 days 00:06:16.387809
1037,RedGrid25,0,0.686139,-0.1247616073038258,-0.1551293295607348,-0.1551293295607348,-0.1025161150877439,-0.1103737384504777,0 days 00:12:58.987664
1038,RedGrid5,0,0.686139,-0.1247616073038258,-0.1551293295607348,-0.1551293295607348,-0.1025161150877439,-0.1103737384504777,0 days 00:12:55.567769
1039,RedGrid75,0,0.686139,-0.1247616073038258,-0.1551293295607348,-0.1551293295607348,-0.1025161150877439,-0.1103737384504777,0 days 00:12:55.690233
1040,ExpGrad.1,0,0.70662,-0.0733719681057578,-0.0903266467080887,-0.0903266467080887,-0.0616832462122856,-0.0649125017185134,0 days 00:03:02.934825
1041,ExpGrad.01,0,0.689827,-0.0131500112312173,-0.018259047054112,-0.018259047054112,-0.0134240251321336,-0.0085048049807138,0 days 00:08:32.152444
1042,RedGrid25,0,0.693799,-0.053912595273104,-0.078441786239439,-0.0482653152947891,-0.078441786239439,-0.0453362575039518,0 days 00:11:22.911165
1043,RedGrid5,0,0.693799,-0.053912595273104,-0.078441786239439,-0.0482653152947891,-0.078441786239439,-0.0453362575039518,0 days 00:11:40.760977
1044,RedGrid75,0,0.693799,-0.053912595273104,-0.078441786239439,-0.0482653152947891,-0.078441786239439,-0.0453362575039518,0 days 00:11:49.443415
1045,ExpGrad.1,0,0.707137,-0.080154030575306,-0.0967027321782958,-0.0967027321782958,-0.0721915977357052,-0.0700241416154352,0 days 00:02:16.519185
1046,ExpGrad.01,0,0.690314,-0.0115693133410833,-0.0181916777872446,-0.0181916777872446,-0.008749530312521,-0.0073122496425951,0 days 00:05:37.105069
1047,RedGrid25,0,0.686546,-0.1216862975581801,-0.1506610540180818,-0.1506610540180818,-0.1015115210471712,-0.1074078748583379,0 days 00:09:39.193689
1048,RedGrid5,0,0.686546,-0.1216862975581801,-0.1506610540180818,-0.1506610540180818,-0.1015115210471712,-0.1074078748583379,0 days 00:09:21.450417
1049,RedGrid75,0,0.686546,-0.1216862975581801,-0.1506610540180818,-0.1506610540180818,-0.1015115210471712,-0.1074078748583379,0 days 00:09:13.366041
1050,ExpGrad.1,0,0.706419,-0.0822238744132674,-0.0989639982890392,-0.0989639982890392,-0.072151231632539,-0.0731023794362792,0 days 00:03:42.818154
1051,ExpGrad.01,0,0.689353,-0.0148819497532328,-0.0189951251177064,-0.0189951251177064,-0.0129716316398804,-0.012328250474782,0 days 00:09:49.474964
1052,RedGrid25,0,0.686537,-0.0779754950894818,-0.1092252154199568,-0.1092252154199568,-0.0021987940610243,-0.0924796237853509,0 days 00:13:35.159296
1053,RedGrid5,0,0.686537,-0.0779754950894818,-0.1092252154199568,-0.1092252154199568,-0.0021987940610243,-0.0924796237853509,0 days 00:13:27.085735
1054,RedGrid75,0,0.664136,-0.0529957996267759,-0.1091970559953243,-0.1091970559953243,0.0,-0.0329870006938242,0 days 00:13:48.662430
1055,ExpGrad.1,0,0.706622,-0.0791345939144101,-0.0974302058705188,-0.0974302058705188,-0.0685743908414058,-0.0689056060443565,0 days 00:03:31.089281
1056,ExpGrad.01,0,0.685173,-0.0135236491835375,-0.018558025141747,-0.018558025141747,-0.0121722585311434,-0.0098467469588047,0 days 00:06:17.432911
1057,RedGrid25,0,0.69597,-0.068910133409278,-0.0871465696543036,-0.0630280601936684,-0.0871465696543036,-0.0639667101352626,0 days 00:12:21.460147
1058,RedGrid5,0,0.69597,-0.068910133409278,-0.0871465696543036,-0.0630280601936684,-0.0871465696543036,-0.0639667101352626,0 days 00:12:45.245365
1059,RedGrid75,0,0.69597,-0.068910133409278,-0.0871465696543036,-0.0630280601936684,-0.0871465696543036,-0.0639667101352626,0 days 00:12:53.891769
1060,ExpGrad.1,2,0.721947,-0.0720599618302899,-0.1106396567452661,-0.1106396567452661,-0.0743752538223833,-0.0359139352449422,0 days 00:04:58.945330
1061,ExpGrad.01,2,0.615539,-0.0083832992486095,-0.0157536516681717,-0.0157536516681717,-0.0109875935505804,0.0,0 days 00:06:31.211900
1062,RedGrid25,2,0.717059,-0.0700866887633594,-0.1100560835936646,-0.1100560835936646,-0.0904736712707032,-0.0203422161657901,0 days 00:14:08.220266
1063,RedGrid5,2,0.717059,-0.0700866887633594,-0.1100560835936646,-0.1100560835936646,-0.0904736712707032,-0.0203422161657901,0 days 00:14:11.541394
1064,RedGrid75,2,0.665567,-0.0187601950493275,-0.054014633869761,-0.054014633869761,0.0,0.0,0 days 00:14:07.033528
1065,ExpGrad.1,1,0.710488,-0.0320634861868067,-0.114646370144255,-0.114646370144255,-0.0313657212092755,-0.0298904746486718,0 days 00:03:05.440443
1066,ExpGrad.01,1,0.607613,-0.0028694856884092,-0.0141556543920116,-0.0141556543920116,-0.0074194600949796,0.0,0 days 00:07:13.065887
1067,RedGrid25,1,0.700176,-0.0130693671903744,-0.1073536113988393,-0.1073536113988393,0.0,-0.0173849000248063,0 days 00:15:29.315354
1068,RedGrid5,1,0.700176,-0.0130693671903744,-0.1073536113988393,-0.1073536113988393,0.0,-0.0173849000248063,0 days 00:15:33.619008
1069,RedGrid75,1,0.700176,-0.0130693671903744,-0.1073536113988393,-0.1073536113988393,0.0,-0.0173849000248063,0 days 00:15:19.161141
1070,ExpGrad.1,2,0.701609,-0.04526294204508,-0.0718975812982408,-0.0718975812982408,-0.0400280058180653,-0.0248188639417125,0 days 00:03:20.389727
1071,ExpGrad.01,2,0.616562,-0.003796621484951,-0.0103059790884362,-0.0103059790884362,-0.0006812273278141,0.0,0 days 00:05:44.403241
1072,RedGrid25,2,0.73052,-0.0926715870996623,-0.1183806319947752,-0.1183806319947752,-0.1010905467108291,-0.064134270073291,0 days 00:14:59.354703
1073,RedGrid5,2,0.71884,-0.076789168911304,-0.0889994992962662,-0.0877797044283225,-0.0889994992962662,-0.0589622519480061,0 days 00:14:40.983867
1074,RedGrid75,2,0.629418,-0.0199030347873189,-0.0405643745641807,0.0,-0.0405643745641807,-0.0242346109895223,0 days 00:14:36.036188
1075,ExpGrad.1,0,0.706685,-0.0818018228210782,-0.0988367100637868,-0.0988367100637868,-0.0726016307330664,-0.0719563970055336,0 days 00:02:51.890747
1076,ExpGrad.01,0,0.684646,-0.0113818204366479,-0.0155833666440372,-0.0155833666440372,-0.0111341883716051,-0.0078313174727137,0 days 00:05:37.200043
1077,RedGrid25,0,0.685809,-0.1250830959875539,-0.1546851087237719,-0.1546851087237719,-0.1025479968381907,-0.1116091419782554,0 days 00:15:11.814946
1078,RedGrid5,0,0.685809,-0.1250830959875539,-0.1546851087237719,-0.1546851087237719,-0.1025479968381907,-0.1116091419782554,0 days 00:15:43.359916
1079,RedGrid75,0,0.685809,-0.1250830959875539,-0.1546851087237719,-0.1546851087237719,-0.1025479968381907,-0.1116091419782554,0 days 00:15:41.106975
1080,ExpGrad.1,2,0.703125,-0.0526480771171792,-0.0828171415153678,-0.0828171415153678,-0.0472305020316691,-0.0290585700780374,0 days 00:02:24.758406
1081,ExpGrad.01,2,0.632173,-0.0068233016397989,-0.0138708735917275,-0.0091687580423193,-0.0138708735917275,0.0,0 days 00:03:29.068718
1082,RedGrid25,2,0.715486,-0.0755487646475895,-0.0903416111152743,-0.0903416111152743,-0.0841988286100025,-0.0564290014161261,0 days 00:11:09.809646
1083,RedGrid5,2,0.695571,-0.0426359407419398,-0.084268273065626,-0.0590731202427335,-0.084268273065626,0.0,0 days 00:11:15.875156
1084,RedGrid75,2,0.683909,-0.0251378931074343,-0.0658667859730564,-0.0658667859730564,0.0,-0.0051985752541632,0 days 00:11:15.180530
1085,ExpGrad.1,0,0.706201,-0.0824205541008938,-0.1001309733876067,-0.1001309733876067,-0.0726430284443704,-0.0722831919045827,0 days 00:03:49.536307
1086,ExpGrad.01,0,0.687544,-0.0154697445265693,-0.0202188857120485,-0.0202188857120485,-0.0115763685527953,-0.0134568297109527,0 days 00:07:39.353299
1087,RedGrid25,0,0.693718,-0.0386673043258332,-0.0457291563572653,-0.0410635592312811,-0.0221446465839454,-0.0457291563572653,0 days 00:15:41.186141
1088,RedGrid5,0,0.693718,-0.0386673043258332,-0.0457291563572653,-0.0410635592312811,-0.0221446465839454,-0.0457291563572653,0 days 00:15:54.888017
1089,RedGrid75,0,0.693718,-0.0386673043258332,-0.0457291563572653,-0.0410635592312811,-0.0221446465839454,-0.0457291563572653,0 days 00:15:58.668835
1090,ExpGrad.1,2,0.711057,-0.0603273717236894,-0.0924437942296175,-0.0924437942296175,-0.0628164076041757,-0.0304761958508469,0 days 00:04:22.383037
1091,ExpGrad.01,2,0.635746,-0.0119644107757224,-0.0168765961968446,-0.0168765961968446,-0.0053786244914788,-0.0120013269561837,0 days 00:05:52.514454
1092,RedGrid25,2,0.730888,-0.098024605759978,-0.1225784098204515,-0.1225784098204515,-0.1084139465194834,-0.069595815383388,0 days 00:13:51.004813
1093,RedGrid5,2,0.69872,-0.0448923951846108,-0.1016602070588585,-0.1016602070588585,-0.0053889700703247,-0.0211344663924821,0 days 00:13:51.906403
1094,RedGrid75,2,0.666136,-0.0245139334814358,-0.0506889021799503,-0.0506889021799503,0.0,-0.0177213165485549,0 days 00:13:44.396267
1095,ExpGrad.1,0,0.705925,-0.0781534155760538,-0.095669027256948,-0.095669027256948,-0.0663623179510766,-0.0692809620247215,0 days 00:03:49.489415
1096,ExpGrad.01,0,0.686997,-0.0149873213015702,-0.0197353646423608,-0.0197353646423608,-0.0124965420689128,-0.012191436775289,0 days 00:07:02.744743
1097,RedGrid25,0,0.682301,-0.1157876526796938,-0.1502049023597677,-0.1502049023597677,-0.0952936298623752,-0.0968720977215942,0 days 00:14:50.795802
1098,RedGrid5,0,0.682301,-0.1157876526796938,-0.1502049023597677,-0.1502049023597677,-0.0952936298623752,-0.0968720977215942,0 days 00:14:49.894503
1099,RedGrid75,0,0.682301,-0.1157876526796938,-0.1502049023597677,-0.1502049023597677,-0.0952936298623752,-0.0968720977215942,0 days 00:14:49.971054
1100,ExpGrad.1,1,0.709536,-0.0218214687390494,-0.1090780205114455,-0.1090780205114455,-0.0195533590229466,-0.0203454800531425,0 days 00:03:05.831732
1101,ExpGrad.01,1,0.59797,-0.0040323507381823,-0.0062786411612995,-0.0036967909668655,0.0,-0.0062786411612995,0 days 00:04:29.986370
1102,RedGrid25,1,0.690238,-0.0059451324448874,-0.0719251785233585,-0.0719251785233585,-0.0129395308237511,0.0,0 days 00:12:13.411292
1103,RedGrid5,1,0.690238,-0.0059451324448874,-0.0719251785233585,-0.0719251785233585,-0.0129395308237511,0.0,0 days 00:12:15.572150
1104,RedGrid75,1,0.690238,-0.0059451324448874,-0.0719251785233585,-0.0719251785233585,-0.0129395308237511,0.0,0 days 00:12:13.740973
1105,ExpGrad.1,1,0.708165,-0.0250237715618027,-0.0988767594013142,-0.0988767594013142,-0.0354322196697249,-0.0169881278742163,0 days 00:01:41.087761
1106,ExpGrad.01,1,0.60372,-0.0019717606043988,-0.0163721699481554,-0.0163721699481554,-0.0047346752067287,0.0,0 days 00:03:53.924925
1107,RedGrid25,1,0.705368,-0.0657226459446291,-0.131623226593762,-0.131623226593762,-0.0693681709555265,-0.0616673184705025,0 days 00:09:02.553770
1108,RedGrid5,1,0.700194,-0.0086140748234894,-0.097421284092694,-0.097421284092694,0.0,-0.0106173004540764,0 days 00:09:07.313674
1109,RedGrid75,1,0.700194,-0.0086140748234894,-0.097421284092694,-0.097421284092694,0.0,-0.0106173004540764,0 days 00:09:10.984250
1110,ExpGrad.1,2,0.696558,-0.0486615435859079,-0.0779860580243967,-0.0779860580243967,-0.0320725469244166,-0.0335756420347431,0 days 00:02:08.118139
1111,ExpGrad.01,2,0.630662,-0.0047108604482865,-0.0135191743907336,-0.0135191743907336,0.0,0.0,0 days 00:03:10.493619
1112,RedGrid25,2,0.72683,-0.086810411983291,-0.1207335521445116,-0.1207335521445116,-0.0823519445542021,-0.0596407135477093,0 days 00:07:45.387879
1113,RedGrid5,2,0.664473,-0.0225191322485724,-0.0402087015666736,-0.0347429843211332,-0.0402087015666736,0.0,0 days 00:07:44.142872
1114,RedGrid75,2,0.664473,-0.0225191322485724,-0.0402087015666736,-0.0347429843211332,-0.0402087015666736,0.0,0 days 00:07:42.878740
1115,ExpGrad.1,0,0.706879,-0.0828147338005606,-0.101344151693575,-0.101344151693575,-0.0726604293713809,-0.0722151609807102,0 days 00:03:57.292159
1116,ExpGrad.01,0,0.687387,-0.0162757027524625,-0.022164995999202,-0.022164995999202,-0.0135609747021891,-0.0126235368261692,0 days 00:06:30.120607
1117,RedGrid25,0,0.683163,-0.1150513537943743,-0.1505405561019859,-0.1505405561019859,-0.0940766263691856,-0.0955933991672364,0 days 00:15:17.443722
1118,RedGrid5,0,0.683163,-0.1150513537943743,-0.1505405561019859,-0.1505405561019859,-0.0940766263691856,-0.0955933991672364,0 days 00:15:11.316326
1119,RedGrid75,0,0.683163,-0.1150513537943743,-0.1505405561019859,-0.1505405561019859,-0.0940766263691856,-0.0955933991672364,0 days 00:15:10.157414
1120,ExpGrad.1,2,0.659432,-0.049131096580079,-0.0654282881900475,-0.0654282881900475,-0.0459853368777991,-0.0368142789967938,0 days 00:02:52.518833
1121,ExpGrad.01,2,0.624097,-0.0090347435812509,-0.016538714073615,-0.0106903933968182,-0.016538714073615,-0.0025208925356008,0 days 00:05:33.081376
1122,RedGrid25,2,0.717185,-0.0757521187859856,-0.1041950775730556,-0.0972527213035193,-0.1041950775730556,-0.0375787535532801,0 days 00:13:53.021523
1123,RedGrid5,2,0.706574,-0.0604180107383535,-0.0937017843726814,-0.088803145703957,-0.0937017843726814,-0.0128914738813555,0 days 00:13:51.114329
1124,RedGrid75,2,0.606382,-0.0229288873002612,-0.0794677795413452,-0.0058756074755036,-0.0794677795413452,0.0,0 days 00:13:58.731028
1125,ExpGrad.1,1,0.707132,-0.0226658185815922,-0.1024897880460423,-0.1024897880460423,-0.0369848524868974,-0.012260867610037,0 days 00:02:39.631360
1126,ExpGrad.01,1,0.597593,-0.0033954047992053,-0.0083806632929737,0.0,-0.0083806632929737,-0.0007401590435092,0 days 00:04:40.032005
1127,RedGrid25,1,0.70437,-0.0641710793887942,-0.1361954185934111,-0.1361954185934111,-0.0735393295294979,-0.0567495154062601,0 days 00:14:14.046732
1128,RedGrid5,1,0.699594,-0.0046149943464436,-0.1018122618362462,-0.1018122618362462,0.0,-0.0041557976913541,0 days 00:14:07.911271
1129,RedGrid75,1,0.699594,-0.0046149943464436,-0.1018122618362462,-0.1018122618362462,0.0,-0.0041557976913541,0 days 00:14:11.118356
1130,ExpGrad.1,2,0.703617,-0.0485055027306989,-0.0764839279925611,-0.0764839279925611,-0.0394702174102287,-0.0296548077697122,0 days 00:03:02.427765
1131,ExpGrad.01,2,0.624101,-0.0072551086488781,-0.0102840557387301,-0.0092852912178689,0.0,-0.0102840557387301,0 days 00:03:22.602407
1132,RedGrid25,2,0.70279,-0.0590346213779733,-0.1021719332198227,-0.1021719332198227,0.0,-0.0600202747848186,0 days 00:12:19.218476
1133,RedGrid5,2,0.668521,-0.0206365551526529,-0.0487249867865103,-0.0487249867865103,0.0,-0.0094172298047546,0 days 00:11:46.471202
1134,RedGrid75,2,0.668521,-0.0206365551526529,-0.0487249867865103,-0.0487249867865103,0.0,-0.0094172298047546,0 days 00:10:58.039621
1135,ExpGrad.1,2,0.711434,-0.0567942754048202,-0.0893586433919258,-0.0893586433919258,-0.0153237492206713,-0.0557260343345586,0 days 00:03:48.490034
1136,ExpGrad.01,2,0.630444,-0.0061743959087393,-0.0129625647582935,-0.0129625647582935,0.0,-0.0043148513499925,0 days 00:04:25.161779
1137,RedGrid25,2,0.70716,-0.0613453921765428,-0.103652091017693,-0.103652091017693,-0.0071987331897671,-0.0601360291801627,0 days 00:13:30.766485
1138,RedGrid5,2,0.685096,-0.0315424189842437,-0.0770783393854327,-0.0770783393854327,0.0,-0.0125241710666103,0 days 00:13:17.336692
1139,RedGrid75,2,0.685096,-0.0315424189842437,-0.0770783393854327,-0.0770783393854327,0.0,-0.0125241710666103,0 days 00:13:05.037727
1140,ExpGrad.1,0,0.70664,-0.0827190109053078,-0.1008923926634082,-0.1008923926634082,-0.0742706825006402,-0.0714524891569142,0 days 00:03:15.790134
1141,ExpGrad.01,0,0.684604,-0.0116552144478373,-0.0174927361517767,-0.0174927361517767,-0.00916870901437,-0.0079104414542557,0 days 00:07:18.064035
1142,RedGrid25,0,0.683169,-0.1139585676509991,-0.1493097368550475,-0.1493097368550475,-0.0963511627422151,-0.0926926459216147,0 days 00:14:53.145166
1143,RedGrid5,0,0.683169,-0.1139585676509991,-0.1493097368550475,-0.1493097368550475,-0.0963511627422151,-0.0926926459216147,0 days 00:14:55.078833
1144,RedGrid75,0,0.683169,-0.1139585676509991,-0.1493097368550475,-0.1493097368550475,-0.0963511627422151,-0.0926926459216147,0 days 00:14:54.621237
1145,ExpGrad.1,0,0.706602,-0.0823628205430836,-0.0998918662490512,-0.0998918662490512,-0.0735676223179652,-0.071862669145724,0 days 00:03:45.657247
1146,ExpGrad.01,0,0.687181,-0.0141621041776309,-0.0191817255951879,-0.0191817255951879,-0.0115474693632401,-0.0112081462669492,0 days 00:07:18.826829
1147,RedGrid25,0,0.691548,-0.0240073587315181,-0.0287440573584194,-0.0287440573584194,-0.0118681439344747,-0.0265440834261404,0 days 00:16:18.179373
1148,RedGrid5,0,0.691548,-0.0240073587315181,-0.0287440573584194,-0.0287440573584194,-0.0118681439344747,-0.0265440834261404,0 days 00:16:17.769864
1149,RedGrid75,0,0.691548,-0.0240073587315181,-0.0287440573584194,-0.0287440573584194,-0.0118681439344747,-0.0265440834261404,0 days 00:16:12.197522
1150,ExpGrad.1,1,0.708323,-0.020544417201843,-0.0985228984210516,-0.0985228984210516,-0.0233927165295719,-0.0165576370079573,0 days 00:02:18.165475
1151,ExpGrad.01,1,0.594714,-0.001981091686431,-0.0181277274460878,-0.0181277274460878,0.0,-0.0025807307987792,0 days 00:01:54.398382
1152,RedGrid25,1,0.69904,-0.0468676163706487,-0.1237481690416547,-0.1237481690416547,0.0,-0.0704747169428176,0 days 00:09:36.219355
1153,RedGrid5,1,0.682933,-0.0008747740892289,-0.0449093557575841,-0.0449093557575841,0.0,0.0,0 days 00:09:41.852972
1154,RedGrid75,1,0.682933,-0.0008747740892289,-0.0449093557575841,-0.0449093557575841,0.0,0.0,0 days 00:09:35.171381
1155,ExpGrad.1,0,0.705823,-0.0840113476046217,-0.1014136732038514,-0.1014136732038514,-0.0741982522261524,-0.0741691101789725,0 days 00:03:32.906854
1156,ExpGrad.01,0,0.687763,-0.0132643610370512,-0.0194099149254899,-0.0194099149254899,-0.0113059068311615,-0.0089511892985554,0 days 00:07:44.829231
1157,RedGrid25,0,0.685536,-0.1229251182883643,-0.1528638619304908,-0.1528638619304908,-0.1006039541281551,-0.1090149863125946,0 days 00:15:23.244870
1158,RedGrid5,0,0.685536,-0.1229251182883643,-0.1528638619304908,-0.1528638619304908,-0.1006039541281551,-0.1090149863125946,0 days 00:15:09.764875
1159,RedGrid75,0,0.685536,-0.1229251182883643,-0.1528638619304908,-0.1528638619304908,-0.1006039541281551,-0.1090149863125946,0 days 00:15:28.068411
1160,ExpGrad.1,2,0.7037,-0.0521097442770913,-0.0896782601198445,-0.0896782601198445,-0.0120393291478285,-0.0452622700840181,0 days 00:02:10.605143
1161,ExpGrad.01,2,0.612808,-0.0144404756925719,-0.0184269509799357,-0.0184269509799357,-0.0165280687886785,-0.0095091676454579,0 days 00:03:56.994337
1162,RedGrid25,2,0.714448,-0.0871952752133558,-0.1024776827483121,-0.0976359849865404,-0.1024776827483121,-0.0677702613802737,0 days 00:10:57.332169
1163,RedGrid5,2,0.686615,-0.0406988757961747,-0.0959224736301472,-0.0959224736301472,0.0,-0.0185607478485587,0 days 00:11:12.130929
1164,RedGrid75,2,0.686615,-0.0406988757961747,-0.0959224736301472,-0.0959224736301472,0.0,-0.0185607478485587,0 days 00:11:13.450356
1165,ExpGrad.1,1,0.707189,-0.0218548756759605,-0.0929856959075654,-0.0929856959075654,-0.0325300742165265,-0.0137277265205335,0 days 00:02:44.666656
1166,ExpGrad.01,1,0.603021,-0.0077701164194923,-0.0199008284437767,-0.0199008284437767,-0.0099151414055463,-0.0062041401708672,0 days 00:03:27.391087
1167,RedGrid25,1,0.708713,-0.0618311104847778,-0.1309566932584237,-0.1309566932584237,-0.0623277207515453,-0.0594116887346056,0 days 00:11:38.087567
1168,RedGrid5,1,0.690345,-0.0054993388424303,-0.0632781214151828,-0.0632781214151828,-0.0121833796912323,0.0,0 days 00:11:36.646506
1169,RedGrid75,1,0.683413,-0.0007112964408382,-0.036364718127261,-0.036364718127261,0.0,0.0,0 days 00:11:35.663294
1170,ExpGrad.1,2,0.718094,-0.0695378041381151,-0.0939352752133051,-0.0939352752133051,-0.0912435187659,-0.0331487312460527,0 days 00:02:36.775784
1171,ExpGrad.01,2,0.627864,-0.0160410405370752,-0.0189348252490098,-0.0138532477703675,-0.0189348252490098,-0.0160374637855577,0 days 00:06:15.551541
1172,RedGrid25,2,0.7303,-0.0983399565946532,-0.1221133820907148,-0.1221133820907148,-0.1053811733247444,-0.0724041413042312,0 days 00:12:26.597172
1173,RedGrid5,2,0.681768,-0.0263167880814109,-0.0669675919186066,-0.0669675919186066,0.0,-0.0078557504430549,0 days 00:12:26.940151
1174,RedGrid75,2,0.661627,-0.0181348346642797,-0.03460271845035,-0.03460271845035,0.0,-0.0157002523033852,0 days 00:13:07.481164
1175,ExpGrad.1,0,0.70648,-0.0810089036215407,-0.0990527840723333,-0.0990527840723333,-0.0723206692808855,-0.0699663688040859,0 days 00:03:20.779280
1176,ExpGrad.01,0,0.687235,-0.0120199689555511,-0.0182628717007015,-0.0182628717007015,-0.0096373283778926,-0.0078533857345077,0 days 00:07:09.129735
1177,RedGrid25,0,0.690236,-0.0190240559216152,-0.0260160120820835,-0.0260160120820835,-0.0028952133839332,-0.0218296684991535,0 days 00:16:01.454599
1178,RedGrid5,0,0.690236,-0.0190240559216152,-0.0260160120820835,-0.0260160120820835,-0.0028952133839332,-0.0218296684991535,0 days 00:16:09.165536
1179,RedGrid75,0,0.690236,-0.0190240559216152,-0.0260160120820835,-0.0260160120820835,-0.0028952133839332,-0.0218296684991535,0 days 00:16:20.259614
1180,ExpGrad.1,0,0.706522,-0.0736872660838919,-0.0922544226904097,-0.0922544226904097,-0.0593482164945629,-0.0653097177461846,0 days 00:03:22.294498
1181,ExpGrad.01,0,0.687487,-0.0137421591741731,-0.0192835285806181,-0.0192835285806181,-0.0105665634282924,-0.0106330015722387,0 days 00:08:20.932482
1182,RedGrid25,0,0.683468,-0.1145227356149758,-0.1495362456733462,-0.1495362456733462,-0.0924946368855889,-0.0959599906185808,0 days 00:12:40.989655
1183,RedGrid5,0,0.683468,-0.1145227356149758,-0.1495362456733462,-0.1495362456733462,-0.0924946368855889,-0.0959599906185808,0 days 00:13:04.666340
1184,RedGrid75,0,0.683468,-0.1145227356149758,-0.1495362456733462,-0.1495362456733462,-0.0924946368855889,-0.0959599906185808,0 days 00:13:05.139072
1185,ExpGrad.1,2,0.703879,-0.0597037092737919,-0.0946383192366284,-0.0946383192366284,-0.0261361440207742,-0.0505599260098115,0 days 00:03:14.937081
1186,ExpGrad.01,2,0.620421,-0.0081315392054931,-0.01367407960588,-0.0079608266270385,0.0,-0.01367407960588,0 days 00:04:43.558483
1187,RedGrid25,2,0.711422,-0.0612850152772684,-0.0985829396977157,-0.0985829396977157,-0.0683947109635755,-0.0230589734017572,0 days 00:14:20.596336
1188,RedGrid5,2,0.700367,-0.0524731760508571,-0.0747303955527883,-0.0747303955527883,-0.0722727985585597,-0.0193517870400901,0 days 00:14:20.673584
1189,RedGrid75,2,0.619383,-0.0105292405109302,-0.0285355055424036,-0.0089663453560246,-0.0285355055424036,0.0,0 days 00:14:09.096616
1190,ExpGrad.1,0,0.707304,-0.0805494366443709,-0.0970451428510299,-0.0970451428510299,-0.0710872686850769,-0.0712824433253636,0 days 00:03:22.393875
1191,ExpGrad.01,0,0.687897,-0.0127211628066282,-0.0170281004808952,-0.0170281004808952,-0.0105049923693624,-0.010161437312255,0 days 00:07:17.390207
1192,RedGrid25,0,0.687301,-0.1227002674415241,-0.1517544360538213,-0.1517544360538213,-0.1010421027585318,-0.1091292637948755,0 days 00:13:11.113086
1193,RedGrid5,0,0.687301,-0.1227002674415241,-0.1517544360538213,-0.1517544360538213,-0.1010421027585318,-0.1091292637948755,0 days 00:13:55.031311
1194,RedGrid75,0,0.687301,-0.1227002674415241,-0.1517544360538213,-0.1517544360538213,-0.1010421027585318,-0.1091292637948755,0 days 00:14:13.566513
1195,ExpGrad.1,2,0.715703,-0.0602299254359375,-0.0934135422624778,-0.0934135422624778,-0.0535283334293245,-0.035015557513414,0 days 00:03:04.881724
1196,ExpGrad.01,2,0.619527,0.0,0.0,0.0,0.0,0.0,0 days 00:03:56.190746
1197,RedGrid25,2,0.708992,-0.0591395070631904,-0.1055294568445472,-0.1055294568445472,-0.0105070640180414,-0.0501384260542907,0 days 00:12:03.008276
1198,RedGrid5,2,0.667851,-0.0194602913457117,-0.0433354938432801,-0.0433354938432801,0.0,-0.0111048327928757,0 days 00:11:28.140003
1199,RedGrid75,2,0.667851,-0.0194602913457117,-0.0433354938432801,-0.0433354938432801,0.0,-0.0111048327928757,0 days 00:11:31.032830
1200,ExpGrad.1,0,0.706607,-0.0783174595356376,-0.0967988868464785,-0.0967988868464785,-0.0663407953182468,-0.0687273254602907,0 days 00:03:56.806837
1201,ExpGrad.01,0,0.687106,-0.0111040173399422,-0.0175369448912307,-0.0175369448912307,-0.006120623850401,-0.008216712202491,0 days 00:09:05.351284
1202,RedGrid25,0,0.686015,-0.1222170037913139,-0.1524149621516706,-0.1524149621516706,-0.0994328872153211,-0.1083260048737896,0 days 00:15:40.615012
1203,RedGrid5,0,0.686015,-0.1222170037913139,-0.1524149621516706,-0.1524149621516706,-0.0994328872153211,-0.1083260048737896,0 days 00:15:40.710810
1204,RedGrid75,0,0.666901,-0.0491781084890882,-0.1058598843465291,-0.1058598843465291,0.0,-0.0266529139913682,0 days 00:15:37.013853
1205,ExpGrad.1,0,0.70655,-0.0820555121950329,-0.0989112542926752,-0.0989112542926752,-0.0722650498828031,-0.072639460430995,0 days 00:03:32.268261
1206,ExpGrad.01,0,0.686012,-0.0119992625497001,-0.0168522473695449,-0.0168522473695449,-0.0082802983110917,-0.0097849937079457,0 days 00:06:03.951650
1207,RedGrid25,0,0.683078,-0.1157262862654188,-0.1498181823250638,-0.1498181823250638,-0.0964517067892722,-0.0963906957105861,0 days 00:14:24.364702
1208,RedGrid5,0,0.683078,-0.1157262862654188,-0.1498181823250638,-0.1498181823250638,-0.0964517067892722,-0.0963906957105861,0 days 00:14:53.802244
1209,RedGrid75,0,0.668315,-0.0614386817275479,-0.1161590461615258,-0.1161590461615258,-0.0087836618994413,-0.0423878064613942,0 days 00:14:53.764489
1210,ExpGrad.1,1,0.711962,-0.0329356015028503,-0.1111962472736339,-0.1111962472736339,-0.0259958618941161,-0.0343298998251032,0 days 00:02:44.111950
1211,ExpGrad.01,1,0.586911,-0.0014295730243887,-0.0051009218548628,-0.0051009218548628,0.0,-0.0021070009872852,0 days 00:04:34.128469
1212,RedGrid25,1,0.704666,-0.0718676545115675,-0.1436758255531451,-0.1436758255531451,-0.0740331037362667,-0.0684166631130519,0 days 00:13:26.071763
1213,RedGrid5,1,0.700343,-0.01384794836032,-0.112167893784095,-0.112167893784095,0.0,-0.0184431711896968,0 days 00:13:13.473584
1214,RedGrid75,1,0.700343,-0.01384794836032,-0.112167893784095,-0.112167893784095,0.0,-0.0184431711896968,0 days 00:13:14.993306
1215,ExpGrad.1,0,0.707368,-0.0829103036831485,-0.10029952103008,-0.10029952103008,-0.0745730832171327,-0.0722910053602571,0 days 00:03:25.682214
1216,ExpGrad.01,0,0.688291,-0.0156764486678929,-0.0212612961152537,-0.0212612961152537,-0.0150827877038077,-0.0111126057258926,0 days 00:07:27.097177
1217,RedGrid25,0,0.687553,-0.0816772759066474,-0.1146706752100168,-0.1146706752100168,-0.0069395849367369,-0.0941344936586935,0 days 00:13:00.744715
1218,RedGrid5,0,0.687553,-0.0816772759066474,-0.1146706752100168,-0.1146706752100168,-0.0069395849367369,-0.0941344936586935,0 days 00:13:05.945922
1219,RedGrid75,0,0.665619,-0.000684929011375,-0.0018994920971231,-0.0018994920971231,0.0,0.0,0 days 00:12:59.483474
1220,ExpGrad.1,1,0.712177,-0.0478913223647935,-0.1252246762835728,-0.1252246762835728,-0.0532180732711762,-0.0425479291265565,0 days 00:03:19.691056
1221,ExpGrad.01,1,0.597573,-0.0033673029540824,-0.0129484978398876,-0.0129484978398876,0.0,-0.0049401612587371,0 days 00:03:06.224418
1222,RedGrid25,1,0.705255,-0.0688868973925675,-0.1519369340600073,-0.1519369340600073,-0.0638814151743759,-0.0691007647314575,0 days 00:12:11.853194
1223,RedGrid5,1,0.705255,-0.0688868973925675,-0.1519369340600073,-0.1519369340600073,-0.0638814151743759,-0.0691007647314575,0 days 00:12:15.960645
1224,RedGrid75,1,0.705255,-0.0688868973925675,-0.1519369340600073,-0.1519369340600073,-0.0638814151743759,-0.0691007647314575,0 days 00:12:07.318532
1225,ExpGrad.1,1,0.711222,-0.0339126259698552,-0.1106395887057843,-0.1106395887057843,-0.0469111806655291,-0.0243724359476249,0 days 00:03:26.997032
1226,ExpGrad.01,1,0.607215,-0.0002206603568916,-0.0114708357006527,-0.0114708357006527,0.0,0.0,0 days 00:04:30.562167
1227,RedGrid25,1,0.695717,-0.0014994268603194,-0.0779463941876831,-0.0779463941876831,0.0,0.0,0 days 00:11:27.301915
1228,RedGrid5,1,0.690844,-0.0011791651144143,-0.0612978673737546,-0.0612978673737546,0.0,0.0,0 days 00:11:35.821414
1229,RedGrid75,1,0.690844,-0.0011791651144143,-0.0612978673737546,-0.0612978673737546,0.0,0.0,0 days 00:11:31.340252
1230,ExpGrad.1,0,0.70674,-0.0838224552970763,-0.1007810369473142,-0.1007810369473142,-0.0745177015307125,-0.0740554196216648,0 days 00:03:49.861479
1231,ExpGrad.01,0,0.686323,-0.0145474455689642,-0.0184967044563096,-0.0184967044563096,-0.0150350213414672,-0.0108069008458292,0 days 00:08:53.980078
1232,RedGrid25,0,0.69126,-0.0237427796200769,-0.029426759628286,-0.029426759628286,-0.0112338144977212,-0.0256553887887759,0 days 00:16:15.030426
1233,RedGrid5,0,0.69126,-0.0237427796200769,-0.029426759628286,-0.029426759628286,-0.0112338144977212,-0.0256553887887759,0 days 00:16:08.486815
1234,RedGrid75,0,0.69126,-0.0237427796200769,-0.029426759628286,-0.029426759628286,-0.0112338144977212,-0.0256553887887759,0 days 00:16:04.150542
1235,ExpGrad.1,1,0.712903,-0.0541035353912033,-0.1287502359531708,-0.1287502359531708,-0.0565556453570321,-0.0504307264746461,0 days 00:02:48.456307
1236,ExpGrad.01,1,0.607778,-0.0003422144906419,-0.0174769993384651,-0.0174769993384651,0.0,0.0,0 days 00:06:31.684883
1237,RedGrid25,1,0.697711,-0.0524937890484375,-0.1216155044505472,-0.1216155044505472,-0.0578888362228117,-0.0473638080970671,0 days 00:14:28.346679
1238,RedGrid5,1,0.697711,-0.0524937890484375,-0.1216155044505472,-0.1216155044505472,-0.0578888362228117,-0.0473638080970671,0 days 00:14:12.795587
1239,RedGrid75,1,0.697711,-0.0524937890484375,-0.1216155044505472,-0.1216155044505472,-0.0578888362228117,-0.0473638080970671,0 days 00:14:28.920043
1240,ExpGrad.1,2,0.704631,-0.0528208944865364,-0.0904249326971486,-0.0904249326971486,-0.0337694722602343,-0.0317989549221003,0 days 00:01:41.909964
1241,ExpGrad.01,2,0.609481,-0.004890920362179,-0.0122599285211323,-0.0122599285211323,0.0,-0.0015494940708369,0 days 00:01:36.354240
1242,RedGrid25,2,0.72682,-0.0941674227441932,-0.1278927611184426,-0.1278927611184426,-0.0965066486475144,-0.0622559298253627,0 days 00:08:13.200090
1243,RedGrid5,2,0.679144,-0.0258927031792822,-0.0711269998589598,-0.0711269998589598,0.0,-0.0026053517180244,0 days 00:08:16.866905
1244,RedGrid75,2,0.667857,-0.0188976509725166,-0.054025397428117,-0.054025397428117,0.0,0.0,0 days 00:08:13.488630
1245,ExpGrad.1,0,0.706115,-0.0797540986869985,-0.0985585929247451,-0.0985585929247451,-0.067922080114179,-0.0697456621566107,0 days 00:03:22.621299
1246,ExpGrad.01,0,0.685463,-0.0170761699234275,-0.022753577023753,-0.022753577023753,-0.0155251822118966,-0.0129372566275992,0 days 00:05:50.642849
1247,RedGrid25,0,0.689888,-0.0221124509447895,-0.0284611549355994,-0.0284611549355994,-0.0081247192198788,-0.0242566690413632,0 days 00:15:58.495186
1248,RedGrid5,0,0.689888,-0.0221124509447895,-0.0284611549355994,-0.0284611549355994,-0.0081247192198788,-0.0242566690413632,0 days 00:16:13.065735
1249,RedGrid75,0,0.689888,-0.0221124509447895,-0.0284611549355994,-0.0284611549355994,-0.0081247192198788,-0.0242566690413632,0 days 00:16:12.396185
1250,ExpGrad.1,1,0.707646,-0.0180889424855502,-0.0948627209912101,-0.0948627209912101,-0.0205486037472933,-0.014384816003227,0 days 00:02:44.391910
1251,ExpGrad.01,1,0.597272,-0.003605889951952,-0.013595651061567,-0.013595651061567,-0.0007655122998392,-0.0048705345812339,0 days 00:03:44.363904
1252,RedGrid25,1,0.701815,-0.0117736133370121,-0.1021149824382928,-0.1021149824382928,0.0,-0.0155211917143064,0 days 00:13:37.609912
1253,RedGrid5,1,0.701815,-0.0117736133370121,-0.1021149824382928,-0.1021149824382928,0.0,-0.0155211917143064,0 days 00:13:37.252373
1254,RedGrid75,1,0.701815,-0.0117736133370121,-0.1021149824382928,-0.1021149824382928,0.0,-0.0155211917143064,0 days 00:13:29.712506
1255,ExpGrad.1,1,0.710855,-0.0251578421921291,-0.0982445573531435,-0.0982445573531435,-0.0207719421998472,-0.0253123534730258,0 days 00:02:58.448952
1256,ExpGrad.01,1,0.605412,-0.011837818268824,-0.014431704469832,-0.014431704469832,-0.0093742745926164,-0.0131208016004283,0 days 00:03:52.817859
1257,RedGrid25,1,0.707609,-0.0674042819887261,-0.1323981257263695,-0.1323981257263695,-0.0744189129838328,-0.0614998959592969,0 days 00:12:52.631410
1258,RedGrid5,1,0.698914,-0.0017346041382947,-0.0883737155368588,-0.0883737155368588,0.0,0.0,0 days 00:13:00.009050
1259,RedGrid75,1,0.698914,-0.0017346041382947,-0.0883737155368588,-0.0883737155368588,0.0,0.0,0 days 00:12:55.795439
1260,ExpGrad.1,2,0.692318,-0.0361106272433336,-0.0761042578293714,-0.0761042578293714,-0.0244970181668764,-0.0081091433051197,0 days 00:02:59.115890
1261,ExpGrad.01,2,0.610589,-0.0028819707497907,-0.0047587638122529,-0.0047587638122529,0.0,-0.0031241371663328,0 days 00:03:39.569573
1262,RedGrid25,2,0.730943,-0.0929707505785445,-0.1235447102465685,-0.1235447102465685,-0.0924104033325046,-0.0660255048957113,0 days 00:14:22.489672
1263,RedGrid5,2,0.707797,-0.0532489709608094,-0.0961828634257944,-0.0961828634257944,-0.0730656978294901,-0.0016907353995601,0 days 00:14:24.369384
1264,RedGrid75,2,0.648463,-0.0178590204595886,-0.0262337245243841,-0.0262337245243841,0.0,-0.0222684582492247,0 days 00:14:39.348658
1265,ExpGrad.1,1,0.711241,-0.0445097850690325,-0.1171712277941579,-0.1171712277941579,-0.0514928189521322,-0.0384203515577339,0 days 00:02:46.063540
1266,ExpGrad.01,1,0.604994,-0.0081237274918006,-0.0272503226538856,-0.0272503226538856,-0.0128047928190739,-0.0049423993823562,0 days 00:04:12.533808
1267,RedGrid25,1,0.704586,-0.0672957939332795,-0.144148626995369,-0.144148626995369,-0.0751517711574371,-0.060594076378136,0 days 00:12:15.555893
1268,RedGrid5,1,0.704586,-0.0672957939332795,-0.144148626995369,-0.144148626995369,-0.0751517711574371,-0.060594076378136,0 days 00:12:09.130490
1269,RedGrid75,1,0.699503,-0.0073731307555432,-0.104923920157267,-0.104923920157267,0.0,-0.0084965008909919,0 days 00:12:12.521174
1270,ExpGrad.1,2,0.710629,-0.0568463920001553,-0.0892112850315782,-0.0892112850315782,-0.0250186232249234,-0.0491934339196689,0 days 00:03:25.684578
1271,ExpGrad.01,2,0.616165,-0.0138685064390218,-0.0175998621223071,-0.0103171911053777,-0.0129748275235697,-0.0175998621223071,0 days 00:04:46.348470
1272,RedGrid25,2,0.724082,-0.0889665962840121,-0.1160218199994476,-0.1160218199994476,-0.0900086893943363,-0.0643413223757224,0 days 00:14:36.307797
1273,RedGrid5,2,0.672808,-0.0343585695494704,-0.054738090887412,-0.0470095300771887,-0.054738090887412,-0.0097293961784543,0 days 00:14:21.985996
1274,RedGrid75,2,0.672808,-0.0343585695494704,-0.054738090887412,-0.0470095300771887,-0.054738090887412,-0.0097293961784543,0 days 00:14:45.261838
1275,ExpGrad.1,2,0.696266,-0.0355561987069361,-0.0661557814091873,-0.0661557814091873,-0.0246655359504869,-0.0158847961773244,0 days 00:02:17.524435
1276,ExpGrad.01,2,0.623381,-0.0076558506983245,-0.0122205889041925,-0.0122205889041925,-0.0057271372307018,-0.0049228322632913,0 days 00:02:32.460097
1277,RedGrid25,2,0.704254,-0.0539852619973399,-0.0682772909334201,-0.0682772909334201,-0.0429668782645976,-0.0487279143762451,0 days 00:08:47.921610
1278,RedGrid5,2,0.704254,-0.0539852619973399,-0.0682772909334201,-0.0682772909334201,-0.0429668782645976,-0.0487279143762451,0 days 00:08:48.258449
1279,RedGrid75,2,0.651311,-0.0130634477064209,-0.0377813581776335,-0.0377813581776335,0.0,0.0,0 days 00:08:54.246644
1280,ExpGrad.1,1,0.709815,-0.0253116469529199,-0.1126969150910787,-0.1126969150910787,-0.0248746315829836,-0.0228279174050554,0 days 00:02:12.700070
1281,ExpGrad.01,1,0.590793,0.0,0.0,0.0,0.0,0.0,0 days 00:02:29.090067
1282,RedGrid25,1,0.699522,-0.0120528971986336,-0.117779199860573,-0.117779199860573,-0.0129958522836262,-0.008232569916119,0 days 00:09:41.304318
1283,RedGrid5,1,0.699522,-0.0120528971986336,-0.117779199860573,-0.117779199860573,-0.0129958522836262,-0.008232569916119,0 days 00:09:36.016662
1284,RedGrid75,1,0.699522,-0.0120528971986336,-0.117779199860573,-0.117779199860573,-0.0129958522836262,-0.008232569916119,0 days 00:09:37.172658
1285,ExpGrad.1,2,0.702923,-0.0433798637971577,-0.0731195159158382,-0.0731195159158382,-0.0428356465275777,-0.0176875611182942,0 days 00:04:10.103230
1286,ExpGrad.01,2,0.617172,-0.0068629930283635,-0.0130808578775886,-0.0130808578775886,0.0,-0.0059628836921425,0 days 00:04:45.361306
1287,RedGrid25,2,0.715571,-0.0738848524571443,-0.0977139603518418,-0.0928632088550182,-0.0977139603518418,-0.0414717376599317,0 days 00:14:27.433583
1288,RedGrid5,2,0.702437,-0.0567116054481694,-0.0866774771450361,-0.0786458704413571,-0.0866774771450361,-0.0176432365591571,0 days 00:14:26.825879
1289,RedGrid75,2,0.630057,-0.0093136050131042,-0.0164609186216039,-0.0081986022982539,0.0,-0.0164609186216039,0 days 00:14:11.745573
1290,ExpGrad.1,0,0.706785,-0.0819370016490792,-0.0994344884777312,-0.0994344884777312,-0.0734088248399327,-0.0712922518206587,0 days 00:04:13.468434
1291,ExpGrad.01,0,0.685808,-0.0112191792386267,-0.0162303494022751,-0.0162303494022751,-0.0089703378227775,-0.0080632084695743,0 days 00:06:51.279478
1292,RedGrid25,0,0.682761,-0.1134375330385607,-0.1489960463808507,-0.1489960463808507,-0.0951306292032769,-0.092346549458577,0 days 00:16:52.272137
1293,RedGrid5,0,0.682761,-0.1134375330385607,-0.1489960463808507,-0.1489960463808507,-0.0951306292032769,-0.092346549458577,0 days 00:16:50.325785
1294,RedGrid75,0,0.682761,-0.1134375330385607,-0.1489960463808507,-0.1489960463808507,-0.0951306292032769,-0.092346549458577,0 days 00:16:51.204022
1295,ExpGrad.1,0,0.706998,-0.0825315326110131,-0.0995521030578355,-0.0995521030578355,-0.0741240808253432,-0.0722332863037201,0 days 00:03:39.563444
1296,ExpGrad.01,0,0.687913,-0.0132149244922576,-0.0182620514463786,-0.0182620514463786,-0.013204869396821,-0.0087869749603739,0 days 00:07:51.413559
1297,RedGrid25,0,0.689831,-0.018756282594526,-0.0249557403083002,-0.0249557403083002,-0.0049473878184737,-0.0209529301622889,0 days 00:14:18.065085
1298,RedGrid5,0,0.689831,-0.018756282594526,-0.0249557403083002,-0.0249557403083002,-0.0049473878184737,-0.0209529301622889,0 days 00:13:57.882831
1299,RedGrid75,0,0.689831,-0.018756282594526,-0.0249557403083002,-0.0249557403083002,-0.0049473878184737,-0.0209529301622889,0 days 00:13:57.468837
1300,ExpGrad.1,2,0.681872,-0.0567935113303736,-0.0917784034415242,-0.0917784034415242,-0.0142101474998727,-0.054160265354595,0 days 00:02:45.454008
1301,ExpGrad.01,2,0.622162,-0.00764057448148,-0.0153963982567995,-0.0153963982567995,0.0,-0.005869704055651,0 days 00:05:47.967446
1302,RedGrid25,2,0.707555,-0.0967378389717745,-0.1043910524664235,-0.1019924260179468,-0.0781393982617427,-0.1043910524664235,0 days 00:15:10.037401
1303,RedGrid5,2,0.648703,-0.0318443750586411,-0.0491186444349883,-0.0360920775855069,0.0,-0.0491186444349883,0 days 00:15:12.112886
1304,RedGrid75,2,0.648703,-0.0318443750586411,-0.0491186444349883,-0.0360920775855069,0.0,-0.0491186444349883,0 days 00:15:20.304746
1305,ExpGrad.1,1,0.709705,-0.0262948221546479,-0.1083976155627554,-0.1083976155627554,-0.0455830462434442,-0.0130928059821777,0 days 00:03:13.587463
1306,ExpGrad.01,1,0.604852,-0.0060212031788086,-0.0121509948593979,-0.0121509948593979,-0.0112196911575456,-0.0029637780081641,0 days 00:03:12.607273
1307,RedGrid25,1,0.70897,-0.06312499699467,-0.1457695698808703,-0.1457695698808703,-0.067031756650231,-0.0583847638618457,0 days 00:14:43.904835
1308,RedGrid5,1,0.700307,-0.0019910905855731,-0.1006723678772253,-0.1006723678772253,0.0,0.0,0 days 00:14:37.333975
1309,RedGrid75,1,0.700307,-0.0019910905855731,-0.1006723678772253,-0.1006723678772253,0.0,0.0,0 days 00:14:42.559720
1310,ExpGrad.1,1,0.70965,-0.0351972093312008,-0.111741401820175,-0.111741401820175,-0.0441602371019441,-0.0278807947275111,0 days 00:02:41.120736
1311,ExpGrad.01,1,0.600003,-0.0058031393321402,-0.0101171412930818,-0.0101171412930818,-0.0085868780426185,-0.0041261798454961,0 days 00:03:13.630706
1312,RedGrid25,1,0.698928,-0.0441905583598897,-0.1208231284504761,-0.1208231284504761,0.0,-0.0663715393859566,0 days 00:12:12.477166
1313,RedGrid5,1,0.683889,-0.0009658065785358,-0.0500512788438727,-0.0500512788438727,0.0,0.0,0 days 00:11:54.391620
1314,RedGrid75,1,0.683889,-0.0009658065785358,-0.0500512788438727,-0.0500512788438727,0.0,0.0,0 days 00:12:39.663260
1315,ExpGrad.1,1,0.710957,-0.0207090032047652,-0.1059794371000047,-0.1059794371000047,-0.0050748896611091,-0.0267962784235283,0 days 00:02:59.546377
1316,ExpGrad.01,1,0.588355,-0.017982593483762,-0.0208023351998042,-0.0203991102118716,-0.012770514013168,-0.0208023351998042,0 days 00:03:46.134086
1317,RedGrid25,1,0.700586,-0.003103156663784,-0.1046129192689602,-0.1046129192689602,-0.0021614123538955,-0.0005413971902066,0 days 00:14:26.045485
1318,RedGrid5,1,0.700586,-0.003103156663784,-0.1046129192689602,-0.1046129192689602,-0.0021614123538955,-0.0005413971902066,0 days 00:14:20.709386
1319,RedGrid75,1,0.700586,-0.003103156663784,-0.1046129192689602,-0.1046129192689602,-0.0021614123538955,-0.0005413971902066,0 days 00:14:23.271442
1320,ExpGrad.1,2,0.714209,-0.0584469655821569,-0.0949929347591576,-0.0949929347591576,-0.0341115949355547,-0.0419529281735495,0 days 00:02:57.720634
1321,ExpGrad.01,2,0.62623,-0.0058514494074387,-0.0119137758069016,-0.0119137758069016,-0.006518411333971,0.0,0 days 00:02:50.874677
1322,RedGrid25,2,0.719937,-0.0821357705670762,-0.129193883046232,-0.129193883046232,-0.085035805652593,-0.0382227802538988,0 days 00:11:08.540380
1323,RedGrid5,2,0.686773,-0.0322468062884659,-0.08329239071565,-0.08329239071565,0.0,-0.0080539279712493,0 days 00:11:04.689975
1324,RedGrid75,2,0.674216,-0.0325442621739386,-0.0571460345284335,-0.0507547492284821,-0.0571460345284335,0.0,0 days 00:10:53.639770
1325,ExpGrad.1,0,0.705494,-0.0845717714051288,-0.1022785684855307,-0.1022785684855307,-0.0759384261166723,-0.0737757113311056,0 days 00:04:00.504335
1326,ExpGrad.01,0,0.686718,-0.0135291239179429,-0.0185714635037691,-0.0185714635037691,-0.0116315092211441,-0.0101437162306839,0 days 00:07:23.175361
1327,RedGrid25,0,0.685414,-0.0797880214789774,-0.1117957147643756,-0.1117957147643756,-0.003900601116709,-0.0937001386697531,0 days 00:15:16.194264
1328,RedGrid5,0,0.685414,-0.0797880214789774,-0.1117957147643756,-0.1117957147643756,-0.003900601116709,-0.0937001386697531,0 days 00:15:01.757785
1329,RedGrid75,0,0.663571,-0.0540775757392583,-0.110518472863845,-0.110518472863845,0.0,-0.0343922658177229,0 days 00:15:02.324988
1330,ExpGrad.1,2,0.714372,-0.0573157449758494,-0.0896417385498317,-0.0896417385498317,-0.0614852769543821,-0.0260579771536295,0 days 00:03:03.686081
1331,ExpGrad.01,2,0.615348,-0.0123081012850692,-0.0173031353132364,-0.0125057502280146,-0.0173031353132364,-0.0088230681872937,0 days 00:04:35.107722
1332,RedGrid25,2,0.719455,-0.0698808013822676,-0.0944716110007952,-0.0944716110007952,-0.0706504650088337,-0.0476948033946121,0 days 00:14:43.167644
1333,RedGrid5,2,0.695478,-0.0379349293693948,-0.0801307466139499,-0.0801307466139499,0.0,-0.0258850122014087,0 days 00:14:40.751514
1334,RedGrid75,2,0.695478,-0.0379349293693948,-0.0801307466139499,-0.0801307466139499,0.0,-0.0258850122014087,0 days 00:14:39.733872
1335,ExpGrad.1,2,0.702708,-0.0663172051859931,-0.0931380422433093,-0.0931380422433093,-0.0559925240947474,-0.049507414541591,0 days 00:01:52.671963
1336,ExpGrad.01,2,0.626127,-0.0086634668161034,-0.0181877407218044,-0.0181877407218044,-0.0015718012110025,-0.0050080516225979,0 days 00:05:25.534342
1337,RedGrid25,2,0.730473,-0.1003849323494209,-0.1236484595832455,-0.1236484595832455,-0.111826808184474,-0.0720259234900956,0 days 00:10:51.344434
1338,RedGrid5,2,0.677467,-0.0349662857955892,-0.0537408860239665,-0.0537408860239665,0.0,-0.0419377336681284,0 days 00:10:56.038024
1339,RedGrid75,2,0.677467,-0.0349662857955892,-0.0537408860239665,-0.0537408860239665,0.0,-0.0419377336681284,0 days 00:10:43.813785
1340,ExpGrad.1,0,0.706743,-0.0844213453246622,-0.1011780500836991,-0.1011780500836991,-0.0753499646289062,-0.0747119518911139,0 days 00:03:55.385976
1341,ExpGrad.01,0,0.688078,-0.0126101324845961,-0.0185153148657792,-0.0185153148657792,-0.0086155219844908,-0.009629526520673,0 days 00:08:06.750671
1342,RedGrid25,0,0.682634,-0.1179535441448021,-0.152173471844666,-0.152173471844666,-0.0995858092960868,-0.098038300931161,0 days 00:16:17.959677
1343,RedGrid5,0,0.682634,-0.1179535441448021,-0.152173471844666,-0.152173471844666,-0.0995858092960868,-0.098038300931161,0 days 00:16:44.079201
1344,RedGrid75,0,0.682634,-0.1179535441448021,-0.152173471844666,-0.152173471844666,-0.0995858092960868,-0.098038300931161,0 days 00:17:31.277354
1345,ExpGrad.1,1,0.706014,-0.0072310669709638,-0.0961311346200857,-0.0961311346200857,0.0,-0.0084803207829543,0 days 00:03:00.910208
1346,ExpGrad.01,1,0.5762,-8.4211987551873e-05,-0.0042964446921799,-0.0042964446921799,0.0,0.0,0 days 00:02:40.650388
1347,RedGrid25,1,0.698677,-0.0111792751750696,-0.1096799555270888,-0.1096799555270888,0.0,-0.0143211364541748,0 days 00:14:42.087879
1348,RedGrid5,1,0.698677,-0.0111792751750696,-0.1096799555270888,-0.1096799555270888,0.0,-0.0143211364541748,0 days 00:15:02.785063
1349,RedGrid75,1,0.698677,-0.0111792751750696,-0.1096799555270888,-0.1096799555270888,0.0,-0.0143211364541748,0 days 00:14:56.179942
1350,ExpGrad.1,1,0.710907,-0.0299144346367257,-0.1139349827567809,-0.1139349827567809,-0.0306195827817146,-0.026938173445866,0 days 00:03:32.447781
1351,ExpGrad.01,1,0.587091,-0.0048814180652932,-0.0109541561696437,-0.0109541561696437,0.0,-0.0073902885579758,0 days 00:04:40.323011
1352,RedGrid25,1,0.707306,-0.0649768166669203,-0.1393163170318455,-0.1393163170318455,-0.0700805599384519,-0.0598694243708912,0 days 00:15:09.870958
1353,RedGrid5,1,0.707306,-0.0649768166669203,-0.1393163170318455,-0.1393163170318455,-0.0700805599384519,-0.0598694243708912,0 days 00:14:48.147555
1354,RedGrid75,1,0.699039,-0.001875218605726,-0.0964194722384315,-0.0964194722384315,0.0,0.0,0 days 00:15:04.736927
1355,ExpGrad.1,0,0.70577,-0.077331857806982,-0.0950029005829748,-0.0950029005829748,-0.0663585448990631,-0.0679051211306858,0 days 00:03:24.729539
1356,ExpGrad.01,0,0.684988,-0.01118236303545,-0.0160752455628088,-0.0160752455628088,-0.0071774791812423,-0.0091059622035797,0 days 00:06:37.450431
1357,RedGrid25,0,0.694206,-0.0361665260717466,-0.0422074444638861,-0.0396473356924934,-0.0197034430140394,-0.0422074444638861,0 days 00:16:28.014450
1358,RedGrid5,0,0.694206,-0.0361665260717466,-0.0422074444638861,-0.0396473356924934,-0.0197034430140394,-0.0422074444638861,0 days 00:16:40.996764
1359,RedGrid75,0,0.694206,-0.0361665260717466,-0.0422074444638861,-0.0396473356924934,-0.0197034430140394,-0.0422074444638861,0 days 00:16:44.031231
1360,ExpGrad.1,1,0.707395,-0.0182586354320901,-0.1040951647299349,-0.1040951647299349,-0.0204370179746633,-0.0144166407945445,0 days 00:02:59.456617
1361,ExpGrad.01,1,0.582232,-2.921795896108935e-06,-0.0001507596516147,-0.0001507596516147,0.0,0.0,0 days 00:02:46.418262
1362,RedGrid25,1,0.70541,-0.0647566315554785,-0.1426337015587739,-0.1426337015587739,-0.0655504728552066,-0.061925696320035,0 days 00:11:04.728840
1363,RedGrid5,1,0.70541,-0.0647566315554785,-0.1426337015587739,-0.1426337015587739,-0.0655504728552066,-0.061925696320035,0 days 00:11:28.090422
1364,RedGrid75,1,0.700244,-0.010001338279048,-0.1112174236370595,-0.1112174236370595,0.0,-0.0124312417017364,0 days 00:11:29.931183
1365,ExpGrad.1,0,0.706347,-0.0827212939133458,-0.0993000080404546,-0.0993000080404546,-0.0741462174649392,-0.0729407350530251,0 days 00:03:15.271648
1366,ExpGrad.01,0,0.6847,-0.012877028572968,-0.0167484811030328,-0.0167484811030328,-0.0086807311228209,-0.0118093295552166,0 days 00:06:57.270694
1367,RedGrid25,0,0.691034,-0.0235253003126247,-0.0284645738809413,-0.0284645738809413,-0.0094938447420783,-0.0269739740082461,0 days 00:14:31.500710
1368,RedGrid5,0,0.691034,-0.0235253003126247,-0.0284645738809413,-0.0284645738809413,-0.0094938447420783,-0.0269739740082461,0 days 00:14:11.321952
1369,RedGrid75,0,0.691034,-0.0235253003126247,-0.0284645738809413,-0.0284645738809413,-0.0094938447420783,-0.0269739740082461,0 days 00:14:14.632008
1370,ExpGrad.1,1,0.712406,-0.0573042548360832,-0.1258827352013682,-0.1258827352013682,-0.0580172580202099,-0.0548070188955446,0 days 00:02:55.027401
1371,ExpGrad.01,1,0.605914,-0.0033224190395469,-0.0148108759626148,-0.0148108759626148,0.0,-0.0048109308135815,0 days 00:04:48.619486
1372,RedGrid25,1,0.705419,-0.0618948872727723,-0.1322733865864883,-0.1322733865864883,-0.0627092579663323,-0.059286313708904,0 days 00:13:26.654114
1373,RedGrid5,1,0.705419,-0.0618948872727723,-0.1322733865864883,-0.1322733865864883,-0.0627092579663323,-0.059286313708904,0 days 00:13:34.321870
1374,RedGrid75,1,0.705419,-0.0618948872727723,-0.1322733865864883,-0.1322733865864883,-0.0627092579663323,-0.059286313708904,0 days 00:13:30.198049
1375,ExpGrad.1,2,0.716924,-0.0603663154434034,-0.0931220349986102,-0.0931220349986102,-0.0369321957482938,-0.0466013885502298,0 days 00:02:35.754321
1376,ExpGrad.01,2,0.620101,-0.0054459666750512,-0.00839628528762,-0.00839628528762,0.0,-0.0064108770122995,0 days 00:03:13.069702
1377,RedGrid25,2,0.709767,-0.0672951373039213,-0.0837038755218398,-0.0837038755218398,-0.0675667099488631,-0.0524601659173898,0 days 00:14:32.445961
1378,RedGrid5,2,0.683118,-0.0263456562199819,-0.0694847598938189,-0.0694847598938189,0.0,-0.0052314510211973,0 days 00:14:20.233454
1379,RedGrid75,2,0.683118,-0.0263456562199819,-0.0694847598938189,-0.0694847598938189,0.0,-0.0052314510211973,0 days 00:13:51.932989
1380,ExpGrad.1,1,0.711624,-0.0467604171621209,-0.1291208020883247,-0.1291208020883247,-0.0474593000830996,-0.0438420516298311,0 days 00:03:35.548597
1381,ExpGrad.01,1,0.602134,-0.0169362314647137,-0.0269025756559577,-0.0269025756559577,-0.0183443472418558,-0.0158494805251938,0 days 00:04:16.562691
1382,RedGrid25,1,0.699761,-0.004984545010294,-0.1099936015169436,-0.1099936015169436,0.0,-0.0045203290929295,0 days 00:14:38.900049
1383,RedGrid5,1,0.699761,-0.004984545010294,-0.1099936015169436,-0.1099936015169436,0.0,-0.0045203290929295,0 days 00:14:41.410527
1384,RedGrid75,1,0.699761,-0.004984545010294,-0.1099936015169436,-0.1099936015169436,0.0,-0.0045203290929295,0 days 00:14:35.690076
1385,ExpGrad.1,0,0.707384,-0.0825596720171082,-0.0991938446463369,-0.0991938446463369,-0.0745815261105053,-0.0723581403771896,0 days 00:03:56.302849
1386,ExpGrad.01,0,0.687194,-0.0071553286430567,-0.0119543399565461,-0.0119543399565461,-0.004521485446699,-0.0043952174868905,0 days 00:10:17.234890
1387,RedGrid25,0,0.691469,-0.0191161443492105,-0.0249285113370213,-0.0249285113370213,-0.0070050001880577,-0.0206904561941485,0 days 00:16:16.172489
1388,RedGrid5,0,0.691469,-0.0191161443492105,-0.0249285113370213,-0.0249285113370213,-0.0070050001880577,-0.0206904561941485,0 days 00:16:15.956376
1389,RedGrid75,0,0.691469,-0.0191161443492105,-0.0249285113370213,-0.0249285113370213,-0.0070050001880577,-0.0206904561941485,0 days 00:16:03.601656
1390,ExpGrad.1,2,0.702257,-0.0452800132798478,-0.092149247440206,-0.092149247440206,-0.0194163317487793,-0.0203600370314323,0 days 00:02:41.222489
1391,ExpGrad.01,2,0.610246,-0.0059685452574341,-0.0170268222508848,-0.0170268222508848,0.0,0.0,0 days 00:02:48.919680
1392,RedGrid25,2,0.718958,-0.0731412821098267,-0.1021925214985201,-0.1021925214985201,-0.0682580347303206,-0.0502782760183549,0 days 00:11:57.467054
1393,RedGrid5,2,0.695178,-0.0441880233581508,-0.075808583534478,-0.075808583534478,-0.0616640291997079,-0.0041401581079713,0 days 00:11:58.721240
1394,RedGrid75,2,0.678167,-0.0344753884082633,-0.052024891552337,-0.052024891552337,0.0,-0.0416378724456209,0 days 00:11:57.618517
1395,ExpGrad.1,1,0.711845,-0.0360513706815341,-0.1090496387872282,-0.1090496387872282,-0.0322757552239032,-0.0358968184079492,0 days 00:02:19.888998
1396,ExpGrad.01,1,0.601247,-0.0082915206553852,-0.0172062024402803,-0.0172062024402803,-0.0054755161545137,-0.0095770138918803,0 days 00:06:27.370514
1397,RedGrid25,1,0.700263,-0.0068466430315467,-0.0990353697867356,-0.0990353697867356,0.0,-0.0078026992229454,0 days 00:12:32.658104
1398,RedGrid5,1,0.700263,-0.0068466430315467,-0.0990353697867356,-0.0990353697867356,0.0,-0.0078026992229454,0 days 00:12:36.124741
1399,RedGrid75,1,0.700263,-0.0068466430315467,-0.0990353697867356,-0.0990353697867356,0.0,-0.0078026992229454,0 days 00:12:44.785508
1400,ExpGrad.1,2,0.707788,-0.0598442359544783,-0.1008132753134474,-0.1008132753134474,-0.0397556647335444,-0.0365947499048459,0 days 00:03:16.362130
1401,ExpGrad.01,2,0.632289,-0.0045835125384246,-0.013121836143888,-0.013121836143888,0.0,0.0,0 days 00:04:57.360931
1402,RedGrid25,2,0.721279,-0.1097082938585017,-0.1477298269696331,-0.1300801265924984,-0.1477298269696331,-0.0664654383822189,0 days 00:13:48.562154
1403,RedGrid5,2,0.677587,-0.0351614464419253,-0.0573166055357292,-0.0573166055357292,0.0,-0.0386228195315598,0 days 00:13:35.456714
1404,RedGrid75,2,0.641373,-0.0254807477248169,-0.0367925451833958,-0.0316564115719205,0.0,-0.0367925451833958,0 days 00:13:44.012313
1405,ExpGrad.1,1,0.712186,-0.0447621922583388,-0.1286877870468199,-0.1286877870468199,-0.0406270724488252,-0.0444592186734933,0 days 00:03:03.640657
1406,ExpGrad.01,1,0.556534,-0.0012662685628728,-0.0029163327418633,-0.0029163327418633,0.0,-0.0019145199242628,0 days 00:01:53.918501
1407,RedGrid25,1,0.707422,-0.0807747447465559,-0.1580479849087993,-0.1580479849087993,-0.0886860048644998,-0.0740260663247615,0 days 00:12:34.755458
1408,RedGrid5,1,0.699991,-0.0040040252184282,-0.1082699876539539,-0.1082699876539539,0.0,-0.0030019449409218,0 days 00:12:32.767236
1409,RedGrid75,1,0.699991,-0.0040040252184282,-0.1082699876539539,-0.1082699876539539,0.0,-0.0030019449409218,0 days 00:12:31.209937
1410,ExpGrad.1,1,0.712273,-0.0433664059261783,-0.1221001357742331,-0.1221001357742331,-0.0396621258514359,-0.0430297538315076,0 days 00:03:45.488368
1411,ExpGrad.01,1,0.612052,-0.0195580264242279,-0.0343366524344503,-0.0343366524344503,-0.0194794712316107,-0.0191525645300941,0 days 00:05:38.681403
1412,RedGrid25,1,0.707468,-0.0621370031714138,-0.1372019342773242,-0.1372019342773242,-0.0634371016264729,-0.0591346157549982,0 days 00:11:53.805375
1413,RedGrid5,1,0.698674,-0.0018319066996803,-0.0955783107347754,-0.0955783107347754,0.0,0.0,0 days 00:11:55.143421
1414,RedGrid75,1,0.698674,-0.0018319066996803,-0.0955783107347754,-0.0955783107347754,0.0,0.0,0 days 00:11:54.263013
1415,ExpGrad.1,1,0.710207,-0.0322070167302885,-0.1137892520825945,-0.1137892520825945,-0.0357411786200533,-0.0277318938652785,0 days 00:02:39.725063
1416,ExpGrad.01,1,0.610256,-0.0088732190428757,-0.0239009292173894,-0.0239009292173894,-0.0123847191613389,-0.0064593345103301,0 days 00:03:54.973219
1417,RedGrid25,1,0.70679,-0.0602588109039915,-0.1388184451605939,-0.1388184451605939,-0.0685976464065873,-0.0532068133008628,0 days 00:12:40.545588
1418,RedGrid5,1,0.698647,-0.0017832834296465,-0.0919102110845297,-0.0919102110845297,0.0,0.0,0 days 00:12:43.167251
1419,RedGrid75,1,0.698647,-0.0017832834296465,-0.0919102110845297,-0.0919102110845297,0.0,0.0,0 days 00:12:47.383104
1420,ExpGrad.1,0,0.707084,-0.0831265159221938,-0.1011068794536235,-0.1011068794536235,-0.0722124580469976,-0.0733927615204629,0 days 00:03:23.614418
1421,ExpGrad.01,0,0.68705,-0.0162455144744153,-0.0215294833174793,-0.0215294833174793,-0.0108059941015487,-0.0146212771668767,0 days 00:05:21.802396
1422,RedGrid25,0,0.690567,-0.0205613841764069,-0.0277338874497546,-0.0277338874497546,-0.0035738653370976,-0.023675662115019,0 days 00:12:39.730146
1423,RedGrid5,0,0.690567,-0.0205613841764069,-0.0277338874497546,-0.0277338874497546,-0.0035738653370976,-0.023675662115019,0 days 00:12:41.963170
1424,RedGrid75,0,0.690567,-0.0205613841764069,-0.0277338874497546,-0.0277338874497546,-0.0035738653370976,-0.023675662115019,0 days 00:12:48.021676
1425,ExpGrad.1,1,0.708939,-0.0436239425888391,-0.1165495200769618,-0.1165495200769618,-0.0562443013978852,-0.0344115875910864,0 days 00:03:21.436617
1426,ExpGrad.01,1,0.589641,-0.0018613540598126,-0.0101124995575554,-0.0101124995575554,-0.0047697028043124,0.0,0 days 00:03:54.763462
1427,RedGrid25,1,0.699342,-0.042646720390446,-0.1195078976471313,-0.1195078976471313,0.0,-0.063889816887381,0 days 00:11:55.373560
1428,RedGrid5,1,0.699342,-0.042646720390446,-0.1195078976471313,-0.1195078976471313,0.0,-0.063889816887381,0 days 00:12:02.971139
1429,RedGrid75,1,0.686591,-0.0309630421718528,-0.0904264923337014,-0.0904264923337014,0.0,-0.046274369869138,0 days 00:11:49.802147
1430,ExpGrad.1,1,0.710107,-0.0249177749923765,-0.1052346228490787,-0.1052346228490787,-0.0145968560499203,-0.0281057701239945,0 days 00:02:56.352906
1431,ExpGrad.01,1,0.581663,-0.005844612922851,-0.0141536705622894,-0.0141536705622894,-0.0023450255270353,-0.0075254563756931,0 days 00:03:57.697801
1432,RedGrid25,1,0.70158,-0.0104455256839942,-0.0984250192363228,-0.0984250192363228,0.0,-0.0134598577306745,0 days 00:14:09.426272
1433,RedGrid5,1,0.70158,-0.0104455256839942,-0.0984250192363228,-0.0984250192363228,0.0,-0.0134598577306745,0 days 00:14:49.979778
1434,RedGrid75,1,0.70158,-0.0104455256839942,-0.0984250192363228,-0.0984250192363228,0.0,-0.0134598577306745,0 days 00:14:46.593227
1435,ExpGrad.1,1,0.708944,-0.0250739365601586,-0.111949297275901,-0.111949297275901,-0.0299977173150259,-0.0196396836134047,0 days 00:03:05.009930
1436,ExpGrad.01,1,0.59795,-0.0014523363033709,-0.0040055796381697,-0.0027887829568335,-0.0040055796381697,0.0,0 days 00:05:55.861572
1437,RedGrid25,1,0.707483,-0.0675127966818221,-0.1438232275075036,-0.1438232275075036,-0.0750631671243541,-0.0609574897897821,0 days 00:13:27.232713
1438,RedGrid5,1,0.700648,-0.0054669528710317,-0.1036908110406388,-0.1036908110406388,0.0,-0.0054187157432867,0 days 00:13:30.491047
1439,RedGrid75,1,0.700648,-0.0054669528710317,-0.1036908110406388,-0.1036908110406388,0.0,-0.0054187157432867,0 days 00:13:19.462037
1440,ExpGrad.1,0,0.707117,-0.0816142217076956,-0.0988518336590329,-0.0988518336590329,-0.0735167627031241,-0.0709758010388937,0 days 00:03:56.271777
1441,ExpGrad.01,0,0.687078,-0.0127199264882832,-0.0179381000380456,-0.0179381000380456,-0.0114731820281823,-0.0088340745110725,0 days 00:08:51.520270
1442,RedGrid25,0,0.685081,-0.0802176557186558,-0.114288206621625,-0.114288206621625,-0.000181559395986,-0.0945619792772284,0 days 00:15:31.620524
1443,RedGrid5,0,0.685081,-0.0802176557186558,-0.114288206621625,-0.114288206621625,-0.000181559395986,-0.0945619792772284,0 days 00:15:26.907463
1444,RedGrid75,0,0.667444,-0.0307787010984938,-0.0696589833561236,-0.0696589833561236,-0.024793839735196,0.0,0 days 00:15:21.508985
1445,ExpGrad.1,1,0.71127,-0.0349772163804306,-0.1153185199244528,-0.1153185199244528,-0.0353734868267899,-0.0322874079405235,0 days 00:02:38.163446
1446,ExpGrad.01,1,0.602746,-0.0101533313909131,-0.0180264678924163,-0.0180264678924163,-0.0148794015472142,-0.0072988936194901,0 days 00:04:00.507267
1447,RedGrid25,1,0.705625,-0.0510257596964494,-0.1302562190936252,-0.1302562190936252,-0.045742483602375,-0.0515094545493899,0 days 00:11:40.322692
1448,RedGrid5,1,0.705625,-0.0510257596964494,-0.1302562190936252,-0.1302562190936252,-0.045742483602375,-0.0515094545493899,0 days 00:11:45.444906
1449,RedGrid75,1,0.694666,-0.0017460250645865,-0.0899030309138312,-0.0899030309138312,0.0,0.0,0 days 00:12:13.812834
1450,ExpGrad.1,2,0.708769,-0.0589956197911899,-0.0919159198712306,-0.0919159198712306,-0.0677888270818193,-0.024017732037419,0 days 00:02:36.825679
1451,ExpGrad.01,2,0.613487,-0.0075108802518969,-0.0125683308189102,-0.0125683308189102,-0.0084438628714227,-0.002413572383994,0 days 00:04:08.980108
1452,RedGrid25,2,0.716073,-0.068576042655339,-0.1055263100564083,-0.1055263100564083,-0.0971558164459562,-0.0169481405985931,0 days 00:13:30.327715
1453,RedGrid5,2,0.693936,-0.0448423846205701,-0.0805185920745319,-0.0688384728628955,-0.0805185920745319,0.0,0 days 00:13:26.737020
1454,RedGrid75,2,0.693936,-0.0448423846205701,-0.0805185920745319,-0.0688384728628955,-0.0805185920745319,0.0,0 days 00:14:52.111447
1455,ExpGrad.1,0,0.706655,-0.0827326132473556,-0.1021802847236007,-0.1021802847236007,-0.0718735757415979,-0.0716638862622555,0 days 00:03:23.581182
1456,ExpGrad.01,0,0.687919,-0.0148445314737676,-0.0224781770343188,-0.0224781770343188,-0.0131632733375911,-0.0090673073533593,0 days 00:07:15.120918
1457,RedGrid25,0,0.693824,-0.0539932868309536,-0.0778234652621702,-0.0511023335549595,-0.0778234652621702,-0.0433091813419423,0 days 00:15:23.279686
1458,RedGrid5,0,0.693824,-0.0539932868309536,-0.0778234652621702,-0.0511023335549595,-0.0778234652621702,-0.0433091813419423,0 days 00:15:24.376674
1459,RedGrid75,0,0.693824,-0.0539932868309536,-0.0778234652621702,-0.0511023335549595,-0.0778234652621702,-0.0433091813419423,0 days 00:14:59.209150
1460,ExpGrad.1,0,0.706685,-0.0809745242957951,-0.0977592532615996,-0.0977592532615996,-0.0730672563854077,-0.0706530626045175,0 days 00:03:56.214288
1461,ExpGrad.01,0,0.68945,-0.0099394155636929,-0.0143122656546039,-0.0143122656546039,-0.0095344625220384,-0.0063337728055901,0 days 00:08:38.592462
1462,RedGrid25,0,0.683906,-0.1131847018894868,-0.1469825694203642,-0.1469825694203642,-0.0958563982724222,-0.0931800973957649,0 days 00:15:06.504978
1463,RedGrid5,0,0.683906,-0.1131847018894868,-0.1469825694203642,-0.1469825694203642,-0.0958563982724222,-0.0931800973957649,0 days 00:15:20.188241
1464,RedGrid75,0,0.683906,-0.1131847018894868,-0.1469825694203642,-0.1469825694203642,-0.0958563982724222,-0.0931800973957649,0 days 00:15:23.883939
1465,ExpGrad.1,2,0.683139,-0.0512962915358532,-0.0690085210935285,-0.0690085210935285,-0.0619221487117381,-0.0286314296395793,0 days 00:03:20.569321
1466,ExpGrad.01,2,0.623913,-0.0071507233057399,-0.0097311193416779,-0.0097311193416779,-0.0025139444752768,-0.0079282267588959,0 days 00:03:43.683623
1467,RedGrid25,2,0.726078,-0.0856846980299558,-0.1156133068304255,-0.1156133068304255,-0.1043580788991389,-0.0469134978241431,0 days 00:14:11.215526
1468,RedGrid5,2,0.645353,-0.0270249965616689,-0.0624130544184942,-0.0311921837377422,-0.0624130544184942,0.0,0 days 00:14:09.533585
1469,RedGrid75,2,0.608023,-0.010753992205659,-0.0398414115376098,-0.0012149679738044,-0.0398414115376098,0.0,0 days 00:14:07.151693
1470,ExpGrad.1,2,0.689371,-0.0355484078038951,-0.0718616753962081,-0.0718616753962081,-0.0012992816022331,-0.0265699167317489,0 days 00:04:15.972586
1471,ExpGrad.01,2,0.614226,-0.0039354114821745,-0.0080531643822813,-0.002261910767616,0.0,-0.0080531643822813,0 days 00:04:14.185067
1472,RedGrid25,2,0.70401,-0.0544478547508929,-0.0768172987598942,-0.0757331435654525,-0.0768172987598942,-0.0206720259545837,0 days 00:14:17.044915
1473,RedGrid5,2,0.658367,-0.0426378748212429,-0.0683297144992356,-0.0683297144992356,0.0,-0.0486503679675912,0 days 00:14:15.636852
1474,RedGrid75,2,0.658367,-0.0426378748212429,-0.0683297144992356,-0.0683297144992356,0.0,-0.0486503679675912,0 days 00:14:15.523495
1475,ExpGrad.1,1,0.71104,-0.0408904922241293,-0.1237343269277017,-0.1237343269277017,-0.0514005671830459,-0.0325712232320024,0 days 00:03:42.244422
1476,ExpGrad.01,1,0.595464,-0.0025503698383927,-0.0173234504156522,-0.0173234504156522,0.0,-0.0035086544537425,0 days 00:03:29.227573
1477,RedGrid25,1,0.704508,-0.0679750842596188,-0.148619864576108,-0.148619864576108,-0.0686787596504318,-0.0651345934221905,0 days 00:11:50.775887
1478,RedGrid5,1,0.699841,-0.0141389442017222,-0.1132818809338604,-0.1132818809338604,0.0,-0.0189272621852872,0 days 00:11:49.906507
1479,RedGrid75,1,0.678303,-0.0006218630395512,-0.0323599634595246,-0.0323599634595246,0.0,0.0,0 days 00:11:49.295265
1480,ExpGrad.1,0,0.705245,-0.0819693148554039,-0.0986466513597092,-0.0986466513597092,-0.0732303365296476,-0.0720872477685317,0 days 00:03:09.916467
1481,ExpGrad.01,0,0.686428,-0.0131142360468697,-0.0177956895759837,-0.0177956895759837,-0.0114246918593445,-0.0099186594931299,0 days 00:08:20.213996
1482,RedGrid25,0,0.689377,-0.0171329854563708,-0.0228018255364127,-0.0228018255364127,-0.0013371312143447,-0.0208556465654001,0 days 00:13:50.450352
1483,RedGrid5,0,0.689377,-0.0171329854563708,-0.0228018255364127,-0.0228018255364127,-0.0013371312143447,-0.0208556465654001,0 days 00:13:59.599955
1484,RedGrid75,0,0.689377,-0.0171329854563708,-0.0228018255364127,-0.0228018255364127,-0.0013371312143447,-0.0208556465654001,0 days 00:13:44.914838
1485,ExpGrad.1,1,0.711678,-0.0358313461761796,-0.1237290097917684,-0.1237290097917684,-0.0280363956781288,-0.037437159868633,0 days 00:03:10.269067
1486,ExpGrad.01,1,0.60653,-0.000248379163539,-0.0127205567712126,-0.0127205567712126,0.0,0.0,0 days 00:04:13.696888
1487,RedGrid25,1,0.704541,-0.0644846180082491,-0.1437748119047182,-0.1437748119047182,-0.0694304566529581,-0.0592825810483269,0 days 00:12:51.756756
1488,RedGrid5,1,0.698602,-0.0071150575529499,-0.1124399457771954,-0.1124399457771954,0.0,-0.0078035900875503,0 days 00:12:58.164073
1489,RedGrid75,1,0.684411,-0.0186133781907586,-0.0845722006706274,-0.0845722006706274,0.0,-0.0269057274444634,0 days 00:12:26.308114
1490,ExpGrad.1,1,0.711758,-0.0488073898053399,-0.1266204253171737,-0.1266204253171737,-0.0645134691301648,-0.037729897395868,0 days 00:01:57.442876
1491,ExpGrad.01,1,0.600765,-0.0117920011109099,-0.0173680260942032,-0.0173680260942032,-0.0086324659950616,-0.0133659550639126,0 days 00:03:30.959280
1492,RedGrid25,1,0.706714,-0.0694572773064439,-0.1442493624804872,-0.1442493624804872,-0.079859842540043,-0.0614034594238803,0 days 00:09:51.918197
1493,RedGrid5,1,0.706714,-0.0694572773064439,-0.1442493624804872,-0.1442493624804872,-0.079859842540043,-0.0614034594238803,0 days 00:09:51.402044
1494,RedGrid75,1,0.690845,-0.0053954472982458,-0.0772355257887635,-0.0772355257887635,-0.011151756109186,0.0,0 days 00:09:45.898660
1495,ExpGrad.1,0,0.706895,-0.0808342059222006,-0.0989049362844917,-0.0989049362844917,-0.0700716739113466,-0.0709400531968118,0 days 00:03:49.768133
1496,ExpGrad.01,0,0.687498,-0.016431390925388,-0.0216693566872422,-0.0216693566872422,-0.0155187758534269,-0.0123429258050621,0 days 00:07:58.546873
1497,RedGrid25,0,0.686203,-0.1267056140802644,-0.1565931085129301,-0.1565931085129301,-0.1077754338429577,-0.110966347903556,0 days 00:15:33.584397
1498,RedGrid5,0,0.686203,-0.1267056140802644,-0.1565931085129301,-0.1565931085129301,-0.1077754338429577,-0.110966347903556,0 days 00:15:26.494924
1499,RedGrid75,0,0.686203,-0.1267056140802644,-0.1565931085129301,-0.1565931085129301,-0.1077754338429577,-0.110966347903556,0 days 00:15:21.809369
